<?xml version='1.0' encoding='UTF-8'?>
<gpx version="1.1" creator="https://www.komoot.de" xmlns="http://www.topografix.com/GPX/1/1" xmlns:xsi="http://www.w3.org/2001/XMLSchema-instance" xsi:schemaLocation="http://www.topografix.com/GPX/1/1 http://www.topografix.com/GPX/1/1/gpx.xsd">
  <metadata>
    <name>Menton_Col de Braus</name>
    <author>
      <link href="https://www.komoot.de">
        <text>komoot</text>
        <type>text/html</type>
      </link>
    </author>
  </metadata>
  <wpt lat="43.872893" lon="7.398515">
    <name>Colle di Braus</name>
    <sym>Flag, Blue</sym>
  </wpt>
  <wpt lat="43.826245" lon="7.350505">
    <name>Colle di Nizza</name>
    <sym>Flag, Blue</sym>
  </wpt>
  <wpt lat="43.756858" lon="7.442953">
    <name>Monaco e hotel Maybourne Riviera</name>
    <sym>Flag, Blue</sym>
  </wpt>
  <trk>
    <name>Menton_Col de Braus</name>
    <trkseg>
      <trkpt lat="43.775232" lon="7.502967">
        <ele>10.791331</ele>
        <time>2026-05-11T22:15:22.781Z</time>
      </trkpt>
      <trkpt lat="43.775245" lon="7.503044">
        <ele>10.791331</ele>
        <time>2026-05-11T22:15:23.838Z</time>
      </trkpt>
      <trkpt lat="43.775309" lon="7.503130">
        <ele>10.791331</ele>
        <time>2026-05-11T22:15:25.417Z</time>
      </trkpt>
      <trkpt lat="43.775528" lon="7.503065">
        <ele>10.791331</ele>
        <time>2026-05-11T22:15:29.448Z</time>
      </trkpt>
      <trkpt lat="43.775447" lon="7.502594">
        <ele>10.791331</ele>
        <time>2026-05-11T22:15:35.461Z</time>
      </trkpt>
      <trkpt lat="43.775343" lon="7.501898">
        <ele>10.870030</ele>
        <time>2026-05-11T22:15:43.564Z</time>
      </trkpt>
      <trkpt lat="43.775335" lon="7.501843">
        <ele>10.879584</ele>
        <time>2026-05-11T22:15:44.125Z</time>
      </trkpt>
      <trkpt lat="43.775325" lon="7.501782">
        <ele>10.890235</ele>
        <time>2026-05-11T22:15:44.724Z</time>
      </trkpt>
      <trkpt lat="43.775218" lon="7.501069">
        <ele>11.014237</ele>
        <time>2026-05-11T22:15:53.818Z</time>
      </trkpt>
      <trkpt lat="43.775134" lon="7.500511">
        <ele>11.111295</ele>
        <time>2026-05-11T22:15:59.844Z</time>
      </trkpt>
      <trkpt lat="43.775063" lon="7.500118">
        <ele>11.180277</ele>
        <time>2026-05-11T22:16:03.752Z</time>
      </trkpt>
      <trkpt lat="43.775013" lon="7.500013">
        <ele>11.201694</ele>
        <time>2026-05-11T22:16:05.125Z</time>
      </trkpt>
      <trkpt lat="43.774926" lon="7.499939">
        <ele>11.238795</ele>
        <time>2026-05-11T22:16:06.703Z</time>
      </trkpt>
      <trkpt lat="43.774839" lon="7.499766">
        <ele>11.320168</ele>
        <time>2026-05-11T22:16:09.050Z</time>
      </trkpt>
      <trkpt lat="43.774836" lon="7.499649">
        <ele>11.365356</ele>
        <time>2026-05-11T22:16:10.290Z</time>
      </trkpt>
      <trkpt lat="43.774837" lon="7.499198">
        <ele>11.539434</ele>
        <time>2026-05-11T22:16:16.027Z</time>
      </trkpt>
      <trkpt lat="43.774836" lon="7.499021">
        <ele>11.607754</ele>
        <time>2026-05-11T22:16:18.629Z</time>
      </trkpt>
      <trkpt lat="43.774856" lon="7.498497">
        <ele>11.810290</ele>
        <time>2026-05-11T22:16:25.538Z</time>
      </trkpt>
      <trkpt lat="43.774897" lon="7.498215">
        <ele>11.921321</ele>
        <time>2026-05-11T22:16:28.300Z</time>
      </trkpt>
      <trkpt lat="43.774906" lon="7.497548">
        <ele>12.179805</ele>
        <time>2026-05-11T22:16:36.337Z</time>
      </trkpt>
      <trkpt lat="43.774891" lon="7.497415">
        <ele>12.259449</ele>
        <time>2026-05-11T22:16:38.246Z</time>
      </trkpt>
      <trkpt lat="43.774819" lon="7.497220">
        <ele>12.389030</ele>
        <time>2026-05-11T22:16:41.328Z</time>
      </trkpt>
      <trkpt lat="43.774658" lon="7.496992">
        <ele>12.577712</ele>
        <time>2026-05-11T22:16:45.940Z</time>
      </trkpt>
      <trkpt lat="43.774617" lon="7.496875">
        <ele>12.654657</ele>
        <time>2026-05-11T22:16:47.908Z</time>
      </trkpt>
      <trkpt lat="43.774608" lon="7.496772">
        <ele>12.716042</ele>
        <time>2026-05-11T22:16:49.528Z</time>
      </trkpt>
      <trkpt lat="43.774556" lon="7.496685">
        <ele>12.782863</ele>
        <time>2026-05-11T22:16:51.262Z</time>
      </trkpt>
      <trkpt lat="43.774520" lon="7.496408">
        <ele>12.949386</ele>
        <time>2026-05-11T22:16:55.139Z</time>
      </trkpt>
      <trkpt lat="43.774897" lon="7.495926">
        <ele>13.369805</ele>
        <time>2026-05-11T22:17:03.203Z</time>
      </trkpt>
      <trkpt lat="43.775142" lon="7.495611">
        <ele>13.643730</ele>
        <time>2026-05-11T22:17:09.105Z</time>
      </trkpt>
      <trkpt lat="43.775531" lon="7.495169">
        <ele>14.046142</ele>
        <time>2026-05-11T22:17:18.951Z</time>
      </trkpt>
      <trkpt lat="43.775622" lon="7.495067">
        <ele>14.139729</ele>
        <time>2026-05-11T22:17:21.066Z</time>
      </trkpt>
      <trkpt lat="43.775709" lon="7.495043">
        <ele>14.210645</ele>
        <time>2026-05-11T22:17:22.511Z</time>
      </trkpt>
      <trkpt lat="43.775949" lon="7.494724">
        <ele>14.476568</ele>
        <time>2026-05-11T22:17:27.137Z</time>
      </trkpt>
      <trkpt lat="43.776040" lon="7.494606">
        <ele>14.576225</ele>
        <time>2026-05-11T22:17:28.846Z</time>
      </trkpt>
      <trkpt lat="43.776172" lon="7.494458">
        <ele>14.711993</ele>
        <time>2026-05-11T22:17:31.278Z</time>
      </trkpt>
      <trkpt lat="43.776292" lon="7.494333">
        <ele>14.832029</ele>
        <time>2026-05-11T22:17:33.819Z</time>
      </trkpt>
      <trkpt lat="43.776410" lon="7.494312">
        <ele>14.927135</ele>
        <time>2026-05-11T22:17:36.099Z</time>
      </trkpt>
      <trkpt lat="43.776504" lon="7.494350">
        <ele>15.005416</ele>
        <time>2026-05-11T22:17:38.277Z</time>
      </trkpt>
      <trkpt lat="43.776561" lon="7.494300">
        <ele>15.059354</ele>
        <time>2026-05-11T22:17:39.916Z</time>
      </trkpt>
      <trkpt lat="43.776581" lon="7.494198">
        <ele>15.182884</ele>
        <time>2026-05-11T22:17:41.710Z</time>
      </trkpt>
      <trkpt lat="43.776654" lon="7.494105">
        <ele>15.418341</ele>
        <time>2026-05-11T22:17:44.218Z</time>
      </trkpt>
      <trkpt lat="43.777387" lon="7.493899">
        <ele>17.193846</ele>
        <time>2026-05-11T22:18:03.296Z</time>
      </trkpt>
      <trkpt lat="43.777526" lon="7.493863">
        <ele>17.529533</ele>
        <time>2026-05-11T22:18:06.686Z</time>
      </trkpt>
      <trkpt lat="43.777923" lon="7.493760">
        <ele>18.488350</ele>
        <time>2026-05-11T22:18:16.824Z</time>
      </trkpt>
      <trkpt lat="43.778226" lon="7.493663">
        <ele>19.226595</ele>
        <time>2026-05-11T22:18:25.093Z</time>
      </trkpt>
      <trkpt lat="43.778754" lon="7.493546">
        <ele>20.391191</ele>
        <time>2026-05-11T22:18:38.153Z</time>
      </trkpt>
      <trkpt lat="43.779205" lon="7.493552">
        <ele>21.363270</ele>
        <time>2026-05-11T22:18:47.315Z</time>
      </trkpt>
      <trkpt lat="43.779352" lon="7.493589">
        <ele>21.685287</ele>
        <time>2026-05-11T22:18:50.692Z</time>
      </trkpt>
      <trkpt lat="43.780186" lon="7.493799">
        <ele>23.495888</ele>
        <time>2026-05-11T22:19:11.950Z</time>
      </trkpt>
      <trkpt lat="43.780696" lon="7.493939">
        <ele>24.550313</ele>
        <time>2026-05-11T22:19:23.156Z</time>
      </trkpt>
      <trkpt lat="43.781262" lon="7.494058">
        <ele>25.711340</ele>
        <time>2026-05-11T22:19:35.664Z</time>
      </trkpt>
      <trkpt lat="43.781355" lon="7.494076">
        <ele>25.901781</ele>
        <time>2026-05-11T22:19:37.895Z</time>
      </trkpt>
      <trkpt lat="43.781849" lon="7.494153">
        <ele>26.911974</ele>
        <time>2026-05-11T22:19:50.397Z</time>
      </trkpt>
      <trkpt lat="43.782312" lon="7.494228">
        <ele>27.927063</ele>
        <time>2026-05-11T22:20:00.385Z</time>
      </trkpt>
      <trkpt lat="43.782491" lon="7.494269">
        <ele>28.322142</ele>
        <time>2026-05-11T22:20:04.056Z</time>
      </trkpt>
      <trkpt lat="43.782609" lon="7.494360">
        <ele>28.616239</ele>
        <time>2026-05-11T22:20:06.889Z</time>
      </trkpt>
      <trkpt lat="43.782635" lon="7.494436">
        <ele>28.748457</ele>
        <time>2026-05-11T22:20:08.392Z</time>
      </trkpt>
      <trkpt lat="43.782691" lon="7.494482">
        <ele>28.890233</ele>
        <time>2026-05-11T22:20:09.709Z</time>
      </trkpt>
      <trkpt lat="43.782750" lon="7.494478">
        <ele>29.018864</ele>
        <time>2026-05-11T22:20:11.109Z</time>
      </trkpt>
      <trkpt lat="43.782818" lon="7.494379">
        <ele>29.233691</ele>
        <time>2026-05-11T22:20:13.328Z</time>
      </trkpt>
      <trkpt lat="43.782903" lon="7.494358">
        <ele>29.421706</ele>
        <time>2026-05-11T22:20:15.562Z</time>
      </trkpt>
      <trkpt lat="43.783114" lon="7.494345">
        <ele>29.881629</ele>
        <time>2026-05-11T22:20:20.534Z</time>
      </trkpt>
      <trkpt lat="43.783593" lon="7.494431">
        <ele>30.976852</ele>
        <time>2026-05-11T22:20:33.237Z</time>
      </trkpt>
      <trkpt lat="43.784119" lon="7.494541">
        <ele>32.510617</ele>
        <time>2026-05-11T22:20:46.874Z</time>
      </trkpt>
      <trkpt lat="43.784214" lon="7.494529">
        <ele>32.785660</ele>
        <time>2026-05-11T22:20:49.457Z</time>
      </trkpt>
      <trkpt lat="43.784568" lon="7.494604">
        <ele>33.818193</ele>
        <time>2026-05-11T22:21:00.585Z</time>
      </trkpt>
      <trkpt lat="43.784670" lon="7.494624">
        <ele>34.115214</ele>
        <time>2026-05-11T22:21:04.228Z</time>
      </trkpt>
      <trkpt lat="43.784756" lon="7.494641">
        <ele>34.365684</ele>
        <time>2026-05-11T22:21:06.430Z</time>
      </trkpt>
      <trkpt lat="43.785132" lon="7.494689">
        <ele>35.454372</ele>
        <time>2026-05-11T22:21:16.132Z</time>
      </trkpt>
      <trkpt lat="43.785416" lon="7.494675">
        <ele>36.089850</ele>
        <time>2026-05-11T22:21:22.611Z</time>
      </trkpt>
      <trkpt lat="43.785483" lon="7.494656">
        <ele>36.161342</ele>
        <time>2026-05-11T22:21:23.919Z</time>
      </trkpt>
      <trkpt lat="43.785529" lon="7.494775">
        <ele>36.263214</ele>
        <time>2026-05-11T22:21:26.131Z</time>
      </trkpt>
      <trkpt lat="43.785592" lon="7.494801">
        <ele>36.331933</ele>
        <time>2026-05-11T22:21:27.196Z</time>
      </trkpt>
      <trkpt lat="43.785667" lon="7.494751">
        <ele>36.418944</ele>
        <time>2026-05-11T22:21:28.915Z</time>
      </trkpt>
      <trkpt lat="43.785676" lon="7.494737">
        <ele>36.433091</ele>
        <time>2026-05-11T22:21:29.155Z</time>
      </trkpt>
      <trkpt lat="43.785686" lon="7.494596">
        <ele>36.540014</ele>
        <time>2026-05-11T22:21:30.806Z</time>
      </trkpt>
      <trkpt lat="43.785754" lon="7.494553">
        <ele>36.618156</ele>
        <time>2026-05-11T22:21:32.287Z</time>
      </trkpt>
      <trkpt lat="43.786013" lon="7.494388">
        <ele>36.916169</ele>
        <time>2026-05-11T22:21:37.675Z</time>
      </trkpt>
      <trkpt lat="43.786353" lon="7.494181">
        <ele>37.304411</ele>
        <time>2026-05-11T22:21:43.831Z</time>
      </trkpt>
      <trkpt lat="43.787154" lon="7.493676">
        <ele>38.449329</ele>
        <time>2026-05-11T22:21:58.584Z</time>
      </trkpt>
      <trkpt lat="43.787233" lon="7.493626">
        <ele>38.597029</ele>
        <time>2026-05-11T22:22:00.474Z</time>
      </trkpt>
      <trkpt lat="43.787308" lon="7.493580">
        <ele>38.736511</ele>
        <time>2026-05-11T22:22:02.315Z</time>
      </trkpt>
      <trkpt lat="43.788316" lon="7.492950">
        <ele>40.617035</ele>
        <time>2026-05-11T22:22:27.598Z</time>
      </trkpt>
      <trkpt lat="43.788477" lon="7.492887">
        <ele>40.901533</ele>
        <time>2026-05-11T22:22:31.880Z</time>
      </trkpt>
      <trkpt lat="43.788547" lon="7.492871">
        <ele>41.048307</ele>
        <time>2026-05-11T22:22:33.693Z</time>
      </trkpt>
      <trkpt lat="43.789576" lon="7.492658">
        <ele>43.289091</ele>
        <time>2026-05-11T22:22:58.483Z</time>
      </trkpt>
      <trkpt lat="43.790176" lon="7.492485">
        <ele>44.609018</ele>
        <time>2026-05-11T22:23:12.860Z</time>
      </trkpt>
      <trkpt lat="43.790840" lon="7.492322">
        <ele>46.322743</ele>
        <time>2026-05-11T22:23:27.474Z</time>
      </trkpt>
      <trkpt lat="43.790899" lon="7.492309">
        <ele>46.478028</ele>
        <time>2026-05-11T22:23:28.735Z</time>
      </trkpt>
      <trkpt lat="43.790917" lon="7.492366">
        <ele>46.594765</ele>
        <time>2026-05-11T22:23:29.702Z</time>
      </trkpt>
      <trkpt lat="43.791004" lon="7.492427">
        <ele>46.848216</ele>
        <time>2026-05-11T22:23:32.051Z</time>
      </trkpt>
      <trkpt lat="43.791041" lon="7.492417">
        <ele>46.946203</ele>
        <time>2026-05-11T22:23:32.899Z</time>
      </trkpt>
      <trkpt lat="43.791059" lon="7.492413">
        <ele>46.993587</ele>
        <time>2026-05-11T22:23:33.363Z</time>
      </trkpt>
      <trkpt lat="43.791256" lon="7.492329">
        <ele>47.529350</ele>
        <time>2026-05-11T22:23:38.834Z</time>
      </trkpt>
      <trkpt lat="43.791279" lon="7.492198">
        <ele>47.782314</ele>
        <time>2026-05-11T22:23:41.456Z</time>
      </trkpt>
      <trkpt lat="43.791358" lon="7.492166">
        <ele>47.996254</ele>
        <time>2026-05-11T22:23:43.885Z</time>
      </trkpt>
      <trkpt lat="43.791866" lon="7.491990">
        <ele>49.357349</ele>
        <time>2026-05-11T22:23:59.031Z</time>
      </trkpt>
      <trkpt lat="43.792646" lon="7.491720">
        <ele>51.451064</ele>
        <time>2026-05-11T22:24:20.692Z</time>
      </trkpt>
      <trkpt lat="43.793185" lon="7.491532">
        <ele>52.898685</ele>
        <time>2026-05-11T22:24:34.588Z</time>
      </trkpt>
      <trkpt lat="43.793279" lon="7.491491">
        <ele>53.155353</ele>
        <time>2026-05-11T22:24:36.842Z</time>
      </trkpt>
      <trkpt lat="43.793308" lon="7.491565">
        <ele>53.313654</ele>
        <time>2026-05-11T22:24:38.388Z</time>
      </trkpt>
      <trkpt lat="43.793357" lon="7.491595">
        <ele>53.453181</ele>
        <time>2026-05-11T22:24:39.605Z</time>
      </trkpt>
      <trkpt lat="43.793413" lon="7.491585">
        <ele>53.600238</ele>
        <time>2026-05-11T22:24:40.687Z</time>
      </trkpt>
      <trkpt lat="43.793579" lon="7.491524">
        <ele>54.047531</ele>
        <time>2026-05-11T22:24:44.353Z</time>
      </trkpt>
      <trkpt lat="43.793634" lon="7.491473">
        <ele>54.236665</ele>
        <time>2026-05-11T22:24:45.839Z</time>
      </trkpt>
      <trkpt lat="43.793649" lon="7.491367">
        <ele>54.494349</ele>
        <time>2026-05-11T22:24:47.242Z</time>
      </trkpt>
      <trkpt lat="43.793730" lon="7.491337">
        <ele>54.771445</ele>
        <time>2026-05-11T22:24:49.059Z</time>
      </trkpt>
      <trkpt lat="43.794143" lon="7.491181">
        <ele>56.186180</ele>
        <time>2026-05-11T22:24:58.747Z</time>
      </trkpt>
      <trkpt lat="43.794276" lon="7.491096">
        <ele>56.670244</ele>
        <time>2026-05-11T22:25:02.758Z</time>
      </trkpt>
      <trkpt lat="43.794405" lon="7.490965">
        <ele>57.198842</ele>
        <time>2026-05-11T22:25:07.346Z</time>
      </trkpt>
      <trkpt lat="43.794758" lon="7.490556">
        <ele>58.719684</ele>
        <time>2026-05-11T22:25:22.450Z</time>
      </trkpt>
      <trkpt lat="43.794824" lon="7.490588">
        <ele>58.950778</ele>
        <time>2026-05-11T22:25:24.840Z</time>
      </trkpt>
      <trkpt lat="43.794891" lon="7.490562">
        <ele>59.180727</ele>
        <time>2026-05-11T22:25:27.254Z</time>
      </trkpt>
      <trkpt lat="43.794944" lon="7.490446">
        <ele>59.508224</ele>
        <time>2026-05-11T22:25:30.577Z</time>
      </trkpt>
      <trkpt lat="43.794930" lon="7.490344">
        <ele>59.755908</ele>
        <time>2026-05-11T22:25:33.083Z</time>
      </trkpt>
      <trkpt lat="43.795247" lon="7.490007">
        <ele>61.113541</ele>
        <time>2026-05-11T22:25:45.788Z</time>
      </trkpt>
      <trkpt lat="43.795544" lon="7.489839">
        <ele>62.214095</ele>
        <time>2026-05-11T22:25:54.928Z</time>
      </trkpt>
      <trkpt lat="43.796221" lon="7.489674">
        <ele>64.572297</ele>
        <time>2026-05-11T22:26:14.248Z</time>
      </trkpt>
      <trkpt lat="43.796662" lon="7.489498">
        <ele>66.146726</ele>
        <time>2026-05-11T22:26:26.069Z</time>
      </trkpt>
      <trkpt lat="43.796842" lon="7.489486">
        <ele>66.797127</ele>
        <time>2026-05-11T22:26:30.574Z</time>
      </trkpt>
      <trkpt lat="43.797159" lon="7.489576">
        <ele>67.979738</ele>
        <time>2026-05-11T22:26:39.138Z</time>
      </trkpt>
      <trkpt lat="43.797357" lon="7.489649">
        <ele>68.728550</ele>
        <time>2026-05-11T22:26:44.875Z</time>
      </trkpt>
      <trkpt lat="43.797598" lon="7.489681">
        <ele>69.613365</ele>
        <time>2026-05-11T22:26:52.131Z</time>
      </trkpt>
      <trkpt lat="43.797723" lon="7.489662">
        <ele>70.072942</ele>
        <time>2026-05-11T22:26:56.164Z</time>
      </trkpt>
      <trkpt lat="43.798221" lon="7.489412">
        <ele>72.008770</ele>
        <time>2026-05-11T22:27:13.486Z</time>
      </trkpt>
      <trkpt lat="43.798360" lon="7.489287">
        <ele>72.614402</ele>
        <time>2026-05-11T22:27:18.418Z</time>
      </trkpt>
      <trkpt lat="43.798549" lon="7.489046">
        <ele>73.563249</ele>
        <time>2026-05-11T22:27:26.480Z</time>
      </trkpt>
      <trkpt lat="43.798749" lon="7.488747">
        <ele>74.653925</ele>
        <time>2026-05-11T22:27:35.601Z</time>
      </trkpt>
      <trkpt lat="43.799029" lon="7.488208">
        <ele>76.430681</ele>
        <time>2026-05-11T22:27:47.954Z</time>
      </trkpt>
      <trkpt lat="43.799324" lon="7.487796">
        <ele>77.983362</ele>
        <time>2026-05-11T22:28:00.746Z</time>
      </trkpt>
      <trkpt lat="43.799427" lon="7.487861">
        <ele>78.402904</ele>
        <time>2026-05-11T22:28:04.119Z</time>
      </trkpt>
      <trkpt lat="43.799590" lon="7.488117">
        <ele>79.316239</ele>
        <time>2026-05-11T22:28:11.726Z</time>
      </trkpt>
      <trkpt lat="43.799723" lon="7.488319">
        <ele>80.249279</ele>
        <time>2026-05-11T22:28:17.777Z</time>
      </trkpt>
      <trkpt lat="43.799766" lon="7.488364">
        <ele>80.524310</ele>
        <time>2026-05-11T22:28:19.575Z</time>
      </trkpt>
      <trkpt lat="43.799818" lon="7.488411">
        <ele>80.841185</ele>
        <time>2026-05-11T22:28:21.250Z</time>
      </trkpt>
      <trkpt lat="43.799949" lon="7.488477">
        <ele>81.552610</ele>
        <time>2026-05-11T22:28:25.545Z</time>
      </trkpt>
      <trkpt lat="43.800056" lon="7.488495">
        <ele>82.102723</ele>
        <time>2026-05-11T22:28:28.923Z</time>
      </trkpt>
      <trkpt lat="43.800237" lon="7.488442">
        <ele>83.046908</ele>
        <time>2026-05-11T22:28:34.265Z</time>
      </trkpt>
      <trkpt lat="43.800594" lon="7.488154">
        <ele>85.155305</ele>
        <time>2026-05-11T22:28:48.821Z</time>
      </trkpt>
      <trkpt lat="43.800731" lon="7.488034">
        <ele>85.982528</ele>
        <time>2026-05-11T22:28:55.574Z</time>
      </trkpt>
      <trkpt lat="43.801006" lon="7.487811">
        <ele>87.608778</ele>
        <time>2026-05-11T22:29:08.927Z</time>
      </trkpt>
      <trkpt lat="43.801090" lon="7.487802">
        <ele>88.038774</ele>
        <time>2026-05-11T22:29:12.247Z</time>
      </trkpt>
      <trkpt lat="43.801267" lon="7.487973">
        <ele>89.160212</ele>
        <time>2026-05-11T22:29:20.919Z</time>
      </trkpt>
      <trkpt lat="43.801469" lon="7.488118">
        <ele>90.373630</ele>
        <time>2026-05-11T22:29:29.924Z</time>
      </trkpt>
      <trkpt lat="43.802082" lon="7.488638">
        <ele>94.207311</ele>
        <time>2026-05-11T22:29:55.951Z</time>
      </trkpt>
      <trkpt lat="43.802339" lon="7.488802">
        <ele>95.716469</ele>
        <time>2026-05-11T22:30:04.264Z</time>
      </trkpt>
      <trkpt lat="43.802458" lon="7.488815">
        <ele>96.353150</ele>
        <time>2026-05-11T22:30:08.129Z</time>
      </trkpt>
      <trkpt lat="43.802680" lon="7.488745">
        <ele>97.567508</ele>
        <time>2026-05-11T22:30:16.472Z</time>
      </trkpt>
      <trkpt lat="43.802842" lon="7.488613">
        <ele>98.560497</ele>
        <time>2026-05-11T22:30:23.651Z</time>
      </trkpt>
      <trkpt lat="43.803012" lon="7.488248">
        <ele>100.177252</ele>
        <time>2026-05-11T22:30:35.425Z</time>
      </trkpt>
      <trkpt lat="43.803118" lon="7.488093">
        <ele>100.971968</ele>
        <time>2026-05-11T22:30:40.837Z</time>
      </trkpt>
      <trkpt lat="43.803224" lon="7.488013">
        <ele>101.594415</ele>
        <time>2026-05-11T22:30:45.022Z</time>
      </trkpt>
      <trkpt lat="43.803287" lon="7.487949">
        <ele>101.997256</ele>
        <time>2026-05-11T22:30:47.813Z</time>
      </trkpt>
      <trkpt lat="43.803340" lon="7.487902">
        <ele>102.321748</ele>
        <time>2026-05-11T22:30:49.850Z</time>
      </trkpt>
      <trkpt lat="43.803419" lon="7.487844">
        <ele>102.782789</ele>
        <time>2026-05-11T22:30:53.018Z</time>
      </trkpt>
      <trkpt lat="43.803520" lon="7.487774">
        <ele>103.365146</ele>
        <time>2026-05-11T22:30:56.785Z</time>
      </trkpt>
      <trkpt lat="43.803720" lon="7.487700">
        <ele>104.432640</ele>
        <time>2026-05-11T22:31:04.177Z</time>
      </trkpt>
      <trkpt lat="43.803842" lon="7.487665">
        <ele>105.075110</ele>
        <time>2026-05-11T22:31:08.654Z</time>
      </trkpt>
      <trkpt lat="43.804099" lon="7.487579">
        <ele>106.438502</ele>
        <time>2026-05-11T22:31:19.203Z</time>
      </trkpt>
      <trkpt lat="43.805087" lon="7.487293">
        <ele>111.407884</ele>
        <time>2026-05-11T22:31:52.801Z</time>
      </trkpt>
      <trkpt lat="43.805214" lon="7.487315">
        <ele>112.029813</ele>
        <time>2026-05-11T22:31:56.707Z</time>
      </trkpt>
      <trkpt lat="43.805475" lon="7.487426">
        <ele>113.356471</ele>
        <time>2026-05-11T22:32:05.665Z</time>
      </trkpt>
      <trkpt lat="43.805556" lon="7.487460">
        <ele>113.767734</ele>
        <time>2026-05-11T22:32:08.621Z</time>
      </trkpt>
      <trkpt lat="43.805952" lon="7.487620">
        <ele>115.772135</ele>
        <time>2026-05-11T22:32:22.943Z</time>
      </trkpt>
      <trkpt lat="43.806449" lon="7.487640">
        <ele>118.637626</ele>
        <time>2026-05-11T22:32:41.629Z</time>
      </trkpt>
      <trkpt lat="43.806845" lon="7.487555">
        <ele>121.048700</ele>
        <time>2026-05-11T22:32:56.159Z</time>
      </trkpt>
      <trkpt lat="43.807013" lon="7.487512">
        <ele>122.076624</ele>
        <time>2026-05-11T22:33:02.031Z</time>
      </trkpt>
      <trkpt lat="43.807350" lon="7.487429">
        <ele>124.136068</ele>
        <time>2026-05-11T22:33:14.545Z</time>
      </trkpt>
      <trkpt lat="43.807642" lon="7.487338">
        <ele>125.936862</ele>
        <time>2026-05-11T22:33:27.365Z</time>
      </trkpt>
      <trkpt lat="43.807776" lon="7.487331">
        <ele>126.743687</ele>
        <time>2026-05-11T22:33:34.009Z</time>
      </trkpt>
      <trkpt lat="43.807823" lon="7.487292">
        <ele>127.073303</ele>
        <time>2026-05-11T22:33:36.806Z</time>
      </trkpt>
      <trkpt lat="43.807886" lon="7.487250">
        <ele>127.450690</ele>
        <time>2026-05-11T22:33:40.487Z</time>
      </trkpt>
      <trkpt lat="43.807896" lon="7.487189">
        <ele>127.690574</ele>
        <time>2026-05-11T22:33:42.866Z</time>
      </trkpt>
      <trkpt lat="43.807873" lon="7.487131">
        <ele>127.944361</ele>
        <time>2026-05-11T22:33:45.094Z</time>
      </trkpt>
      <trkpt lat="43.807822" lon="7.486877">
        <ele>128.955405</ele>
        <time>2026-05-11T22:33:54.124Z</time>
      </trkpt>
      <trkpt lat="43.807755" lon="7.486606">
        <ele>130.053937</ele>
        <time>2026-05-11T22:34:03.142Z</time>
      </trkpt>
      <trkpt lat="43.807565" lon="7.486307">
        <ele>131.581708</ele>
        <time>2026-05-11T22:34:13.650Z</time>
      </trkpt>
      <trkpt lat="43.807416" lon="7.486199">
        <ele>132.475253</ele>
        <time>2026-05-11T22:34:19.402Z</time>
      </trkpt>
      <trkpt lat="43.807260" lon="7.486196">
        <ele>133.304294</ele>
        <time>2026-05-11T22:34:24.562Z</time>
      </trkpt>
      <trkpt lat="43.806737" lon="7.486498">
        <ele>136.315095</ele>
        <time>2026-05-11T22:34:43.013Z</time>
      </trkpt>
      <trkpt lat="43.806614" lon="7.486511">
        <ele>136.902342</ele>
        <time>2026-05-11T22:34:46.479Z</time>
      </trkpt>
      <trkpt lat="43.806448" lon="7.486477">
        <ele>137.583574</ele>
        <time>2026-05-11T22:34:50.510Z</time>
      </trkpt>
      <trkpt lat="43.806274" lon="7.486410">
        <ele>138.316729</ele>
        <time>2026-05-11T22:34:53.857Z</time>
      </trkpt>
      <trkpt lat="43.805958" lon="7.486089">
        <ele>139.907401</ele>
        <time>2026-05-11T22:35:01.651Z</time>
      </trkpt>
      <trkpt lat="43.805793" lon="7.485970">
        <ele>140.662554</ele>
        <time>2026-05-11T22:35:06.766Z</time>
      </trkpt>
      <trkpt lat="43.805280" lon="7.485854">
        <ele>142.772729</ele>
        <time>2026-05-11T22:35:24.852Z</time>
      </trkpt>
      <trkpt lat="43.805165" lon="7.485811">
        <ele>143.256294</ele>
        <time>2026-05-11T22:35:29.363Z</time>
      </trkpt>
      <trkpt lat="43.805118" lon="7.485737">
        <ele>143.545109</ele>
        <time>2026-05-11T22:35:32.413Z</time>
      </trkpt>
      <trkpt lat="43.805537" lon="7.485704">
        <ele>147.392966</ele>
        <time>2026-05-11T22:35:49.732Z</time>
      </trkpt>
      <trkpt lat="43.805861" lon="7.485728">
        <ele>150.941878</ele>
        <time>2026-05-11T22:36:05.341Z</time>
      </trkpt>
      <trkpt lat="43.806342" lon="7.485817">
        <ele>156.249665</ele>
        <time>2026-05-11T22:36:34.187Z</time>
      </trkpt>
      <trkpt lat="43.806567" lon="7.485815">
        <ele>158.710724</ele>
        <time>2026-05-11T22:36:48.761Z</time>
      </trkpt>
      <trkpt lat="43.806804" lon="7.485741">
        <ele>161.367983</ele>
        <time>2026-05-11T22:37:05.677Z</time>
      </trkpt>
      <trkpt lat="43.806882" lon="7.485640">
        <ele>162.535661</ele>
        <time>2026-05-11T22:37:13.703Z</time>
      </trkpt>
      <trkpt lat="43.807060" lon="7.485426">
        <ele>165.344398</ele>
        <time>2026-05-11T22:37:32.341Z</time>
      </trkpt>
      <trkpt lat="43.807426" lon="7.485085">
        <ele>170.933863</ele>
        <time>2026-05-11T22:38:09.524Z</time>
      </trkpt>
      <trkpt lat="43.807649" lon="7.484938">
        <ele>174.063521</ele>
        <time>2026-05-11T22:38:30.901Z</time>
      </trkpt>
      <trkpt lat="43.807851" lon="7.484713">
        <ele>177.348091</ele>
        <time>2026-05-11T22:38:52.460Z</time>
      </trkpt>
      <trkpt lat="43.808005" lon="7.484391">
        <ele>180.881089</ele>
        <time>2026-05-11T22:39:11.939Z</time>
      </trkpt>
      <trkpt lat="43.808123" lon="7.484004">
        <ele>184.723508</ele>
        <time>2026-05-11T22:39:27.532Z</time>
      </trkpt>
      <trkpt lat="43.808237" lon="7.483831">
        <ele>186.400587</ele>
        <time>2026-05-11T22:39:33.609Z</time>
      </trkpt>
      <trkpt lat="43.808488" lon="7.483619">
        <ele>185.943753</ele>
        <time>2026-05-11T22:39:39.494Z</time>
      </trkpt>
      <trkpt lat="43.808592" lon="7.483590">
        <ele>185.778885</ele>
        <time>2026-05-11T22:39:40.616Z</time>
      </trkpt>
      <trkpt lat="43.808709" lon="7.483616">
        <ele>185.594730</ele>
        <time>2026-05-11T22:39:41.773Z</time>
      </trkpt>
      <trkpt lat="43.808785" lon="7.483671">
        <ele>185.461480</ele>
        <time>2026-05-11T22:39:42.579Z</time>
      </trkpt>
      <trkpt lat="43.808846" lon="7.483899">
        <ele>185.188763</ele>
        <time>2026-05-11T22:39:44.200Z</time>
      </trkpt>
      <trkpt lat="43.808835" lon="7.484039">
        <ele>185.030821</ele>
        <time>2026-05-11T22:39:45.138Z</time>
      </trkpt>
      <trkpt lat="43.808658" lon="7.484377">
        <ele>184.562453</ele>
        <time>2026-05-11T22:39:47.906Z</time>
      </trkpt>
      <trkpt lat="43.808603" lon="7.484533">
        <ele>184.367730</ele>
        <time>2026-05-11T22:39:49.070Z</time>
      </trkpt>
      <trkpt lat="43.808596" lon="7.484677">
        <ele>184.205863</ele>
        <time>2026-05-11T22:39:50.045Z</time>
      </trkpt>
      <trkpt lat="43.808617" lon="7.484807">
        <ele>184.056455</ele>
        <time>2026-05-11T22:39:50.959Z</time>
      </trkpt>
      <trkpt lat="43.808732" lon="7.485060">
        <ele>183.721111</ele>
        <time>2026-05-11T22:39:53.150Z</time>
      </trkpt>
      <trkpt lat="43.808835" lon="7.485106">
        <ele>183.704426</ele>
        <time>2026-05-11T22:39:54.468Z</time>
      </trkpt>
      <trkpt lat="43.808926" lon="7.485096">
        <ele>183.770794</ele>
        <time>2026-05-11T22:39:56.051Z</time>
      </trkpt>
      <trkpt lat="43.809042" lon="7.485063">
        <ele>183.856888</ele>
        <time>2026-05-11T22:39:58.728Z</time>
      </trkpt>
      <trkpt lat="43.809486" lon="7.484916">
        <ele>184.188775</ele>
        <time>2026-05-11T22:40:12.347Z</time>
      </trkpt>
      <trkpt lat="43.809571" lon="7.484860">
        <ele>184.257201</ele>
        <time>2026-05-11T22:40:14.751Z</time>
      </trkpt>
      <trkpt lat="43.810009" lon="7.484326">
        <ele>184.681344</ele>
        <time>2026-05-11T22:40:28.360Z</time>
      </trkpt>
      <trkpt lat="43.810134" lon="7.484351">
        <ele>184.773164</ele>
        <time>2026-05-11T22:40:30.800Z</time>
      </trkpt>
      <trkpt lat="43.810190" lon="7.484417">
        <ele>184.826612</ele>
        <time>2026-05-11T22:40:31.947Z</time>
      </trkpt>
      <trkpt lat="43.810224" lon="7.484528">
        <ele>184.889877</ele>
        <time>2026-05-11T22:40:33.264Z</time>
      </trkpt>
      <trkpt lat="43.810249" lon="7.485002">
        <ele>184.953173</ele>
        <time>2026-05-11T22:40:37.243Z</time>
      </trkpt>
      <trkpt lat="43.810363" lon="7.485203">
        <ele>184.945040</ele>
        <time>2026-05-11T22:40:39.111Z</time>
      </trkpt>
      <trkpt lat="43.810474" lon="7.485268">
        <ele>184.939727</ele>
        <time>2026-05-11T22:40:40.243Z</time>
      </trkpt>
      <trkpt lat="43.811323" lon="7.485526">
        <ele>184.901408</ele>
        <time>2026-05-11T22:40:48.818Z</time>
      </trkpt>
      <trkpt lat="43.811721" lon="7.485651">
        <ele>185.119455</ele>
        <time>2026-05-11T22:41:04.569Z</time>
      </trkpt>
      <trkpt lat="43.812076" lon="7.485651">
        <ele>188.470239</ele>
        <time>2026-05-11T22:41:23.402Z</time>
      </trkpt>
      <trkpt lat="43.812221" lon="7.485614">
        <ele>189.861878</ele>
        <time>2026-05-11T22:41:32.655Z</time>
      </trkpt>
      <trkpt lat="43.812335" lon="7.485528">
        <ele>191.087010</ele>
        <time>2026-05-11T22:41:41.370Z</time>
      </trkpt>
      <trkpt lat="43.812411" lon="7.485434">
        <ele>192.048525</ele>
        <time>2026-05-11T22:41:48.570Z</time>
      </trkpt>
      <trkpt lat="43.812608" lon="7.484826">
        <ele>196.588005</ele>
        <time>2026-05-11T22:42:26.267Z</time>
      </trkpt>
      <trkpt lat="43.812849" lon="7.484420">
        <ele>200.168715</ele>
        <time>2026-05-11T22:42:48.456Z</time>
      </trkpt>
      <trkpt lat="43.813172" lon="7.483711">
        <ele>200.252457</ele>
        <time>2026-05-11T22:43:04.214Z</time>
      </trkpt>
      <trkpt lat="43.813211" lon="7.483679">
        <ele>200.081132</ele>
        <time>2026-05-11T22:43:04.658Z</time>
      </trkpt>
      <trkpt lat="43.813276" lon="7.483683">
        <ele>199.835187</ele>
        <time>2026-05-11T22:43:05.265Z</time>
      </trkpt>
      <trkpt lat="43.813354" lon="7.483725">
        <ele>199.518868</ele>
        <time>2026-05-11T22:43:06.057Z</time>
      </trkpt>
      <trkpt lat="43.813385" lon="7.483793">
        <ele>199.299471</ele>
        <time>2026-05-11T22:43:06.574Z</time>
      </trkpt>
      <trkpt lat="43.813390" lon="7.483886">
        <ele>199.045094</ele>
        <time>2026-05-11T22:43:07.195Z</time>
      </trkpt>
      <trkpt lat="43.813295" lon="7.484338">
        <ele>197.760950</ele>
        <time>2026-05-11T22:43:10.184Z</time>
      </trkpt>
      <trkpt lat="43.813304" lon="7.484589">
        <ele>197.075458</ele>
        <time>2026-05-11T22:43:11.749Z</time>
      </trkpt>
      <trkpt lat="43.813359" lon="7.485035">
        <ele>195.841276</ele>
        <time>2026-05-11T22:43:14.542Z</time>
      </trkpt>
      <trkpt lat="43.813482" lon="7.485199">
        <ele>195.196073</ele>
        <time>2026-05-11T22:43:16.019Z</time>
      </trkpt>
      <trkpt lat="43.813616" lon="7.485228">
        <ele>195.405311</ele>
        <time>2026-05-11T22:43:17.278Z</time>
      </trkpt>
      <trkpt lat="43.814017" lon="7.485231">
        <ele>196.775004</ele>
        <time>2026-05-11T22:43:21.629Z</time>
      </trkpt>
      <trkpt lat="43.814438" lon="7.485405">
        <ele>198.275578</ele>
        <time>2026-05-11T22:43:34.257Z</time>
      </trkpt>
      <trkpt lat="43.815300" lon="7.485471">
        <ele>201.244883</ele>
        <time>2026-05-11T22:44:16.525Z</time>
      </trkpt>
      <trkpt lat="43.816103" lon="7.485554">
        <ele>207.099504</ele>
        <time>2026-05-11T22:45:03.614Z</time>
      </trkpt>
      <trkpt lat="43.816234" lon="7.485541">
        <ele>208.054410</ele>
        <time>2026-05-11T22:45:11.338Z</time>
      </trkpt>
      <trkpt lat="43.816366" lon="7.485494">
        <ele>209.045317</ele>
        <time>2026-05-11T22:45:18.863Z</time>
      </trkpt>
      <trkpt lat="43.816682" lon="7.485286">
        <ele>211.588844</ele>
        <time>2026-05-11T22:45:33.545Z</time>
      </trkpt>
      <trkpt lat="43.817035" lon="7.485008">
        <ele>214.336148</ele>
        <time>2026-05-11T22:45:42.362Z</time>
      </trkpt>
      <trkpt lat="43.817144" lon="7.484984">
        <ele>214.499980</ele>
        <time>2026-05-11T22:45:44.132Z</time>
      </trkpt>
      <trkpt lat="43.817212" lon="7.485044">
        <ele>214.619643</ele>
        <time>2026-05-11T22:45:45.121Z</time>
      </trkpt>
      <trkpt lat="43.817246" lon="7.485135">
        <ele>214.729404</ele>
        <time>2026-05-11T22:45:46.049Z</time>
      </trkpt>
      <trkpt lat="43.817228" lon="7.485310">
        <ele>214.918740</ele>
        <time>2026-05-11T22:45:47.547Z</time>
      </trkpt>
      <trkpt lat="43.816942" lon="7.485931">
        <ele>215.707830</ele>
        <time>2026-05-11T22:45:53.386Z</time>
      </trkpt>
      <trkpt lat="43.816955" lon="7.486125">
        <ele>215.916516</ele>
        <time>2026-05-11T22:45:55.038Z</time>
      </trkpt>
      <trkpt lat="43.817145" lon="7.486451">
        <ele>216.365372</ele>
        <time>2026-05-11T22:45:58.939Z</time>
      </trkpt>
      <trkpt lat="43.817407" lon="7.486775">
        <ele>216.886612</ele>
        <time>2026-05-11T22:46:07.889Z</time>
      </trkpt>
      <trkpt lat="43.817561" lon="7.486868">
        <ele>218.571591</ele>
        <time>2026-05-11T22:46:15.287Z</time>
      </trkpt>
      <trkpt lat="43.817728" lon="7.486906">
        <ele>220.800212</ele>
        <time>2026-05-11T22:46:24.748Z</time>
      </trkpt>
      <trkpt lat="43.817855" lon="7.486895">
        <ele>222.475903</ele>
        <time>2026-05-11T22:46:33.040Z</time>
      </trkpt>
      <trkpt lat="43.817984" lon="7.486840">
        <ele>224.253237</ele>
        <time>2026-05-11T22:46:42.616Z</time>
      </trkpt>
      <trkpt lat="43.818959" lon="7.486350">
        <ele>237.910828</ele>
        <time>2026-05-11T22:48:06.873Z</time>
      </trkpt>
      <trkpt lat="43.819066" lon="7.486269">
        <ele>239.516370</ele>
        <time>2026-05-11T22:48:16.806Z</time>
      </trkpt>
      <trkpt lat="43.819165" lon="7.486170">
        <ele>241.073821</ele>
        <time>2026-05-11T22:48:26.728Z</time>
      </trkpt>
      <trkpt lat="43.819870" lon="7.485131">
        <ele>253.222174</ele>
        <time>2026-05-11T22:49:34.913Z</time>
      </trkpt>
      <trkpt lat="43.820087" lon="7.484910">
        <ele>256.401093</ele>
        <time>2026-05-11T22:49:49.994Z</time>
      </trkpt>
      <trkpt lat="43.820249" lon="7.484824">
        <ele>258.448985</ele>
        <time>2026-05-11T22:50:00.179Z</time>
      </trkpt>
      <trkpt lat="43.820409" lon="7.484786">
        <ele>260.365312</ele>
        <time>2026-05-11T22:50:09.163Z</time>
      </trkpt>
      <trkpt lat="43.820573" lon="7.484785">
        <ele>262.130607</ele>
        <time>2026-05-11T22:50:17.602Z</time>
      </trkpt>
      <trkpt lat="43.820756" lon="7.484834">
        <ele>263.455135</ele>
        <time>2026-05-11T22:50:26.132Z</time>
      </trkpt>
      <trkpt lat="43.820847" lon="7.484806">
        <ele>264.117566</ele>
        <time>2026-05-11T22:50:30.420Z</time>
      </trkpt>
      <trkpt lat="43.820922" lon="7.484745">
        <ele>264.735544</ele>
        <time>2026-05-11T22:50:33.937Z</time>
      </trkpt>
      <trkpt lat="43.821079" lon="7.484458">
        <ele>266.582238</ele>
        <time>2026-05-11T22:50:44.336Z</time>
      </trkpt>
      <trkpt lat="43.821168" lon="7.484357">
        <ele>267.399676</ele>
        <time>2026-05-11T22:50:48.666Z</time>
      </trkpt>
      <trkpt lat="43.821285" lon="7.484282">
        <ele>268.315752</ele>
        <time>2026-05-11T22:50:53.302Z</time>
      </trkpt>
      <trkpt lat="43.822110" lon="7.484141">
        <ele>274.222983</ele>
        <time>2026-05-11T22:51:26.803Z</time>
      </trkpt>
      <trkpt lat="43.823084" lon="7.484063">
        <ele>283.357702</ele>
        <time>2026-05-11T22:52:13.322Z</time>
      </trkpt>
      <trkpt lat="43.823183" lon="7.484027">
        <ele>284.331326</ele>
        <time>2026-05-11T22:52:20.728Z</time>
      </trkpt>
      <trkpt lat="43.823325" lon="7.483881">
        <ele>286.013201</ele>
        <time>2026-05-11T22:52:34.718Z</time>
      </trkpt>
      <trkpt lat="43.823504" lon="7.483386">
        <ele>289.813308</ele>
        <time>2026-05-11T22:53:01.401Z</time>
      </trkpt>
      <trkpt lat="43.823824" lon="7.482979">
        <ele>292.517256</ele>
        <time>2026-05-11T22:53:22.273Z</time>
      </trkpt>
      <trkpt lat="43.823876" lon="7.482869">
        <ele>292.828958</ele>
        <time>2026-05-11T22:53:25.894Z</time>
      </trkpt>
      <trkpt lat="43.823873" lon="7.482822">
        <ele>292.940792</ele>
        <time>2026-05-11T22:53:27.287Z</time>
      </trkpt>
      <trkpt lat="43.823847" lon="7.482790">
        <ele>293.055021</ele>
        <time>2026-05-11T22:53:28.715Z</time>
      </trkpt>
      <trkpt lat="43.823776" lon="7.482798">
        <ele>293.289040</ele>
        <time>2026-05-11T22:53:31.198Z</time>
      </trkpt>
      <trkpt lat="43.823734" lon="7.482839">
        <ele>293.457805</ele>
        <time>2026-05-11T22:53:33.006Z</time>
      </trkpt>
      <trkpt lat="43.823256" lon="7.483604">
        <ele>295.856479</ele>
        <time>2026-05-11T22:53:50.025Z</time>
      </trkpt>
      <trkpt lat="43.823186" lon="7.483667">
        <ele>296.130671</ele>
        <time>2026-05-11T22:53:51.180Z</time>
      </trkpt>
      <trkpt lat="43.823064" lon="7.483689">
        <ele>296.534844</ele>
        <time>2026-05-11T22:53:52.593Z</time>
      </trkpt>
      <trkpt lat="43.822344" lon="7.483541">
        <ele>297.781153</ele>
        <time>2026-05-11T22:54:01.451Z</time>
      </trkpt>
      <trkpt lat="43.822212" lon="7.483550">
        <ele>297.818588</ele>
        <time>2026-05-11T22:54:05.131Z</time>
      </trkpt>
      <trkpt lat="43.822046" lon="7.483619">
        <ele>297.867678</ele>
        <time>2026-05-11T22:54:10.700Z</time>
      </trkpt>
      <trkpt lat="43.821949" lon="7.483619">
        <ele>297.895155</ele>
        <time>2026-05-11T22:54:13.874Z</time>
      </trkpt>
      <trkpt lat="43.821689" lon="7.483526">
        <ele>297.971215</ele>
        <time>2026-05-11T22:54:21.645Z</time>
      </trkpt>
      <trkpt lat="43.821224" lon="7.483551">
        <ele>298.103030</ele>
        <time>2026-05-11T22:54:29.377Z</time>
      </trkpt>
      <trkpt lat="43.821084" lon="7.483588">
        <ele>298.143401</ele>
        <time>2026-05-11T22:54:30.936Z</time>
      </trkpt>
      <trkpt lat="43.820998" lon="7.483659">
        <ele>298.171756</ele>
        <time>2026-05-11T22:54:31.921Z</time>
      </trkpt>
      <trkpt lat="43.820771" lon="7.484005">
        <ele>298.274427</ele>
        <time>2026-05-11T22:54:35.069Z</time>
      </trkpt>
      <trkpt lat="43.820709" lon="7.484040">
        <ele>298.294978</ele>
        <time>2026-05-11T22:54:35.706Z</time>
      </trkpt>
      <trkpt lat="43.820625" lon="7.484043">
        <ele>298.320773</ele>
        <time>2026-05-11T22:54:36.507Z</time>
      </trkpt>
      <trkpt lat="43.820372" lon="7.483959">
        <ele>298.400635</ele>
        <time>2026-05-11T22:54:39.137Z</time>
      </trkpt>
      <trkpt lat="43.820222" lon="7.483968">
        <ele>298.446725</ele>
        <time>2026-05-11T22:54:40.829Z</time>
      </trkpt>
      <trkpt lat="43.819932" lon="7.484087">
        <ele>298.539569</ele>
        <time>2026-05-11T22:54:45.548Z</time>
      </trkpt>
      <trkpt lat="43.819882" lon="7.484046">
        <ele>298.557403</ele>
        <time>2026-05-11T22:54:46.805Z</time>
      </trkpt>
      <trkpt lat="43.819869" lon="7.483945">
        <ele>298.580127</ele>
        <time>2026-05-11T22:54:48.842Z</time>
      </trkpt>
      <trkpt lat="43.820067" lon="7.483144">
        <ele>299.445774</ele>
        <time>2026-05-11T22:55:10.069Z</time>
      </trkpt>
      <trkpt lat="43.820070" lon="7.482993">
        <ele>300.168516</ele>
        <time>2026-05-11T22:55:13.887Z</time>
      </trkpt>
      <trkpt lat="43.820037" lon="7.482781">
        <ele>301.206179</ele>
        <time>2026-05-11T22:55:19.679Z</time>
      </trkpt>
      <trkpt lat="43.820047" lon="7.482661">
        <ele>301.784143</ele>
        <time>2026-05-11T22:55:23.150Z</time>
      </trkpt>
      <trkpt lat="43.820093" lon="7.482593">
        <ele>302.230125</ele>
        <time>2026-05-11T22:55:26.170Z</time>
      </trkpt>
      <trkpt lat="43.820156" lon="7.482563">
        <ele>302.671864</ele>
        <time>2026-05-11T22:55:29.205Z</time>
      </trkpt>
      <trkpt lat="43.820211" lon="7.482561">
        <ele>303.036708</ele>
        <time>2026-05-11T22:55:31.792Z</time>
      </trkpt>
      <trkpt lat="43.820261" lon="7.482600">
        <ele>303.417170</ele>
        <time>2026-05-11T22:55:34.404Z</time>
      </trkpt>
      <trkpt lat="43.820296" lon="7.482705">
        <ele>303.970569</ele>
        <time>2026-05-11T22:55:38.073Z</time>
      </trkpt>
      <trkpt lat="43.820297" lon="7.482847">
        <ele>304.650006</ele>
        <time>2026-05-11T22:55:42.401Z</time>
      </trkpt>
      <trkpt lat="43.820113" lon="7.483474">
        <ele>307.888559</ele>
        <time>2026-05-11T22:56:03.193Z</time>
      </trkpt>
      <trkpt lat="43.820119" lon="7.483579">
        <ele>308.392510</ele>
        <time>2026-05-11T22:56:06.430Z</time>
      </trkpt>
      <trkpt lat="43.820171" lon="7.483679">
        <ele>308.982275</ele>
        <time>2026-05-11T22:56:10.127Z</time>
      </trkpt>
      <trkpt lat="43.820270" lon="7.483727">
        <ele>309.677779</ele>
        <time>2026-05-11T22:56:14.538Z</time>
      </trkpt>
      <trkpt lat="43.820535" lon="7.483744">
        <ele>311.866278</ele>
        <time>2026-05-11T22:56:25.374Z</time>
      </trkpt>
      <trkpt lat="43.820638" lon="7.483715">
        <ele>312.949379</ele>
        <time>2026-05-11T22:56:29.905Z</time>
      </trkpt>
      <trkpt lat="43.820724" lon="7.483620">
        <ele>314.082664</ele>
        <time>2026-05-11T22:56:35.115Z</time>
      </trkpt>
      <trkpt lat="43.820903" lon="7.483227">
        <ele>317.538215</ele>
        <time>2026-05-11T22:56:54.098Z</time>
      </trkpt>
      <trkpt lat="43.820953" lon="7.483174">
        <ele>318.186885</ele>
        <time>2026-05-11T22:56:58.101Z</time>
      </trkpt>
      <trkpt lat="43.821137" lon="7.483097">
        <ele>320.167561</ele>
        <time>2026-05-11T22:57:10.762Z</time>
      </trkpt>
      <trkpt lat="43.821664" lon="7.483073">
        <ele>325.601259</ele>
        <time>2026-05-11T22:57:44.430Z</time>
      </trkpt>
      <trkpt lat="43.821730" lon="7.483046">
        <ele>326.310400</ele>
        <time>2026-05-11T22:57:48.476Z</time>
      </trkpt>
      <trkpt lat="43.822062" lon="7.482706">
        <ele>330.701833</ele>
        <time>2026-05-11T22:58:11.036Z</time>
      </trkpt>
      <trkpt lat="43.822176" lon="7.482650">
        <ele>332.073606</ele>
        <time>2026-05-11T22:58:17.695Z</time>
      </trkpt>
      <trkpt lat="43.822292" lon="7.482649">
        <ele>333.389283</ele>
        <time>2026-05-11T22:58:24.322Z</time>
      </trkpt>
      <trkpt lat="43.822586" lon="7.482836">
        <ele>337.058131</ele>
        <time>2026-05-11T22:58:43.906Z</time>
      </trkpt>
      <trkpt lat="43.822812" lon="7.482849">
        <ele>339.623591</ele>
        <time>2026-05-11T22:58:58.466Z</time>
      </trkpt>
      <trkpt lat="43.822917" lon="7.482814">
        <ele>340.848438</ele>
        <time>2026-05-11T22:59:05.676Z</time>
      </trkpt>
      <trkpt lat="43.823081" lon="7.482651">
        <ele>343.137300</ele>
        <time>2026-05-11T22:59:19.250Z</time>
      </trkpt>
      <trkpt lat="43.823179" lon="7.482450">
        <ele>345.122415</ele>
        <time>2026-05-11T22:59:31.007Z</time>
      </trkpt>
      <trkpt lat="43.823398" lon="7.481860">
        <ele>350.242929</ele>
        <time>2026-05-11T22:59:59.637Z</time>
      </trkpt>
      <trkpt lat="43.823487" lon="7.481705">
        <ele>351.339541</ele>
        <time>2026-05-11T23:00:07.338Z</time>
      </trkpt>
      <trkpt lat="43.823608" lon="7.481646">
        <ele>352.323724</ele>
        <time>2026-05-11T23:00:14.014Z</time>
      </trkpt>
      <trkpt lat="43.823838" lon="7.481662">
        <ele>354.090689</ele>
        <time>2026-05-11T23:00:25.382Z</time>
      </trkpt>
      <trkpt lat="43.823946" lon="7.481616">
        <ele>354.957593</ele>
        <time>2026-05-11T23:00:30.681Z</time>
      </trkpt>
      <trkpt lat="43.824150" lon="7.481395">
        <ele>356.944220</ele>
        <time>2026-05-11T23:00:41.554Z</time>
      </trkpt>
      <trkpt lat="43.824248" lon="7.481340">
        <ele>357.755455</ele>
        <time>2026-05-11T23:00:45.518Z</time>
      </trkpt>
      <trkpt lat="43.824367" lon="7.481363">
        <ele>358.677352</ele>
        <time>2026-05-11T23:00:49.739Z</time>
      </trkpt>
      <trkpt lat="43.824637" lon="7.481538">
        <ele>360.964318</ele>
        <time>2026-05-11T23:00:59.489Z</time>
      </trkpt>
      <trkpt lat="43.824714" lon="7.481546">
        <ele>361.556780</ele>
        <time>2026-05-11T23:01:02.012Z</time>
      </trkpt>
      <trkpt lat="43.824792" lon="7.481505">
        <ele>362.196849</ele>
        <time>2026-05-11T23:01:04.739Z</time>
      </trkpt>
      <trkpt lat="43.825351" lon="7.480894">
        <ele>370.735386</ele>
        <time>2026-05-11T23:01:37.347Z</time>
      </trkpt>
      <trkpt lat="43.825581" lon="7.480682">
        <ele>374.384629</ele>
        <time>2026-05-11T23:01:56.093Z</time>
      </trkpt>
      <trkpt lat="43.825948" lon="7.480431">
        <ele>379.791451</ele>
        <time>2026-05-11T23:02:28.851Z</time>
      </trkpt>
      <trkpt lat="43.826052" lon="7.480246">
        <ele>382.026915</ele>
        <time>2026-05-11T23:02:43.534Z</time>
      </trkpt>
      <trkpt lat="43.826201" lon="7.479734">
        <ele>387.225371</ele>
        <time>2026-05-11T23:03:19.986Z</time>
      </trkpt>
      <trkpt lat="43.826216" lon="7.479580">
        <ele>387.970268</ele>
        <time>2026-05-11T23:03:30.374Z</time>
      </trkpt>
      <trkpt lat="43.826190" lon="7.478516">
        <ele>393.073474</ele>
        <time>2026-05-11T23:04:29.463Z</time>
      </trkpt>
      <trkpt lat="43.826249" lon="7.477615">
        <ele>397.410168</ele>
        <time>2026-05-11T23:04:41.160Z</time>
      </trkpt>
      <trkpt lat="43.826271" lon="7.477509">
        <ele>397.938886</ele>
        <time>2026-05-11T23:04:41.919Z</time>
      </trkpt>
      <trkpt lat="43.826331" lon="7.477460">
        <ele>398.401594</ele>
        <time>2026-05-11T23:04:42.562Z</time>
      </trkpt>
      <trkpt lat="43.826366" lon="7.477458">
        <ele>398.634342</ele>
        <time>2026-05-11T23:04:42.874Z</time>
      </trkpt>
      <trkpt lat="43.826468" lon="7.477458">
        <ele>399.065914</ele>
        <time>2026-05-11T23:04:43.787Z</time>
      </trkpt>
      <trkpt lat="43.826542" lon="7.477511">
        <ele>398.939777</ele>
        <time>2026-05-11T23:04:44.527Z</time>
      </trkpt>
      <trkpt lat="43.826590" lon="7.477587">
        <ele>398.829425</ele>
        <time>2026-05-11T23:04:45.165Z</time>
      </trkpt>
      <trkpt lat="43.826801" lon="7.478128">
        <ele>398.157540</ele>
        <time>2026-05-11T23:04:48.969Z</time>
      </trkpt>
      <trkpt lat="43.826857" lon="7.478245">
        <ele>398.004145</ele>
        <time>2026-05-11T23:04:49.840Z</time>
      </trkpt>
      <trkpt lat="43.826920" lon="7.478297">
        <ele>397.893108</ele>
        <time>2026-05-11T23:04:50.471Z</time>
      </trkpt>
      <trkpt lat="43.827617" lon="7.478235">
        <ele>396.835442</ele>
        <time>2026-05-11T23:04:58.118Z</time>
      </trkpt>
      <trkpt lat="43.827706" lon="7.478159">
        <ele>396.677144</ele>
        <time>2026-05-11T23:05:02.876Z</time>
      </trkpt>
      <trkpt lat="43.827738" lon="7.478068">
        <ele>396.566547</ele>
        <time>2026-05-11T23:05:06.641Z</time>
      </trkpt>
      <trkpt lat="43.827790" lon="7.477743">
        <ele>397.956367</ele>
        <time>2026-05-11T23:05:21.273Z</time>
      </trkpt>
      <trkpt lat="43.828121" lon="7.477174">
        <ele>404.727383</ele>
        <time>2026-05-11T23:06:00.557Z</time>
      </trkpt>
      <trkpt lat="43.828291" lon="7.476813">
        <ele>408.720868</ele>
        <time>2026-05-11T23:06:27.175Z</time>
      </trkpt>
      <trkpt lat="43.828366" lon="7.476717">
        <ele>410.031696</ele>
        <time>2026-05-11T23:06:35.893Z</time>
      </trkpt>
      <trkpt lat="43.828584" lon="7.476546">
        <ele>413.248041</ele>
        <time>2026-05-11T23:06:55.977Z</time>
      </trkpt>
      <trkpt lat="43.828734" lon="7.476391">
        <ele>415.650403</ele>
        <time>2026-05-11T23:07:09.743Z</time>
      </trkpt>
      <trkpt lat="43.828794" lon="7.476277">
        <ele>416.957590</ele>
        <time>2026-05-11T23:07:16.656Z</time>
      </trkpt>
      <trkpt lat="43.828881" lon="7.475749">
        <ele>420.403695</ele>
        <time>2026-05-11T23:07:40.353Z</time>
      </trkpt>
      <trkpt lat="43.829425" lon="7.473723">
        <ele>427.801651</ele>
        <time>2026-05-11T23:08:31.448Z</time>
      </trkpt>
      <trkpt lat="43.829523" lon="7.473539">
        <ele>427.503882</ele>
        <time>2026-05-11T23:08:33.105Z</time>
      </trkpt>
      <trkpt lat="43.829605" lon="7.473487">
        <ele>427.119006</ele>
        <time>2026-05-11T23:08:33.963Z</time>
      </trkpt>
      <trkpt lat="43.829707" lon="7.473526">
        <ele>426.667394</ele>
        <time>2026-05-11T23:08:34.983Z</time>
      </trkpt>
      <trkpt lat="43.829777" lon="7.473661">
        <ele>426.155486</ele>
        <time>2026-05-11T23:08:36.116Z</time>
      </trkpt>
      <trkpt lat="43.829759" lon="7.473792">
        <ele>425.744877</ele>
        <time>2026-05-11T23:08:37.004Z</time>
      </trkpt>
      <trkpt lat="43.829488" lon="7.474580">
        <ele>423.056962</ele>
        <time>2026-05-11T23:08:42.688Z</time>
      </trkpt>
      <trkpt lat="43.829425" lon="7.474969">
        <ele>421.829387</ele>
        <time>2026-05-11T23:08:45.256Z</time>
      </trkpt>
      <trkpt lat="43.829407" lon="7.475370">
        <ele>420.592286</ele>
        <time>2026-05-11T23:08:48.019Z</time>
      </trkpt>
      <trkpt lat="43.829446" lon="7.476131">
        <ele>419.121099</ele>
        <time>2026-05-11T23:08:53.952Z</time>
      </trkpt>
      <trkpt lat="43.829471" lon="7.476428">
        <ele>418.586132</ele>
        <time>2026-05-11T23:08:56.378Z</time>
      </trkpt>
      <trkpt lat="43.829560" lon="7.476878">
        <ele>417.751331</ele>
        <time>2026-05-11T23:08:59.986Z</time>
      </trkpt>
      <trkpt lat="43.829548" lon="7.477250">
        <ele>417.085122</ele>
        <time>2026-05-11T23:09:02.756Z</time>
      </trkpt>
      <trkpt lat="43.829582" lon="7.477705">
        <ele>416.266729</ele>
        <time>2026-05-11T23:09:06.081Z</time>
      </trkpt>
      <trkpt lat="43.829540" lon="7.477865">
        <ele>415.962112</ele>
        <time>2026-05-11T23:09:07.340Z</time>
      </trkpt>
      <trkpt lat="43.829459" lon="7.478006">
        <ele>416.430438</ele>
        <time>2026-05-11T23:09:08.774Z</time>
      </trkpt>
      <trkpt lat="43.829386" lon="7.478062">
        <ele>416.909992</ele>
        <time>2026-05-11T23:09:09.818Z</time>
      </trkpt>
      <trkpt lat="43.829188" lon="7.478136">
        <ele>418.088692</ele>
        <time>2026-05-11T23:09:12.982Z</time>
      </trkpt>
      <trkpt lat="43.829120" lon="7.478249">
        <ele>418.698861</ele>
        <time>2026-05-11T23:09:15.303Z</time>
      </trkpt>
      <trkpt lat="43.829103" lon="7.478370">
        <ele>419.210014</ele>
        <time>2026-05-11T23:09:17.592Z</time>
      </trkpt>
      <trkpt lat="43.829114" lon="7.478486">
        <ele>419.695145</ele>
        <time>2026-05-11T23:09:19.882Z</time>
      </trkpt>
      <trkpt lat="43.829221" lon="7.478929">
        <ele>421.632265</ele>
        <time>2026-05-11T23:09:33.145Z</time>
      </trkpt>
      <trkpt lat="43.829231" lon="7.479076">
        <ele>422.244503</ele>
        <time>2026-05-11T23:09:38.771Z</time>
      </trkpt>
      <trkpt lat="43.829124" lon="7.479540">
        <ele>424.264383</ele>
        <time>2026-05-11T23:09:58.933Z</time>
      </trkpt>
      <trkpt lat="43.828972" lon="7.480463">
        <ele>429.200860</ele>
        <time>2026-05-11T23:10:39.038Z</time>
      </trkpt>
      <trkpt lat="43.828912" lon="7.480628">
        <ele>430.359394</ele>
        <time>2026-05-11T23:10:48.236Z</time>
      </trkpt>
      <trkpt lat="43.828762" lon="7.480849">
        <ele>432.261926</ele>
        <time>2026-05-11T23:11:02.293Z</time>
      </trkpt>
      <trkpt lat="43.828426" lon="7.481133">
        <ele>435.682251</ele>
        <time>2026-05-11T23:11:25.278Z</time>
      </trkpt>
      <trkpt lat="43.828399" lon="7.481202">
        <ele>436.174424</ele>
        <time>2026-05-11T23:11:27.700Z</time>
      </trkpt>
      <trkpt lat="43.828408" lon="7.481272">
        <ele>436.620238</ele>
        <time>2026-05-11T23:11:30.229Z</time>
      </trkpt>
      <trkpt lat="43.828458" lon="7.481317">
        <ele>437.138361</ele>
        <time>2026-05-11T23:11:33.090Z</time>
      </trkpt>
      <trkpt lat="43.828533" lon="7.481289">
        <ele>437.813429</ele>
        <time>2026-05-11T23:11:35.991Z</time>
      </trkpt>
      <trkpt lat="43.829206" lon="7.480608">
        <ele>443.863454</ele>
        <time>2026-05-11T23:11:59.913Z</time>
      </trkpt>
      <trkpt lat="43.829342" lon="7.480401">
        <ele>444.966458</ele>
        <time>2026-05-11T23:12:08.021Z</time>
      </trkpt>
      <trkpt lat="43.829388" lon="7.480209">
        <ele>445.763478</ele>
        <time>2026-05-11T23:12:12.938Z</time>
      </trkpt>
      <trkpt lat="43.829440" lon="7.479497">
        <ele>448.582787</ele>
        <time>2026-05-11T23:12:32.942Z</time>
      </trkpt>
      <trkpt lat="43.829606" lon="7.478936">
        <ele>450.971571</ele>
        <time>2026-05-11T23:12:52.037Z</time>
      </trkpt>
      <trkpt lat="43.829769" lon="7.478807">
        <ele>451.841842</ele>
        <time>2026-05-11T23:12:59.450Z</time>
      </trkpt>
      <trkpt lat="43.830162" lon="7.478746">
        <ele>452.975344</ele>
        <time>2026-05-11T23:13:13.161Z</time>
      </trkpt>
      <trkpt lat="43.830210" lon="7.478703">
        <ele>453.139156</ele>
        <time>2026-05-11T23:13:14.831Z</time>
      </trkpt>
      <trkpt lat="43.830280" lon="7.478563">
        <ele>453.491376</ele>
        <time>2026-05-11T23:13:18.480Z</time>
      </trkpt>
      <trkpt lat="43.830389" lon="7.478194">
        <ele>454.315861</ele>
        <time>2026-05-11T23:13:26.041Z</time>
      </trkpt>
      <trkpt lat="43.830419" lon="7.477937">
        <ele>454.854182</ele>
        <time>2026-05-11T23:13:30.551Z</time>
      </trkpt>
      <trkpt lat="43.830367" lon="7.477742">
        <ele>455.284058</ele>
        <time>2026-05-11T23:13:33.674Z</time>
      </trkpt>
      <trkpt lat="43.830166" lon="7.477421">
        <ele>456.162968</ele>
        <time>2026-05-11T23:13:38.108Z</time>
      </trkpt>
      <trkpt lat="43.830097" lon="7.477146">
        <ele>456.765012</ele>
        <time>2026-05-11T23:13:40.570Z</time>
      </trkpt>
      <trkpt lat="43.830170" lon="7.475939">
        <ele>462.228891</ele>
        <time>2026-05-11T23:14:00.438Z</time>
      </trkpt>
      <trkpt lat="43.830249" lon="7.475603">
        <ele>463.844751</ele>
        <time>2026-05-11T23:14:12.752Z</time>
      </trkpt>
      <trkpt lat="43.830647" lon="7.474780">
        <ele>468.443443</ele>
        <time>2026-05-11T23:14:55.433Z</time>
      </trkpt>
      <trkpt lat="43.831017" lon="7.474066">
        <ele>474.312963</ele>
        <time>2026-05-11T23:15:37.767Z</time>
      </trkpt>
      <trkpt lat="43.831091" lon="7.473974">
        <ele>475.232935</ele>
        <time>2026-05-11T23:15:44.092Z</time>
      </trkpt>
      <trkpt lat="43.831186" lon="7.473892">
        <ele>476.268689</ele>
        <time>2026-05-11T23:15:51.065Z</time>
      </trkpt>
      <trkpt lat="43.831775" lon="7.473572">
        <ele>482.123676</ele>
        <time>2026-05-11T23:16:22.742Z</time>
      </trkpt>
      <trkpt lat="43.831966" lon="7.473377">
        <ele>484.319085</ele>
        <time>2026-05-11T23:16:31.172Z</time>
      </trkpt>
      <trkpt lat="43.832139" lon="7.473089">
        <ele>486.007552</ele>
        <time>2026-05-11T23:16:38.843Z</time>
      </trkpt>
      <trkpt lat="43.832252" lon="7.472686">
        <ele>487.688400</ele>
        <time>2026-05-11T23:16:45.966Z</time>
      </trkpt>
      <trkpt lat="43.832261" lon="7.472426">
        <ele>488.700310</ele>
        <time>2026-05-11T23:16:50.216Z</time>
      </trkpt>
      <trkpt lat="43.832236" lon="7.472319">
        <ele>489.137545</ele>
        <time>2026-05-11T23:16:52.089Z</time>
      </trkpt>
      <trkpt lat="43.832071" lon="7.472019">
        <ele>490.604103</ele>
        <time>2026-05-11T23:16:59.336Z</time>
      </trkpt>
      <trkpt lat="43.832023" lon="7.471776">
        <ele>491.583541</ele>
        <time>2026-05-11T23:17:05.234Z</time>
      </trkpt>
      <trkpt lat="43.832073" lon="7.471522">
        <ele>492.607071</ele>
        <time>2026-05-11T23:17:12.602Z</time>
      </trkpt>
      <trkpt lat="43.832236" lon="7.471223">
        <ele>494.064016</ele>
        <time>2026-05-11T23:17:25.389Z</time>
      </trkpt>
      <trkpt lat="43.832425" lon="7.471031">
        <ele>495.983682</ele>
        <time>2026-05-11T23:17:38.721Z</time>
      </trkpt>
      <trkpt lat="43.832759" lon="7.470837">
        <ele>499.621037</ele>
        <time>2026-05-11T23:18:02.250Z</time>
      </trkpt>
      <trkpt lat="43.833000" lon="7.470777">
        <ele>502.080426</ele>
        <time>2026-05-11T23:18:19.667Z</time>
      </trkpt>
      <trkpt lat="43.833516" lon="7.470721">
        <ele>507.279111</ele>
        <time>2026-05-11T23:18:55.732Z</time>
      </trkpt>
      <trkpt lat="43.833699" lon="7.470641">
        <ele>509.206434</ele>
        <time>2026-05-11T23:19:07.153Z</time>
      </trkpt>
      <trkpt lat="43.834031" lon="7.470394">
        <ele>512.670717</ele>
        <time>2026-05-11T23:19:22.315Z</time>
      </trkpt>
      <trkpt lat="43.834087" lon="7.470425">
        <ele>512.735632</ele>
        <time>2026-05-11T23:19:23.997Z</time>
      </trkpt>
      <trkpt lat="43.834099" lon="7.470465">
        <ele>512.769274</ele>
        <time>2026-05-11T23:19:24.848Z</time>
      </trkpt>
      <trkpt lat="43.834077" lon="7.470538">
        <ele>512.830712</ele>
        <time>2026-05-11T23:19:26.124Z</time>
      </trkpt>
      <trkpt lat="43.833726" lon="7.470823">
        <ele>513.268624</ele>
        <time>2026-05-11T23:19:32.837Z</time>
      </trkpt>
      <trkpt lat="43.833436" lon="7.470947">
        <ele>513.595335</ele>
        <time>2026-05-11T23:19:36.397Z</time>
      </trkpt>
      <trkpt lat="43.833027" lon="7.471063">
        <ele>514.044763</ele>
        <time>2026-05-11T23:19:41.089Z</time>
      </trkpt>
      <trkpt lat="43.832880" lon="7.471206">
        <ele>514.238092</ele>
        <time>2026-05-11T23:19:43.267Z</time>
      </trkpt>
      <trkpt lat="43.832537" lon="7.471625">
        <ele>515.888903</ele>
        <time>2026-05-11T23:19:49.067Z</time>
      </trkpt>
      <trkpt lat="43.832547" lon="7.471728">
        <ele>516.548046</ele>
        <time>2026-05-11T23:19:51.463Z</time>
      </trkpt>
      <trkpt lat="43.832622" lon="7.471732">
        <ele>517.207933</ele>
        <time>2026-05-11T23:19:53.806Z</time>
      </trkpt>
      <trkpt lat="43.832793" lon="7.471494">
        <ele>519.338369</ele>
        <time>2026-05-11T23:20:03.191Z</time>
      </trkpt>
      <trkpt lat="43.832896" lon="7.471394">
        <ele>520.443948</ele>
        <time>2026-05-11T23:20:08.655Z</time>
      </trkpt>
      <trkpt lat="43.833010" lon="7.471322">
        <ele>521.545357</ele>
        <time>2026-05-11T23:20:14.431Z</time>
      </trkpt>
      <trkpt lat="43.833281" lon="7.471235">
        <ele>523.991044</ele>
        <time>2026-05-11T23:20:29.453Z</time>
      </trkpt>
      <trkpt lat="43.833368" lon="7.471231">
        <ele>524.756368</ele>
        <time>2026-05-11T23:20:35.079Z</time>
      </trkpt>
      <trkpt lat="43.833554" lon="7.471247">
        <ele>526.394825</ele>
        <time>2026-05-11T23:20:48.297Z</time>
      </trkpt>
      <trkpt lat="43.833716" lon="7.471229">
        <ele>527.823697</ele>
        <time>2026-05-11T23:21:00.798Z</time>
      </trkpt>
      <trkpt lat="43.834153" lon="7.471053">
        <ele>531.583192</ele>
        <time>2026-05-11T23:21:36.003Z</time>
      </trkpt>
      <trkpt lat="43.834488" lon="7.470804">
        <ele>534.365688</ele>
        <time>2026-05-11T23:22:02.553Z</time>
      </trkpt>
      <trkpt lat="43.834590" lon="7.470780">
        <ele>535.123024</ele>
        <time>2026-05-11T23:22:08.338Z</time>
      </trkpt>
      <trkpt lat="43.834694" lon="7.470790">
        <ele>535.886150</ele>
        <time>2026-05-11T23:22:13.387Z</time>
      </trkpt>
      <trkpt lat="43.835011" lon="7.470958">
        <ele>538.370425</ele>
        <time>2026-05-11T23:22:27.010Z</time>
      </trkpt>
      <trkpt lat="43.835097" lon="7.470907">
        <ele>539.055139</ele>
        <time>2026-05-11T23:22:30.447Z</time>
      </trkpt>
      <trkpt lat="43.835122" lon="7.470836">
        <ele>539.472322</ele>
        <time>2026-05-11T23:22:32.392Z</time>
      </trkpt>
      <trkpt lat="43.835116" lon="7.470734">
        <ele>540.012700</ele>
        <time>2026-05-11T23:22:34.958Z</time>
      </trkpt>
      <trkpt lat="43.835023" lon="7.470482">
        <ele>541.507374</ele>
        <time>2026-05-11T23:22:41.103Z</time>
      </trkpt>
      <trkpt lat="43.834931" lon="7.470136">
        <ele>543.454532</ele>
        <time>2026-05-11T23:22:45.664Z</time>
      </trkpt>
      <trkpt lat="43.834877" lon="7.469994">
        <ele>543.734873</ele>
        <time>2026-05-11T23:22:46.965Z</time>
      </trkpt>
      <trkpt lat="43.834663" lon="7.469719">
        <ele>544.262822</ele>
        <time>2026-05-11T23:22:50.117Z</time>
      </trkpt>
      <trkpt lat="43.834643" lon="7.469560">
        <ele>544.473468</ele>
        <time>2026-05-11T23:22:51.351Z</time>
      </trkpt>
      <trkpt lat="43.834685" lon="7.469457">
        <ele>544.627887</ele>
        <time>2026-05-11T23:22:52.258Z</time>
      </trkpt>
      <trkpt lat="43.835004" lon="7.468995">
        <ele>545.462563</ele>
        <time>2026-05-11T23:22:57.764Z</time>
      </trkpt>
      <trkpt lat="43.835484" lon="7.468110">
        <ele>547.319378</ele>
        <time>2026-05-11T23:23:22.246Z</time>
      </trkpt>
      <trkpt lat="43.835811" lon="7.467562">
        <ele>551.895747</ele>
        <time>2026-05-11T23:23:49.381Z</time>
      </trkpt>
      <trkpt lat="43.835932" lon="7.467406">
        <ele>553.369758</ele>
        <time>2026-05-11T23:24:00.030Z</time>
      </trkpt>
      <trkpt lat="43.836061" lon="7.467284">
        <ele>554.762776</ele>
        <time>2026-05-11T23:24:09.908Z</time>
      </trkpt>
      <trkpt lat="43.836210" lon="7.467214">
        <ele>556.166188</ele>
        <time>2026-05-11T23:24:19.178Z</time>
      </trkpt>
      <trkpt lat="43.836379" lon="7.467167">
        <ele>557.703800</ele>
        <time>2026-05-11T23:24:28.646Z</time>
      </trkpt>
      <trkpt lat="43.836800" lon="7.467123">
        <ele>561.470019</ele>
        <time>2026-05-11T23:24:50.403Z</time>
      </trkpt>
      <trkpt lat="43.836830" lon="7.467177">
        <ele>561.908598</ele>
        <time>2026-05-11T23:24:52.653Z</time>
      </trkpt>
      <trkpt lat="43.836940" lon="7.467255">
        <ele>563.002462</ele>
        <time>2026-05-11T23:24:58.662Z</time>
      </trkpt>
      <trkpt lat="43.837067" lon="7.467252">
        <ele>564.077784</ele>
        <time>2026-05-11T23:25:04.568Z</time>
      </trkpt>
      <trkpt lat="43.837131" lon="7.467190">
        <ele>564.738773</ele>
        <time>2026-05-11T23:25:08.000Z</time>
      </trkpt>
      <trkpt lat="43.837193" lon="7.466685">
        <ele>567.866922</ele>
        <time>2026-05-11T23:25:24.986Z</time>
      </trkpt>
      <trkpt lat="43.837316" lon="7.466433">
        <ele>569.724972</ele>
        <time>2026-05-11T23:25:34.283Z</time>
      </trkpt>
      <trkpt lat="43.837616" lon="7.466047">
        <ele>573.189991</ele>
        <time>2026-05-11T23:25:49.021Z</time>
      </trkpt>
      <trkpt lat="43.838235" lon="7.465435">
        <ele>579.942113</ele>
        <time>2026-05-11T23:26:31.518Z</time>
      </trkpt>
      <trkpt lat="43.838493" lon="7.465276">
        <ele>582.818718</ele>
        <time>2026-05-11T23:26:52.259Z</time>
      </trkpt>
      <trkpt lat="43.839036" lon="7.465097">
        <ele>588.505243</ele>
        <time>2026-05-11T23:27:33.193Z</time>
      </trkpt>
      <trkpt lat="43.839628" lon="7.464951">
        <ele>594.631445</ele>
        <time>2026-05-11T23:28:06.201Z</time>
      </trkpt>
      <trkpt lat="43.839690" lon="7.464990">
        <ele>595.325101</ele>
        <time>2026-05-11T23:28:08.773Z</time>
      </trkpt>
      <trkpt lat="43.839697" lon="7.465123">
        <ele>596.305073</ele>
        <time>2026-05-11T23:28:12.110Z</time>
      </trkpt>
      <trkpt lat="43.839631" lon="7.465169">
        <ele>596.352191</ele>
        <time>2026-05-11T23:28:14.223Z</time>
      </trkpt>
      <trkpt lat="43.839079" lon="7.465277">
        <ele>595.937641</ele>
        <time>2026-05-11T23:28:22.813Z</time>
      </trkpt>
      <trkpt lat="43.838498" lon="7.465599">
        <ele>595.472350</ele>
        <time>2026-05-11T23:28:28.895Z</time>
      </trkpt>
      <trkpt lat="43.837950" lon="7.466242">
        <ele>595.652799</ele>
        <time>2026-05-11T23:28:36.192Z</time>
      </trkpt>
      <trkpt lat="43.837680" lon="7.466646">
        <ele>597.056765</ele>
        <time>2026-05-11T23:28:44.574Z</time>
      </trkpt>
      <trkpt lat="43.837694" lon="7.466747">
        <ele>597.318941</ele>
        <time>2026-05-11T23:28:46.801Z</time>
      </trkpt>
      <trkpt lat="43.837732" lon="7.466764">
        <ele>597.460056</ele>
        <time>2026-05-11T23:28:48.062Z</time>
      </trkpt>
      <trkpt lat="43.837771" lon="7.466741">
        <ele>597.609837</ele>
        <time>2026-05-11T23:28:49.420Z</time>
      </trkpt>
      <trkpt lat="43.837998" lon="7.466351">
        <ele>598.887320</ele>
        <time>2026-05-11T23:29:02.574Z</time>
      </trkpt>
      <trkpt lat="43.838217" lon="7.466110">
        <ele>599.875472</ele>
        <time>2026-05-11T23:29:13.831Z</time>
      </trkpt>
      <trkpt lat="43.838446" lon="7.465906">
        <ele>600.837451</ele>
        <time>2026-05-11T23:29:24.796Z</time>
      </trkpt>
      <trkpt lat="43.838678" lon="7.465763">
        <ele>602.128111</ele>
        <time>2026-05-11T23:29:34.780Z</time>
      </trkpt>
      <trkpt lat="43.838733" lon="7.465750">
        <ele>602.571134</ele>
        <time>2026-05-11T23:29:36.916Z</time>
      </trkpt>
      <trkpt lat="43.838772" lon="7.465774">
        <ele>602.909946</ele>
        <time>2026-05-11T23:29:38.482Z</time>
      </trkpt>
      <trkpt lat="43.838779" lon="7.465843">
        <ele>603.309022</ele>
        <time>2026-05-11T23:29:40.442Z</time>
      </trkpt>
      <trkpt lat="43.838753" lon="7.465883">
        <ele>603.617415</ele>
        <time>2026-05-11T23:29:41.952Z</time>
      </trkpt>
      <trkpt lat="43.838633" lon="7.465933">
        <ele>604.612365</ele>
        <time>2026-05-11T23:29:46.972Z</time>
      </trkpt>
      <trkpt lat="43.838380" lon="7.466146">
        <ele>606.962682</ele>
        <time>2026-05-11T23:29:59.496Z</time>
      </trkpt>
      <trkpt lat="43.838193" lon="7.466370">
        <ele>608.925007</ele>
        <time>2026-05-11T23:30:10.285Z</time>
      </trkpt>
      <trkpt lat="43.837977" lon="7.466673">
        <ele>611.364944</ele>
        <time>2026-05-11T23:30:24.228Z</time>
      </trkpt>
      <trkpt lat="43.837964" lon="7.466742">
        <ele>611.773395</ele>
        <time>2026-05-11T23:30:26.698Z</time>
      </trkpt>
      <trkpt lat="43.837999" lon="7.466808">
        <ele>612.242572</ele>
        <time>2026-05-11T23:30:29.442Z</time>
      </trkpt>
      <trkpt lat="43.838042" lon="7.466792">
        <ele>612.596093</ele>
        <time>2026-05-11T23:30:31.541Z</time>
      </trkpt>
      <trkpt lat="43.838240" lon="7.466498">
        <ele>614.899826</ele>
        <time>2026-05-11T23:30:46.362Z</time>
      </trkpt>
      <trkpt lat="43.838568" lon="7.466196">
        <ele>619.868599</ele>
        <time>2026-05-11T23:31:09.353Z</time>
      </trkpt>
      <trkpt lat="43.838755" lon="7.466096">
        <ele>622.721075</ele>
        <time>2026-05-11T23:31:23.033Z</time>
      </trkpt>
      <trkpt lat="43.839239" lon="7.465948">
        <ele>629.774860</ele>
        <time>2026-05-11T23:32:02.100Z</time>
      </trkpt>
      <trkpt lat="43.839452" lon="7.465936">
        <ele>632.808752</ele>
        <time>2026-05-11T23:32:19.602Z</time>
      </trkpt>
      <trkpt lat="43.839543" lon="7.465952">
        <ele>634.114226</ele>
        <time>2026-05-11T23:32:27.431Z</time>
      </trkpt>
      <trkpt lat="43.839655" lon="7.466021">
        <ele>635.858482</ele>
        <time>2026-05-11T23:32:37.666Z</time>
      </trkpt>
      <trkpt lat="43.840216" lon="7.466424">
        <ele>642.748850</ele>
        <time>2026-05-11T23:33:28.465Z</time>
      </trkpt>
      <trkpt lat="43.840561" lon="7.466605">
        <ele>644.891676</ele>
        <time>2026-05-11T23:33:51.639Z</time>
      </trkpt>
      <trkpt lat="43.840902" lon="7.466964">
        <ele>647.378949</ele>
        <time>2026-05-11T23:34:08.990Z</time>
      </trkpt>
      <trkpt lat="43.840992" lon="7.467024">
        <ele>647.959067</ele>
        <time>2026-05-11T23:34:11.059Z</time>
      </trkpt>
      <trkpt lat="43.841048" lon="7.466987">
        <ele>648.319427</ele>
        <time>2026-05-11T23:34:11.909Z</time>
      </trkpt>
      <trkpt lat="43.841061" lon="7.466891">
        <ele>648.728685</ele>
        <time>2026-05-11T23:34:12.859Z</time>
      </trkpt>
      <trkpt lat="43.840987" lon="7.465854">
        <ele>652.477496</ele>
        <time>2026-05-11T23:34:20.644Z</time>
      </trkpt>
      <trkpt lat="43.840939" lon="7.465508">
        <ele>653.277239</ele>
        <time>2026-05-11T23:34:23.248Z</time>
      </trkpt>
      <trkpt lat="43.840956" lon="7.465339">
        <ele>653.664547</ele>
        <time>2026-05-11T23:34:24.637Z</time>
      </trkpt>
      <trkpt lat="43.841004" lon="7.465247">
        <ele>653.922275</ele>
        <time>2026-05-11T23:34:25.748Z</time>
      </trkpt>
      <trkpt lat="43.841462" lon="7.464830">
        <ele>655.646581</ele>
        <time>2026-05-11T23:34:40.693Z</time>
      </trkpt>
      <trkpt lat="43.841560" lon="7.464771">
        <ele>655.982803</ele>
        <time>2026-05-11T23:34:45.277Z</time>
      </trkpt>
      <trkpt lat="43.841701" lon="7.464755">
        <ele>656.428008</ele>
        <time>2026-05-11T23:34:51.996Z</time>
      </trkpt>
      <trkpt lat="43.841914" lon="7.464824">
        <ele>657.116364</ele>
        <time>2026-05-11T23:35:04.624Z</time>
      </trkpt>
      <trkpt lat="43.842321" lon="7.464778">
        <ele>659.729831</ele>
        <time>2026-05-11T23:35:28.978Z</time>
      </trkpt>
      <trkpt lat="43.842556" lon="7.464818">
        <ele>661.471256</ele>
        <time>2026-05-11T23:35:41.382Z</time>
      </trkpt>
      <trkpt lat="43.842622" lon="7.464805">
        <ele>661.961567</ele>
        <time>2026-05-11T23:35:44.822Z</time>
      </trkpt>
      <trkpt lat="43.842669" lon="7.464773">
        <ele>662.346688</ele>
        <time>2026-05-11T23:35:47.354Z</time>
      </trkpt>
      <trkpt lat="43.842701" lon="7.464700">
        <ele>662.799855</ele>
        <time>2026-05-11T23:35:50.346Z</time>
      </trkpt>
      <trkpt lat="43.842735" lon="7.464488">
        <ele>663.951946</ele>
        <time>2026-05-11T23:35:57.616Z</time>
      </trkpt>
      <trkpt lat="43.842767" lon="7.464431">
        <ele>664.335125</ele>
        <time>2026-05-11T23:35:59.957Z</time>
      </trkpt>
      <trkpt lat="43.843189" lon="7.464283">
        <ele>667.536734</ele>
        <time>2026-05-11T23:36:17.471Z</time>
      </trkpt>
      <trkpt lat="43.843240" lon="7.464236">
        <ele>667.987146</ele>
        <time>2026-05-11T23:36:19.670Z</time>
      </trkpt>
      <trkpt lat="43.843279" lon="7.464148">
        <ele>668.535054</ele>
        <time>2026-05-11T23:36:22.319Z</time>
      </trkpt>
      <trkpt lat="43.843257" lon="7.464007">
        <ele>669.300330</ele>
        <time>2026-05-11T23:36:25.951Z</time>
      </trkpt>
      <trkpt lat="43.843104" lon="7.463807">
        <ele>670.778006</ele>
        <time>2026-05-11T23:36:33.099Z</time>
      </trkpt>
      <trkpt lat="43.843057" lon="7.463720">
        <ele>671.165108</ele>
        <time>2026-05-11T23:36:35.624Z</time>
      </trkpt>
      <trkpt lat="43.843043" lon="7.463635">
        <ele>671.475603</ele>
        <time>2026-05-11T23:36:37.674Z</time>
      </trkpt>
      <trkpt lat="43.843047" lon="7.463540">
        <ele>671.814495</ele>
        <time>2026-05-11T23:36:39.869Z</time>
      </trkpt>
      <trkpt lat="43.843231" lon="7.462970">
        <ele>674.038424</ele>
        <time>2026-05-11T23:36:54.079Z</time>
      </trkpt>
      <trkpt lat="43.843241" lon="7.462819">
        <ele>674.578427</ele>
        <time>2026-05-11T23:36:57.487Z</time>
      </trkpt>
      <trkpt lat="43.843212" lon="7.462733">
        <ele>674.916512</ele>
        <time>2026-05-11T23:36:59.762Z</time>
      </trkpt>
      <trkpt lat="43.843157" lon="7.462660">
        <ele>675.292455</ele>
        <time>2026-05-11T23:37:02.287Z</time>
      </trkpt>
      <trkpt lat="43.842636" lon="7.462426">
        <ele>677.996564</ele>
        <time>2026-05-11T23:37:20.980Z</time>
      </trkpt>
      <trkpt lat="43.842329" lon="7.462186">
        <ele>679.824315</ele>
        <time>2026-05-11T23:37:34.307Z</time>
      </trkpt>
      <trkpt lat="43.842110" lon="7.462060">
        <ele>681.464081</ele>
        <time>2026-05-11T23:37:43.706Z</time>
      </trkpt>
      <trkpt lat="43.841793" lon="7.461974">
        <ele>683.697939</ele>
        <time>2026-05-11T23:37:56.447Z</time>
      </trkpt>
      <trkpt lat="43.841221" lon="7.461795">
        <ele>687.753242</ele>
        <time>2026-05-11T23:38:21.265Z</time>
      </trkpt>
      <trkpt lat="43.839739" lon="7.461704">
        <ele>697.736146</ele>
        <time>2026-05-11T23:39:30.846Z</time>
      </trkpt>
      <trkpt lat="43.839628" lon="7.461612">
        <ele>698.589704</ele>
        <time>2026-05-11T23:39:33.857Z</time>
      </trkpt>
      <trkpt lat="43.839595" lon="7.461526">
        <ele>699.053449</ele>
        <time>2026-05-11T23:39:35.578Z</time>
      </trkpt>
      <trkpt lat="43.839526" lon="7.460990">
        <ele>701.645465</ele>
        <time>2026-05-11T23:39:46.940Z</time>
      </trkpt>
      <trkpt lat="43.839462" lon="7.460274">
        <ele>704.939269</ele>
        <time>2026-05-11T23:40:10.576Z</time>
      </trkpt>
      <trkpt lat="43.839463" lon="7.460181">
        <ele>705.332215</ele>
        <time>2026-05-11T23:40:14.125Z</time>
      </trkpt>
      <trkpt lat="43.839339" lon="7.460149">
        <ele>706.070991</ele>
        <time>2026-05-11T23:40:21.602Z</time>
      </trkpt>
      <trkpt lat="43.838876" lon="7.460251">
        <ele>708.816931</ele>
        <time>2026-05-11T23:40:43.574Z</time>
      </trkpt>
      <trkpt lat="43.838491" lon="7.460284">
        <ele>711.076286</ele>
        <time>2026-05-11T23:40:58.810Z</time>
      </trkpt>
      <trkpt lat="43.838411" lon="7.460261">
        <ele>711.554837</ele>
        <time>2026-05-11T23:41:01.794Z</time>
      </trkpt>
      <trkpt lat="43.838315" lon="7.460159">
        <ele>712.263273</ele>
        <time>2026-05-11T23:41:07.321Z</time>
      </trkpt>
      <trkpt lat="43.838266" lon="7.460054">
        <ele>712.791629</ele>
        <time>2026-05-11T23:41:11.246Z</time>
      </trkpt>
      <trkpt lat="43.838252" lon="7.459934">
        <ele>713.305199</ele>
        <time>2026-05-11T23:41:14.550Z</time>
      </trkpt>
      <trkpt lat="43.838280" lon="7.459554">
        <ele>714.053439</ele>
        <time>2026-05-11T23:41:22.315Z</time>
      </trkpt>
      <trkpt lat="43.838339" lon="7.459240">
        <ele>713.287326</ele>
        <time>2026-05-11T23:41:25.932Z</time>
      </trkpt>
      <trkpt lat="43.838544" lon="7.458457">
        <ele>711.320606</ele>
        <time>2026-05-11T23:41:31.412Z</time>
      </trkpt>
      <trkpt lat="43.838533" lon="7.458372">
        <ele>711.116712</ele>
        <time>2026-05-11T23:41:31.961Z</time>
      </trkpt>
      <trkpt lat="43.838487" lon="7.458295">
        <ele>710.880653</ele>
        <time>2026-05-11T23:41:32.598Z</time>
      </trkpt>
      <trkpt lat="43.838416" lon="7.458265">
        <ele>710.637691</ele>
        <time>2026-05-11T23:41:33.256Z</time>
      </trkpt>
      <trkpt lat="43.837831" lon="7.458173">
        <ele>708.710503</ele>
        <time>2026-05-11T23:41:38.678Z</time>
      </trkpt>
      <trkpt lat="43.837233" lon="7.458206">
        <ele>709.032183</ele>
        <time>2026-05-11T23:41:46.019Z</time>
      </trkpt>
      <trkpt lat="43.836001" lon="7.458348">
        <ele>710.336807</ele>
        <time>2026-05-11T23:42:17.450Z</time>
      </trkpt>
      <trkpt lat="43.835357" lon="7.458496">
        <ele>713.337968</ele>
        <time>2026-05-11T23:42:35.477Z</time>
      </trkpt>
      <trkpt lat="43.834897" lon="7.458529">
        <ele>715.549482</ele>
        <time>2026-05-11T23:42:50.501Z</time>
      </trkpt>
      <trkpt lat="43.833791" lon="7.458834">
        <ele>720.657193</ele>
        <time>2026-05-11T23:43:36.620Z</time>
      </trkpt>
      <trkpt lat="43.833705" lon="7.458834">
        <ele>721.005326</ele>
        <time>2026-05-11T23:43:40.471Z</time>
      </trkpt>
      <trkpt lat="43.833650" lon="7.458802">
        <ele>721.246783</ele>
        <time>2026-05-11T23:43:43.101Z</time>
      </trkpt>
      <trkpt lat="43.833575" lon="7.458675">
        <ele>721.726058</ele>
        <time>2026-05-11T23:43:48.020Z</time>
      </trkpt>
      <trkpt lat="43.833554" lon="7.458591">
        <ele>721.985658</ele>
        <time>2026-05-11T23:43:50.657Z</time>
      </trkpt>
      <trkpt lat="43.833604" lon="7.457983">
        <ele>723.772568</ele>
        <time>2026-05-11T23:44:06.275Z</time>
      </trkpt>
      <trkpt lat="43.833707" lon="7.457695">
        <ele>724.711236</ele>
        <time>2026-05-11T23:44:12.914Z</time>
      </trkpt>
      <trkpt lat="43.834501" lon="7.456320">
        <ele>724.736587</ele>
        <time>2026-05-11T23:44:29.088Z</time>
      </trkpt>
      <trkpt lat="43.834631" lon="7.456135">
        <ele>724.407618</ele>
        <time>2026-05-11T23:44:30.983Z</time>
      </trkpt>
      <trkpt lat="43.835084" lon="7.455718">
        <ele>723.447432</ele>
        <time>2026-05-11T23:44:36.638Z</time>
      </trkpt>
      <trkpt lat="43.835165" lon="7.455611">
        <ele>723.249868</ele>
        <time>2026-05-11T23:44:37.791Z</time>
      </trkpt>
      <trkpt lat="43.835226" lon="7.455423">
        <ele>722.870610</ele>
        <time>2026-05-11T23:44:39.293Z</time>
      </trkpt>
      <trkpt lat="43.835191" lon="7.455127">
        <ele>722.139297</ele>
        <time>2026-05-11T23:44:41.414Z</time>
      </trkpt>
      <trkpt lat="43.835223" lon="7.454926">
        <ele>721.637443</ele>
        <time>2026-05-11T23:44:42.855Z</time>
      </trkpt>
      <trkpt lat="43.835490" lon="7.454358">
        <ele>719.984499</ele>
        <time>2026-05-11T23:44:47.606Z</time>
      </trkpt>
      <trkpt lat="43.835566" lon="7.454253">
        <ele>719.621838</ele>
        <time>2026-05-11T23:44:48.657Z</time>
      </trkpt>
      <trkpt lat="43.836267" lon="7.453873">
        <ele>717.077765</ele>
        <time>2026-05-11T23:44:56.294Z</time>
      </trkpt>
      <trkpt lat="43.836333" lon="7.453760">
        <ele>717.021867</ele>
        <time>2026-05-11T23:44:57.388Z</time>
      </trkpt>
      <trkpt lat="43.836367" lon="7.453634">
        <ele>717.007513</ele>
        <time>2026-05-11T23:44:58.399Z</time>
      </trkpt>
      <trkpt lat="43.836382" lon="7.453372">
        <ele>716.979469</ele>
        <time>2026-05-11T23:45:00.396Z</time>
      </trkpt>
      <trkpt lat="43.836427" lon="7.453228">
        <ele>716.962725</ele>
        <time>2026-05-11T23:45:01.662Z</time>
      </trkpt>
      <trkpt lat="43.836522" lon="7.453117">
        <ele>716.944347</ele>
        <time>2026-05-11T23:45:03.175Z</time>
      </trkpt>
      <trkpt lat="43.836925" lon="7.452861">
        <ele>716.878774</ele>
        <time>2026-05-11T23:45:10.473Z</time>
      </trkpt>
      <trkpt lat="43.837034" lon="7.452738">
        <ele>716.857985</ele>
        <time>2026-05-11T23:45:13.635Z</time>
      </trkpt>
      <trkpt lat="43.837082" lon="7.452610">
        <ele>716.842592</ele>
        <time>2026-05-11T23:45:16.025Z</time>
      </trkpt>
      <trkpt lat="43.837145" lon="7.452307">
        <ele>716.808946</ele>
        <time>2026-05-11T23:45:21.526Z</time>
      </trkpt>
      <trkpt lat="43.837208" lon="7.452151">
        <ele>716.789870</ele>
        <time>2026-05-11T23:45:24.772Z</time>
      </trkpt>
      <trkpt lat="43.837924" lon="7.451025">
        <ele>716.824923</ele>
        <time>2026-05-11T23:45:42.893Z</time>
      </trkpt>
      <trkpt lat="43.838023" lon="7.450916">
        <ele>716.832343</ele>
        <time>2026-05-11T23:45:44.356Z</time>
      </trkpt>
      <trkpt lat="43.838172" lon="7.450827">
        <ele>716.841864</ele>
        <time>2026-05-11T23:45:46.261Z</time>
      </trkpt>
      <trkpt lat="43.838953" lon="7.450665">
        <ele>716.988268</ele>
        <time>2026-05-11T23:45:56.563Z</time>
      </trkpt>
      <trkpt lat="43.839053" lon="7.450605">
        <ele>717.043216</ele>
        <time>2026-05-11T23:45:58.017Z</time>
      </trkpt>
      <trkpt lat="43.839145" lon="7.450480">
        <ele>717.108173</ele>
        <time>2026-05-11T23:45:59.806Z</time>
      </trkpt>
      <trkpt lat="43.839437" lon="7.449575">
        <ele>717.468780</ele>
        <time>2026-05-11T23:46:10.985Z</time>
      </trkpt>
      <trkpt lat="43.839518" lon="7.449445">
        <ele>717.531264</ele>
        <time>2026-05-11T23:46:13.303Z</time>
      </trkpt>
      <trkpt lat="43.839707" lon="7.449346">
        <ele>717.633148</ele>
        <time>2026-05-11T23:46:17.646Z</time>
      </trkpt>
      <trkpt lat="43.840076" lon="7.449359">
        <ele>717.874315</ele>
        <time>2026-05-11T23:46:26.012Z</time>
      </trkpt>
      <trkpt lat="43.840195" lon="7.449338">
        <ele>718.024193</ele>
        <time>2026-05-11T23:46:28.753Z</time>
      </trkpt>
      <trkpt lat="43.840299" lon="7.449274">
        <ele>718.166355</ele>
        <time>2026-05-11T23:46:31.337Z</time>
      </trkpt>
      <trkpt lat="43.840469" lon="7.449121">
        <ele>718.419579</ele>
        <time>2026-05-11T23:46:35.694Z</time>
      </trkpt>
      <trkpt lat="43.840878" lon="7.448654">
        <ele>719.081567</ele>
        <time>2026-05-11T23:46:46.032Z</time>
      </trkpt>
      <trkpt lat="43.841032" lon="7.448417">
        <ele>719.369027</ele>
        <time>2026-05-11T23:46:50.097Z</time>
      </trkpt>
      <trkpt lat="43.841225" lon="7.448045">
        <ele>719.781969</ele>
        <time>2026-05-11T23:46:55.882Z</time>
      </trkpt>
      <trkpt lat="43.841306" lon="7.447943">
        <ele>719.918681</ele>
        <time>2026-05-11T23:46:57.887Z</time>
      </trkpt>
      <trkpt lat="43.841420" lon="7.447899">
        <ele>720.109380</ele>
        <time>2026-05-11T23:47:00.004Z</time>
      </trkpt>
      <trkpt lat="43.842107" lon="7.447788">
        <ele>721.967166</ele>
        <time>2026-05-11T23:47:14.385Z</time>
      </trkpt>
      <trkpt lat="43.842404" lon="7.447674">
        <ele>722.794921</ele>
        <time>2026-05-11T23:47:22.074Z</time>
      </trkpt>
      <trkpt lat="43.842452" lon="7.447630">
        <ele>722.949481</ele>
        <time>2026-05-11T23:47:23.668Z</time>
      </trkpt>
      <trkpt lat="43.843241" lon="7.446530">
        <ele>725.965429</ele>
        <time>2026-05-11T23:47:59.218Z</time>
      </trkpt>
      <trkpt lat="43.843577" lon="7.445970">
        <ele>727.390202</ele>
        <time>2026-05-11T23:48:14.703Z</time>
      </trkpt>
      <trkpt lat="43.844533" lon="7.444872">
        <ele>730.504509</ele>
        <time>2026-05-11T23:48:39.907Z</time>
      </trkpt>
      <trkpt lat="43.844904" lon="7.444168">
        <ele>731.787578</ele>
        <time>2026-05-11T23:48:54.304Z</time>
      </trkpt>
      <trkpt lat="43.845586" lon="7.443260">
        <ele>732.728788</ele>
        <time>2026-05-11T23:49:21.564Z</time>
      </trkpt>
      <trkpt lat="43.845643" lon="7.443126">
        <ele>732.224971</ele>
        <time>2026-05-11T23:49:23.030Z</time>
      </trkpt>
      <trkpt lat="43.845666" lon="7.442992">
        <ele>731.778892</ele>
        <time>2026-05-11T23:49:24.138Z</time>
      </trkpt>
      <trkpt lat="43.845656" lon="7.442830">
        <ele>731.252338</ele>
        <time>2026-05-11T23:49:25.375Z</time>
      </trkpt>
      <trkpt lat="43.845599" lon="7.442595">
        <ele>730.449405</ele>
        <time>2026-05-11T23:49:27.206Z</time>
      </trkpt>
      <trkpt lat="43.845617" lon="7.442511">
        <ele>730.165617</ele>
        <time>2026-05-11T23:49:27.849Z</time>
      </trkpt>
      <trkpt lat="43.845704" lon="7.442431">
        <ele>729.696854</ele>
        <time>2026-05-11T23:49:28.849Z</time>
      </trkpt>
      <trkpt lat="43.845835" lon="7.442392">
        <ele>729.095209</ele>
        <time>2026-05-11T23:49:30.103Z</time>
      </trkpt>
      <trkpt lat="43.846070" lon="7.442423">
        <ele>728.035206</ele>
        <time>2026-05-11T23:49:32.288Z</time>
      </trkpt>
      <trkpt lat="43.846187" lon="7.442395">
        <ele>727.502065</ele>
        <time>2026-05-11T23:49:33.365Z</time>
      </trkpt>
      <trkpt lat="43.846294" lon="7.442306">
        <ele>726.941776</ele>
        <time>2026-05-11T23:49:34.486Z</time>
      </trkpt>
      <trkpt lat="43.846600" lon="7.441804">
        <ele>724.393217</ele>
        <time>2026-05-11T23:49:38.549Z</time>
      </trkpt>
      <trkpt lat="43.846742" lon="7.441646">
        <ele>722.913277</ele>
        <time>2026-05-11T23:49:40.086Z</time>
      </trkpt>
      <trkpt lat="43.847180" lon="7.441389">
        <ele>719.047324</ele>
        <time>2026-05-11T23:49:44.228Z</time>
      </trkpt>
      <trkpt lat="43.847418" lon="7.441189">
        <ele>716.785184</ele>
        <time>2026-05-11T23:49:46.683Z</time>
      </trkpt>
      <trkpt lat="43.848954" lon="7.439605">
        <ele>704.136268</ele>
        <time>2026-05-11T23:50:03.977Z</time>
      </trkpt>
      <trkpt lat="43.850448" lon="7.438075">
        <ele>697.516410</ele>
        <time>2026-05-11T23:50:22.280Z</time>
      </trkpt>
      <trkpt lat="43.851057" lon="7.437424">
        <ele>696.044660</ele>
        <time>2026-05-11T23:50:33.129Z</time>
      </trkpt>
      <trkpt lat="43.851150" lon="7.437280">
        <ele>696.015779</ele>
        <time>2026-05-11T23:50:36.306Z</time>
      </trkpt>
      <trkpt lat="43.851256" lon="7.436894">
        <ele>695.954069</ele>
        <time>2026-05-11T23:50:42.074Z</time>
      </trkpt>
      <trkpt lat="43.851249" lon="7.436628">
        <ele>695.914301</ele>
        <time>2026-05-11T23:50:45.536Z</time>
      </trkpt>
      <trkpt lat="43.851189" lon="7.436383">
        <ele>695.875644</ele>
        <time>2026-05-11T23:50:48.892Z</time>
      </trkpt>
      <trkpt lat="43.851130" lon="7.436219">
        <ele>695.848262</ele>
        <time>2026-05-11T23:50:51.152Z</time>
      </trkpt>
      <trkpt lat="43.851113" lon="7.436141">
        <ele>695.836088</ele>
        <time>2026-05-11T23:50:52.260Z</time>
      </trkpt>
      <trkpt lat="43.851136" lon="7.435993">
        <ele>695.813468</ele>
        <time>2026-05-11T23:50:53.988Z</time>
      </trkpt>
      <trkpt lat="43.851291" lon="7.435867">
        <ele>695.776245</ele>
        <time>2026-05-11T23:50:56.804Z</time>
      </trkpt>
      <trkpt lat="43.851375" lon="7.435747">
        <ele>695.751259</ele>
        <time>2026-05-11T23:50:58.425Z</time>
      </trkpt>
      <trkpt lat="43.852037" lon="7.434189">
        <ele>694.372648</ele>
        <time>2026-05-11T23:51:11.649Z</time>
      </trkpt>
      <trkpt lat="43.852106" lon="7.433945">
        <ele>694.146023</ele>
        <time>2026-05-11T23:51:13.882Z</time>
      </trkpt>
      <trkpt lat="43.852142" lon="7.433680">
        <ele>693.912852</ele>
        <time>2026-05-11T23:51:16.673Z</time>
      </trkpt>
      <trkpt lat="43.852185" lon="7.433028">
        <ele>694.103725</ele>
        <time>2026-05-11T23:51:27.339Z</time>
      </trkpt>
      <trkpt lat="43.852244" lon="7.432760">
        <ele>694.738208</ele>
        <time>2026-05-11T23:51:33.491Z</time>
      </trkpt>
      <trkpt lat="43.852410" lon="7.432428">
        <ele>695.652980</ele>
        <time>2026-05-11T23:51:43.402Z</time>
      </trkpt>
      <trkpt lat="43.852510" lon="7.432122">
        <ele>696.413683</ele>
        <time>2026-05-11T23:51:51.889Z</time>
      </trkpt>
      <trkpt lat="43.852547" lon="7.431901">
        <ele>696.927401</ele>
        <time>2026-05-11T23:51:57.222Z</time>
      </trkpt>
      <trkpt lat="43.852556" lon="7.431521">
        <ele>697.788297</ele>
        <time>2026-05-11T23:52:05.106Z</time>
      </trkpt>
      <trkpt lat="43.852602" lon="7.431033">
        <ele>698.902673</ele>
        <time>2026-05-11T23:52:15.346Z</time>
      </trkpt>
      <trkpt lat="43.852665" lon="7.430788">
        <ele>699.148377</ele>
        <time>2026-05-11T23:52:19.973Z</time>
      </trkpt>
      <trkpt lat="43.852862" lon="7.430446">
        <ele>698.958507</ele>
        <time>2026-05-11T23:52:25.737Z</time>
      </trkpt>
      <trkpt lat="43.852964" lon="7.430223">
        <ele>698.843958</ele>
        <time>2026-05-11T23:52:28.159Z</time>
      </trkpt>
      <trkpt lat="43.853014" lon="7.430055">
        <ele>698.765121</ele>
        <time>2026-05-11T23:52:29.738Z</time>
      </trkpt>
      <trkpt lat="43.853084" lon="7.429802">
        <ele>698.647575</ele>
        <time>2026-05-11T23:52:31.939Z</time>
      </trkpt>
      <trkpt lat="43.853178" lon="7.429614">
        <ele>698.548341</ele>
        <time>2026-05-11T23:52:33.738Z</time>
      </trkpt>
      <trkpt lat="43.853500" lon="7.429110">
        <ele>698.256259</ele>
        <time>2026-05-11T23:52:39.008Z</time>
      </trkpt>
      <trkpt lat="43.853587" lon="7.428928">
        <ele>698.161542</ele>
        <time>2026-05-11T23:52:40.903Z</time>
      </trkpt>
      <trkpt lat="43.853652" lon="7.428699">
        <ele>697.985097</ele>
        <time>2026-05-11T23:52:42.999Z</time>
      </trkpt>
      <trkpt lat="43.853678" lon="7.428483">
        <ele>697.791056</ele>
        <time>2026-05-11T23:52:44.770Z</time>
      </trkpt>
      <trkpt lat="43.853649" lon="7.427970">
        <ele>697.335105</ele>
        <time>2026-05-11T23:52:49.109Z</time>
      </trkpt>
      <trkpt lat="43.853672" lon="7.427861">
        <ele>697.234473</ele>
        <time>2026-05-11T23:52:50.134Z</time>
      </trkpt>
      <trkpt lat="43.853759" lon="7.427678">
        <ele>697.040253</ele>
        <time>2026-05-11T23:52:52.206Z</time>
      </trkpt>
      <trkpt lat="43.853770" lon="7.427589">
        <ele>696.960242</ele>
        <time>2026-05-11T23:52:53.098Z</time>
      </trkpt>
      <trkpt lat="43.853738" lon="7.426499">
        <ele>695.993621</ele>
        <time>2026-05-11T23:53:03.196Z</time>
      </trkpt>
      <trkpt lat="43.853906" lon="7.424749">
        <ele>693.433211</ele>
        <time>2026-05-11T23:53:16.815Z</time>
      </trkpt>
      <trkpt lat="43.854011" lon="7.424486">
        <ele>692.987832</ele>
        <time>2026-05-11T23:53:19.053Z</time>
      </trkpt>
      <trkpt lat="43.854112" lon="7.424384">
        <ele>692.731130</ele>
        <time>2026-05-11T23:53:20.332Z</time>
      </trkpt>
      <trkpt lat="43.854169" lon="7.424279">
        <ele>692.536415</ele>
        <time>2026-05-11T23:53:21.304Z</time>
      </trkpt>
      <trkpt lat="43.854199" lon="7.424135">
        <ele>692.314348</ele>
        <time>2026-05-11T23:53:22.431Z</time>
      </trkpt>
      <trkpt lat="43.854176" lon="7.423632">
        <ele>692.410739</ele>
        <time>2026-05-11T23:53:26.522Z</time>
      </trkpt>
      <trkpt lat="43.854189" lon="7.423467">
        <ele>692.484531</ele>
        <time>2026-05-11T23:53:28.202Z</time>
      </trkpt>
      <trkpt lat="43.854224" lon="7.423347">
        <ele>692.542079</ele>
        <time>2026-05-11T23:53:29.704Z</time>
      </trkpt>
      <trkpt lat="43.854446" lon="7.422886">
        <ele>692.788530</ele>
        <time>2026-05-11T23:53:38.291Z</time>
      </trkpt>
      <trkpt lat="43.854452" lon="7.422811">
        <ele>692.822077</ele>
        <time>2026-05-11T23:53:39.645Z</time>
      </trkpt>
      <trkpt lat="43.854428" lon="7.422591">
        <ele>692.920997</ele>
        <time>2026-05-11T23:53:43.921Z</time>
      </trkpt>
      <trkpt lat="43.854369" lon="7.422494">
        <ele>692.977414</ele>
        <time>2026-05-11T23:53:46.539Z</time>
      </trkpt>
      <trkpt lat="43.853956" lon="7.422037">
        <ele>693.303164</ele>
        <time>2026-05-11T23:53:58.900Z</time>
      </trkpt>
      <trkpt lat="43.853896" lon="7.421922">
        <ele>693.041069</ele>
        <time>2026-05-11T23:54:00.716Z</time>
      </trkpt>
      <trkpt lat="43.853846" lon="7.421714">
        <ele>692.369593</ele>
        <time>2026-05-11T23:54:03.163Z</time>
      </trkpt>
      <trkpt lat="43.853808" lon="7.421202">
        <ele>690.793276</ele>
        <time>2026-05-11T23:54:07.585Z</time>
      </trkpt>
      <trkpt lat="43.853867" lon="7.421028">
        <ele>690.204416</ele>
        <time>2026-05-11T23:54:09.007Z</time>
      </trkpt>
      <trkpt lat="43.853930" lon="7.420924">
        <ele>689.788440</ele>
        <time>2026-05-11T23:54:09.959Z</time>
      </trkpt>
      <trkpt lat="43.853986" lon="7.420882">
        <ele>689.518052</ele>
        <time>2026-05-11T23:54:10.563Z</time>
      </trkpt>
      <trkpt lat="43.854216" lon="7.420843">
        <ele>688.533962</ele>
        <time>2026-05-11T23:54:12.708Z</time>
      </trkpt>
      <trkpt lat="43.854260" lon="7.420868">
        <ele>688.332017</ele>
        <time>2026-05-11T23:54:13.132Z</time>
      </trkpt>
      <trkpt lat="43.854466" lon="7.421281">
        <ele>686.794090</ele>
        <time>2026-05-11T23:54:16.339Z</time>
      </trkpt>
      <trkpt lat="43.854549" lon="7.421388">
        <ele>686.312801</ele>
        <time>2026-05-11T23:54:17.331Z</time>
      </trkpt>
      <trkpt lat="43.854848" lon="7.421513">
        <ele>684.489094</ele>
        <time>2026-05-11T23:54:20.042Z</time>
      </trkpt>
      <trkpt lat="43.855130" lon="7.421915">
        <ele>681.550494</ele>
        <time>2026-05-11T23:54:23.633Z</time>
      </trkpt>
      <trkpt lat="43.855311" lon="7.421997">
        <ele>680.166906</ele>
        <time>2026-05-11T23:54:25.341Z</time>
      </trkpt>
      <trkpt lat="43.855916" lon="7.422136">
        <ele>675.710917</ele>
        <time>2026-05-11T23:54:30.913Z</time>
      </trkpt>
      <trkpt lat="43.856115" lon="7.422237">
        <ele>674.171143</ele>
        <time>2026-05-11T23:54:32.828Z</time>
      </trkpt>
      <trkpt lat="43.856266" lon="7.422356">
        <ele>672.909158</ele>
        <time>2026-05-11T23:54:34.398Z</time>
      </trkpt>
      <trkpt lat="43.856419" lon="7.422544">
        <ele>671.369849</ele>
        <time>2026-05-11T23:54:36.225Z</time>
      </trkpt>
      <trkpt lat="43.856690" lon="7.423056">
        <ele>667.891544</ele>
        <time>2026-05-11T23:54:40.260Z</time>
      </trkpt>
      <trkpt lat="43.857556" lon="7.424630">
        <ele>658.218255</ele>
        <time>2026-05-11T23:54:52.847Z</time>
      </trkpt>
      <trkpt lat="43.857847" lon="7.425343">
        <ele>656.482246</ele>
        <time>2026-05-11T23:54:58.658Z</time>
      </trkpt>
      <trkpt lat="43.858011" lon="7.425607">
        <ele>655.743885</ele>
        <time>2026-05-11T23:55:01.462Z</time>
      </trkpt>
      <trkpt lat="43.858319" lon="7.426013">
        <ele>654.495184</ele>
        <time>2026-05-11T23:55:06.660Z</time>
      </trkpt>
      <trkpt lat="43.858754" lon="7.426330">
        <ele>654.587519</ele>
        <time>2026-05-11T23:55:13.568Z</time>
      </trkpt>
      <trkpt lat="43.858903" lon="7.426490">
        <ele>655.406870</ele>
        <time>2026-05-11T23:55:17.730Z</time>
      </trkpt>
      <trkpt lat="43.859196" lon="7.426925">
        <ele>657.273115</ele>
        <time>2026-05-11T23:55:29.355Z</time>
      </trkpt>
      <trkpt lat="43.859271" lon="7.426996">
        <ele>657.667943</ele>
        <time>2026-05-11T23:55:32.073Z</time>
      </trkpt>
      <trkpt lat="43.859523" lon="7.427073">
        <ele>658.789918</ele>
        <time>2026-05-11T23:55:41.357Z</time>
      </trkpt>
      <trkpt lat="43.859589" lon="7.427069">
        <ele>659.077160</ele>
        <time>2026-05-11T23:55:43.739Z</time>
      </trkpt>
      <trkpt lat="43.859613" lon="7.427001">
        <ele>659.314515</ele>
        <time>2026-05-11T23:55:46.149Z</time>
      </trkpt>
      <trkpt lat="43.859645" lon="7.426984">
        <ele>659.463510</ele>
        <time>2026-05-11T23:55:47.460Z</time>
      </trkpt>
      <trkpt lat="43.859909" lon="7.427046">
        <ele>660.627724</ele>
        <time>2026-05-11T23:55:59.295Z</time>
      </trkpt>
      <trkpt lat="43.860100" lon="7.427021">
        <ele>661.461884</ele>
        <time>2026-05-11T23:56:08.712Z</time>
      </trkpt>
      <trkpt lat="43.860197" lon="7.426967">
        <ele>662.195425</ele>
        <time>2026-05-11T23:56:14.100Z</time>
      </trkpt>
      <trkpt lat="43.860306" lon="7.426867">
        <ele>663.136729</ele>
        <time>2026-05-11T23:56:20.854Z</time>
      </trkpt>
      <trkpt lat="43.860516" lon="7.426591">
        <ele>665.220537</ele>
        <time>2026-05-11T23:56:36.358Z</time>
      </trkpt>
      <trkpt lat="43.860658" lon="7.426479">
        <ele>666.397126</ele>
        <time>2026-05-11T23:56:44.241Z</time>
      </trkpt>
      <trkpt lat="43.860971" lon="7.426377">
        <ele>668.712929</ele>
        <time>2026-05-11T23:56:56.631Z</time>
      </trkpt>
      <trkpt lat="43.860998" lon="7.426331">
        <ele>669.020965</ele>
        <time>2026-05-11T23:56:58.331Z</time>
      </trkpt>
      <trkpt lat="43.860992" lon="7.426283">
        <ele>669.273958</ele>
        <time>2026-05-11T23:56:59.846Z</time>
      </trkpt>
      <trkpt lat="43.860936" lon="7.426246">
        <ele>669.720733</ele>
        <time>2026-05-11T23:57:02.519Z</time>
      </trkpt>
      <trkpt lat="43.860553" lon="7.426383">
        <ele>672.569593</ele>
        <time>2026-05-11T23:57:19.111Z</time>
      </trkpt>
      <trkpt lat="43.860418" lon="7.426477">
        <ele>673.657604</ele>
        <time>2026-05-11T23:57:25.255Z</time>
      </trkpt>
      <trkpt lat="43.860222" lon="7.426673">
        <ele>675.585042</ele>
        <time>2026-05-11T23:57:34.808Z</time>
      </trkpt>
      <trkpt lat="43.860183" lon="7.426679">
        <ele>675.923199</ele>
        <time>2026-05-11T23:57:36.198Z</time>
      </trkpt>
      <trkpt lat="43.860152" lon="7.426648">
        <ele>676.252555</ele>
        <time>2026-05-11T23:57:37.712Z</time>
      </trkpt>
      <trkpt lat="43.860175" lon="7.426524">
        <ele>677.048146</ele>
        <time>2026-05-11T23:57:41.327Z</time>
      </trkpt>
      <trkpt lat="43.860403" lon="7.426329">
        <ele>679.356579</ele>
        <time>2026-05-11T23:57:51.558Z</time>
      </trkpt>
      <trkpt lat="43.860603" lon="7.426186">
        <ele>681.295710</ele>
        <time>2026-05-11T23:58:00.752Z</time>
      </trkpt>
      <trkpt lat="43.861003" lon="7.425995">
        <ele>684.941428</ele>
        <time>2026-05-11T23:58:21.790Z</time>
      </trkpt>
      <trkpt lat="43.861135" lon="7.425887">
        <ele>686.262175</ele>
        <time>2026-05-11T23:58:31.682Z</time>
      </trkpt>
      <trkpt lat="43.861318" lon="7.425638">
        <ele>688.471461</ele>
        <time>2026-05-11T23:58:47.515Z</time>
      </trkpt>
      <trkpt lat="43.861504" lon="7.425321">
        <ele>691.286633</ele>
        <time>2026-05-11T23:59:05.048Z</time>
      </trkpt>
      <trkpt lat="43.861661" lon="7.424931">
        <ele>694.780830</ele>
        <time>2026-05-11T23:59:25.254Z</time>
      </trkpt>
      <trkpt lat="43.861689" lon="7.424803">
        <ele>695.827212</ele>
        <time>2026-05-11T23:59:31.426Z</time>
      </trkpt>
      <trkpt lat="43.861743" lon="7.424184">
        <ele>700.704807</ele>
        <time>2026-05-11T23:59:59.983Z</time>
      </trkpt>
      <trkpt lat="43.861789" lon="7.424020">
        <ele>702.081395</ele>
        <time>2026-05-12T00:00:07.859Z</time>
      </trkpt>
      <trkpt lat="43.861997" lon="7.423574">
        <ele>706.236570</ele>
        <time>2026-05-12T00:00:30.942Z</time>
      </trkpt>
      <trkpt lat="43.862011" lon="7.423448">
        <ele>707.233867</ele>
        <time>2026-05-12T00:00:36.278Z</time>
      </trkpt>
      <trkpt lat="43.861940" lon="7.423063">
        <ele>709.684500</ele>
        <time>2026-05-12T00:00:51.698Z</time>
      </trkpt>
      <trkpt lat="43.861931" lon="7.422855">
        <ele>710.097500</ele>
        <time>2026-05-12T00:00:58.898Z</time>
      </trkpt>
      <trkpt lat="43.862096" lon="7.421838">
        <ele>712.163600</ele>
        <time>2026-05-12T00:01:23.082Z</time>
      </trkpt>
      <trkpt lat="43.862092" lon="7.421470">
        <ele>712.893060</ele>
        <time>2026-05-12T00:01:26.530Z</time>
      </trkpt>
      <trkpt lat="43.862105" lon="7.421407">
        <ele>713.022939</ele>
        <time>2026-05-12T00:01:27.057Z</time>
      </trkpt>
      <trkpt lat="43.862167" lon="7.421330">
        <ele>713.251716</ele>
        <time>2026-05-12T00:01:27.946Z</time>
      </trkpt>
      <trkpt lat="43.862404" lon="7.421191">
        <ele>713.959067</ele>
        <time>2026-05-12T00:01:30.560Z</time>
      </trkpt>
      <trkpt lat="43.862499" lon="7.421188">
        <ele>714.220282</ele>
        <time>2026-05-12T00:01:31.516Z</time>
      </trkpt>
      <trkpt lat="43.862584" lon="7.421253">
        <ele>714.560451</ele>
        <time>2026-05-12T00:01:32.499Z</time>
      </trkpt>
      <trkpt lat="43.862771" lon="7.421577">
        <ele>716.122631</ele>
        <time>2026-05-12T00:01:35.713Z</time>
      </trkpt>
      <trkpt lat="43.863171" lon="7.421906">
        <ele>718.550459</ele>
        <time>2026-05-12T00:01:46.379Z</time>
      </trkpt>
      <trkpt lat="43.863357" lon="7.421997">
        <ele>719.580135</ele>
        <time>2026-05-12T00:01:54.472Z</time>
      </trkpt>
      <trkpt lat="43.863600" lon="7.421998">
        <ele>720.848750</ele>
        <time>2026-05-12T00:02:07.069Z</time>
      </trkpt>
      <trkpt lat="43.863776" lon="7.421974">
        <ele>721.772009</ele>
        <time>2026-05-12T00:02:17.715Z</time>
      </trkpt>
      <trkpt lat="43.863916" lon="7.421899">
        <ele>722.555519</ele>
        <time>2026-05-12T00:02:27.234Z</time>
      </trkpt>
      <trkpt lat="43.864042" lon="7.421755">
        <ele>723.407856</ele>
        <time>2026-05-12T00:02:37.507Z</time>
      </trkpt>
      <trkpt lat="43.864114" lon="7.421572">
        <ele>723.958374</ele>
        <time>2026-05-12T00:02:46.864Z</time>
      </trkpt>
      <trkpt lat="43.864262" lon="7.421027">
        <ele>724.857392</ele>
        <time>2026-05-12T00:03:09.886Z</time>
      </trkpt>
      <trkpt lat="43.864335" lon="7.420923">
        <ele>725.081456</ele>
        <time>2026-05-12T00:03:14.626Z</time>
      </trkpt>
      <trkpt lat="43.864439" lon="7.420907">
        <ele>725.305497</ele>
        <time>2026-05-12T00:03:18.646Z</time>
      </trkpt>
      <trkpt lat="43.864509" lon="7.420940">
        <ele>725.463795</ele>
        <time>2026-05-12T00:03:21.359Z</time>
      </trkpt>
      <trkpt lat="43.864780" lon="7.421401">
        <ele>726.382007</ele>
        <time>2026-05-12T00:03:28.586Z</time>
      </trkpt>
      <trkpt lat="43.864985" lon="7.421635">
        <ele>726.950460</ele>
        <time>2026-05-12T00:03:31.095Z</time>
      </trkpt>
      <trkpt lat="43.865679" lon="7.422268">
        <ele>727.567068</ele>
        <time>2026-05-12T00:03:38.574Z</time>
      </trkpt>
      <trkpt lat="43.865787" lon="7.422422">
        <ele>727.542683</ele>
        <time>2026-05-12T00:03:40.133Z</time>
      </trkpt>
      <trkpt lat="43.865847" lon="7.422649">
        <ele>727.515241</ele>
        <time>2026-05-12T00:03:42.309Z</time>
      </trkpt>
      <trkpt lat="43.865878" lon="7.422895">
        <ele>727.486896</ele>
        <time>2026-05-12T00:03:45.676Z</time>
      </trkpt>
      <trkpt lat="43.865927" lon="7.423020">
        <ele>727.470747</ele>
        <time>2026-05-12T00:03:47.924Z</time>
      </trkpt>
      <trkpt lat="43.865972" lon="7.422997">
        <ele>727.463197</ele>
        <time>2026-05-12T00:03:49.120Z</time>
      </trkpt>
      <trkpt lat="43.865983" lon="7.422961">
        <ele>727.458759</ele>
        <time>2026-05-12T00:03:49.845Z</time>
      </trkpt>
      <trkpt lat="43.865869" lon="7.422315">
        <ele>727.383272</ele>
        <time>2026-05-12T00:04:04.539Z</time>
      </trkpt>
      <trkpt lat="43.865797" lon="7.422165">
        <ele>727.397331</ele>
        <time>2026-05-12T00:04:09.310Z</time>
      </trkpt>
      <trkpt lat="43.865670" lon="7.422007">
        <ele>728.771098</ele>
        <time>2026-05-12T00:04:15.849Z</time>
      </trkpt>
      <trkpt lat="43.865641" lon="7.421912">
        <ele>729.370027</ele>
        <time>2026-05-12T00:04:18.810Z</time>
      </trkpt>
      <trkpt lat="43.865654" lon="7.421866">
        <ele>729.656866</ele>
        <time>2026-05-12T00:04:20.247Z</time>
      </trkpt>
      <trkpt lat="43.865717" lon="7.421842">
        <ele>730.182958</ele>
        <time>2026-05-12T00:04:22.970Z</time>
      </trkpt>
      <trkpt lat="43.865749" lon="7.421880">
        <ele>730.522174</ele>
        <time>2026-05-12T00:04:24.748Z</time>
      </trkpt>
      <trkpt lat="43.866024" lon="7.422435">
        <ele>734.431834</ele>
        <time>2026-05-12T00:04:47.502Z</time>
      </trkpt>
      <trkpt lat="43.866151" lon="7.422613">
        <ele>735.885696</ele>
        <time>2026-05-12T00:04:57.084Z</time>
      </trkpt>
      <trkpt lat="43.866276" lon="7.422726">
        <ele>737.087164</ele>
        <time>2026-05-12T00:05:05.302Z</time>
      </trkpt>
      <trkpt lat="43.866391" lon="7.422771">
        <ele>738.049342</ele>
        <time>2026-05-12T00:05:12.351Z</time>
      </trkpt>
      <trkpt lat="43.866555" lon="7.422742">
        <ele>739.380635</ele>
        <time>2026-05-12T00:05:21.426Z</time>
      </trkpt>
      <trkpt lat="43.866740" lon="7.422631">
        <ele>741.003744</ele>
        <time>2026-05-12T00:05:31.459Z</time>
      </trkpt>
      <trkpt lat="43.867154" lon="7.422026">
        <ele>746.042063</ele>
        <time>2026-05-12T00:06:01.629Z</time>
      </trkpt>
      <trkpt lat="43.867178" lon="7.421919">
        <ele>746.724463</ele>
        <time>2026-05-12T00:06:05.944Z</time>
      </trkpt>
      <trkpt lat="43.867149" lon="7.421885">
        <ele>747.045200</ele>
        <time>2026-05-12T00:06:08.010Z</time>
      </trkpt>
      <trkpt lat="43.867104" lon="7.421886">
        <ele>747.425352</ele>
        <time>2026-05-12T00:06:10.321Z</time>
      </trkpt>
      <trkpt lat="43.866882" lon="7.422123">
        <ele>749.791628</ele>
        <time>2026-05-12T00:06:25.407Z</time>
      </trkpt>
      <trkpt lat="43.866723" lon="7.422203">
        <ele>751.220289</ele>
        <time>2026-05-12T00:06:34.266Z</time>
      </trkpt>
      <trkpt lat="43.866597" lon="7.422217">
        <ele>752.287987</ele>
        <time>2026-05-12T00:06:40.638Z</time>
      </trkpt>
      <trkpt lat="43.866495" lon="7.422179">
        <ele>753.180090</ele>
        <time>2026-05-12T00:06:45.644Z</time>
      </trkpt>
      <trkpt lat="43.866475" lon="7.422065">
        <ele>753.894578</ele>
        <time>2026-05-12T00:06:49.389Z</time>
      </trkpt>
      <trkpt lat="43.866500" lon="7.422018">
        <ele>754.250264</ele>
        <time>2026-05-12T00:06:51.271Z</time>
      </trkpt>
      <trkpt lat="43.866750" lon="7.421922">
        <ele>756.441378</ele>
        <time>2026-05-12T00:07:01.756Z</time>
      </trkpt>
      <trkpt lat="43.867026" lon="7.421617">
        <ele>758.801691</ele>
        <time>2026-05-12T00:07:15.287Z</time>
      </trkpt>
      <trkpt lat="43.867151" lon="7.421518">
        <ele>759.700913</ele>
        <time>2026-05-12T00:07:21.674Z</time>
      </trkpt>
      <trkpt lat="43.867732" lon="7.421255">
        <ele>763.518886</ele>
        <time>2026-05-12T00:07:48.052Z</time>
      </trkpt>
      <trkpt lat="43.868289" lon="7.420741">
        <ele>767.698233</ele>
        <time>2026-05-12T00:08:12.345Z</time>
      </trkpt>
      <trkpt lat="43.869078" lon="7.420249">
        <ele>772.922203</ele>
        <time>2026-05-12T00:08:43.877Z</time>
      </trkpt>
      <trkpt lat="43.869110" lon="7.420167">
        <ele>773.326464</ele>
        <time>2026-05-12T00:08:46.535Z</time>
      </trkpt>
      <trkpt lat="43.869052" lon="7.420124">
        <ele>773.721967</ele>
        <time>2026-05-12T00:08:49.187Z</time>
      </trkpt>
      <trkpt lat="43.868684" lon="7.420321">
        <ele>776.094181</ele>
        <time>2026-05-12T00:09:04.735Z</time>
      </trkpt>
      <trkpt lat="43.868353" lon="7.420437">
        <ele>778.147335</ele>
        <time>2026-05-12T00:09:18.988Z</time>
      </trkpt>
      <trkpt lat="43.868184" lon="7.420547">
        <ele>779.262959</ele>
        <time>2026-05-12T00:09:26.960Z</time>
      </trkpt>
      <trkpt lat="43.868118" lon="7.420536">
        <ele>779.646798</ele>
        <time>2026-05-12T00:09:29.785Z</time>
      </trkpt>
      <trkpt lat="43.868104" lon="7.420467">
        <ele>779.945193</ele>
        <time>2026-05-12T00:09:32.112Z</time>
      </trkpt>
      <trkpt lat="43.868124" lon="7.420431">
        <ele>780.134390</ele>
        <time>2026-05-12T00:09:33.561Z</time>
      </trkpt>
      <trkpt lat="43.868639" lon="7.420068">
        <ele>783.470022</ele>
        <time>2026-05-12T00:09:57.048Z</time>
      </trkpt>
      <trkpt lat="43.869127" lon="7.419634">
        <ele>786.817269</ele>
        <time>2026-05-12T00:10:19.212Z</time>
      </trkpt>
      <trkpt lat="43.869521" lon="7.419064">
        <ele>790.133884</ele>
        <time>2026-05-12T00:10:36.795Z</time>
      </trkpt>
      <trkpt lat="43.869675" lon="7.418896">
        <ele>791.318291</ele>
        <time>2026-05-12T00:10:43.842Z</time>
      </trkpt>
      <trkpt lat="43.869793" lon="7.418812">
        <ele>792.120097</ele>
        <time>2026-05-12T00:10:48.773Z</time>
      </trkpt>
      <trkpt lat="43.870093" lon="7.418588">
        <ele>794.179758</ele>
        <time>2026-05-12T00:11:01.613Z</time>
      </trkpt>
      <trkpt lat="43.870528" lon="7.418064">
        <ele>797.662668</ele>
        <time>2026-05-12T00:11:22.590Z</time>
      </trkpt>
      <trkpt lat="43.872036" lon="7.416686">
        <ele>812.927149</ele>
        <time>2026-05-12T00:12:47.926Z</time>
      </trkpt>
      <trkpt lat="43.872138" lon="7.416536">
        <ele>814.300687</ele>
        <time>2026-05-12T00:12:57.169Z</time>
      </trkpt>
      <trkpt lat="43.872203" lon="7.416359">
        <ele>815.623861</ele>
        <time>2026-05-12T00:13:06.441Z</time>
      </trkpt>
      <trkpt lat="43.872216" lon="7.415964">
        <ele>818.611503</ele>
        <time>2026-05-12T00:13:25.823Z</time>
      </trkpt>
      <trkpt lat="43.872083" lon="7.415130">
        <ele>825.866325</ele>
        <time>2026-05-12T00:14:07.046Z</time>
      </trkpt>
      <trkpt lat="43.872040" lon="7.414556">
        <ele>830.767848</ele>
        <time>2026-05-12T00:14:33.679Z</time>
      </trkpt>
      <trkpt lat="43.872109" lon="7.413697">
        <ele>838.108916</ele>
        <time>2026-05-12T00:15:10.884Z</time>
      </trkpt>
      <trkpt lat="43.872069" lon="7.413132">
        <ele>842.738739</ele>
        <time>2026-05-12T00:15:33.155Z</time>
      </trkpt>
      <trkpt lat="43.872008" lon="7.412673">
        <ele>846.543230</ele>
        <time>2026-05-12T00:15:51.870Z</time>
      </trkpt>
      <trkpt lat="43.871776" lon="7.412117">
        <ele>851.779818</ele>
        <time>2026-05-12T00:16:19.905Z</time>
      </trkpt>
      <trkpt lat="43.871761" lon="7.411974">
        <ele>852.957733</ele>
        <time>2026-05-12T00:16:26.571Z</time>
      </trkpt>
      <trkpt lat="43.871786" lon="7.411858">
        <ele>853.944638</ele>
        <time>2026-05-12T00:16:32.303Z</time>
      </trkpt>
      <trkpt lat="43.871964" lon="7.411513">
        <ele>857.402880</ele>
        <time>2026-05-12T00:16:52.598Z</time>
      </trkpt>
      <trkpt lat="43.871971" lon="7.411406">
        <ele>858.278654</ele>
        <time>2026-05-12T00:16:57.698Z</time>
      </trkpt>
      <trkpt lat="43.871907" lon="7.410721">
        <ele>863.803848</ele>
        <time>2026-05-12T00:17:29.375Z</time>
      </trkpt>
      <trkpt lat="43.871905" lon="7.410353">
        <ele>866.745290</ele>
        <time>2026-05-12T00:17:45.993Z</time>
      </trkpt>
      <trkpt lat="43.871941" lon="7.409618">
        <ele>872.633556</ele>
        <time>2026-05-12T00:18:17.300Z</time>
      </trkpt>
      <trkpt lat="43.871817" lon="7.408377">
        <ele>881.438962</ele>
        <time>2026-05-12T00:19:06.807Z</time>
      </trkpt>
      <trkpt lat="43.871711" lon="7.408111">
        <ele>883.169947</ele>
        <time>2026-05-12T00:19:18.305Z</time>
      </trkpt>
      <trkpt lat="43.870697" lon="7.406693">
        <ele>892.866201</ele>
        <time>2026-05-12T00:20:23.566Z</time>
      </trkpt>
      <trkpt lat="43.870600" lon="7.406515">
        <ele>893.009355</ele>
        <time>2026-05-12T00:20:27.008Z</time>
      </trkpt>
      <trkpt lat="43.870574" lon="7.406369">
        <ele>893.105838</ele>
        <time>2026-05-12T00:20:28.696Z</time>
      </trkpt>
      <trkpt lat="43.870601" lon="7.406204">
        <ele>893.214389</ele>
        <time>2026-05-12T00:20:30.630Z</time>
      </trkpt>
      <trkpt lat="43.870733" lon="7.405862">
        <ele>893.463270</ele>
        <time>2026-05-12T00:20:34.175Z</time>
      </trkpt>
      <trkpt lat="43.870835" lon="7.405725">
        <ele>893.589624</ele>
        <time>2026-05-12T00:20:35.806Z</time>
      </trkpt>
      <trkpt lat="43.870900" lon="7.405723">
        <ele>893.647484</ele>
        <time>2026-05-12T00:20:36.472Z</time>
      </trkpt>
      <trkpt lat="43.870973" lon="7.405778">
        <ele>893.721413</ele>
        <time>2026-05-12T00:20:37.469Z</time>
      </trkpt>
      <trkpt lat="43.871115" lon="7.406004">
        <ele>893.913747</ele>
        <time>2026-05-12T00:20:39.776Z</time>
      </trkpt>
      <trkpt lat="43.871393" lon="7.406338">
        <ele>894.241044</ele>
        <time>2026-05-12T00:20:43.802Z</time>
      </trkpt>
      <trkpt lat="43.871619" lon="7.406696">
        <ele>895.267697</ele>
        <time>2026-05-12T00:20:47.994Z</time>
      </trkpt>
      <trkpt lat="43.871712" lon="7.406803">
        <ele>895.640329</ele>
        <time>2026-05-12T00:20:50.107Z</time>
      </trkpt>
      <trkpt lat="43.872100" lon="7.406999">
        <ele>896.913808</ele>
        <time>2026-05-12T00:21:03.721Z</time>
      </trkpt>
      <trkpt lat="43.872420" lon="7.407236">
        <ele>898.032552</ele>
        <time>2026-05-12T00:21:19.242Z</time>
      </trkpt>
      <trkpt lat="43.872561" lon="7.407259">
        <ele>898.470397</ele>
        <time>2026-05-12T00:21:24.989Z</time>
      </trkpt>
      <trkpt lat="43.872718" lon="7.407219">
        <ele>898.962689</ele>
        <time>2026-05-12T00:21:30.886Z</time>
      </trkpt>
      <trkpt lat="43.873215" lon="7.406961">
        <ele>900.014271</ele>
        <time>2026-05-12T00:21:45.553Z</time>
      </trkpt>
      <trkpt lat="43.873303" lon="7.406959">
        <ele>900.086832</ele>
        <time>2026-05-12T00:21:47.185Z</time>
      </trkpt>
      <trkpt lat="43.873371" lon="7.407005">
        <ele>900.149205</ele>
        <time>2026-05-12T00:21:48.504Z</time>
      </trkpt>
      <trkpt lat="43.873429" lon="7.407097">
        <ele>900.221842</ele>
        <time>2026-05-12T00:21:49.837Z</time>
      </trkpt>
      <trkpt lat="43.873444" lon="7.407200">
        <ele>900.284294</ele>
        <time>2026-05-12T00:21:50.985Z</time>
      </trkpt>
      <trkpt lat="43.873422" lon="7.407820">
        <ele>900.653219</ele>
        <time>2026-05-12T00:21:56.844Z</time>
      </trkpt>
      <trkpt lat="43.873372" lon="7.408348">
        <ele>900.969717</ele>
        <time>2026-05-12T00:22:01.739Z</time>
      </trkpt>
      <trkpt lat="43.873378" lon="7.408436">
        <ele>901.022250</ele>
        <time>2026-05-12T00:22:02.551Z</time>
      </trkpt>
      <trkpt lat="43.873407" lon="7.408470">
        <ele>901.053555</ele>
        <time>2026-05-12T00:22:03.052Z</time>
      </trkpt>
      <trkpt lat="43.873453" lon="7.408462">
        <ele>901.091776</ele>
        <time>2026-05-12T00:22:03.625Z</time>
      </trkpt>
      <trkpt lat="43.873496" lon="7.408391">
        <ele>901.146888</ele>
        <time>2026-05-12T00:22:04.499Z</time>
      </trkpt>
      <trkpt lat="43.873548" lon="7.407310">
        <ele>903.328551</ele>
        <time>2026-05-12T00:22:19.688Z</time>
      </trkpt>
      <trkpt lat="43.873567" lon="7.407212">
        <ele>903.571775</ele>
        <time>2026-05-12T00:22:21.460Z</time>
      </trkpt>
      <trkpt lat="43.873629" lon="7.407176">
        <ele>903.795239</ele>
        <time>2026-05-12T00:22:23.173Z</time>
      </trkpt>
      <trkpt lat="43.873654" lon="7.407232">
        <ele>903.953107</ele>
        <time>2026-05-12T00:22:24.435Z</time>
      </trkpt>
      <trkpt lat="43.873626" lon="7.407904">
        <ele>905.566384</ele>
        <time>2026-05-12T00:22:38.695Z</time>
      </trkpt>
      <trkpt lat="43.873646" lon="7.408932">
        <ele>909.829460</ele>
        <time>2026-05-12T00:23:05.860Z</time>
      </trkpt>
      <trkpt lat="43.873673" lon="7.409046">
        <ele>910.791053</ele>
        <time>2026-05-12T00:23:09.381Z</time>
      </trkpt>
      <trkpt lat="43.873721" lon="7.409059">
        <ele>911.334722</ele>
        <time>2026-05-12T00:23:11.666Z</time>
      </trkpt>
      <trkpt lat="43.873769" lon="7.408966">
        <ele>912.251313</ele>
        <time>2026-05-12T00:23:15.476Z</time>
      </trkpt>
      <trkpt lat="43.873882" lon="7.407594">
        <ele>923.317453</ele>
        <time>2026-05-12T00:24:20.151Z</time>
      </trkpt>
      <trkpt lat="43.874007" lon="7.406997">
        <ele>928.023728</ele>
        <time>2026-05-12T00:24:55.633Z</time>
      </trkpt>
      <trkpt lat="43.873994" lon="7.406817">
        <ele>929.089619</ele>
        <time>2026-05-12T00:25:05.306Z</time>
      </trkpt>
      <trkpt lat="43.873839" lon="7.406313">
        <ele>932.318209</ele>
        <time>2026-05-12T00:25:31.268Z</time>
      </trkpt>
      <trkpt lat="43.873829" lon="7.405773">
        <ele>935.501010</ele>
        <time>2026-05-12T00:25:51.013Z</time>
      </trkpt>
      <trkpt lat="43.873808" lon="7.405673">
        <ele>936.114717</ele>
        <time>2026-05-12T00:25:54.269Z</time>
      </trkpt>
      <trkpt lat="43.873757" lon="7.405602">
        <ele>936.705292</ele>
        <time>2026-05-12T00:25:56.966Z</time>
      </trkpt>
      <trkpt lat="43.873680" lon="7.405574">
        <ele>937.355929</ele>
        <time>2026-05-12T00:26:00.050Z</time>
      </trkpt>
      <trkpt lat="43.873124" lon="7.405673">
        <ele>941.937773</ele>
        <time>2026-05-12T00:26:14.701Z</time>
      </trkpt>
      <trkpt lat="43.872862" lon="7.405761">
        <ele>943.777441</ele>
        <time>2026-05-12T00:26:19.668Z</time>
      </trkpt>
      <trkpt lat="43.872723" lon="7.405763">
        <ele>944.724181</ele>
        <time>2026-05-12T00:26:22.344Z</time>
      </trkpt>
      <trkpt lat="43.872644" lon="7.405703">
        <ele>945.337591</ele>
        <time>2026-05-12T00:26:24.205Z</time>
      </trkpt>
      <trkpt lat="43.872578" lon="7.405587">
        <ele>946.063138</ele>
        <time>2026-05-12T00:26:26.526Z</time>
      </trkpt>
      <trkpt lat="43.872504" lon="7.405292">
        <ele>947.596691</ele>
        <time>2026-05-12T00:26:32.681Z</time>
      </trkpt>
      <trkpt lat="43.872492" lon="7.405092">
        <ele>948.582032</ele>
        <time>2026-05-12T00:26:37.681Z</time>
      </trkpt>
      <trkpt lat="43.872516" lon="7.404707">
        <ele>950.479333</ele>
        <time>2026-05-12T00:26:49.678Z</time>
      </trkpt>
      <trkpt lat="43.872711" lon="7.403390">
        <ele>960.783049</ele>
        <time>2026-05-12T00:27:56.243Z</time>
      </trkpt>
      <trkpt lat="43.872790" lon="7.403125">
        <ele>964.007126</ele>
        <time>2026-05-12T00:28:13.013Z</time>
      </trkpt>
      <trkpt lat="43.872954" lon="7.402779">
        <ele>968.662710</ele>
        <time>2026-05-12T00:28:37.429Z</time>
      </trkpt>
      <trkpt lat="43.872970" lon="7.402636">
        <ele>970.289688</ele>
        <time>2026-05-12T00:28:46.020Z</time>
      </trkpt>
      <trkpt lat="43.872808" lon="7.401301">
        <ele>983.970279</ele>
        <time>2026-05-12T00:30:09.116Z</time>
      </trkpt>
      <trkpt lat="43.872731" lon="7.400828">
        <ele>986.837770</ele>
        <time>2026-05-12T00:30:35.068Z</time>
      </trkpt>
      <trkpt lat="43.872580" lon="7.400168">
        <ele>990.932494</ele>
        <time>2026-05-12T00:31:00.784Z</time>
      </trkpt>
      <trkpt lat="43.872476" lon="7.399873">
        <ele>992.874400</ele>
        <time>2026-05-12T00:31:09.888Z</time>
      </trkpt>
      <trkpt lat="43.872471" lon="7.399707">
        <ele>993.856893</ele>
        <time>2026-05-12T00:31:13.924Z</time>
      </trkpt>
      <trkpt lat="43.872528" lon="7.399389">
        <ele>995.794635</ele>
        <time>2026-05-12T00:31:19.719Z</time>
      </trkpt>
      <trkpt lat="43.872567" lon="7.399200">
        <ele>996.957167</ele>
        <time>2026-05-12T00:31:21.812Z</time>
      </trkpt>
      <trkpt lat="43.872670" lon="7.398848">
        <ele>995.786566</ele>
        <time>2026-05-12T00:31:24.678Z</time>
      </trkpt>
      <trkpt lat="43.872831" lon="7.398660">
        <ele>994.816196</ele>
        <time>2026-05-12T00:31:26.647Z</time>
      </trkpt>
      <trkpt lat="43.872914" lon="7.398543">
        <ele>994.270564</ele>
        <time>2026-05-12T00:31:27.711Z</time>
      </trkpt>
      <trkpt lat="43.872982" lon="7.398447">
        <ele>993.823198</ele>
        <time>2026-05-12T00:31:28.580Z</time>
      </trkpt>
      <trkpt lat="43.873215" lon="7.398011">
        <ele>992.019161</ele>
        <time>2026-05-12T00:31:32.088Z</time>
      </trkpt>
      <trkpt lat="43.873446" lon="7.397596">
        <ele>990.276361</ele>
        <time>2026-05-12T00:31:35.615Z</time>
      </trkpt>
      <trkpt lat="43.873833" lon="7.397299">
        <ele>988.171831</ele>
        <time>2026-05-12T00:31:39.737Z</time>
      </trkpt>
      <trkpt lat="43.873915" lon="7.397198">
        <ele>987.598303</ele>
        <time>2026-05-12T00:31:40.755Z</time>
      </trkpt>
      <trkpt lat="43.873997" lon="7.397030">
        <ele>986.833368</ele>
        <time>2026-05-12T00:31:42.125Z</time>
      </trkpt>
      <trkpt lat="43.874043" lon="7.396768">
        <ele>985.816692</ele>
        <time>2026-05-12T00:31:43.956Z</time>
      </trkpt>
      <trkpt lat="43.874037" lon="7.396255">
        <ele>983.882312</ele>
        <time>2026-05-12T00:31:47.500Z</time>
      </trkpt>
      <trkpt lat="43.874221" lon="7.395411">
        <ele>980.557909</ele>
        <time>2026-05-12T00:31:53.488Z</time>
      </trkpt>
      <trkpt lat="43.874206" lon="7.395214">
        <ele>979.811044</ele>
        <time>2026-05-12T00:31:54.812Z</time>
      </trkpt>
      <trkpt lat="43.874086" lon="7.395016">
        <ele>978.710449</ele>
        <time>2026-05-12T00:31:56.531Z</time>
      </trkpt>
      <trkpt lat="43.873725" lon="7.394539">
        <ele>975.421798</ele>
        <time>2026-05-12T00:32:01.074Z</time>
      </trkpt>
      <trkpt lat="43.873519" lon="7.394336">
        <ele>973.754983</ele>
        <time>2026-05-12T00:32:03.347Z</time>
      </trkpt>
      <trkpt lat="43.873093" lon="7.394195">
        <ele>970.866046</ele>
        <time>2026-05-12T00:32:07.257Z</time>
      </trkpt>
      <trkpt lat="43.872898" lon="7.394013">
        <ele>969.315710</ele>
        <time>2026-05-12T00:32:09.372Z</time>
      </trkpt>
      <trkpt lat="43.872780" lon="7.393940">
        <ele>968.463441</ele>
        <time>2026-05-12T00:32:10.533Z</time>
      </trkpt>
      <trkpt lat="43.872461" lon="7.393955">
        <ele>966.343089</ele>
        <time>2026-05-12T00:32:13.432Z</time>
      </trkpt>
      <trkpt lat="43.872344" lon="7.393886">
        <ele>965.493030</ele>
        <time>2026-05-12T00:32:14.589Z</time>
      </trkpt>
      <trkpt lat="43.872269" lon="7.393731">
        <ele>964.593226</ele>
        <time>2026-05-12T00:32:15.816Z</time>
      </trkpt>
      <trkpt lat="43.872157" lon="7.393142">
        <ele>961.657100</ele>
        <time>2026-05-12T00:32:19.785Z</time>
      </trkpt>
      <trkpt lat="43.872108" lon="7.392745">
        <ele>959.715686</ele>
        <time>2026-05-12T00:32:22.410Z</time>
      </trkpt>
      <trkpt lat="43.872077" lon="7.392656">
        <ele>959.239248</ele>
        <time>2026-05-12T00:32:23.058Z</time>
      </trkpt>
      <trkpt lat="43.871997" lon="7.392550">
        <ele>958.499538</ele>
        <time>2026-05-12T00:32:24.054Z</time>
      </trkpt>
      <trkpt lat="43.871910" lon="7.392489">
        <ele>957.847745</ele>
        <time>2026-05-12T00:32:24.941Z</time>
      </trkpt>
      <trkpt lat="43.871546" lon="7.392349">
        <ele>955.314592</ele>
        <time>2026-05-12T00:32:28.344Z</time>
      </trkpt>
      <trkpt lat="43.871353" lon="7.392234">
        <ele>953.807166</ele>
        <time>2026-05-12T00:32:30.240Z</time>
      </trkpt>
      <trkpt lat="43.871209" lon="7.392101">
        <ele>952.565646</ele>
        <time>2026-05-12T00:32:31.799Z</time>
      </trkpt>
      <trkpt lat="43.870828" lon="7.391643">
        <ele>948.947591</ele>
        <time>2026-05-12T00:32:36.320Z</time>
      </trkpt>
      <trkpt lat="43.870298" lon="7.391214">
        <ele>944.543883</ele>
        <time>2026-05-12T00:32:41.822Z</time>
      </trkpt>
      <trkpt lat="43.869861" lon="7.390809">
        <ele>940.155001</ele>
        <time>2026-05-12T00:32:46.488Z</time>
      </trkpt>
      <trkpt lat="43.869757" lon="7.390760">
        <ele>939.087912</ele>
        <time>2026-05-12T00:32:47.464Z</time>
      </trkpt>
      <trkpt lat="43.869385" lon="7.390765">
        <ele>935.473638</ele>
        <time>2026-05-12T00:32:50.727Z</time>
      </trkpt>
      <trkpt lat="43.869088" lon="7.390700">
        <ele>932.552489</ele>
        <time>2026-05-12T00:32:53.347Z</time>
      </trkpt>
      <trkpt lat="43.868184" lon="7.390080">
        <ele>922.082405</ele>
        <time>2026-05-12T00:33:01.938Z</time>
      </trkpt>
      <trkpt lat="43.867305" lon="7.389566">
        <ele>910.090254</ele>
        <time>2026-05-12T00:33:09.857Z</time>
      </trkpt>
      <trkpt lat="43.867158" lon="7.389413">
        <ele>907.779831</ele>
        <time>2026-05-12T00:33:11.404Z</time>
      </trkpt>
      <trkpt lat="43.867120" lon="7.389286">
        <ele>906.533585</ele>
        <time>2026-05-12T00:33:12.240Z</time>
      </trkpt>
      <trkpt lat="43.867139" lon="7.389133">
        <ele>905.126465</ele>
        <time>2026-05-12T00:33:13.191Z</time>
      </trkpt>
      <trkpt lat="43.867256" lon="7.388839">
        <ele>902.220536</ele>
        <time>2026-05-12T00:33:15.277Z</time>
      </trkpt>
      <trkpt lat="43.867717" lon="7.388142">
        <ele>897.039996</ele>
        <time>2026-05-12T00:33:21.274Z</time>
      </trkpt>
      <trkpt lat="43.868051" lon="7.387695">
        <ele>893.514120</ele>
        <time>2026-05-12T00:33:25.601Z</time>
      </trkpt>
      <trkpt lat="43.868465" lon="7.386640">
        <ele>887.238124</ele>
        <time>2026-05-12T00:33:33.453Z</time>
      </trkpt>
      <trkpt lat="43.868515" lon="7.386356">
        <ele>885.901590</ele>
        <time>2026-05-12T00:33:35.265Z</time>
      </trkpt>
      <trkpt lat="43.868534" lon="7.385900">
        <ele>883.813391</ele>
        <time>2026-05-12T00:33:38.099Z</time>
      </trkpt>
      <trkpt lat="43.868289" lon="7.385242">
        <ele>880.427652</ele>
        <time>2026-05-12T00:33:43.008Z</time>
      </trkpt>
      <trkpt lat="43.868209" lon="7.384968">
        <ele>879.076155</ele>
        <time>2026-05-12T00:33:45.062Z</time>
      </trkpt>
      <trkpt lat="43.868180" lon="7.384753">
        <ele>878.076167</ele>
        <time>2026-05-12T00:33:46.634Z</time>
      </trkpt>
      <trkpt lat="43.868219" lon="7.384612">
        <ele>877.385731</ele>
        <time>2026-05-12T00:33:47.729Z</time>
      </trkpt>
      <trkpt lat="43.868342" lon="7.384478">
        <ele>876.455676</ele>
        <time>2026-05-12T00:33:49.309Z</time>
      </trkpt>
      <trkpt lat="43.868475" lon="7.384335">
        <ele>875.456723</ele>
        <time>2026-05-12T00:33:51.029Z</time>
      </trkpt>
      <trkpt lat="43.868670" lon="7.384042">
        <ele>873.750145</ele>
        <time>2026-05-12T00:33:53.936Z</time>
      </trkpt>
      <trkpt lat="43.869223" lon="7.383550">
        <ele>869.850103</ele>
        <time>2026-05-12T00:34:00.302Z</time>
      </trkpt>
      <trkpt lat="43.869334" lon="7.383398">
        <ele>868.924168</ele>
        <time>2026-05-12T00:34:01.678Z</time>
      </trkpt>
      <trkpt lat="43.869405" lon="7.383268">
        <ele>868.226189</ele>
        <time>2026-05-12T00:34:02.691Z</time>
      </trkpt>
      <trkpt lat="43.869456" lon="7.383088">
        <ele>867.398496</ele>
        <time>2026-05-12T00:34:03.892Z</time>
      </trkpt>
      <trkpt lat="43.869457" lon="7.382941">
        <ele>866.769361</ele>
        <time>2026-05-12T00:34:04.803Z</time>
      </trkpt>
      <trkpt lat="43.869407" lon="7.382789">
        <ele>865.454327</ele>
        <time>2026-05-12T00:34:05.830Z</time>
      </trkpt>
      <trkpt lat="43.868904" lon="7.381965">
        <ele>856.425631</ele>
        <time>2026-05-12T00:34:12.400Z</time>
      </trkpt>
      <trkpt lat="43.868534" lon="7.381516">
        <ele>850.723372</ele>
        <time>2026-05-12T00:34:16.540Z</time>
      </trkpt>
      <trkpt lat="43.868253" lon="7.381331">
        <ele>847.115505</ele>
        <time>2026-05-12T00:34:19.176Z</time>
      </trkpt>
      <trkpt lat="43.867789" lon="7.380870">
        <ele>840.563868</ele>
        <time>2026-05-12T00:34:24.032Z</time>
      </trkpt>
      <trkpt lat="43.867613" lon="7.380730">
        <ele>838.240848</ele>
        <time>2026-05-12T00:34:25.755Z</time>
      </trkpt>
      <trkpt lat="43.867232" lon="7.380534">
        <ele>833.588108</ele>
        <time>2026-05-12T00:34:29.190Z</time>
      </trkpt>
      <trkpt lat="43.866944" lon="7.380307">
        <ele>829.795350</ele>
        <time>2026-05-12T00:34:31.980Z</time>
      </trkpt>
      <trkpt lat="43.866096" lon="7.379737">
        <ele>820.444860</ele>
        <time>2026-05-12T00:34:40.050Z</time>
      </trkpt>
      <trkpt lat="43.866044" lon="7.379762">
        <ele>819.960485</ele>
        <time>2026-05-12T00:34:40.534Z</time>
      </trkpt>
      <trkpt lat="43.866041" lon="7.379856">
        <ele>819.363441</ele>
        <time>2026-05-12T00:34:41.131Z</time>
      </trkpt>
      <trkpt lat="43.866910" lon="7.380779">
        <ele>809.730361</ele>
        <time>2026-05-12T00:34:50.821Z</time>
      </trkpt>
      <trkpt lat="43.866940" lon="7.380868">
        <ele>809.151420</ele>
        <time>2026-05-12T00:34:51.446Z</time>
      </trkpt>
      <trkpt lat="43.866920" lon="7.380920">
        <ele>808.834922</ele>
        <time>2026-05-12T00:34:51.829Z</time>
      </trkpt>
      <trkpt lat="43.866882" lon="7.380925">
        <ele>808.550604</ele>
        <time>2026-05-12T00:34:52.161Z</time>
      </trkpt>
      <trkpt lat="43.866168" lon="7.380348">
        <ele>802.395471</ele>
        <time>2026-05-12T00:34:59.491Z</time>
      </trkpt>
      <trkpt lat="43.865968" lon="7.380143">
        <ele>800.543112</ele>
        <time>2026-05-12T00:35:01.705Z</time>
      </trkpt>
      <trkpt lat="43.865928" lon="7.380138">
        <ele>800.243959</ele>
        <time>2026-05-12T00:35:02.066Z</time>
      </trkpt>
      <trkpt lat="43.865899" lon="7.380191">
        <ele>799.886651</ele>
        <time>2026-05-12T00:35:02.496Z</time>
      </trkpt>
      <trkpt lat="43.865907" lon="7.380254">
        <ele>799.543122</ele>
        <time>2026-05-12T00:35:02.910Z</time>
      </trkpt>
      <trkpt lat="43.866481" lon="7.380863">
        <ele>793.863877</ele>
        <time>2026-05-12T00:35:09.415Z</time>
      </trkpt>
      <trkpt lat="43.866734" lon="7.381094">
        <ele>791.244105</ele>
        <time>2026-05-12T00:35:12.141Z</time>
      </trkpt>
      <trkpt lat="43.866753" lon="7.381161">
        <ele>790.795160</ele>
        <time>2026-05-12T00:35:12.600Z</time>
      </trkpt>
      <trkpt lat="43.866737" lon="7.381201">
        <ele>790.509917</ele>
        <time>2026-05-12T00:35:12.897Z</time>
      </trkpt>
      <trkpt lat="43.866689" lon="7.381210">
        <ele>790.090983</ele>
        <time>2026-05-12T00:35:13.332Z</time>
      </trkpt>
      <trkpt lat="43.865917" lon="7.380572">
        <ele>782.318503</ele>
        <time>2026-05-12T00:35:21.133Z</time>
      </trkpt>
      <trkpt lat="43.865882" lon="7.380617">
        <ele>781.905733</ele>
        <time>2026-05-12T00:35:21.543Z</time>
      </trkpt>
      <trkpt lat="43.865884" lon="7.380685">
        <ele>781.481351</ele>
        <time>2026-05-12T00:35:21.961Z</time>
      </trkpt>
      <trkpt lat="43.866400" lon="7.381343">
        <ele>775.295165</ele>
        <time>2026-05-12T00:35:27.943Z</time>
      </trkpt>
      <trkpt lat="43.866417" lon="7.381403">
        <ele>774.883267</ele>
        <time>2026-05-12T00:35:28.344Z</time>
      </trkpt>
      <trkpt lat="43.866389" lon="7.381469">
        <ele>774.393984</ele>
        <time>2026-05-12T00:35:28.821Z</time>
      </trkpt>
      <trkpt lat="43.866322" lon="7.381454">
        <ele>773.792532</ele>
        <time>2026-05-12T00:35:29.402Z</time>
      </trkpt>
      <trkpt lat="43.865778" lon="7.380763">
        <ele>767.255354</ele>
        <time>2026-05-12T00:35:35.841Z</time>
      </trkpt>
      <trkpt lat="43.865728" lon="7.380784">
        <ele>766.792375</ele>
        <time>2026-05-12T00:35:36.309Z</time>
      </trkpt>
      <trkpt lat="43.865725" lon="7.380871">
        <ele>766.235867</ele>
        <time>2026-05-12T00:35:36.865Z</time>
      </trkpt>
      <trkpt lat="43.865974" lon="7.381178">
        <ele>763.710308</ele>
        <time>2026-05-12T00:35:39.882Z</time>
      </trkpt>
      <trkpt lat="43.865964" lon="7.381238">
        <ele>763.454658</ele>
        <time>2026-05-12T00:35:40.293Z</time>
      </trkpt>
      <trkpt lat="43.865907" lon="7.381240">
        <ele>763.126344</ele>
        <time>2026-05-12T00:35:40.824Z</time>
      </trkpt>
      <trkpt lat="43.865621" lon="7.380869">
        <ele>760.871563</ele>
        <time>2026-05-12T00:35:44.518Z</time>
      </trkpt>
      <trkpt lat="43.865583" lon="7.380698">
        <ele>760.128722</ele>
        <time>2026-05-12T00:35:45.742Z</time>
      </trkpt>
      <trkpt lat="43.865569" lon="7.380395">
        <ele>758.868276</ele>
        <time>2026-05-12T00:35:47.804Z</time>
      </trkpt>
      <trkpt lat="43.865510" lon="7.380110">
        <ele>757.637326</ele>
        <time>2026-05-12T00:35:49.809Z</time>
      </trkpt>
      <trkpt lat="43.865268" lon="7.379493">
        <ele>754.721422</ele>
        <time>2026-05-12T00:35:54.480Z</time>
      </trkpt>
      <trkpt lat="43.865085" lon="7.379205">
        <ele>752.829243</ele>
        <time>2026-05-12T00:35:56.990Z</time>
      </trkpt>
      <trkpt lat="43.864735" lon="7.378774">
        <ele>749.343831</ele>
        <time>2026-05-12T00:36:01.280Z</time>
      </trkpt>
      <trkpt lat="43.864665" lon="7.378619">
        <ele>748.361850</ele>
        <time>2026-05-12T00:36:02.512Z</time>
      </trkpt>
      <trkpt lat="43.864600" lon="7.378093">
        <ele>745.496560</ele>
        <time>2026-05-12T00:36:05.895Z</time>
      </trkpt>
      <trkpt lat="43.864536" lon="7.377801">
        <ele>743.857959</ele>
        <time>2026-05-12T00:36:07.803Z</time>
      </trkpt>
      <trkpt lat="43.864529" lon="7.377640">
        <ele>742.991974</ele>
        <time>2026-05-12T00:36:08.818Z</time>
      </trkpt>
      <trkpt lat="43.864559" lon="7.377541">
        <ele>742.415399</ele>
        <time>2026-05-12T00:36:09.486Z</time>
      </trkpt>
      <trkpt lat="43.864756" lon="7.377224">
        <ele>740.136345</ele>
        <time>2026-05-12T00:36:12.132Z</time>
      </trkpt>
      <trkpt lat="43.864770" lon="7.377107">
        <ele>739.464536</ele>
        <time>2026-05-12T00:36:12.892Z</time>
      </trkpt>
      <trkpt lat="43.864734" lon="7.377080">
        <ele>739.142994</ele>
        <time>2026-05-12T00:36:13.237Z</time>
      </trkpt>
      <trkpt lat="43.864676" lon="7.377111">
        <ele>738.654645</ele>
        <time>2026-05-12T00:36:13.790Z</time>
      </trkpt>
      <trkpt lat="43.864334" lon="7.377563">
        <ele>734.943143</ele>
        <time>2026-05-12T00:36:17.963Z</time>
      </trkpt>
      <trkpt lat="43.864263" lon="7.377696">
        <ele>734.005727</ele>
        <time>2026-05-12T00:36:19.005Z</time>
      </trkpt>
      <trkpt lat="43.864244" lon="7.377868">
        <ele>733.020060</ele>
        <time>2026-05-12T00:36:20.106Z</time>
      </trkpt>
      <trkpt lat="43.864388" lon="7.378335">
        <ele>730.142954</ele>
        <time>2026-05-12T00:36:23.269Z</time>
      </trkpt>
      <trkpt lat="43.864541" lon="7.379055">
        <ele>726.062586</ele>
        <time>2026-05-12T00:36:28.225Z</time>
      </trkpt>
      <trkpt lat="43.864635" lon="7.379253">
        <ele>725.035723</ele>
        <time>2026-05-12T00:36:29.832Z</time>
      </trkpt>
      <trkpt lat="43.864825" lon="7.379563">
        <ele>723.273355</ele>
        <time>2026-05-12T00:36:32.572Z</time>
      </trkpt>
      <trkpt lat="43.864985" lon="7.380071">
        <ele>720.872184</ele>
        <time>2026-05-12T00:36:36.381Z</time>
      </trkpt>
      <trkpt lat="43.865032" lon="7.380318">
        <ele>719.765686</ele>
        <time>2026-05-12T00:36:38.116Z</time>
      </trkpt>
      <trkpt lat="43.865058" lon="7.380623">
        <ele>718.435396</ele>
        <time>2026-05-12T00:36:40.132Z</time>
      </trkpt>
      <trkpt lat="43.865044" lon="7.381098">
        <ele>716.376248</ele>
        <time>2026-05-12T00:36:43.196Z</time>
      </trkpt>
      <trkpt lat="43.865181" lon="7.381550">
        <ele>713.745716</ele>
        <time>2026-05-12T00:36:46.364Z</time>
      </trkpt>
      <trkpt lat="43.865175" lon="7.381626">
        <ele>713.307102</ele>
        <time>2026-05-12T00:36:46.868Z</time>
      </trkpt>
      <trkpt lat="43.865121" lon="7.381613">
        <ele>712.870987</ele>
        <time>2026-05-12T00:36:47.351Z</time>
      </trkpt>
      <trkpt lat="43.864953" lon="7.381178">
        <ele>710.039916</ele>
        <time>2026-05-12T00:36:50.526Z</time>
      </trkpt>
      <trkpt lat="43.864939" lon="7.380774">
        <ele>707.719507</ele>
        <time>2026-05-12T00:36:53.130Z</time>
      </trkpt>
      <trkpt lat="43.864894" lon="7.380487">
        <ele>706.034511</ele>
        <time>2026-05-12T00:36:55.027Z</time>
      </trkpt>
      <trkpt lat="43.864810" lon="7.380193">
        <ele>704.220228</ele>
        <time>2026-05-12T00:36:57.007Z</time>
      </trkpt>
      <trkpt lat="43.864653" lon="7.379830">
        <ele>701.791726</ele>
        <time>2026-05-12T00:36:59.672Z</time>
      </trkpt>
      <trkpt lat="43.864224" lon="7.379281">
        <ele>695.570773</ele>
        <time>2026-05-12T00:37:04.701Z</time>
      </trkpt>
      <trkpt lat="43.863919" lon="7.378796">
        <ele>690.542192</ele>
        <time>2026-05-12T00:37:08.625Z</time>
      </trkpt>
      <trkpt lat="43.863840" lon="7.378738">
        <ele>689.573494</ele>
        <time>2026-05-12T00:37:09.375Z</time>
      </trkpt>
      <trkpt lat="43.863519" lon="7.378608">
        <ele>685.949435</ele>
        <time>2026-05-12T00:37:12.212Z</time>
      </trkpt>
      <trkpt lat="43.863441" lon="7.378557">
        <ele>685.014899</ele>
        <time>2026-05-12T00:37:12.937Z</time>
      </trkpt>
      <trkpt lat="43.863369" lon="7.378458">
        <ele>683.916156</ele>
        <time>2026-05-12T00:37:13.797Z</time>
      </trkpt>
      <trkpt lat="43.863348" lon="7.378310">
        <ele>682.737549</ele>
        <time>2026-05-12T00:37:14.717Z</time>
      </trkpt>
      <trkpt lat="43.863388" lon="7.377672">
        <ele>679.908814</ele>
        <time>2026-05-12T00:37:18.664Z</time>
      </trkpt>
      <trkpt lat="43.863468" lon="7.377298">
        <ele>678.411312</ele>
        <time>2026-05-12T00:37:21.134Z</time>
      </trkpt>
      <trkpt lat="43.863458" lon="7.377231">
        <ele>678.148670</ele>
        <time>2026-05-12T00:37:21.577Z</time>
      </trkpt>
      <trkpt lat="43.863392" lon="7.377216">
        <ele>677.792593</ele>
        <time>2026-05-12T00:37:22.185Z</time>
      </trkpt>
      <trkpt lat="43.863356" lon="7.377296">
        <ele>677.430596</ele>
        <time>2026-05-12T00:37:22.813Z</time>
      </trkpt>
      <trkpt lat="43.863287" lon="7.377747">
        <ele>675.660817</ele>
        <time>2026-05-12T00:37:26.101Z</time>
      </trkpt>
      <trkpt lat="43.863235" lon="7.377788">
        <ele>675.342356</ele>
        <time>2026-05-12T00:37:26.750Z</time>
      </trkpt>
      <trkpt lat="43.863202" lon="7.377740">
        <ele>675.087760</ele>
        <time>2026-05-12T00:37:27.290Z</time>
      </trkpt>
      <trkpt lat="43.863218" lon="7.377424">
        <ele>673.871757</ele>
        <time>2026-05-12T00:37:30.126Z</time>
      </trkpt>
      <trkpt lat="43.863294" lon="7.377204">
        <ele>672.935320</ele>
        <time>2026-05-12T00:37:32.556Z</time>
      </trkpt>
      <trkpt lat="43.863377" lon="7.377039">
        <ele>672.370371</ele>
        <time>2026-05-12T00:37:34.618Z</time>
      </trkpt>
      <trkpt lat="43.863850" lon="7.376368">
        <ele>671.532397</ele>
        <time>2026-05-12T00:37:46.336Z</time>
      </trkpt>
      <trkpt lat="43.864186" lon="7.375583">
        <ele>670.717206</ele>
        <time>2026-05-12T00:37:55.404Z</time>
      </trkpt>
      <trkpt lat="43.864252" lon="7.375365">
        <ele>670.506077</ele>
        <time>2026-05-12T00:37:57.198Z</time>
      </trkpt>
      <trkpt lat="43.864230" lon="7.375291">
        <ele>670.434601</ele>
        <time>2026-05-12T00:37:57.774Z</time>
      </trkpt>
      <trkpt lat="43.864162" lon="7.375308">
        <ele>670.349024</ele>
        <time>2026-05-12T00:37:58.454Z</time>
      </trkpt>
      <trkpt lat="43.863948" lon="7.375780">
        <ele>668.941407</ele>
        <time>2026-05-12T00:38:02.241Z</time>
      </trkpt>
      <trkpt lat="43.863687" lon="7.376190">
        <ele>667.199417</ele>
        <time>2026-05-12T00:38:05.835Z</time>
      </trkpt>
      <trkpt lat="43.863017" lon="7.376867">
        <ele>663.537551</ele>
        <time>2026-05-12T00:38:13.534Z</time>
      </trkpt>
      <trkpt lat="43.862820" lon="7.377174">
        <ele>662.249585</ele>
        <time>2026-05-12T00:38:16.528Z</time>
      </trkpt>
      <trkpt lat="43.862779" lon="7.377182">
        <ele>662.188634</ele>
        <time>2026-05-12T00:38:16.971Z</time>
      </trkpt>
      <trkpt lat="43.862750" lon="7.377156">
        <ele>662.137799</ele>
        <time>2026-05-12T00:38:17.335Z</time>
      </trkpt>
      <trkpt lat="43.862756" lon="7.377026">
        <ele>661.999533</ele>
        <time>2026-05-12T00:38:18.358Z</time>
      </trkpt>
      <trkpt lat="43.863405" lon="7.375940">
        <ele>660.502372</ele>
        <time>2026-05-12T00:38:34.997Z</time>
      </trkpt>
      <trkpt lat="43.863782" lon="7.375525">
        <ele>659.793826</ele>
        <time>2026-05-12T00:38:41.108Z</time>
      </trkpt>
      <trkpt lat="43.863806" lon="7.375457">
        <ele>659.713468</ele>
        <time>2026-05-12T00:38:41.674Z</time>
      </trkpt>
      <trkpt lat="43.863771" lon="7.375381">
        <ele>659.617751</ele>
        <time>2026-05-12T00:38:42.332Z</time>
      </trkpt>
      <trkpt lat="43.863742" lon="7.375381">
        <ele>659.376072</ele>
        <time>2026-05-12T00:38:42.624Z</time>
      </trkpt>
      <trkpt lat="43.863272" lon="7.375758">
        <ele>654.300259</ele>
        <time>2026-05-12T00:38:47.647Z</time>
      </trkpt>
      <trkpt lat="43.863022" lon="7.376015">
        <ele>651.391084</ele>
        <time>2026-05-12T00:38:50.360Z</time>
      </trkpt>
      <trkpt lat="43.862490" lon="7.376394">
        <ele>645.799810</ele>
        <time>2026-05-12T00:38:55.407Z</time>
      </trkpt>
      <trkpt lat="43.861920" lon="7.376753">
        <ele>639.401717</ele>
        <time>2026-05-12T00:39:00.627Z</time>
      </trkpt>
      <trkpt lat="43.861571" lon="7.376890">
        <ele>635.361658</ele>
        <time>2026-05-12T00:39:03.658Z</time>
      </trkpt>
      <trkpt lat="43.861477" lon="7.376889">
        <ele>634.314604</ele>
        <time>2026-05-12T00:39:04.451Z</time>
      </trkpt>
      <trkpt lat="43.861201" lon="7.376767">
        <ele>631.088004</ele>
        <time>2026-05-12T00:39:06.904Z</time>
      </trkpt>
      <trkpt lat="43.861043" lon="7.376782">
        <ele>629.323995</ele>
        <time>2026-05-12T00:39:08.247Z</time>
      </trkpt>
      <trkpt lat="43.860969" lon="7.376876">
        <ele>628.206270</ele>
        <time>2026-05-12T00:39:09.106Z</time>
      </trkpt>
      <trkpt lat="43.860914" lon="7.377014">
        <ele>626.939924</ele>
        <time>2026-05-12T00:39:10.084Z</time>
      </trkpt>
      <trkpt lat="43.860879" lon="7.377246">
        <ele>625.036346</ele>
        <time>2026-05-12T00:39:11.555Z</time>
      </trkpt>
      <trkpt lat="43.860907" lon="7.377325">
        <ele>624.329373</ele>
        <time>2026-05-12T00:39:12.108Z</time>
      </trkpt>
      <trkpt lat="43.861006" lon="7.377442">
        <ele>622.880609</ele>
        <time>2026-05-12T00:39:13.248Z</time>
      </trkpt>
      <trkpt lat="43.861233" lon="7.377577">
        <ele>622.454685</ele>
        <time>2026-05-12T00:39:15.490Z</time>
      </trkpt>
      <trkpt lat="43.861245" lon="7.377626">
        <ele>622.406046</ele>
        <time>2026-05-12T00:39:15.838Z</time>
      </trkpt>
      <trkpt lat="43.861185" lon="7.377679">
        <ele>622.313316</ele>
        <time>2026-05-12T00:39:16.512Z</time>
      </trkpt>
      <trkpt lat="43.860982" lon="7.377679">
        <ele>622.048692</ele>
        <time>2026-05-12T00:39:18.592Z</time>
      </trkpt>
      <trkpt lat="43.860843" lon="7.377597">
        <ele>621.851787</ele>
        <time>2026-05-12T00:39:20.531Z</time>
      </trkpt>
      <trkpt lat="43.860653" lon="7.377426">
        <ele>621.556531</ele>
        <time>2026-05-12T00:39:24.844Z</time>
      </trkpt>
      <trkpt lat="43.860598" lon="7.377268">
        <ele>621.391624</ele>
        <time>2026-05-12T00:39:27.982Z</time>
      </trkpt>
      <trkpt lat="43.860545" lon="7.377060">
        <ele>621.184275</ele>
        <time>2026-05-12T00:39:32.537Z</time>
      </trkpt>
      <trkpt lat="43.860498" lon="7.377000">
        <ele>621.101004</ele>
        <time>2026-05-12T00:39:34.368Z</time>
      </trkpt>
      <trkpt lat="43.860311" lon="7.376874">
        <ele>620.829992</ele>
        <time>2026-05-12T00:39:39.974Z</time>
      </trkpt>
      <trkpt lat="43.860180" lon="7.376725">
        <ele>620.609143</ele>
        <time>2026-05-12T00:39:43.935Z</time>
      </trkpt>
      <trkpt lat="43.860024" lon="7.376585">
        <ele>620.031032</ele>
        <time>2026-05-12T00:39:47.675Z</time>
      </trkpt>
      <trkpt lat="43.859924" lon="7.376550">
        <ele>619.016293</ele>
        <time>2026-05-12T00:39:49.412Z</time>
      </trkpt>
      <trkpt lat="43.859655" lon="7.376577">
        <ele>616.362701</ele>
        <time>2026-05-12T00:39:52.744Z</time>
      </trkpt>
      <trkpt lat="43.859355" lon="7.376657">
        <ele>613.356956</ele>
        <time>2026-05-12T00:39:55.613Z</time>
      </trkpt>
      <trkpt lat="43.858887" lon="7.377017">
        <ele>608.091487</ele>
        <time>2026-05-12T00:40:00.165Z</time>
      </trkpt>
      <trkpt lat="43.858455" lon="7.377503">
        <ele>602.538850</ele>
        <time>2026-05-12T00:40:04.723Z</time>
      </trkpt>
      <trkpt lat="43.858256" lon="7.377632">
        <ele>598.707103</ele>
        <time>2026-05-12T00:40:06.514Z</time>
      </trkpt>
      <trkpt lat="43.858045" lon="7.377679">
        <ele>594.979345</ele>
        <time>2026-05-12T00:40:08.262Z</time>
      </trkpt>
      <trkpt lat="43.857597" lon="7.377629">
        <ele>587.139374</ele>
        <time>2026-05-12T00:40:11.931Z</time>
      </trkpt>
      <trkpt lat="43.857329" lon="7.377542">
        <ele>582.338141</ele>
        <time>2026-05-12T00:40:14.180Z</time>
      </trkpt>
      <trkpt lat="43.857138" lon="7.377409">
        <ele>578.610027</ele>
        <time>2026-05-12T00:40:15.946Z</time>
      </trkpt>
      <trkpt lat="43.856943" lon="7.377276">
        <ele>574.819426</ele>
        <time>2026-05-12T00:40:17.749Z</time>
      </trkpt>
      <trkpt lat="43.856583" lon="7.377128">
        <ele>570.378872</ele>
        <time>2026-05-12T00:40:20.903Z</time>
      </trkpt>
      <trkpt lat="43.856492" lon="7.377025">
        <ele>569.734369</ele>
        <time>2026-05-12T00:40:21.899Z</time>
      </trkpt>
      <trkpt lat="43.856464" lon="7.376737">
        <ele>568.584583</ele>
        <time>2026-05-12T00:40:23.715Z</time>
      </trkpt>
      <trkpt lat="43.856392" lon="7.376631">
        <ele>568.008423</ele>
        <time>2026-05-12T00:40:24.646Z</time>
      </trkpt>
      <trkpt lat="43.856012" lon="7.376343">
        <ele>565.632335</ele>
        <time>2026-05-12T00:40:28.580Z</time>
      </trkpt>
      <trkpt lat="43.855955" lon="7.376230">
        <ele>565.086712</ele>
        <time>2026-05-12T00:40:29.559Z</time>
      </trkpt>
      <trkpt lat="43.855830" lon="7.375807">
        <ele>563.278005</ele>
        <time>2026-05-12T00:40:33.340Z</time>
      </trkpt>
      <trkpt lat="43.855837" lon="7.375617">
        <ele>562.525280</ele>
        <time>2026-05-12T00:40:35.650Z</time>
      </trkpt>
      <trkpt lat="43.855957" lon="7.375247">
        <ele>561.829323</ele>
        <time>2026-05-12T00:40:42.353Z</time>
      </trkpt>
      <trkpt lat="43.856093" lon="7.375024">
        <ele>562.557812</ele>
        <time>2026-05-12T00:40:48.061Z</time>
      </trkpt>
      <trkpt lat="43.856134" lon="7.374909">
        <ele>562.877800</ele>
        <time>2026-05-12T00:40:50.763Z</time>
      </trkpt>
      <trkpt lat="43.856191" lon="7.374693">
        <ele>563.451510</ele>
        <time>2026-05-12T00:40:56.003Z</time>
      </trkpt>
      <trkpt lat="43.856218" lon="7.374441">
        <ele>564.086969</ele>
        <time>2026-05-12T00:41:02.390Z</time>
      </trkpt>
      <trkpt lat="43.856172" lon="7.374185">
        <ele>564.745032</ele>
        <time>2026-05-12T00:41:09.537Z</time>
      </trkpt>
      <trkpt lat="43.855958" lon="7.373784">
        <ele>565.989370</ele>
        <time>2026-05-12T00:41:22.710Z</time>
      </trkpt>
      <trkpt lat="43.855803" lon="7.373374">
        <ele>567.144056</ele>
        <time>2026-05-12T00:41:33.665Z</time>
      </trkpt>
      <trkpt lat="43.855493" lon="7.372871">
        <ele>566.799381</ele>
        <time>2026-05-12T00:41:44.727Z</time>
      </trkpt>
      <trkpt lat="43.855019" lon="7.372370">
        <ele>565.105019</ele>
        <time>2026-05-12T00:41:51.820Z</time>
      </trkpt>
      <trkpt lat="43.854754" lon="7.372033">
        <ele>564.082812</ele>
        <time>2026-05-12T00:41:55.275Z</time>
      </trkpt>
      <trkpt lat="43.854327" lon="7.371655">
        <ele>562.642599</ele>
        <time>2026-05-12T00:41:59.849Z</time>
      </trkpt>
      <trkpt lat="43.854025" lon="7.371285">
        <ele>558.947793</ele>
        <time>2026-05-12T00:42:03.371Z</time>
      </trkpt>
      <trkpt lat="43.853734" lon="7.371029">
        <ele>555.674575</ele>
        <time>2026-05-12T00:42:06.370Z</time>
      </trkpt>
      <trkpt lat="43.853467" lon="7.370596">
        <ele>551.772408</ele>
        <time>2026-05-12T00:42:09.911Z</time>
      </trkpt>
      <trkpt lat="43.853403" lon="7.370600">
        <ele>551.163907</ele>
        <time>2026-05-12T00:42:10.460Z</time>
      </trkpt>
      <trkpt lat="43.853388" lon="7.370691">
        <ele>550.524546</ele>
        <time>2026-05-12T00:42:11.036Z</time>
      </trkpt>
      <trkpt lat="43.853637" lon="7.371144">
        <ele>546.623225</ele>
        <time>2026-05-12T00:42:14.535Z</time>
      </trkpt>
      <trkpt lat="43.854247" lon="7.372105">
        <ele>537.282205</ele>
        <time>2026-05-12T00:42:22.407Z</time>
      </trkpt>
      <trkpt lat="43.854264" lon="7.372232">
        <ele>536.331312</ele>
        <time>2026-05-12T00:42:23.203Z</time>
      </trkpt>
      <trkpt lat="43.854202" lon="7.372263">
        <ele>535.658484</ele>
        <time>2026-05-12T00:42:23.775Z</time>
      </trkpt>
      <trkpt lat="43.853761" lon="7.371778">
        <ele>529.912508</ele>
        <time>2026-05-12T00:42:28.644Z</time>
      </trkpt>
      <trkpt lat="43.853512" lon="7.371448">
        <ele>526.358491</ele>
        <time>2026-05-12T00:42:31.623Z</time>
      </trkpt>
      <trkpt lat="43.853226" lon="7.370896">
        <ele>521.100044</ele>
        <time>2026-05-12T00:42:35.865Z</time>
      </trkpt>
      <trkpt lat="43.853080" lon="7.370739">
        <ele>519.117955</ele>
        <time>2026-05-12T00:42:37.453Z</time>
      </trkpt>
      <trkpt lat="43.852343" lon="7.370206">
        <ele>510.200543</ele>
        <time>2026-05-12T00:42:44.524Z</time>
      </trkpt>
      <trkpt lat="43.851475" lon="7.369269">
        <ele>498.545179</ele>
        <time>2026-05-12T00:42:53.819Z</time>
      </trkpt>
      <trkpt lat="43.851271" lon="7.369117">
        <ele>496.099021</ele>
        <time>2026-05-12T00:42:55.825Z</time>
      </trkpt>
      <trkpt lat="43.850916" lon="7.368927">
        <ele>492.079644</ele>
        <time>2026-05-12T00:42:59.148Z</time>
      </trkpt>
      <trkpt lat="43.850861" lon="7.368859">
        <ele>491.301312</ele>
        <time>2026-05-12T00:42:59.792Z</time>
      </trkpt>
      <trkpt lat="43.850723" lon="7.368499">
        <ele>488.256848</ele>
        <time>2026-05-12T00:43:02.338Z</time>
      </trkpt>
      <trkpt lat="43.850663" lon="7.368162">
        <ele>485.861526</ele>
        <time>2026-05-12T00:43:04.494Z</time>
      </trkpt>
      <trkpt lat="43.850612" lon="7.368022">
        <ele>484.779179</ele>
        <time>2026-05-12T00:43:05.470Z</time>
      </trkpt>
      <trkpt lat="43.850427" lon="7.367723">
        <ele>482.060559</ele>
        <time>2026-05-12T00:43:07.928Z</time>
      </trkpt>
      <trkpt lat="43.849871" lon="7.367102">
        <ele>475.229053</ele>
        <time>2026-05-12T00:43:14.127Z</time>
      </trkpt>
      <trkpt lat="43.849638" lon="7.366543">
        <ele>470.956907</ele>
        <time>2026-05-12T00:43:18.128Z</time>
      </trkpt>
      <trkpt lat="43.849604" lon="7.366522">
        <ele>470.676621</ele>
        <time>2026-05-12T00:43:18.447Z</time>
      </trkpt>
      <trkpt lat="43.849564" lon="7.366577">
        <ele>470.252419</ele>
        <time>2026-05-12T00:43:18.930Z</time>
      </trkpt>
      <trkpt lat="43.849597" lon="7.366702">
        <ele>469.529528</ele>
        <time>2026-05-12T00:43:19.757Z</time>
      </trkpt>
      <trkpt lat="43.849758" lon="7.367150">
        <ele>466.811233</ele>
        <time>2026-05-12T00:43:22.858Z</time>
      </trkpt>
      <trkpt lat="43.849985" lon="7.367509">
        <ele>464.218346</ele>
        <time>2026-05-12T00:43:25.818Z</time>
      </trkpt>
      <trkpt lat="43.849997" lon="7.367575">
        <ele>463.848708</ele>
        <time>2026-05-12T00:43:26.238Z</time>
      </trkpt>
      <trkpt lat="43.849973" lon="7.367614">
        <ele>463.570282</ele>
        <time>2026-05-12T00:43:26.555Z</time>
      </trkpt>
      <trkpt lat="43.849937" lon="7.367608">
        <ele>463.297234</ele>
        <time>2026-05-12T00:43:26.874Z</time>
      </trkpt>
      <trkpt lat="43.849698" lon="7.367299">
        <ele>460.836514</ele>
        <time>2026-05-12T00:43:29.807Z</time>
      </trkpt>
      <trkpt lat="43.849480" lon="7.366881">
        <ele>458.053006</ele>
        <time>2026-05-12T00:43:33.653Z</time>
      </trkpt>
      <trkpt lat="43.849288" lon="7.366446">
        <ele>456.195611</ele>
        <time>2026-05-12T00:43:39.033Z</time>
      </trkpt>
      <trkpt lat="43.849240" lon="7.366222">
        <ele>455.344571</ele>
        <time>2026-05-12T00:43:41.160Z</time>
      </trkpt>
      <trkpt lat="43.849225" lon="7.366020">
        <ele>454.605015</ele>
        <time>2026-05-12T00:43:42.789Z</time>
      </trkpt>
      <trkpt lat="43.849245" lon="7.365881">
        <ele>454.088812</ele>
        <time>2026-05-12T00:43:43.894Z</time>
      </trkpt>
      <trkpt lat="43.849297" lon="7.365731">
        <ele>453.482686</ele>
        <time>2026-05-12T00:43:45.115Z</time>
      </trkpt>
      <trkpt lat="43.849435" lon="7.365445">
        <ele>452.229460</ele>
        <time>2026-05-12T00:43:47.502Z</time>
      </trkpt>
      <trkpt lat="43.849464" lon="7.365308">
        <ele>451.709471</ele>
        <time>2026-05-12T00:43:48.455Z</time>
      </trkpt>
      <trkpt lat="43.849438" lon="7.365177">
        <ele>451.214644</ele>
        <time>2026-05-12T00:43:49.338Z</time>
      </trkpt>
      <trkpt lat="43.849378" lon="7.365105">
        <ele>450.813934</ele>
        <time>2026-05-12T00:43:50.028Z</time>
      </trkpt>
      <trkpt lat="43.849297" lon="7.365078">
        <ele>450.393228</ele>
        <time>2026-05-12T00:43:50.756Z</time>
      </trkpt>
      <trkpt lat="43.848755" lon="7.365181">
        <ele>446.912380</ele>
        <time>2026-05-12T00:43:55.458Z</time>
      </trkpt>
      <trkpt lat="43.848566" lon="7.365217">
        <ele>445.446054</ele>
        <time>2026-05-12T00:43:57.060Z</time>
      </trkpt>
      <trkpt lat="43.848391" lon="7.365186">
        <ele>444.090044</ele>
        <time>2026-05-12T00:43:58.539Z</time>
      </trkpt>
      <trkpt lat="43.848259" lon="7.365046">
        <ele>442.812710</ele>
        <time>2026-05-12T00:43:59.942Z</time>
      </trkpt>
      <trkpt lat="43.848076" lon="7.364543">
        <ele>439.689834</ele>
        <time>2026-05-12T00:44:03.485Z</time>
      </trkpt>
      <trkpt lat="43.848008" lon="7.364186">
        <ele>437.643088</ele>
        <time>2026-05-12T00:44:06.106Z</time>
      </trkpt>
      <trkpt lat="43.848001" lon="7.363790">
        <ele>435.447358</ele>
        <time>2026-05-12T00:44:09.580Z</time>
      </trkpt>
      <trkpt lat="43.848000" lon="7.363726">
        <ele>435.101219</ele>
        <time>2026-05-12T00:44:10.465Z</time>
      </trkpt>
      <trkpt lat="43.848002" lon="7.363471">
        <ele>433.825731</ele>
        <time>2026-05-12T00:44:12.864Z</time>
      </trkpt>
      <trkpt lat="43.848013" lon="7.363355">
        <ele>433.240550</ele>
        <time>2026-05-12T00:44:13.772Z</time>
      </trkpt>
      <trkpt lat="43.848085" lon="7.363163">
        <ele>432.158173</ele>
        <time>2026-05-12T00:44:15.372Z</time>
      </trkpt>
      <trkpt lat="43.848218" lon="7.362944">
        <ele>430.726177</ele>
        <time>2026-05-12T00:44:17.376Z</time>
      </trkpt>
      <trkpt lat="43.848232" lon="7.362828">
        <ele>430.137923</ele>
        <time>2026-05-12T00:44:18.161Z</time>
      </trkpt>
      <trkpt lat="43.848201" lon="7.362740">
        <ele>429.648079</ele>
        <time>2026-05-12T00:44:18.817Z</time>
      </trkpt>
      <trkpt lat="43.848101" lon="7.362700">
        <ele>428.926267</ele>
        <time>2026-05-12T00:44:19.753Z</time>
      </trkpt>
      <trkpt lat="43.847922" lon="7.362690">
        <ele>427.683837</ele>
        <time>2026-05-12T00:44:21.339Z</time>
      </trkpt>
      <trkpt lat="43.847811" lon="7.362655">
        <ele>426.894362</ele>
        <time>2026-05-12T00:44:22.327Z</time>
      </trkpt>
      <trkpt lat="43.847624" lon="7.362573">
        <ele>425.534151</ele>
        <time>2026-05-12T00:44:24.012Z</time>
      </trkpt>
      <trkpt lat="43.847496" lon="7.362432">
        <ele>424.400395</ele>
        <time>2026-05-12T00:44:25.407Z</time>
      </trkpt>
      <trkpt lat="43.847271" lon="7.361936">
        <ele>421.890838</ele>
        <time>2026-05-12T00:44:28.950Z</time>
      </trkpt>
      <trkpt lat="43.847218" lon="7.361628">
        <ele>420.846026</ele>
        <time>2026-05-12T00:44:30.890Z</time>
      </trkpt>
      <trkpt lat="43.847180" lon="7.361535">
        <ele>420.493332</ele>
        <time>2026-05-12T00:44:31.559Z</time>
      </trkpt>
      <trkpt lat="43.847056" lon="7.361411">
        <ele>419.793852</ele>
        <time>2026-05-12T00:44:32.937Z</time>
      </trkpt>
      <trkpt lat="43.846756" lon="7.361311">
        <ele>418.382173</ele>
        <time>2026-05-12T00:44:36.094Z</time>
      </trkpt>
      <trkpt lat="43.846698" lon="7.361255">
        <ele>418.058812</ele>
        <time>2026-05-12T00:44:36.887Z</time>
      </trkpt>
      <trkpt lat="43.846659" lon="7.361172">
        <ele>417.731942</ele>
        <time>2026-05-12T00:44:37.768Z</time>
      </trkpt>
      <trkpt lat="43.846515" lon="7.360472">
        <ele>415.330056</ele>
        <time>2026-05-12T00:44:45.611Z</time>
      </trkpt>
      <trkpt lat="43.846400" lon="7.360227">
        <ele>414.355396</ele>
        <time>2026-05-12T00:44:48.993Z</time>
      </trkpt>
      <trkpt lat="43.846245" lon="7.360017">
        <ele>413.275043</ele>
        <time>2026-05-12T00:44:52.049Z</time>
      </trkpt>
      <trkpt lat="43.846016" lon="7.359825">
        <ele>411.940934</ele>
        <time>2026-05-12T00:44:55.363Z</time>
      </trkpt>
      <trkpt lat="43.845636" lon="7.359600">
        <ele>409.881033</ele>
        <time>2026-05-12T00:44:59.397Z</time>
      </trkpt>
      <trkpt lat="43.845199" lon="7.359445">
        <ele>407.632320</ele>
        <time>2026-05-12T00:45:03.407Z</time>
      </trkpt>
      <trkpt lat="43.844928" lon="7.359453">
        <ele>406.281005</ele>
        <time>2026-05-12T00:45:05.764Z</time>
      </trkpt>
      <trkpt lat="43.844750" lon="7.359407">
        <ele>405.347934</ele>
        <time>2026-05-12T00:45:07.338Z</time>
      </trkpt>
      <trkpt lat="43.844597" lon="7.359317">
        <ele>404.330104</ele>
        <time>2026-05-12T00:45:08.785Z</time>
      </trkpt>
      <trkpt lat="43.844507" lon="7.359236">
        <ele>403.672999</ele>
        <time>2026-05-12T00:45:09.709Z</time>
      </trkpt>
      <trkpt lat="43.844428" lon="7.359111">
        <ele>402.938905</ele>
        <time>2026-05-12T00:45:10.757Z</time>
      </trkpt>
      <trkpt lat="43.844294" lon="7.358538">
        <ele>400.278313</ele>
        <time>2026-05-12T00:45:14.624Z</time>
      </trkpt>
      <trkpt lat="43.844199" lon="7.358390">
        <ele>399.403210</ele>
        <time>2026-05-12T00:45:15.939Z</time>
      </trkpt>
      <trkpt lat="43.843788" lon="7.358097">
        <ele>396.572975</ele>
        <time>2026-05-12T00:45:20.426Z</time>
      </trkpt>
      <trkpt lat="43.843596" lon="7.358046">
        <ele>395.375757</ele>
        <time>2026-05-12T00:45:22.386Z</time>
      </trkpt>
      <trkpt lat="43.843337" lon="7.358038">
        <ele>393.908523</ele>
        <time>2026-05-12T00:45:24.974Z</time>
      </trkpt>
      <trkpt lat="43.843194" lon="7.357998">
        <ele>393.165870</ele>
        <time>2026-05-12T00:45:26.440Z</time>
      </trkpt>
      <trkpt lat="43.842984" lon="7.357882">
        <ele>392.015081</ele>
        <time>2026-05-12T00:45:28.669Z</time>
      </trkpt>
      <trkpt lat="43.842397" lon="7.357246">
        <ele>388.222565</ele>
        <time>2026-05-12T00:45:35.703Z</time>
      </trkpt>
      <trkpt lat="43.842305" lon="7.357182">
        <ele>387.698564</ele>
        <time>2026-05-12T00:45:36.657Z</time>
      </trkpt>
      <trkpt lat="43.842019" lon="7.357068">
        <ele>386.183618</ele>
        <time>2026-05-12T00:45:39.392Z</time>
      </trkpt>
      <trkpt lat="43.841701" lon="7.356972">
        <ele>384.220110</ele>
        <time>2026-05-12T00:45:42.325Z</time>
      </trkpt>
      <trkpt lat="43.841180" lon="7.356609">
        <ele>380.131879</ele>
        <time>2026-05-12T00:45:47.529Z</time>
      </trkpt>
      <trkpt lat="43.840636" lon="7.356246">
        <ele>375.898930</ele>
        <time>2026-05-12T00:45:52.894Z</time>
      </trkpt>
      <trkpt lat="43.840546" lon="7.356160">
        <ele>375.132551</ele>
        <time>2026-05-12T00:45:53.863Z</time>
      </trkpt>
      <trkpt lat="43.840331" lon="7.355821">
        <ele>372.849699</ele>
        <time>2026-05-12T00:45:56.751Z</time>
      </trkpt>
      <trkpt lat="43.839724" lon="7.355671">
        <ele>370.087354</ele>
        <time>2026-05-12T00:46:02.518Z</time>
      </trkpt>
      <trkpt lat="43.839611" lon="7.355615">
        <ele>369.558457</ele>
        <time>2026-05-12T00:46:03.682Z</time>
      </trkpt>
      <trkpt lat="43.839321" lon="7.355318">
        <ele>367.969406</ele>
        <time>2026-05-12T00:46:07.222Z</time>
      </trkpt>
      <trkpt lat="43.839224" lon="7.355249">
        <ele>367.488900</ele>
        <time>2026-05-12T00:46:08.306Z</time>
      </trkpt>
      <trkpt lat="43.839044" lon="7.355227">
        <ele>366.692492</ele>
        <time>2026-05-12T00:46:10.124Z</time>
      </trkpt>
      <trkpt lat="43.838948" lon="7.355247">
        <ele>366.264632</ele>
        <time>2026-05-12T00:46:11.106Z</time>
      </trkpt>
      <trkpt lat="43.838003" lon="7.355479">
        <ele>362.088477</ele>
        <time>2026-05-12T00:46:20.918Z</time>
      </trkpt>
      <trkpt lat="43.837568" lon="7.355522">
        <ele>360.203651</ele>
        <time>2026-05-12T00:46:25.030Z</time>
      </trkpt>
      <trkpt lat="43.837442" lon="7.355471">
        <ele>359.636350</ele>
        <time>2026-05-12T00:46:26.296Z</time>
      </trkpt>
      <trkpt lat="43.837367" lon="7.355381">
        <ele>359.207640</ele>
        <time>2026-05-12T00:46:27.238Z</time>
      </trkpt>
      <trkpt lat="43.837342" lon="7.355278">
        <ele>358.868849</ele>
        <time>2026-05-12T00:46:27.943Z</time>
      </trkpt>
      <trkpt lat="43.837314" lon="7.355168">
        <ele>358.505202</ele>
        <time>2026-05-12T00:46:28.727Z</time>
      </trkpt>
      <trkpt lat="43.837284" lon="7.355185">
        <ele>358.365130</ele>
        <time>2026-05-12T00:46:29.013Z</time>
      </trkpt>
      <trkpt lat="43.837252" lon="7.355203">
        <ele>358.215877</ele>
        <time>2026-05-12T00:46:29.314Z</time>
      </trkpt>
      <trkpt lat="43.837202" lon="7.355205">
        <ele>357.999689</ele>
        <time>2026-05-12T00:46:29.784Z</time>
      </trkpt>
      <trkpt lat="43.836519" lon="7.355018">
        <ele>357.027056</ele>
        <time>2026-05-12T00:46:36.380Z</time>
      </trkpt>
      <trkpt lat="43.836394" lon="7.354942">
        <ele>357.026832</ele>
        <time>2026-05-12T00:46:37.790Z</time>
      </trkpt>
      <trkpt lat="43.836235" lon="7.354770">
        <ele>357.026502</ele>
        <time>2026-05-12T00:46:39.850Z</time>
      </trkpt>
      <trkpt lat="43.835518" lon="7.353450">
        <ele>357.573467</ele>
        <time>2026-05-12T00:47:14.012Z</time>
      </trkpt>
      <trkpt lat="43.835508" lon="7.353407">
        <ele>357.661634</ele>
        <time>2026-05-12T00:47:15.096Z</time>
      </trkpt>
      <trkpt lat="43.835401" lon="7.353267">
        <ele>358.059677</ele>
        <time>2026-05-12T00:47:20.034Z</time>
      </trkpt>
      <trkpt lat="43.835389" lon="7.353242">
        <ele>358.118278</ele>
        <time>2026-05-12T00:47:20.815Z</time>
      </trkpt>
      <trkpt lat="43.835345" lon="7.353225">
        <ele>358.241851</ele>
        <time>2026-05-12T00:47:22.526Z</time>
      </trkpt>
      <trkpt lat="43.835331" lon="7.353232">
        <ele>358.282115</ele>
        <time>2026-05-12T00:47:22.917Z</time>
      </trkpt>
      <trkpt lat="43.835203" lon="7.353251">
        <ele>358.630383</ele>
        <time>2026-05-12T00:47:26.908Z</time>
      </trkpt>
      <trkpt lat="43.835168" lon="7.353304">
        <ele>358.770609</ele>
        <time>2026-05-12T00:47:28.278Z</time>
      </trkpt>
      <trkpt lat="43.834508" lon="7.354107">
        <ele>361.146288</ele>
        <time>2026-05-12T00:47:52.451Z</time>
      </trkpt>
      <trkpt lat="43.834374" lon="7.354211">
        <ele>361.561755</ele>
        <time>2026-05-12T00:47:54.917Z</time>
      </trkpt>
      <trkpt lat="43.834130" lon="7.354334">
        <ele>362.499126</ele>
        <time>2026-05-12T00:47:57.646Z</time>
      </trkpt>
      <trkpt lat="43.834048" lon="7.354342">
        <ele>362.861512</ele>
        <time>2026-05-12T00:47:58.570Z</time>
      </trkpt>
      <trkpt lat="43.833888" lon="7.354254">
        <ele>363.620348</ele>
        <time>2026-05-12T00:48:00.845Z</time>
      </trkpt>
      <trkpt lat="43.833180" lon="7.353739">
        <ele>367.145100</ele>
        <time>2026-05-12T00:48:25.860Z</time>
      </trkpt>
      <trkpt lat="43.832860" lon="7.353486">
        <ele>368.769105</ele>
        <time>2026-05-12T00:48:42.714Z</time>
      </trkpt>
      <trkpt lat="43.832500" lon="7.352973">
        <ele>372.144402</ele>
        <time>2026-05-12T00:49:07.178Z</time>
      </trkpt>
      <trkpt lat="43.832099" lon="7.352441">
        <ele>376.787163</ele>
        <time>2026-05-12T00:49:36.239Z</time>
      </trkpt>
      <trkpt lat="43.831668" lon="7.352082">
        <ele>380.993051</ele>
        <time>2026-05-12T00:50:03.817Z</time>
      </trkpt>
      <trkpt lat="43.830916" lon="7.351456">
        <ele>387.809121</ele>
        <time>2026-05-12T00:50:39.996Z</time>
      </trkpt>
      <trkpt lat="43.830639" lon="7.351261">
        <ele>390.016962</ele>
        <time>2026-05-12T00:50:53.156Z</time>
      </trkpt>
      <trkpt lat="43.830245" lon="7.350983">
        <ele>393.158837</ele>
        <time>2026-05-12T00:51:12.461Z</time>
      </trkpt>
      <trkpt lat="43.829727" lon="7.350658">
        <ele>397.199599</ele>
        <time>2026-05-12T00:51:36.120Z</time>
      </trkpt>
      <trkpt lat="43.829519" lon="7.350587">
        <ele>398.642587</ele>
        <time>2026-05-12T00:51:45.507Z</time>
      </trkpt>
      <trkpt lat="43.828536" lon="7.350543">
        <ele>405.115920</ele>
        <time>2026-05-12T00:52:34.063Z</time>
      </trkpt>
      <trkpt lat="43.828196" lon="7.350635">
        <ele>407.395988</ele>
        <time>2026-05-12T00:52:48.154Z</time>
      </trkpt>
      <trkpt lat="43.827884" lon="7.350647">
        <ele>409.450316</ele>
        <time>2026-05-12T00:52:59.365Z</time>
      </trkpt>
      <trkpt lat="43.827299" lon="7.350602">
        <ele>408.758424</ele>
        <time>2026-05-12T00:53:10.075Z</time>
      </trkpt>
      <trkpt lat="43.826857" lon="7.350518">
        <ele>408.199446</ele>
        <time>2026-05-12T00:53:14.553Z</time>
      </trkpt>
      <trkpt lat="43.826692" lon="7.350439">
        <ele>407.980727</ele>
        <time>2026-05-12T00:53:16.366Z</time>
      </trkpt>
      <trkpt lat="43.826584" lon="7.350298">
        <ele>407.794838</ele>
        <time>2026-05-12T00:53:18.081Z</time>
      </trkpt>
      <trkpt lat="43.826559" lon="7.350199">
        <ele>407.700027</ele>
        <time>2026-05-12T00:53:19.092Z</time>
      </trkpt>
      <trkpt lat="43.826485" lon="7.350174">
        <ele>407.604596</ele>
        <time>2026-05-12T00:53:19.969Z</time>
      </trkpt>
      <trkpt lat="43.826443" lon="7.350214">
        <ele>407.540748</ele>
        <time>2026-05-12T00:53:20.480Z</time>
      </trkpt>
      <trkpt lat="43.826426" lon="7.350281">
        <ele>407.476550</ele>
        <time>2026-05-12T00:53:21.086Z</time>
      </trkpt>
      <trkpt lat="43.826305" lon="7.350389">
        <ele>407.296232</ele>
        <time>2026-05-12T00:53:22.572Z</time>
      </trkpt>
      <trkpt lat="43.826061" lon="7.350475">
        <ele>406.190782</ele>
        <time>2026-05-12T00:53:24.931Z</time>
      </trkpt>
      <trkpt lat="43.826245" lon="7.350455">
        <ele>405.232860</ele>
        <time>2026-05-12T00:53:26.627Z</time>
      </trkpt>
      <trkpt lat="43.826462" lon="7.350372">
        <ele>404.064501</ele>
        <time>2026-05-12T00:53:28.675Z</time>
      </trkpt>
      <trkpt lat="43.826516" lon="7.350390">
        <ele>403.776242</ele>
        <time>2026-05-12T00:53:29.178Z</time>
      </trkpt>
      <trkpt lat="43.826538" lon="7.350381">
        <ele>403.657189</ele>
        <time>2026-05-12T00:53:29.443Z</time>
      </trkpt>
      <trkpt lat="43.826584" lon="7.350298">
        <ele>403.265287</ele>
        <time>2026-05-12T00:53:30.157Z</time>
      </trkpt>
      <trkpt lat="43.826559" lon="7.350199">
        <ele>402.872539</ele>
        <time>2026-05-12T00:53:30.884Z</time>
      </trkpt>
      <trkpt lat="43.826485" lon="7.350174">
        <ele>402.477224</ele>
        <time>2026-05-12T00:53:31.625Z</time>
      </trkpt>
      <trkpt lat="43.826443" lon="7.350214">
        <ele>402.212741</ele>
        <time>2026-05-12T00:53:32.088Z</time>
      </trkpt>
      <trkpt lat="43.826426" lon="7.350281">
        <ele>401.946803</ele>
        <time>2026-05-12T00:53:32.623Z</time>
      </trkpt>
      <trkpt lat="43.826305" lon="7.350389">
        <ele>401.199855</ele>
        <time>2026-05-12T00:53:33.998Z</time>
      </trkpt>
      <trkpt lat="43.826061" lon="7.350475">
        <ele>399.893154</ele>
        <time>2026-05-12T00:53:36.459Z</time>
      </trkpt>
      <trkpt lat="43.825650" lon="7.350671">
        <ele>397.595003</ele>
        <time>2026-05-12T00:53:40.390Z</time>
      </trkpt>
      <trkpt lat="43.825616" lon="7.350686">
        <ele>397.379665</ele>
        <time>2026-05-12T00:53:40.692Z</time>
      </trkpt>
      <trkpt lat="43.825582" lon="7.350703">
        <ele>397.161528</ele>
        <time>2026-05-12T00:53:41.012Z</time>
      </trkpt>
      <trkpt lat="43.825037" lon="7.350977">
        <ele>393.662698</ele>
        <time>2026-05-12T00:53:46.193Z</time>
      </trkpt>
      <trkpt lat="43.824792" lon="7.351145">
        <ele>392.013042</ele>
        <time>2026-05-12T00:53:48.768Z</time>
      </trkpt>
      <trkpt lat="43.824701" lon="7.351263">
        <ele>391.260982</ele>
        <time>2026-05-12T00:53:49.942Z</time>
      </trkpt>
      <trkpt lat="43.824469" lon="7.351669">
        <ele>389.005884</ele>
        <time>2026-05-12T00:53:53.414Z</time>
      </trkpt>
      <trkpt lat="43.824380" lon="7.351799">
        <ele>388.225560</ele>
        <time>2026-05-12T00:53:54.624Z</time>
      </trkpt>
      <trkpt lat="43.824291" lon="7.351878">
        <ele>387.587731</ele>
        <time>2026-05-12T00:53:55.619Z</time>
      </trkpt>
      <trkpt lat="43.823831" lon="7.351960">
        <ele>383.805082</ele>
        <time>2026-05-12T00:53:59.930Z</time>
      </trkpt>
      <trkpt lat="43.823413" lon="7.351953">
        <ele>380.180851</ele>
        <time>2026-05-12T00:54:03.617Z</time>
      </trkpt>
      <trkpt lat="43.822957" lon="7.352138">
        <ele>376.061555</ele>
        <time>2026-05-12T00:54:07.722Z</time>
      </trkpt>
      <trkpt lat="43.822539" lon="7.352328">
        <ele>372.247686</ele>
        <time>2026-05-12T00:54:11.481Z</time>
      </trkpt>
      <trkpt lat="43.821852" lon="7.352892">
        <ele>364.424192</ele>
        <time>2026-05-12T00:54:18.284Z</time>
      </trkpt>
      <trkpt lat="43.821695" lon="7.352928">
        <ele>362.841529</ele>
        <time>2026-05-12T00:54:19.649Z</time>
      </trkpt>
      <trkpt lat="43.821340" lon="7.352868">
        <ele>359.284734</ele>
        <time>2026-05-12T00:54:22.736Z</time>
      </trkpt>
      <trkpt lat="43.821225" lon="7.352919">
        <ele>358.083883</ele>
        <time>2026-05-12T00:54:23.776Z</time>
      </trkpt>
      <trkpt lat="43.820864" lon="7.353368">
        <ele>353.351540</ele>
        <time>2026-05-12T00:54:27.996Z</time>
      </trkpt>
      <trkpt lat="43.820815" lon="7.353348">
        <ele>352.998834</ele>
        <time>2026-05-12T00:54:28.444Z</time>
      </trkpt>
      <trkpt lat="43.820811" lon="7.353309">
        <ele>352.802585</ele>
        <time>2026-05-12T00:54:28.688Z</time>
      </trkpt>
      <trkpt lat="43.821088" lon="7.352595">
        <ele>348.763879</ele>
        <time>2026-05-12T00:54:33.868Z</time>
      </trkpt>
      <trkpt lat="43.821081" lon="7.352541">
        <ele>348.490548</ele>
        <time>2026-05-12T00:54:34.224Z</time>
      </trkpt>
      <trkpt lat="43.821046" lon="7.352503">
        <ele>348.183556</ele>
        <time>2026-05-12T00:54:34.621Z</time>
      </trkpt>
      <trkpt lat="43.821012" lon="7.352510">
        <ele>347.946214</ele>
        <time>2026-05-12T00:54:34.933Z</time>
      </trkpt>
      <trkpt lat="43.820978" lon="7.352548">
        <ele>347.644627</ele>
        <time>2026-05-12T00:54:35.324Z</time>
      </trkpt>
      <trkpt lat="43.820781" lon="7.353008">
        <ele>344.979643</ele>
        <time>2026-05-12T00:54:38.826Z</time>
      </trkpt>
      <trkpt lat="43.820493" lon="7.353332">
        <ele>342.418385</ele>
        <time>2026-05-12T00:54:42.268Z</time>
      </trkpt>
      <trkpt lat="43.820378" lon="7.353560">
        <ele>341.045846</ele>
        <time>2026-05-12T00:54:44.147Z</time>
      </trkpt>
      <trkpt lat="43.820215" lon="7.353979">
        <ele>338.968724</ele>
        <time>2026-05-12T00:54:47.380Z</time>
      </trkpt>
      <trkpt lat="43.820187" lon="7.353995">
        <ele>338.785561</ele>
        <time>2026-05-12T00:54:47.666Z</time>
      </trkpt>
      <trkpt lat="43.820140" lon="7.353960">
        <ele>338.462889</ele>
        <time>2026-05-12T00:54:48.177Z</time>
      </trkpt>
      <trkpt lat="43.820132" lon="7.353878">
        <ele>338.101826</ele>
        <time>2026-05-12T00:54:48.741Z</time>
      </trkpt>
      <trkpt lat="43.820503" lon="7.352764">
        <ele>332.748064</ele>
        <time>2026-05-12T00:54:56.848Z</time>
      </trkpt>
      <trkpt lat="43.820569" lon="7.352104">
        <ele>329.756577</ele>
        <time>2026-05-12T00:55:01.189Z</time>
      </trkpt>
      <trkpt lat="43.820555" lon="7.352036">
        <ele>329.386550</ele>
        <time>2026-05-12T00:55:01.644Z</time>
      </trkpt>
      <trkpt lat="43.820495" lon="7.352007">
        <ele>328.925705</ele>
        <time>2026-05-12T00:55:02.219Z</time>
      </trkpt>
      <trkpt lat="43.820457" lon="7.352025">
        <ele>328.634462</ele>
        <time>2026-05-12T00:55:02.578Z</time>
      </trkpt>
      <trkpt lat="43.820338" lon="7.352544">
        <ele>325.784849</ele>
        <time>2026-05-12T00:55:06.096Z</time>
      </trkpt>
      <trkpt lat="43.820219" lon="7.352759">
        <ele>324.366915</ele>
        <time>2026-05-12T00:55:07.837Z</time>
      </trkpt>
      <trkpt lat="43.820147" lon="7.352843">
        <ele>323.684368</ele>
        <time>2026-05-12T00:55:08.667Z</time>
      </trkpt>
      <trkpt lat="43.819731" lon="7.353171">
        <ele>320.213324</ele>
        <time>2026-05-12T00:55:12.934Z</time>
      </trkpt>
      <trkpt lat="43.819317" lon="7.353560">
        <ele>316.485455</ele>
        <time>2026-05-12T00:55:17.456Z</time>
      </trkpt>
      <trkpt lat="43.819094" lon="7.353687">
        <ele>314.459288</ele>
        <time>2026-05-12T00:55:19.562Z</time>
      </trkpt>
      <trkpt lat="43.818893" lon="7.353758">
        <ele>312.716064</ele>
        <time>2026-05-12T00:55:21.379Z</time>
      </trkpt>
      <trkpt lat="43.818565" lon="7.353853">
        <ele>309.899972</ele>
        <time>2026-05-12T00:55:24.324Z</time>
      </trkpt>
      <trkpt lat="43.817920" lon="7.353912">
        <ele>304.467539</ele>
        <time>2026-05-12T00:55:29.987Z</time>
      </trkpt>
      <trkpt lat="43.817453" lon="7.353974">
        <ele>300.533199</ele>
        <time>2026-05-12T00:55:34.045Z</time>
      </trkpt>
      <trkpt lat="43.816484" lon="7.354406">
        <ele>292.023872</ele>
        <time>2026-05-12T00:55:42.952Z</time>
      </trkpt>
      <trkpt lat="43.815982" lon="7.354506">
        <ele>287.784188</ele>
        <time>2026-05-12T00:55:47.426Z</time>
      </trkpt>
      <trkpt lat="43.815187" lon="7.355120">
        <ele>281.677987</ele>
        <time>2026-05-12T00:55:55.625Z</time>
      </trkpt>
      <trkpt lat="43.814539" lon="7.355511">
        <ele>277.057743</ele>
        <time>2026-05-12T00:56:02.264Z</time>
      </trkpt>
      <trkpt lat="43.814371" lon="7.355664">
        <ele>275.743566</ele>
        <time>2026-05-12T00:56:04.104Z</time>
      </trkpt>
      <trkpt lat="43.814141" lon="7.355967">
        <ele>273.017808</ele>
        <time>2026-05-12T00:56:06.926Z</time>
      </trkpt>
      <trkpt lat="43.813771" lon="7.356242">
        <ele>269.182485</ele>
        <time>2026-05-12T00:56:10.604Z</time>
      </trkpt>
      <trkpt lat="43.813536" lon="7.356335">
        <ele>266.949970</ele>
        <time>2026-05-12T00:56:12.731Z</time>
      </trkpt>
      <trkpt lat="43.813296" lon="7.356415">
        <ele>264.695066</ele>
        <time>2026-05-12T00:56:14.860Z</time>
      </trkpt>
      <trkpt lat="43.812761" lon="7.356733">
        <ele>259.377323</ele>
        <time>2026-05-12T00:56:19.827Z</time>
      </trkpt>
      <trkpt lat="43.812545" lon="7.356808">
        <ele>257.366456</ele>
        <time>2026-05-12T00:56:21.718Z</time>
      </trkpt>
      <trkpt lat="43.811372" lon="7.356826">
        <ele>246.813044</ele>
        <time>2026-05-12T00:56:31.868Z</time>
      </trkpt>
      <trkpt lat="43.810892" lon="7.356986">
        <ele>242.498977</ele>
        <time>2026-05-12T00:56:36.271Z</time>
      </trkpt>
      <trkpt lat="43.810503" lon="7.357000">
        <ele>240.371762</ele>
        <time>2026-05-12T00:56:39.823Z</time>
      </trkpt>
      <trkpt lat="43.810235" lon="7.357128">
        <ele>238.822144</ele>
        <time>2026-05-12T00:56:42.461Z</time>
      </trkpt>
      <trkpt lat="43.809851" lon="7.357369">
        <ele>236.517722</ele>
        <time>2026-05-12T00:56:46.467Z</time>
      </trkpt>
      <trkpt lat="43.809711" lon="7.357388">
        <ele>235.748740</ele>
        <time>2026-05-12T00:56:47.836Z</time>
      </trkpt>
      <trkpt lat="43.809600" lon="7.357374">
        <ele>235.139442</ele>
        <time>2026-05-12T00:56:48.917Z</time>
      </trkpt>
      <trkpt lat="43.809185" lon="7.357192">
        <ele>232.753017</ele>
        <time>2026-05-12T00:56:53.097Z</time>
      </trkpt>
      <trkpt lat="43.808353" lon="7.357074">
        <ele>227.877727</ele>
        <time>2026-05-12T00:57:00.797Z</time>
      </trkpt>
      <trkpt lat="43.807749" lon="7.356967">
        <ele>224.328192</ele>
        <time>2026-05-12T00:57:06.339Z</time>
      </trkpt>
      <trkpt lat="43.807651" lon="7.356950">
        <ele>223.752464</ele>
        <time>2026-05-12T00:57:07.238Z</time>
      </trkpt>
      <trkpt lat="43.807505" lon="7.356921">
        <ele>222.892691</ele>
        <time>2026-05-12T00:57:08.577Z</time>
      </trkpt>
      <trkpt lat="43.807244" lon="7.356874">
        <ele>221.493357</ele>
        <time>2026-05-12T00:57:10.979Z</time>
      </trkpt>
      <trkpt lat="43.806764" lon="7.356782">
        <ele>219.042030</ele>
        <time>2026-05-12T00:57:15.522Z</time>
      </trkpt>
      <trkpt lat="43.806612" lon="7.356752">
        <ele>218.265337</ele>
        <time>2026-05-12T00:57:16.995Z</time>
      </trkpt>
      <trkpt lat="43.806316" lon="7.356667">
        <ele>216.736124</ele>
        <time>2026-05-12T00:57:19.869Z</time>
      </trkpt>
      <trkpt lat="43.805722" lon="7.356399">
        <ele>213.575936</ele>
        <time>2026-05-12T00:57:25.767Z</time>
      </trkpt>
      <trkpt lat="43.805112" lon="7.356178">
        <ele>211.399707</ele>
        <time>2026-05-12T00:57:31.887Z</time>
      </trkpt>
      <trkpt lat="43.804921" lon="7.356145">
        <ele>210.766978</ele>
        <time>2026-05-12T00:57:33.830Z</time>
      </trkpt>
      <trkpt lat="43.804015" lon="7.355995">
        <ele>207.767534</ele>
        <time>2026-05-12T00:57:43.289Z</time>
      </trkpt>
      <trkpt lat="43.803646" lon="7.355929">
        <ele>206.553776</ele>
        <time>2026-05-12T00:57:47.391Z</time>
      </trkpt>
      <trkpt lat="43.802921" lon="7.355758">
        <ele>204.163561</ele>
        <time>2026-05-12T00:57:55.151Z</time>
      </trkpt>
      <trkpt lat="43.802081" lon="7.355565">
        <ele>201.361181</ele>
        <time>2026-05-12T00:58:03.396Z</time>
      </trkpt>
      <trkpt lat="43.800735" lon="7.355127">
        <ele>195.614168</ele>
        <time>2026-05-12T00:58:16.695Z</time>
      </trkpt>
      <trkpt lat="43.800628" lon="7.355125">
        <ele>195.169372</ele>
        <time>2026-05-12T00:58:17.784Z</time>
      </trkpt>
      <trkpt lat="43.800295" lon="7.355228">
        <ele>193.822803</ele>
        <time>2026-05-12T00:58:21.182Z</time>
      </trkpt>
      <trkpt lat="43.800178" lon="7.355219">
        <ele>193.454289</ele>
        <time>2026-05-12T00:58:22.348Z</time>
      </trkpt>
      <trkpt lat="43.800113" lon="7.355190">
        <ele>193.239538</ele>
        <time>2026-05-12T00:58:23.008Z</time>
      </trkpt>
      <trkpt lat="43.799750" lon="7.354852">
        <ele>191.864110</ele>
        <time>2026-05-12T00:58:27.360Z</time>
      </trkpt>
      <trkpt lat="43.799632" lon="7.354783">
        <ele>191.461322</ele>
        <time>2026-05-12T00:58:28.660Z</time>
      </trkpt>
      <trkpt lat="43.799457" lon="7.354734">
        <ele>190.899847</ele>
        <time>2026-05-12T00:58:30.467Z</time>
      </trkpt>
      <trkpt lat="43.799119" lon="7.354835">
        <ele>189.812448</ele>
        <time>2026-05-12T00:58:34.074Z</time>
      </trkpt>
      <trkpt lat="43.798887" lon="7.354811">
        <ele>189.080813</ele>
        <time>2026-05-12T00:58:36.606Z</time>
      </trkpt>
      <trkpt lat="43.798345" lon="7.354597">
        <ele>187.501539</ele>
        <time>2026-05-12T00:58:42.401Z</time>
      </trkpt>
      <trkpt lat="43.797892" lon="7.354189">
        <ele>186.105986</ele>
        <time>2026-05-12T00:58:48.083Z</time>
      </trkpt>
      <trkpt lat="43.797625" lon="7.354054">
        <ele>185.371864</ele>
        <time>2026-05-12T00:58:51.104Z</time>
      </trkpt>
      <trkpt lat="43.796740" lon="7.354111">
        <ele>183.074187</ele>
        <time>2026-05-12T00:59:00.484Z</time>
      </trkpt>
      <trkpt lat="43.796475" lon="7.354100">
        <ele>182.379709</ele>
        <time>2026-05-12T00:59:03.294Z</time>
      </trkpt>
      <trkpt lat="43.794937" lon="7.353616">
        <ele>178.369707</ele>
        <time>2026-05-12T00:59:19.771Z</time>
      </trkpt>
      <trkpt lat="43.794508" lon="7.353453">
        <ele>177.385008</ele>
        <time>2026-05-12T00:59:24.278Z</time>
      </trkpt>
      <trkpt lat="43.794184" lon="7.353377">
        <ele>176.657596</ele>
        <time>2026-05-12T00:59:27.717Z</time>
      </trkpt>
      <trkpt lat="43.793906" lon="7.353200">
        <ele>175.980339</ele>
        <time>2026-05-12T00:59:31.044Z</time>
      </trkpt>
      <trkpt lat="43.793830" lon="7.353064">
        <ele>175.705521</ele>
        <time>2026-05-12T00:59:32.452Z</time>
      </trkpt>
      <trkpt lat="43.793816" lon="7.352981">
        <ele>175.569327</ele>
        <time>2026-05-12T00:59:33.176Z</time>
      </trkpt>
      <trkpt lat="43.793771" lon="7.352920">
        <ele>175.429962</ele>
        <time>2026-05-12T00:59:33.918Z</time>
      </trkpt>
      <trkpt lat="43.793710" lon="7.352902">
        <ele>175.291903</ele>
        <time>2026-05-12T00:59:34.665Z</time>
      </trkpt>
      <trkpt lat="43.793621" lon="7.352811">
        <ele>175.047997</ele>
        <time>2026-05-12T00:59:36.047Z</time>
      </trkpt>
      <trkpt lat="43.793574" lon="7.352735">
        <ele>174.933984</ele>
        <time>2026-05-12T00:59:36.948Z</time>
      </trkpt>
      <trkpt lat="43.793479" lon="7.352436">
        <ele>174.561809</ele>
        <time>2026-05-12T00:59:40.089Z</time>
      </trkpt>
      <trkpt lat="43.793335" lon="7.352148">
        <ele>174.162679</ele>
        <time>2026-05-12T00:59:44.027Z</time>
      </trkpt>
      <trkpt lat="43.793183" lon="7.351952">
        <ele>173.834943</ele>
        <time>2026-05-12T00:59:46.912Z</time>
      </trkpt>
      <trkpt lat="43.793074" lon="7.351859">
        <ele>173.632902</ele>
        <time>2026-05-12T00:59:48.598Z</time>
      </trkpt>
      <trkpt lat="43.792937" lon="7.351798">
        <ele>173.405786</ele>
        <time>2026-05-12T00:59:50.406Z</time>
      </trkpt>
      <trkpt lat="43.792385" lon="7.351665">
        <ele>172.521504</ele>
        <time>2026-05-12T00:59:56.526Z</time>
      </trkpt>
      <trkpt lat="43.791877" lon="7.351349">
        <ele>170.577553</ele>
        <time>2026-05-12T01:00:02.016Z</time>
      </trkpt>
      <trkpt lat="43.791067" lon="7.351074">
        <ele>166.797557</ele>
        <time>2026-05-12T01:00:09.916Z</time>
      </trkpt>
      <trkpt lat="43.790821" lon="7.350890">
        <ele>165.530407</ele>
        <time>2026-05-12T01:00:12.544Z</time>
      </trkpt>
      <trkpt lat="43.790600" lon="7.350632">
        <ele>164.220456</ele>
        <time>2026-05-12T01:00:15.263Z</time>
      </trkpt>
      <trkpt lat="43.790250" lon="7.350171">
        <ele>161.961176</ele>
        <time>2026-05-12T01:00:19.817Z</time>
      </trkpt>
      <trkpt lat="43.789941" lon="7.349420">
        <ele>159.034822</ele>
        <time>2026-05-12T01:00:25.728Z</time>
      </trkpt>
      <trkpt lat="43.789446" lon="7.348492">
        <ele>155.257242</ele>
        <time>2026-05-12T01:00:33.700Z</time>
      </trkpt>
      <trkpt lat="43.789323" lon="7.348316">
        <ele>154.643125</ele>
        <time>2026-05-12T01:00:35.429Z</time>
      </trkpt>
      <trkpt lat="43.789116" lon="7.348107">
        <ele>153.753575</ele>
        <time>2026-05-12T01:00:37.942Z</time>
      </trkpt>
      <trkpt lat="43.787796" lon="7.345981">
        <ele>146.943305</ele>
        <time>2026-05-12T01:00:58.541Z</time>
      </trkpt>
      <trkpt lat="43.787475" lon="7.345211">
        <ele>144.898688</ele>
        <time>2026-05-12T01:01:05.036Z</time>
      </trkpt>
      <trkpt lat="43.787429" lon="7.345115">
        <ele>144.633736</ele>
        <time>2026-05-12T01:01:05.857Z</time>
      </trkpt>
      <trkpt lat="43.787329" lon="7.344917">
        <ele>144.078078</ele>
        <time>2026-05-12T01:01:07.588Z</time>
      </trkpt>
      <trkpt lat="43.787135" lon="7.344532">
        <ele>143.133724</ele>
        <time>2026-05-12T01:01:11.112Z</time>
      </trkpt>
      <trkpt lat="43.786959" lon="7.344182">
        <ele>142.356906</ele>
        <time>2026-05-12T01:01:14.280Z</time>
      </trkpt>
      <trkpt lat="43.786882" lon="7.343971">
        <ele>141.926324</ele>
        <time>2026-05-12T01:01:15.997Z</time>
      </trkpt>
      <trkpt lat="43.786807" lon="7.343664">
        <ele>141.336064</ele>
        <time>2026-05-12T01:01:18.297Z</time>
      </trkpt>
      <trkpt lat="43.786769" lon="7.343564">
        <ele>141.130253</ele>
        <time>2026-05-12T01:01:19.126Z</time>
      </trkpt>
      <trkpt lat="43.786664" lon="7.343401">
        <ele>140.732396</ele>
        <time>2026-05-12T01:01:20.749Z</time>
      </trkpt>
      <trkpt lat="43.786392" lon="7.343155">
        <ele>139.912900</ele>
        <time>2026-05-12T01:01:24.325Z</time>
      </trkpt>
      <trkpt lat="43.785724" lon="7.342567">
        <ele>138.488904</ele>
        <time>2026-05-12T01:01:34.204Z</time>
      </trkpt>
      <trkpt lat="43.784618" lon="7.341582">
        <ele>136.761286</ele>
        <time>2026-05-12T01:01:49.660Z</time>
      </trkpt>
      <trkpt lat="43.784315" lon="7.341265">
        <ele>136.166090</ele>
        <time>2026-05-12T01:01:53.862Z</time>
      </trkpt>
      <trkpt lat="43.783930" lon="7.340722">
        <ele>135.301047</ele>
        <time>2026-05-12T01:01:59.924Z</time>
      </trkpt>
      <trkpt lat="43.783600" lon="7.340263">
        <ele>134.564775</ele>
        <time>2026-05-12T01:02:05.147Z</time>
      </trkpt>
      <trkpt lat="43.783415" lon="7.339994">
        <ele>134.142503</ele>
        <time>2026-05-12T01:02:08.219Z</time>
      </trkpt>
      <trkpt lat="43.783123" lon="7.339579">
        <ele>133.701260</ele>
        <time>2026-05-12T01:02:13.301Z</time>
      </trkpt>
      <trkpt lat="43.782837" lon="7.339320">
        <ele>133.433693</ele>
        <time>2026-05-12T01:02:18.641Z</time>
      </trkpt>
      <trkpt lat="43.782647" lon="7.339262">
        <ele>133.281345</ele>
        <time>2026-05-12T01:02:22.108Z</time>
      </trkpt>
      <trkpt lat="43.782409" lon="7.339207">
        <ele>133.092406</ele>
        <time>2026-05-12T01:02:25.903Z</time>
      </trkpt>
      <trkpt lat="43.782275" lon="7.339151">
        <ele>132.982807</ele>
        <time>2026-05-12T01:02:27.845Z</time>
      </trkpt>
      <trkpt lat="43.782218" lon="7.339087">
        <ele>132.925351</ele>
        <time>2026-05-12T01:02:28.777Z</time>
      </trkpt>
      <trkpt lat="43.781872" lon="7.338548">
        <ele>132.517606</ele>
        <time>2026-05-12T01:02:34.521Z</time>
      </trkpt>
      <trkpt lat="43.781590" lon="7.338108">
        <ele>131.645213</ele>
        <time>2026-05-12T01:02:39.191Z</time>
      </trkpt>
      <trkpt lat="43.781538" lon="7.337976">
        <ele>131.418143</ele>
        <time>2026-05-12T01:02:40.483Z</time>
      </trkpt>
      <trkpt lat="43.781515" lon="7.337795">
        <ele>131.140621</ele>
        <time>2026-05-12T01:02:41.978Z</time>
      </trkpt>
      <trkpt lat="43.781554" lon="7.337706">
        <ele>130.983408</ele>
        <time>2026-05-12T01:02:42.805Z</time>
      </trkpt>
      <trkpt lat="43.781561" lon="7.337659">
        <ele>130.910940</ele>
        <time>2026-05-12T01:02:43.183Z</time>
      </trkpt>
      <trkpt lat="43.781542" lon="7.337512">
        <ele>130.685432</ele>
        <time>2026-05-12T01:02:44.319Z</time>
      </trkpt>
      <trkpt lat="43.781511" lon="7.337450">
        <ele>130.571549</ele>
        <time>2026-05-12T01:02:44.883Z</time>
      </trkpt>
      <trkpt lat="43.781465" lon="7.337403">
        <ele>130.451992</ele>
        <time>2026-05-12T01:02:45.467Z</time>
      </trkpt>
      <trkpt lat="43.781355" lon="7.337376">
        <ele>130.218337</ele>
        <time>2026-05-12T01:02:46.607Z</time>
      </trkpt>
      <trkpt lat="43.781270" lon="7.337423">
        <ele>130.026912</ele>
        <time>2026-05-12T01:02:47.530Z</time>
      </trkpt>
      <trkpt lat="43.781210" lon="7.337532">
        <ele>129.819932</ele>
        <time>2026-05-12T01:02:48.544Z</time>
      </trkpt>
      <trkpt lat="43.781197" lon="7.337622">
        <ele>129.681332</ele>
        <time>2026-05-12T01:02:49.226Z</time>
      </trkpt>
      <trkpt lat="43.781203" lon="7.337692">
        <ele>129.574885</ele>
        <time>2026-05-12T01:02:49.753Z</time>
      </trkpt>
      <trkpt lat="43.781217" lon="7.337742">
        <ele>129.493902</ele>
        <time>2026-05-12T01:02:50.170Z</time>
      </trkpt>
      <trkpt lat="43.781131" lon="7.337828">
        <ele>129.272047</ele>
        <time>2026-05-12T01:02:51.291Z</time>
      </trkpt>
      <trkpt lat="43.781042" lon="7.337869">
        <ele>129.075873</ele>
        <time>2026-05-12T01:02:52.321Z</time>
      </trkpt>
      <trkpt lat="43.780776" lon="7.337857">
        <ele>128.581405</ele>
        <time>2026-05-12T01:02:55.364Z</time>
      </trkpt>
      <trkpt lat="43.780655" lon="7.337822">
        <ele>128.393742</ele>
        <time>2026-05-12T01:02:56.884Z</time>
      </trkpt>
      <trkpt lat="43.780422" lon="7.337838">
        <ele>128.039570</ele>
        <time>2026-05-12T01:02:59.951Z</time>
      </trkpt>
      <trkpt lat="43.779921" lon="7.337928">
        <ele>127.272589</ele>
        <time>2026-05-12T01:03:06.093Z</time>
      </trkpt>
      <trkpt lat="43.779046" lon="7.338001">
        <ele>125.965409</ele>
        <time>2026-05-12T01:03:15.856Z</time>
      </trkpt>
      <trkpt lat="43.777980" lon="7.338085">
        <ele>124.865012</ele>
        <time>2026-05-12T01:03:27.945Z</time>
      </trkpt>
      <trkpt lat="43.777541" lon="7.337982">
        <ele>124.406132</ele>
        <time>2026-05-12T01:03:33.310Z</time>
      </trkpt>
      <trkpt lat="43.777513" lon="7.337945">
        <ele>124.366248</ele>
        <time>2026-05-12T01:03:33.794Z</time>
      </trkpt>
      <trkpt lat="43.777458" lon="7.337948">
        <ele>124.309521</ele>
        <time>2026-05-12T01:03:34.551Z</time>
      </trkpt>
      <trkpt lat="43.777048" lon="7.337830">
        <ele>124.849150</ele>
        <time>2026-05-12T01:03:41.498Z</time>
      </trkpt>
      <trkpt lat="43.776494" lon="7.337660">
        <ele>126.266007</ele>
        <time>2026-05-12T01:03:57.000Z</time>
      </trkpt>
      <trkpt lat="43.776057" lon="7.337525">
        <ele>127.383990</ele>
        <time>2026-05-12T01:04:09.777Z</time>
      </trkpt>
      <trkpt lat="43.775773" lon="7.337376">
        <ele>128.142300</ele>
        <time>2026-05-12T01:04:18.372Z</time>
      </trkpt>
      <trkpt lat="43.775519" lon="7.337179">
        <ele>128.780529</ele>
        <time>2026-05-12T01:04:26.978Z</time>
      </trkpt>
      <trkpt lat="43.775315" lon="7.336969">
        <ele>129.155119</ele>
        <time>2026-05-12T01:04:34.407Z</time>
      </trkpt>
      <trkpt lat="43.773720" lon="7.335276">
        <ele>130.387990</ele>
        <time>2026-05-12T01:05:11.557Z</time>
      </trkpt>
      <trkpt lat="43.773566" lon="7.335083">
        <ele>130.043390</ele>
        <time>2026-05-12T01:05:13.819Z</time>
      </trkpt>
      <trkpt lat="43.773343" lon="7.334742">
        <ele>129.492215</ele>
        <time>2026-05-12T01:05:17.176Z</time>
      </trkpt>
      <trkpt lat="43.773167" lon="7.334399">
        <ele>128.988097</ele>
        <time>2026-05-12T01:05:20.172Z</time>
      </trkpt>
      <trkpt lat="43.772847" lon="7.333676">
        <ele>128.255566</ele>
        <time>2026-05-12T01:05:26.366Z</time>
      </trkpt>
      <trkpt lat="43.772727" lon="7.333469">
        <ele>128.197209</ele>
        <time>2026-05-12T01:05:28.460Z</time>
      </trkpt>
      <trkpt lat="43.772575" lon="7.333311">
        <ele>128.139348</ele>
        <time>2026-05-12T01:05:30.788Z</time>
      </trkpt>
      <trkpt lat="43.771983" lon="7.333045">
        <ele>127.949868</ele>
        <time>2026-05-12T01:05:45.631Z</time>
      </trkpt>
      <trkpt lat="43.771295" lon="7.333087">
        <ele>127.326159</ele>
        <time>2026-05-12T01:05:57.164Z</time>
      </trkpt>
      <trkpt lat="43.770996" lon="7.333033">
        <ele>126.026460</ele>
        <time>2026-05-12T01:06:00.402Z</time>
      </trkpt>
      <trkpt lat="43.770621" lon="7.332847">
        <ele>124.309539</ele>
        <time>2026-05-12T01:06:04.391Z</time>
      </trkpt>
      <trkpt lat="43.770440" lon="7.332744">
        <ele>123.466068</ele>
        <time>2026-05-12T01:06:06.256Z</time>
      </trkpt>
      <trkpt lat="43.770335" lon="7.332686">
        <ele>122.978808</ele>
        <time>2026-05-12T01:06:07.317Z</time>
      </trkpt>
      <trkpt lat="43.769993" lon="7.332495">
        <ele>121.389314</ele>
        <time>2026-05-12T01:06:10.642Z</time>
      </trkpt>
      <trkpt lat="43.769644" lon="7.332384">
        <ele>119.824770</ele>
        <time>2026-05-12T01:06:13.760Z</time>
      </trkpt>
      <trkpt lat="43.769253" lon="7.332230">
        <ele>117.859255</ele>
        <time>2026-05-12T01:06:17.499Z</time>
      </trkpt>
      <trkpt lat="43.769087" lon="7.332109">
        <ele>116.952222</ele>
        <time>2026-05-12T01:06:19.299Z</time>
      </trkpt>
      <trkpt lat="43.768832" lon="7.331806">
        <ele>115.327580</ele>
        <time>2026-05-12T01:06:22.572Z</time>
      </trkpt>
      <trkpt lat="43.768741" lon="7.331701">
        <ele>114.754860</ele>
        <time>2026-05-12T01:06:23.740Z</time>
      </trkpt>
      <trkpt lat="43.768546" lon="7.331503">
        <ele>113.585706</ele>
        <time>2026-05-12T01:06:26.073Z</time>
      </trkpt>
      <trkpt lat="43.768506" lon="7.331396">
        <ele>113.165008</ele>
        <time>2026-05-12T01:06:26.902Z</time>
      </trkpt>
      <trkpt lat="43.768422" lon="7.331366">
        <ele>112.745567</ele>
        <time>2026-05-12T01:06:27.738Z</time>
      </trkpt>
      <trkpt lat="43.768174" lon="7.331347">
        <ele>111.544621</ele>
        <time>2026-05-12T01:06:30.107Z</time>
      </trkpt>
      <trkpt lat="43.768075" lon="7.331307">
        <ele>111.236151</ele>
        <time>2026-05-12T01:06:31.101Z</time>
      </trkpt>
      <trkpt lat="43.767755" lon="7.331058">
        <ele>110.682929</ele>
        <time>2026-05-12T01:06:34.863Z</time>
      </trkpt>
      <trkpt lat="43.767536" lon="7.330879">
        <ele>110.299650</ele>
        <time>2026-05-12T01:06:37.659Z</time>
      </trkpt>
      <trkpt lat="43.766519" lon="7.330090">
        <ele>108.712312</ele>
        <time>2026-05-12T01:06:52.453Z</time>
      </trkpt>
      <trkpt lat="43.766037" lon="7.329719">
        <ele>109.932512</ele>
        <time>2026-05-12T01:07:02.622Z</time>
      </trkpt>
      <trkpt lat="43.765970" lon="7.329667">
        <ele>110.102460</ele>
        <time>2026-05-12T01:07:03.968Z</time>
      </trkpt>
      <trkpt lat="43.765559" lon="7.329332">
        <ele>111.157723</ele>
        <time>2026-05-12T01:07:17.277Z</time>
      </trkpt>
      <trkpt lat="43.765468" lon="7.329251">
        <ele>111.397089</ele>
        <time>2026-05-12T01:07:20.720Z</time>
      </trkpt>
      <trkpt lat="43.765357" lon="7.329141">
        <ele>111.699114</ele>
        <time>2026-05-12T01:07:24.975Z</time>
      </trkpt>
      <trkpt lat="43.765288" lon="7.328996">
        <ele>111.976595</ele>
        <time>2026-05-12T01:07:28.788Z</time>
      </trkpt>
      <trkpt lat="43.765208" lon="7.328798">
        <ele>112.339140</ele>
        <time>2026-05-12T01:07:33.713Z</time>
      </trkpt>
      <trkpt lat="43.765170" lon="7.328723">
        <ele>112.485540</ele>
        <time>2026-05-12T01:07:35.629Z</time>
      </trkpt>
      <trkpt lat="43.765106" lon="7.328697">
        <ele>112.602460</ele>
        <time>2026-05-12T01:07:37.620Z</time>
      </trkpt>
      <trkpt lat="43.765006" lon="7.328618">
        <ele>112.670763</ele>
        <time>2026-05-12T01:07:40.975Z</time>
      </trkpt>
      <trkpt lat="43.764930" lon="7.328522">
        <ele>112.731794</ele>
        <time>2026-05-12T01:07:43.816Z</time>
      </trkpt>
      <trkpt lat="43.764780" lon="7.328074">
        <ele>112.943366</ele>
        <time>2026-05-12T01:07:52.887Z</time>
      </trkpt>
      <trkpt lat="43.764460" lon="7.326465">
        <ele>113.658019</ele>
        <time>2026-05-12T01:08:09.472Z</time>
      </trkpt>
      <trkpt lat="43.764434" lon="7.326154">
        <ele>113.265973</ele>
        <time>2026-05-12T01:08:11.746Z</time>
      </trkpt>
      <trkpt lat="43.764447" lon="7.325549">
        <ele>112.508034</ele>
        <time>2026-05-12T01:08:16.399Z</time>
      </trkpt>
      <trkpt lat="43.764489" lon="7.325157">
        <ele>112.011785</ele>
        <time>2026-05-12T01:08:19.521Z</time>
      </trkpt>
      <trkpt lat="43.764505" lon="7.325147">
        <ele>111.981347</ele>
        <time>2026-05-12T01:08:19.708Z</time>
      </trkpt>
      <trkpt lat="43.764547" lon="7.325100">
        <ele>111.887712</ele>
        <time>2026-05-12T01:08:20.266Z</time>
      </trkpt>
      <trkpt lat="43.764565" lon="7.325037">
        <ele>111.802871</ele>
        <time>2026-05-12T01:08:20.799Z</time>
      </trkpt>
      <trkpt lat="43.764540" lon="7.324914">
        <ele>111.642863</ele>
        <time>2026-05-12T01:08:21.836Z</time>
      </trkpt>
      <trkpt lat="43.764487" lon="7.324592">
        <ele>111.229303</ele>
        <time>2026-05-12T01:08:24.490Z</time>
      </trkpt>
      <trkpt lat="43.764510" lon="7.323639">
        <ele>110.762181</ele>
        <time>2026-05-12T01:08:32.285Z</time>
      </trkpt>
      <trkpt lat="43.764495" lon="7.323422">
        <ele>110.882684</ele>
        <time>2026-05-12T01:08:35.049Z</time>
      </trkpt>
      <trkpt lat="43.764460" lon="7.323186">
        <ele>111.015863</ele>
        <time>2026-05-12T01:08:38.321Z</time>
      </trkpt>
      <trkpt lat="43.764355" lon="7.322785">
        <ele>111.251651</ele>
        <time>2026-05-12T01:08:43.937Z</time>
      </trkpt>
      <trkpt lat="43.764228" lon="7.322471">
        <ele>111.450593</ele>
        <time>2026-05-12T01:08:49.474Z</time>
      </trkpt>
      <trkpt lat="43.764123" lon="7.322325">
        <ele>111.564491</ele>
        <time>2026-05-12T01:08:53.032Z</time>
      </trkpt>
      <trkpt lat="43.763950" lon="7.322207">
        <ele>111.712105</ele>
        <time>2026-05-12T01:08:57.794Z</time>
      </trkpt>
      <trkpt lat="43.762972" lon="7.321872">
        <ele>110.639694</ele>
        <time>2026-05-12T01:09:19.142Z</time>
      </trkpt>
      <trkpt lat="43.762299" lon="7.321455">
        <ele>109.368959</ele>
        <time>2026-05-12T01:09:26.896Z</time>
      </trkpt>
      <trkpt lat="43.761956" lon="7.321116">
        <ele>108.231925</ele>
        <time>2026-05-12T01:09:30.746Z</time>
      </trkpt>
      <trkpt lat="43.761899" lon="7.321062">
        <ele>107.831466</ele>
        <time>2026-05-12T01:09:31.362Z</time>
      </trkpt>
      <trkpt lat="43.761636" lon="7.320783">
        <ele>105.910395</ele>
        <time>2026-05-12T01:09:34.335Z</time>
      </trkpt>
      <trkpt lat="43.761451" lon="7.320524">
        <ele>104.384940</ele>
        <time>2026-05-12T01:09:36.702Z</time>
      </trkpt>
      <trkpt lat="43.761259" lon="7.320453">
        <ele>103.232650</ele>
        <time>2026-05-12T01:09:38.497Z</time>
      </trkpt>
      <trkpt lat="43.761224" lon="7.320417">
        <ele>102.979842</ele>
        <time>2026-05-12T01:09:38.883Z</time>
      </trkpt>
      <trkpt lat="43.760801" lon="7.319948">
        <ele>99.837705</ele>
        <time>2026-05-12T01:09:43.807Z</time>
      </trkpt>
      <trkpt lat="43.760568" lon="7.319737">
        <ele>98.312116</ele>
        <time>2026-05-12T01:09:46.558Z</time>
      </trkpt>
      <trkpt lat="43.760446" lon="7.319689">
        <ele>97.974659</ele>
        <time>2026-05-12T01:09:47.896Z</time>
      </trkpt>
      <trkpt lat="43.760206" lon="7.319740">
        <ele>97.328614</ele>
        <time>2026-05-12T01:09:50.368Z</time>
      </trkpt>
      <trkpt lat="43.760055" lon="7.319697">
        <ele>96.918438</ele>
        <time>2026-05-12T01:09:51.926Z</time>
      </trkpt>
      <trkpt lat="43.760038" lon="7.319679">
        <ele>96.861496</ele>
        <time>2026-05-12T01:09:52.143Z</time>
      </trkpt>
      <trkpt lat="43.759979" lon="7.319699">
        <ele>96.699878</ele>
        <time>2026-05-12T01:09:52.760Z</time>
      </trkpt>
      <trkpt lat="43.759970" lon="7.319726">
        <ele>96.642733</ele>
        <time>2026-05-12T01:09:52.988Z</time>
      </trkpt>
      <trkpt lat="43.759846" lon="7.319875">
        <ele>96.205884</ele>
        <time>2026-05-12T01:09:54.675Z</time>
      </trkpt>
      <trkpt lat="43.758941" lon="7.320293">
        <ele>93.667499</ele>
        <time>2026-05-12T01:10:05.141Z</time>
      </trkpt>
      <trkpt lat="43.758677" lon="7.320379">
        <ele>93.282644</ele>
        <time>2026-05-12T01:10:08.219Z</time>
      </trkpt>
      <trkpt lat="43.757149" lon="7.320612">
        <ele>91.292799</ele>
        <time>2026-05-12T01:10:26.479Z</time>
      </trkpt>
      <trkpt lat="43.756691" lon="7.320594">
        <ele>90.875556</ele>
        <time>2026-05-12T01:10:32.186Z</time>
      </trkpt>
      <trkpt lat="43.755349" lon="7.320417">
        <ele>89.665366</ele>
        <time>2026-05-12T01:10:49.277Z</time>
      </trkpt>
      <trkpt lat="43.754989" lon="7.320325">
        <ele>89.210579</ele>
        <time>2026-05-12T01:10:53.653Z</time>
      </trkpt>
      <trkpt lat="43.754953" lon="7.320238">
        <ele>89.120100</ele>
        <time>2026-05-12T01:10:54.480Z</time>
      </trkpt>
      <trkpt lat="43.754889" lon="7.320260">
        <ele>89.037715</ele>
        <time>2026-05-12T01:10:55.256Z</time>
      </trkpt>
      <trkpt lat="43.754875" lon="7.320309">
        <ele>88.990163</ele>
        <time>2026-05-12T01:10:55.736Z</time>
      </trkpt>
      <trkpt lat="43.754449" lon="7.320293">
        <ele>88.457751</ele>
        <time>2026-05-12T01:11:00.696Z</time>
      </trkpt>
      <trkpt lat="43.754114" lon="7.320402">
        <ele>88.027821</ele>
        <time>2026-05-12T01:11:04.682Z</time>
      </trkpt>
      <trkpt lat="43.753786" lon="7.320614">
        <ele>87.575582</ele>
        <time>2026-05-12T01:11:08.858Z</time>
      </trkpt>
      <trkpt lat="43.753715" lon="7.320656">
        <ele>87.479121</ele>
        <time>2026-05-12T01:11:09.762Z</time>
      </trkpt>
      <trkpt lat="43.753413" lon="7.320803">
        <ele>87.321563</ele>
        <time>2026-05-12T01:11:13.568Z</time>
      </trkpt>
      <trkpt lat="43.753081" lon="7.320893">
        <ele>87.206997</ele>
        <time>2026-05-12T01:11:17.857Z</time>
      </trkpt>
      <trkpt lat="43.752821" lon="7.320909">
        <ele>87.118861</ele>
        <time>2026-05-12T01:11:21.410Z</time>
      </trkpt>
      <trkpt lat="43.752540" lon="7.320849">
        <ele>87.022576</ele>
        <time>2026-05-12T01:11:25.462Z</time>
      </trkpt>
      <trkpt lat="43.751796" lon="7.320483">
        <ele>86.825951</ele>
        <time>2026-05-12T01:11:38.088Z</time>
      </trkpt>
      <trkpt lat="43.751472" lon="7.320318">
        <ele>86.883574</ele>
        <time>2026-05-12T01:11:43.759Z</time>
      </trkpt>
      <trkpt lat="43.751026" lon="7.319924">
        <ele>86.971884</ele>
        <time>2026-05-12T01:11:52.175Z</time>
      </trkpt>
      <trkpt lat="43.750860" lon="7.319873">
        <ele>87.000266</ele>
        <time>2026-05-12T01:11:54.743Z</time>
      </trkpt>
      <trkpt lat="43.750220" lon="7.319849">
        <ele>87.170556</ele>
        <time>2026-05-12T01:12:04.217Z</time>
      </trkpt>
      <trkpt lat="43.749650" lon="7.320130">
        <ele>88.753324</ele>
        <time>2026-05-12T01:12:12.813Z</time>
      </trkpt>
      <trkpt lat="43.749512" lon="7.320201">
        <ele>89.138438</ele>
        <time>2026-05-12T01:12:15.881Z</time>
      </trkpt>
      <trkpt lat="43.749260" lon="7.320336">
        <ele>89.845275</ele>
        <time>2026-05-12T01:12:23.278Z</time>
      </trkpt>
      <trkpt lat="43.749004" lon="7.320474">
        <ele>90.563919</ele>
        <time>2026-05-12T01:12:32.702Z</time>
      </trkpt>
      <trkpt lat="43.748877" lon="7.320561">
        <ele>90.934585</ele>
        <time>2026-05-12T01:12:38.001Z</time>
      </trkpt>
      <trkpt lat="43.748722" lon="7.320663">
        <ele>91.383526</ele>
        <time>2026-05-12T01:12:44.830Z</time>
      </trkpt>
      <trkpt lat="43.748195" lon="7.321005">
        <ele>92.590994</ele>
        <time>2026-05-12T01:13:04.204Z</time>
      </trkpt>
      <trkpt lat="43.748108" lon="7.321036">
        <ele>92.758577</ele>
        <time>2026-05-12T01:13:06.800Z</time>
      </trkpt>
      <trkpt lat="43.747931" lon="7.321037">
        <ele>93.088762</ele>
        <time>2026-05-12T01:13:11.640Z</time>
      </trkpt>
      <trkpt lat="43.747812" lon="7.320984">
        <ele>93.321955</ele>
        <time>2026-05-12T01:13:15.199Z</time>
      </trkpt>
      <trkpt lat="43.747692" lon="7.320880">
        <ele>93.586059</ele>
        <time>2026-05-12T01:13:19.139Z</time>
      </trkpt>
      <trkpt lat="43.747310" lon="7.320368">
        <ele>94.577945</ele>
        <time>2026-05-12T01:13:29.151Z</time>
      </trkpt>
      <trkpt lat="43.747113" lon="7.320207">
        <ele>95.004701</ele>
        <time>2026-05-12T01:13:31.784Z</time>
      </trkpt>
      <trkpt lat="43.746624" lon="7.319959">
        <ele>94.414822</ele>
        <time>2026-05-12T01:13:37.104Z</time>
      </trkpt>
      <trkpt lat="43.746314" lon="7.319762">
        <ele>93.829281</ele>
        <time>2026-05-12T01:13:40.862Z</time>
      </trkpt>
      <trkpt lat="43.746083" lon="7.319483">
        <ele>93.303027</ele>
        <time>2026-05-12T01:13:44.632Z</time>
      </trkpt>
      <trkpt lat="43.745910" lon="7.319133">
        <ele>92.777124</ele>
        <time>2026-05-12T01:13:48.239Z</time>
      </trkpt>
      <trkpt lat="43.745843" lon="7.318906">
        <ele>92.473034</ele>
        <time>2026-05-12T01:13:50.197Z</time>
      </trkpt>
      <trkpt lat="43.745794" lon="7.318582">
        <ele>92.057626</ele>
        <time>2026-05-12T01:13:52.810Z</time>
      </trkpt>
      <trkpt lat="43.745776" lon="7.318080">
        <ele>91.198869</ele>
        <time>2026-05-12T01:13:56.791Z</time>
      </trkpt>
      <trkpt lat="43.745734" lon="7.317931">
        <ele>90.925599</ele>
        <time>2026-05-12T01:13:58.073Z</time>
      </trkpt>
      <trkpt lat="43.745646" lon="7.317788">
        <ele>90.604645</ele>
        <time>2026-05-12T01:13:59.559Z</time>
      </trkpt>
      <trkpt lat="43.745509" lon="7.317570">
        <ele>90.110965</ele>
        <time>2026-05-12T01:14:01.796Z</time>
      </trkpt>
      <trkpt lat="43.745477" lon="7.317466">
        <ele>89.917828</ele>
        <time>2026-05-12T01:14:02.654Z</time>
      </trkpt>
      <trkpt lat="43.745441" lon="7.317047">
        <ele>89.196889</ele>
        <time>2026-05-12T01:14:05.820Z</time>
      </trkpt>
      <trkpt lat="43.745421" lon="7.316461">
        <ele>88.194545</ele>
        <time>2026-05-12T01:14:10.220Z</time>
      </trkpt>
      <trkpt lat="43.745498" lon="7.315974">
        <ele>87.360623</ele>
        <time>2026-05-12T01:14:14.050Z</time>
      </trkpt>
      <trkpt lat="43.745438" lon="7.315706">
        <ele>86.899111</ele>
        <time>2026-05-12T01:14:16.254Z</time>
      </trkpt>
      <trkpt lat="43.745312" lon="7.315488">
        <ele>86.439883</ele>
        <time>2026-05-12T01:14:18.336Z</time>
      </trkpt>
      <trkpt lat="43.744949" lon="7.315098">
        <ele>85.393620</ele>
        <time>2026-05-12T01:14:22.949Z</time>
      </trkpt>
      <trkpt lat="43.744680" lon="7.314763">
        <ele>84.569733</ele>
        <time>2026-05-12T01:14:26.760Z</time>
      </trkpt>
      <trkpt lat="43.744573" lon="7.314531">
        <ele>84.116977</ele>
        <time>2026-05-12T01:14:29.062Z</time>
      </trkpt>
      <trkpt lat="43.744570" lon="7.314464">
        <ele>84.006557</ele>
        <time>2026-05-12T01:14:29.678Z</time>
      </trkpt>
      <trkpt lat="43.744532" lon="7.314401">
        <ele>83.871556</ele>
        <time>2026-05-12T01:14:30.410Z</time>
      </trkpt>
      <trkpt lat="43.744483" lon="7.314385">
        <ele>83.756925</ele>
        <time>2026-05-12T01:14:31.037Z</time>
      </trkpt>
      <trkpt lat="43.744435" lon="7.314409">
        <ele>83.761537</ele>
        <time>2026-05-12T01:14:31.759Z</time>
      </trkpt>
      <trkpt lat="43.744324" lon="7.314407">
        <ele>83.865841</ele>
        <time>2026-05-12T01:14:33.215Z</time>
      </trkpt>
      <trkpt lat="43.744053" lon="7.314203">
        <ele>84.155688</ele>
        <time>2026-05-12T01:14:37.798Z</time>
      </trkpt>
      <trkpt lat="43.743949" lon="7.314413">
        <ele>84.328512</ele>
        <time>2026-05-12T01:14:40.798Z</time>
      </trkpt>
      <trkpt lat="43.743937" lon="7.314458">
        <ele>84.361073</ele>
        <time>2026-05-12T01:14:41.368Z</time>
      </trkpt>
      <trkpt lat="43.743867" lon="7.314682">
        <ele>84.526739</ele>
        <time>2026-05-12T01:14:44.019Z</time>
      </trkpt>
      <trkpt lat="43.743842" lon="7.314873">
        <ele>84.658500</ele>
        <time>2026-05-12T01:14:46.893Z</time>
      </trkpt>
      <trkpt lat="43.743852" lon="7.315082">
        <ele>84.800679</ele>
        <time>2026-05-12T01:14:50.745Z</time>
      </trkpt>
      <trkpt lat="43.743952" lon="7.315658">
        <ele>85.202797</ele>
        <time>2026-05-12T01:15:02.255Z</time>
      </trkpt>
      <trkpt lat="43.743916" lon="7.315983">
        <ele>85.429161</ele>
        <time>2026-05-12T01:15:07.605Z</time>
      </trkpt>
      <trkpt lat="43.743889" lon="7.316138">
        <ele>85.572667</ele>
        <time>2026-05-12T01:15:09.833Z</time>
      </trkpt>
      <trkpt lat="43.743873" lon="7.316560">
        <ele>85.953012</ele>
        <time>2026-05-12T01:15:15.659Z</time>
      </trkpt>
      <trkpt lat="43.743893" lon="7.316956">
        <ele>86.310302</ele>
        <time>2026-05-12T01:15:20.860Z</time>
      </trkpt>
      <trkpt lat="43.743965" lon="7.317248">
        <ele>86.588003</ele>
        <time>2026-05-12T01:15:24.748Z</time>
      </trkpt>
      <trkpt lat="43.744006" lon="7.317480">
        <ele>86.802971</ele>
        <time>2026-05-12T01:15:27.931Z</time>
      </trkpt>
      <trkpt lat="43.743997" lon="7.317680">
        <ele>86.983330</ele>
        <time>2026-05-12T01:15:30.855Z</time>
      </trkpt>
      <trkpt lat="43.743906" lon="7.317833">
        <ele>87.161702</ele>
        <time>2026-05-12T01:15:33.806Z</time>
      </trkpt>
      <trkpt lat="43.743836" lon="7.317789">
        <ele>87.257483</ele>
        <time>2026-05-12T01:15:35.321Z</time>
      </trkpt>
      <trkpt lat="43.743787" lon="7.317810">
        <ele>87.321388</ele>
        <time>2026-05-12T01:15:36.232Z</time>
      </trkpt>
      <trkpt lat="43.743749" lon="7.317877">
        <ele>87.398055</ele>
        <time>2026-05-12T01:15:37.304Z</time>
      </trkpt>
      <trkpt lat="43.743752" lon="7.317962">
        <ele>87.474651</ele>
        <time>2026-05-12T01:15:38.410Z</time>
      </trkpt>
      <trkpt lat="43.743792" lon="7.318025">
        <ele>87.550141</ele>
        <time>2026-05-12T01:15:39.450Z</time>
      </trkpt>
      <trkpt lat="43.743853" lon="7.318039">
        <ele>87.627175</ele>
        <time>2026-05-12T01:15:40.560Z</time>
      </trkpt>
      <trkpt lat="43.744138" lon="7.318874">
        <ele>88.989526</ele>
        <time>2026-05-12T01:15:54.707Z</time>
      </trkpt>
      <trkpt lat="43.744397" lon="7.319604">
        <ele>90.206734</ele>
        <time>2026-05-12T01:16:08.581Z</time>
      </trkpt>
      <trkpt lat="43.744446" lon="7.319806">
        <ele>90.525647</ele>
        <time>2026-05-12T01:16:12.338Z</time>
      </trkpt>
      <trkpt lat="43.744444" lon="7.319822">
        <ele>90.549949</ele>
        <time>2026-05-12T01:16:12.633Z</time>
      </trkpt>
      <trkpt lat="43.744461" lon="7.319874">
        <ele>90.635373</ele>
        <time>2026-05-12T01:16:13.639Z</time>
      </trkpt>
      <trkpt lat="43.744478" lon="7.319886">
        <ele>90.674907</ele>
        <time>2026-05-12T01:16:14.082Z</time>
      </trkpt>
      <trkpt lat="43.744583" lon="7.320069">
        <ele>91.024668</ele>
        <time>2026-05-12T01:16:18.265Z</time>
      </trkpt>
      <trkpt lat="43.744759" lon="7.320499">
        <ele>92.154348</ele>
        <time>2026-05-12T01:16:27.584Z</time>
      </trkpt>
      <trkpt lat="43.745077" lon="7.321315">
        <ele>94.962317</ele>
        <time>2026-05-12T01:16:45.940Z</time>
      </trkpt>
      <trkpt lat="43.745152" lon="7.321668">
        <ele>96.076680</ele>
        <time>2026-05-12T01:16:54.175Z</time>
      </trkpt>
      <trkpt lat="43.745176" lon="7.321966">
        <ele>96.984786</ele>
        <time>2026-05-12T01:17:01.441Z</time>
      </trkpt>
      <trkpt lat="43.745159" lon="7.322385">
        <ele>98.255757</ele>
        <time>2026-05-12T01:17:12.321Z</time>
      </trkpt>
      <trkpt lat="43.745039" lon="7.323097">
        <ele>100.775494</ele>
        <time>2026-05-12T01:17:35.030Z</time>
      </trkpt>
      <trkpt lat="43.745021" lon="7.323201">
        <ele>101.163365</ele>
        <time>2026-05-12T01:17:38.267Z</time>
      </trkpt>
      <trkpt lat="43.744979" lon="7.323389">
        <ele>101.877080</ele>
        <time>2026-05-12T01:17:43.886Z</time>
      </trkpt>
      <trkpt lat="43.744960" lon="7.323434">
        <ele>102.066121</ele>
        <time>2026-05-12T01:17:45.364Z</time>
      </trkpt>
      <trkpt lat="43.744969" lon="7.323507">
        <ele>102.334712</ele>
        <time>2026-05-12T01:17:47.177Z</time>
      </trkpt>
      <trkpt lat="43.744960" lon="7.323660">
        <ele>102.891464</ele>
        <time>2026-05-12T01:17:50.775Z</time>
      </trkpt>
      <trkpt lat="43.744973" lon="7.323836">
        <ele>103.533125</ele>
        <time>2026-05-12T01:17:54.509Z</time>
      </trkpt>
      <trkpt lat="43.744974" lon="7.324080">
        <ele>104.418102</ele>
        <time>2026-05-12T01:17:59.329Z</time>
      </trkpt>
      <trkpt lat="43.745014" lon="7.324319">
        <ele>105.307887</ele>
        <time>2026-05-12T01:18:03.755Z</time>
      </trkpt>
      <trkpt lat="43.745065" lon="7.324470">
        <ele>105.912445</ele>
        <time>2026-05-12T01:18:07.250Z</time>
      </trkpt>
      <trkpt lat="43.745183" lon="7.324720">
        <ele>106.995541</ele>
        <time>2026-05-12T01:18:15.111Z</time>
      </trkpt>
      <trkpt lat="43.745336" lon="7.324962">
        <ele>108.092939</ele>
        <time>2026-05-12T01:18:24.798Z</time>
      </trkpt>
      <trkpt lat="43.745593" lon="7.325294">
        <ele>109.273342</ele>
        <time>2026-05-12T01:18:38.316Z</time>
      </trkpt>
      <trkpt lat="43.745651" lon="7.325378">
        <ele>109.555213</ele>
        <time>2026-05-12T01:18:40.606Z</time>
      </trkpt>
      <trkpt lat="43.745704" lon="7.325522">
        <ele>109.947251</ele>
        <time>2026-05-12T01:18:43.932Z</time>
      </trkpt>
      <trkpt lat="43.745703" lon="7.326117">
        <ele>111.390604</ele>
        <time>2026-05-12T01:18:54.597Z</time>
      </trkpt>
      <trkpt lat="43.745726" lon="7.326325">
        <ele>111.901046</ele>
        <time>2026-05-12T01:18:58.548Z</time>
      </trkpt>
      <trkpt lat="43.745827" lon="7.326600">
        <ele>112.649400</ele>
        <time>2026-05-12T01:19:05.230Z</time>
      </trkpt>
      <trkpt lat="43.746450" lon="7.327395">
        <ele>114.518504</ele>
        <time>2026-05-12T01:19:26.074Z</time>
      </trkpt>
      <trkpt lat="43.746680" lon="7.327714">
        <ele>114.900949</ele>
        <time>2026-05-12T01:19:29.716Z</time>
      </trkpt>
      <trkpt lat="43.746778" lon="7.327930">
        <ele>115.117390</ele>
        <time>2026-05-12T01:19:32.010Z</time>
      </trkpt>
      <trkpt lat="43.746855" lon="7.328283">
        <ele>115.430289</ele>
        <time>2026-05-12T01:19:36.316Z</time>
      </trkpt>
      <trkpt lat="43.746879" lon="7.328684">
        <ele>115.771728</ele>
        <time>2026-05-12T01:19:42.133Z</time>
      </trkpt>
      <trkpt lat="43.746893" lon="7.328971">
        <ele>116.015820</ele>
        <time>2026-05-12T01:19:46.826Z</time>
      </trkpt>
      <trkpt lat="43.746950" lon="7.329337">
        <ele>117.149519</ele>
        <time>2026-05-12T01:19:53.165Z</time>
      </trkpt>
      <trkpt lat="43.747073" lon="7.329674">
        <ele>118.619314</ele>
        <time>2026-05-12T01:20:00.736Z</time>
      </trkpt>
      <trkpt lat="43.747431" lon="7.330657">
        <ele>122.904671</ele>
        <time>2026-05-12T01:20:31.903Z</time>
      </trkpt>
      <trkpt lat="43.747521" lon="7.330997">
        <ele>124.314261</ele>
        <time>2026-05-12T01:20:43.849Z</time>
      </trkpt>
      <trkpt lat="43.747564" lon="7.331359">
        <ele>125.742354</ele>
        <time>2026-05-12T01:20:56.222Z</time>
      </trkpt>
      <trkpt lat="43.747596" lon="7.332632">
        <ele>129.855958</ele>
        <time>2026-05-12T01:21:34.626Z</time>
      </trkpt>
      <trkpt lat="43.747660" lon="7.332990">
        <ele>131.044189</ele>
        <time>2026-05-12T01:21:42.934Z</time>
      </trkpt>
      <trkpt lat="43.747784" lon="7.333334">
        <ele>132.282837</ele>
        <time>2026-05-12T01:21:50.014Z</time>
      </trkpt>
      <trkpt lat="43.747999" lon="7.333696">
        <ele>133.792738</ele>
        <time>2026-05-12T01:21:56.870Z</time>
      </trkpt>
      <trkpt lat="43.748045" lon="7.333813">
        <ele>133.927148</ele>
        <time>2026-05-12T01:21:58.413Z</time>
      </trkpt>
      <trkpt lat="43.748186" lon="7.334518">
        <ele>134.553953</ele>
        <time>2026-05-12T01:22:05.069Z</time>
      </trkpt>
      <trkpt lat="43.748223" lon="7.334737">
        <ele>134.746667</ele>
        <time>2026-05-12T01:22:07.212Z</time>
      </trkpt>
      <trkpt lat="43.748402" lon="7.335713">
        <ele>135.609483</ele>
        <time>2026-05-12T01:22:20.646Z</time>
      </trkpt>
      <trkpt lat="43.748304" lon="7.336626">
        <ele>137.808246</ele>
        <time>2026-05-12T01:22:39.587Z</time>
      </trkpt>
      <trkpt lat="43.748262" lon="7.337125">
        <ele>139.595769</ele>
        <time>2026-05-12T01:22:52.533Z</time>
      </trkpt>
      <trkpt lat="43.748262" lon="7.337452">
        <ele>140.759281</ele>
        <time>2026-05-12T01:23:02.007Z</time>
      </trkpt>
      <trkpt lat="43.748327" lon="7.338324">
        <ele>143.878452</ele>
        <time>2026-05-12T01:23:26.586Z</time>
      </trkpt>
      <trkpt lat="43.748339" lon="7.338478">
        <ele>144.429584</ele>
        <time>2026-05-12T01:23:30.556Z</time>
      </trkpt>
      <trkpt lat="43.748381" lon="7.338854">
        <ele>145.913104</ele>
        <time>2026-05-12T01:23:40.023Z</time>
      </trkpt>
      <trkpt lat="43.748388" lon="7.339179">
        <ele>147.224737</ele>
        <time>2026-05-12T01:23:48.232Z</time>
      </trkpt>
      <trkpt lat="43.748380" lon="7.339399">
        <ele>148.113341</ele>
        <time>2026-05-12T01:23:53.879Z</time>
      </trkpt>
      <trkpt lat="43.748386" lon="7.339658">
        <ele>149.158684</ele>
        <time>2026-05-12T01:24:00.444Z</time>
      </trkpt>
      <trkpt lat="43.748457" lon="7.340162">
        <ele>151.230118</ele>
        <time>2026-05-12T01:24:13.201Z</time>
      </trkpt>
      <trkpt lat="43.748457" lon="7.340263">
        <ele>151.637551</ele>
        <time>2026-05-12T01:24:15.867Z</time>
      </trkpt>
      <trkpt lat="43.748373" lon="7.340784">
        <ele>153.790976</ele>
        <time>2026-05-12T01:24:30.724Z</time>
      </trkpt>
      <trkpt lat="43.748395" lon="7.340988">
        <ele>154.623032</ele>
        <time>2026-05-12T01:24:36.828Z</time>
      </trkpt>
      <trkpt lat="43.748513" lon="7.341519">
        <ele>156.797880</ele>
        <time>2026-05-12T01:24:54.060Z</time>
      </trkpt>
      <trkpt lat="43.748532" lon="7.341694">
        <ele>157.488185</ele>
        <time>2026-05-12T01:24:59.890Z</time>
      </trkpt>
      <trkpt lat="43.748520" lon="7.342055">
        <ele>158.897860</ele>
        <time>2026-05-12T01:25:11.466Z</time>
      </trkpt>
      <trkpt lat="43.748467" lon="7.342367">
        <ele>160.148105</ele>
        <time>2026-05-12T01:25:20.637Z</time>
      </trkpt>
      <trkpt lat="43.748337" lon="7.342770">
        <ele>161.869743</ele>
        <time>2026-05-12T01:25:31.891Z</time>
      </trkpt>
      <trkpt lat="43.748311" lon="7.342910">
        <ele>162.433614</ele>
        <time>2026-05-12T01:25:35.440Z</time>
      </trkpt>
      <trkpt lat="43.748316" lon="7.343050">
        <ele>162.980393</ele>
        <time>2026-05-12T01:25:38.749Z</time>
      </trkpt>
      <trkpt lat="43.748399" lon="7.343245">
        <ele>163.863271</ele>
        <time>2026-05-12T01:25:43.523Z</time>
      </trkpt>
      <trkpt lat="43.748626" lon="7.343435">
        <ele>165.144761</ele>
        <time>2026-05-12T01:25:50.156Z</time>
      </trkpt>
      <trkpt lat="43.748686" lon="7.343528">
        <ele>165.530027</ele>
        <time>2026-05-12T01:25:52.104Z</time>
      </trkpt>
      <trkpt lat="43.748705" lon="7.343629">
        <ele>165.852501</ele>
        <time>2026-05-12T01:25:53.533Z</time>
      </trkpt>
      <trkpt lat="43.748701" lon="7.343761">
        <ele>166.260709</ele>
        <time>2026-05-12T01:25:55.547Z</time>
      </trkpt>
      <trkpt lat="43.748639" lon="7.344008">
        <ele>167.068642</ele>
        <time>2026-05-12T01:25:59.921Z</time>
      </trkpt>
      <trkpt lat="43.748439" lon="7.344378">
        <ele>168.496480</ele>
        <time>2026-05-12T01:26:09.297Z</time>
      </trkpt>
      <trkpt lat="43.748354" lon="7.344581">
        <ele>169.221456</ele>
        <time>2026-05-12T01:26:14.409Z</time>
      </trkpt>
      <trkpt lat="43.748288" lon="7.344792">
        <ele>169.931894</ele>
        <time>2026-05-12T01:26:19.875Z</time>
      </trkpt>
      <trkpt lat="43.748255" lon="7.344872">
        <ele>170.216538</ele>
        <time>2026-05-12T01:26:22.163Z</time>
      </trkpt>
      <trkpt lat="43.748204" lon="7.344949">
        <ele>170.539318</ele>
        <time>2026-05-12T01:26:24.827Z</time>
      </trkpt>
      <trkpt lat="43.747915" lon="7.345177">
        <ele>171.962082</ele>
        <time>2026-05-12T01:26:37.448Z</time>
      </trkpt>
      <trkpt lat="43.747806" lon="7.345327">
        <ele>172.868340</ele>
        <time>2026-05-12T01:26:44.062Z</time>
      </trkpt>
      <trkpt lat="43.747755" lon="7.345459">
        <ele>173.653691</ele>
        <time>2026-05-12T01:26:48.907Z</time>
      </trkpt>
      <trkpt lat="43.747743" lon="7.345560">
        <ele>174.190695</ele>
        <time>2026-05-12T01:26:52.402Z</time>
      </trkpt>
      <trkpt lat="43.747738" lon="7.345721">
        <ele>175.036143</ele>
        <time>2026-05-12T01:26:57.956Z</time>
      </trkpt>
      <trkpt lat="43.747752" lon="7.346176">
        <ele>177.425413</ele>
        <time>2026-05-12T01:27:14.570Z</time>
      </trkpt>
      <trkpt lat="43.747758" lon="7.346378">
        <ele>178.486079</ele>
        <time>2026-05-12T01:27:22.084Z</time>
      </trkpt>
      <trkpt lat="43.747729" lon="7.346687">
        <ele>180.120836</ele>
        <time>2026-05-12T01:27:32.177Z</time>
      </trkpt>
      <trkpt lat="43.747687" lon="7.346786">
        <ele>180.723173</ele>
        <time>2026-05-12T01:27:35.718Z</time>
      </trkpt>
      <trkpt lat="43.747328" lon="7.347290">
        <ele>184.436591</ele>
        <time>2026-05-12T01:27:57.680Z</time>
      </trkpt>
      <trkpt lat="43.747304" lon="7.347375">
        <ele>184.915391</ele>
        <time>2026-05-12T01:28:00.427Z</time>
      </trkpt>
      <trkpt lat="43.747338" lon="7.347580">
        <ele>185.892715</ele>
        <time>2026-05-12T01:28:06.285Z</time>
      </trkpt>
      <trkpt lat="43.747470" lon="7.347758">
        <ele>186.987472</ele>
        <time>2026-05-12T01:28:13.325Z</time>
      </trkpt>
      <trkpt lat="43.747598" lon="7.347913">
        <ele>187.997781</ele>
        <time>2026-05-12T01:28:19.795Z</time>
      </trkpt>
      <trkpt lat="43.747683" lon="7.348068">
        <ele>188.832931</ele>
        <time>2026-05-12T01:28:25.245Z</time>
      </trkpt>
      <trkpt lat="43.747811" lon="7.348396">
        <ele>190.432830</ele>
        <time>2026-05-12T01:28:36.598Z</time>
      </trkpt>
      <trkpt lat="43.747846" lon="7.348497">
        <ele>190.913570</ele>
        <time>2026-05-12T01:28:39.730Z</time>
      </trkpt>
      <trkpt lat="43.747860" lon="7.348551">
        <ele>191.159787</ele>
        <time>2026-05-12T01:28:41.438Z</time>
      </trkpt>
      <trkpt lat="43.747903" lon="7.348850">
        <ele>192.468145</ele>
        <time>2026-05-12T01:28:49.913Z</time>
      </trkpt>
      <trkpt lat="43.747903" lon="7.349167">
        <ele>193.828569</ele>
        <time>2026-05-12T01:28:58.792Z</time>
      </trkpt>
      <trkpt lat="43.747867" lon="7.349322">
        <ele>194.527296</ele>
        <time>2026-05-12T01:29:03.511Z</time>
      </trkpt>
      <trkpt lat="43.747810" lon="7.349414">
        <ele>195.047443</ele>
        <time>2026-05-12T01:29:06.886Z</time>
      </trkpt>
      <trkpt lat="43.747723" lon="7.349519">
        <ele>195.733144</ele>
        <time>2026-05-12T01:29:10.742Z</time>
      </trkpt>
      <trkpt lat="43.747698" lon="7.349569">
        <ele>195.994108</ele>
        <time>2026-05-12T01:29:12.339Z</time>
      </trkpt>
      <trkpt lat="43.747674" lon="7.349695">
        <ele>196.311965</ele>
        <time>2026-05-12T01:29:15.380Z</time>
      </trkpt>
      <trkpt lat="43.747682" lon="7.349822">
        <ele>196.615596</ele>
        <time>2026-05-12T01:29:18.676Z</time>
      </trkpt>
      <trkpt lat="43.747868" lon="7.350764">
        <ele>198.941509</ele>
        <time>2026-05-12T01:29:40.985Z</time>
      </trkpt>
      <trkpt lat="43.747867" lon="7.350969">
        <ele>199.429779</ele>
        <time>2026-05-12T01:29:44.571Z</time>
      </trkpt>
      <trkpt lat="43.747810" lon="7.351394">
        <ele>200.459321</ele>
        <time>2026-05-12T01:29:50.666Z</time>
      </trkpt>
      <trkpt lat="43.747814" lon="7.351516">
        <ele>200.750194</ele>
        <time>2026-05-12T01:29:52.319Z</time>
      </trkpt>
      <trkpt lat="43.747838" lon="7.351673">
        <ele>201.132410</ele>
        <time>2026-05-12T01:29:54.472Z</time>
      </trkpt>
      <trkpt lat="43.747880" lon="7.352031">
        <ele>202.028364</ele>
        <time>2026-05-12T01:29:59.930Z</time>
      </trkpt>
      <trkpt lat="43.747910" lon="7.352427">
        <ele>203.529634</ele>
        <time>2026-05-12T01:30:07.284Z</time>
      </trkpt>
      <trkpt lat="43.747919" lon="7.353600">
        <ele>207.952571</ele>
        <time>2026-05-12T01:30:37.548Z</time>
      </trkpt>
      <trkpt lat="43.747914" lon="7.353958">
        <ele>209.302629</ele>
        <time>2026-05-12T01:30:48.468Z</time>
      </trkpt>
      <trkpt lat="43.747940" lon="7.354210">
        <ele>210.262413</ele>
        <time>2026-05-12T01:30:56.893Z</time>
      </trkpt>
      <trkpt lat="43.748123" lon="7.354875">
        <ele>213.060077</ele>
        <time>2026-05-12T01:31:20.466Z</time>
      </trkpt>
      <trkpt lat="43.748193" lon="7.355292">
        <ele>214.788633</ele>
        <time>2026-05-12T01:31:33.112Z</time>
      </trkpt>
      <trkpt lat="43.748255" lon="7.355799">
        <ele>216.864836</ele>
        <time>2026-05-12T01:31:45.980Z</time>
      </trkpt>
      <trkpt lat="43.748241" lon="7.356007">
        <ele>217.708300</ele>
        <time>2026-05-12T01:31:50.793Z</time>
      </trkpt>
      <trkpt lat="43.748152" lon="7.356384">
        <ele>219.309709</ele>
        <time>2026-05-12T01:31:59.735Z</time>
      </trkpt>
      <trkpt lat="43.747879" lon="7.356981">
        <ele>222.291408</ele>
        <time>2026-05-12T01:32:17.153Z</time>
      </trkpt>
      <trkpt lat="43.747846" lon="7.357183">
        <ele>223.265672</ele>
        <time>2026-05-12T01:32:22.500Z</time>
      </trkpt>
      <trkpt lat="43.747851" lon="7.357373">
        <ele>224.160081</ele>
        <time>2026-05-12T01:32:27.377Z</time>
      </trkpt>
      <trkpt lat="43.748117" lon="7.358130">
        <ele>228.120177</ele>
        <time>2026-05-12T01:32:51.005Z</time>
      </trkpt>
      <trkpt lat="43.748246" lon="7.358822">
        <ele>231.482177</ele>
        <time>2026-05-12T01:33:14.661Z</time>
      </trkpt>
      <trkpt lat="43.748288" lon="7.359625">
        <ele>236.296455</ele>
        <time>2026-05-12T01:33:42.280Z</time>
      </trkpt>
      <trkpt lat="43.748269" lon="7.359898">
        <ele>238.195941</ele>
        <time>2026-05-12T01:33:51.897Z</time>
      </trkpt>
      <trkpt lat="43.748316" lon="7.360539">
        <ele>242.658160</ele>
        <time>2026-05-12T01:34:14.803Z</time>
      </trkpt>
      <trkpt lat="43.748376" lon="7.360868">
        <ele>245.008221</ele>
        <time>2026-05-12T01:34:27.908Z</time>
      </trkpt>
      <trkpt lat="43.748421" lon="7.361037">
        <ele>246.255653</ele>
        <time>2026-05-12T01:34:35.378Z</time>
      </trkpt>
      <trkpt lat="43.748596" lon="7.361461">
        <ele>249.637673</ele>
        <time>2026-05-12T01:34:57.203Z</time>
      </trkpt>
      <trkpt lat="43.748650" lon="7.361966">
        <ele>252.796553</ele>
        <time>2026-05-12T01:35:20.831Z</time>
      </trkpt>
      <trkpt lat="43.748843" lon="7.362573">
        <ele>256.779099</ele>
        <time>2026-05-12T01:35:51.390Z</time>
      </trkpt>
      <trkpt lat="43.748843" lon="7.362725">
        <ele>257.691868</ele>
        <time>2026-05-12T01:35:57.716Z</time>
      </trkpt>
      <trkpt lat="43.748722" lon="7.363707">
        <ele>263.674017</ele>
        <time>2026-05-12T01:36:28.846Z</time>
      </trkpt>
      <trkpt lat="43.748723" lon="7.363920">
        <ele>264.953125</ele>
        <time>2026-05-12T01:36:33.190Z</time>
      </trkpt>
      <trkpt lat="43.748742" lon="7.363999">
        <ele>265.292014</ele>
        <time>2026-05-12T01:36:34.638Z</time>
      </trkpt>
      <trkpt lat="43.748811" lon="7.364100">
        <ele>265.295852</ele>
        <time>2026-05-12T01:36:36.983Z</time>
      </trkpt>
      <trkpt lat="43.749065" lon="7.364278">
        <ele>265.306731</ele>
        <time>2026-05-12T01:36:41.841Z</time>
      </trkpt>
      <trkpt lat="43.749123" lon="7.364355">
        <ele>265.309803</ele>
        <time>2026-05-12T01:36:42.902Z</time>
      </trkpt>
      <trkpt lat="43.749188" lon="7.364500">
        <ele>265.314514</ele>
        <time>2026-05-12T01:36:44.468Z</time>
      </trkpt>
      <trkpt lat="43.749200" lon="7.364583">
        <ele>265.316850</ele>
        <time>2026-05-12T01:36:45.183Z</time>
      </trkpt>
      <trkpt lat="43.749188" lon="7.364777">
        <ele>265.322226</ele>
        <time>2026-05-12T01:36:46.767Z</time>
      </trkpt>
      <trkpt lat="43.749135" lon="7.364913">
        <ele>265.326492</ele>
        <time>2026-05-12T01:36:47.960Z</time>
      </trkpt>
      <trkpt lat="43.749056" lon="7.365010">
        <ele>265.330527</ele>
        <time>2026-05-12T01:36:49.056Z</time>
      </trkpt>
      <trkpt lat="43.748861" lon="7.365130">
        <ele>265.338682</ele>
        <time>2026-05-12T01:36:51.295Z</time>
      </trkpt>
      <trkpt lat="43.748720" lon="7.365252">
        <ele>265.345037</ele>
        <time>2026-05-12T01:36:53.134Z</time>
      </trkpt>
      <trkpt lat="43.748630" lon="7.365395">
        <ele>265.350273</ele>
        <time>2026-05-12T01:36:54.785Z</time>
      </trkpt>
      <trkpt lat="43.748531" lon="7.365634">
        <ele>265.357879</ele>
        <time>2026-05-12T01:36:57.555Z</time>
      </trkpt>
      <trkpt lat="43.748527" lon="7.365728">
        <ele>265.392724</ele>
        <time>2026-05-12T01:36:58.662Z</time>
      </trkpt>
      <trkpt lat="43.748555" lon="7.365860">
        <ele>265.656575</ele>
        <time>2026-05-12T01:37:00.443Z</time>
      </trkpt>
      <trkpt lat="43.748677" lon="7.366022">
        <ele>266.105406</ele>
        <time>2026-05-12T01:37:03.792Z</time>
      </trkpt>
      <trkpt lat="43.748715" lon="7.366155">
        <ele>266.379713</ele>
        <time>2026-05-12T01:37:05.984Z</time>
      </trkpt>
      <trkpt lat="43.748687" lon="7.366315">
        <ele>266.695452</ele>
        <time>2026-05-12T01:37:08.570Z</time>
      </trkpt>
      <trkpt lat="43.748369" lon="7.367430">
        <ele>268.994541</ele>
        <time>2026-05-12T01:37:30.153Z</time>
      </trkpt>
      <trkpt lat="43.748336" lon="7.367619">
        <ele>269.367463</ele>
        <time>2026-05-12T01:37:34.411Z</time>
      </trkpt>
      <trkpt lat="43.748359" lon="7.367890">
        <ele>269.890791</ele>
        <time>2026-05-12T01:37:40.929Z</time>
      </trkpt>
      <trkpt lat="43.748418" lon="7.368034">
        <ele>270.287672</ele>
        <time>2026-05-12T01:37:45.176Z</time>
      </trkpt>
      <trkpt lat="43.748486" lon="7.368144">
        <ele>270.867451</ele>
        <time>2026-05-12T01:37:49.098Z</time>
      </trkpt>
      <trkpt lat="43.748841" lon="7.368549">
        <ele>273.417604</ele>
        <time>2026-05-12T01:38:08.484Z</time>
      </trkpt>
      <trkpt lat="43.749006" lon="7.368899">
        <ele>275.091255</ele>
        <time>2026-05-12T01:38:22.622Z</time>
      </trkpt>
      <trkpt lat="43.749101" lon="7.369617">
        <ele>278.014344</ele>
        <time>2026-05-12T01:38:44.844Z</time>
      </trkpt>
      <trkpt lat="43.749011" lon="7.370213">
        <ele>280.150235</ele>
        <time>2026-05-12T01:38:58.412Z</time>
      </trkpt>
      <trkpt lat="43.749038" lon="7.370660">
        <ele>280.378372</ele>
        <time>2026-05-12T01:39:05.389Z</time>
      </trkpt>
      <trkpt lat="43.749007" lon="7.371226">
        <ele>280.667066</ele>
        <time>2026-05-12T01:39:10.949Z</time>
      </trkpt>
      <trkpt lat="43.749012" lon="7.371571">
        <ele>280.842568</ele>
        <time>2026-05-12T01:39:13.797Z</time>
      </trkpt>
      <trkpt lat="43.748996" lon="7.371667">
        <ele>280.892676</ele>
        <time>2026-05-12T01:39:14.590Z</time>
      </trkpt>
      <trkpt lat="43.748913" lon="7.371829">
        <ele>280.993688</ele>
        <time>2026-05-12T01:39:16.133Z</time>
      </trkpt>
      <trkpt lat="43.748745" lon="7.372001">
        <ele>281.140806</ele>
        <time>2026-05-12T01:39:18.571Z</time>
      </trkpt>
      <trkpt lat="43.748720" lon="7.372056">
        <ele>281.173856</ele>
        <time>2026-05-12T01:39:19.186Z</time>
      </trkpt>
      <trkpt lat="43.748709" lon="7.372196">
        <ele>281.245480</ele>
        <time>2026-05-12T01:39:20.662Z</time>
      </trkpt>
      <trkpt lat="43.748760" lon="7.372358">
        <ele>281.335358</ele>
        <time>2026-05-12T01:39:23.071Z</time>
      </trkpt>
      <trkpt lat="43.749207" lon="7.372672">
        <ele>281.870193</ele>
        <time>2026-05-12T01:39:36.440Z</time>
      </trkpt>
      <trkpt lat="43.749271" lon="7.372767">
        <ele>281.974334</ele>
        <time>2026-05-12T01:39:39.107Z</time>
      </trkpt>
      <trkpt lat="43.749316" lon="7.372915">
        <ele>282.103066</ele>
        <time>2026-05-12T01:39:42.359Z</time>
      </trkpt>
      <trkpt lat="43.749323" lon="7.373073">
        <ele>282.229972</ele>
        <time>2026-05-12T01:39:45.369Z</time>
      </trkpt>
      <trkpt lat="43.749277" lon="7.373235">
        <ele>282.369519</ele>
        <time>2026-05-12T01:39:48.346Z</time>
      </trkpt>
      <trkpt lat="43.749265" lon="7.373266">
        <ele>282.397715</ele>
        <time>2026-05-12T01:39:48.933Z</time>
      </trkpt>
      <trkpt lat="43.749120" lon="7.373626">
        <ele>282.728156</ele>
        <time>2026-05-12T01:39:54.593Z</time>
      </trkpt>
      <trkpt lat="43.749066" lon="7.374012">
        <ele>283.043360</ele>
        <time>2026-05-12T01:39:59.024Z</time>
      </trkpt>
      <trkpt lat="43.749084" lon="7.374199">
        <ele>283.194602</ele>
        <time>2026-05-12T01:40:01.067Z</time>
      </trkpt>
      <trkpt lat="43.749287" lon="7.374982">
        <ele>284.003304</ele>
        <time>2026-05-12T01:40:08.613Z</time>
      </trkpt>
      <trkpt lat="43.749347" lon="7.375218">
        <ele>284.261584</ele>
        <time>2026-05-12T01:40:10.597Z</time>
      </trkpt>
      <trkpt lat="43.749353" lon="7.375249">
        <ele>284.294715</ele>
        <time>2026-05-12T01:40:10.852Z</time>
      </trkpt>
      <trkpt lat="43.749381" lon="7.375429">
        <ele>284.484794</ele>
        <time>2026-05-12T01:40:12.313Z</time>
      </trkpt>
      <trkpt lat="43.749424" lon="7.376646">
        <ele>285.742645</ele>
        <time>2026-05-12T01:40:29.576Z</time>
      </trkpt>
      <trkpt lat="43.749426" lon="7.376784">
        <ele>285.885135</ele>
        <time>2026-05-12T01:40:33.371Z</time>
      </trkpt>
      <trkpt lat="43.749436" lon="7.377009">
        <ele>287.155804</ele>
        <time>2026-05-12T01:40:40.299Z</time>
      </trkpt>
      <trkpt lat="43.749443" lon="7.377266">
        <ele>288.963544</ele>
        <time>2026-05-12T01:40:49.340Z</time>
      </trkpt>
      <trkpt lat="43.749395" lon="7.377475">
        <ele>290.505068</ele>
        <time>2026-05-12T01:40:57.992Z</time>
      </trkpt>
      <trkpt lat="43.749358" lon="7.377561">
        <ele>291.208655</ele>
        <time>2026-05-12T01:41:02.198Z</time>
      </trkpt>
      <trkpt lat="43.749283" lon="7.377838">
        <ele>293.287970</ele>
        <time>2026-05-12T01:41:15.973Z</time>
      </trkpt>
      <trkpt lat="43.749281" lon="7.378016">
        <ele>294.539289</ele>
        <time>2026-05-12T01:41:25.144Z</time>
      </trkpt>
      <trkpt lat="43.749511" lon="7.378463">
        <ele>298.396835</ele>
        <time>2026-05-12T01:41:51.924Z</time>
      </trkpt>
      <trkpt lat="43.749525" lon="7.379312">
        <ele>304.067310</ele>
        <time>2026-05-12T01:42:24.694Z</time>
      </trkpt>
      <trkpt lat="43.749556" lon="7.379446">
        <ele>304.737012</ele>
        <time>2026-05-12T01:42:30.110Z</time>
      </trkpt>
      <trkpt lat="43.749612" lon="7.379533">
        <ele>305.291645</ele>
        <time>2026-05-12T01:42:34.261Z</time>
      </trkpt>
      <trkpt lat="43.749668" lon="7.379572">
        <ele>305.704687</ele>
        <time>2026-05-12T01:42:37.472Z</time>
      </trkpt>
      <trkpt lat="43.749786" lon="7.379609">
        <ele>306.501878</ele>
        <time>2026-05-12T01:42:43.118Z</time>
      </trkpt>
      <trkpt lat="43.750228" lon="7.379620">
        <ele>309.414662</ele>
        <time>2026-05-12T01:43:02.237Z</time>
      </trkpt>
      <trkpt lat="43.750361" lon="7.379672">
        <ele>310.325272</ele>
        <time>2026-05-12T01:43:07.295Z</time>
      </trkpt>
      <trkpt lat="43.750471" lon="7.379787">
        <ele>311.233515</ele>
        <time>2026-05-12T01:43:11.579Z</time>
      </trkpt>
      <trkpt lat="43.750531" lon="7.380326">
        <ele>313.829209</ele>
        <time>2026-05-12T01:43:21.052Z</time>
      </trkpt>
      <trkpt lat="43.750618" lon="7.380482">
        <ele>314.767238</ele>
        <time>2026-05-12T01:43:25.426Z</time>
      </trkpt>
      <trkpt lat="43.750979" lon="7.380756">
        <ele>318.232274</ele>
        <time>2026-05-12T01:43:42.391Z</time>
      </trkpt>
      <trkpt lat="43.751332" lon="7.380954">
        <ele>321.604821</ele>
        <time>2026-05-12T01:44:01.937Z</time>
      </trkpt>
      <trkpt lat="43.751643" lon="7.381076">
        <ele>324.467074</ele>
        <time>2026-05-12T01:44:21.384Z</time>
      </trkpt>
      <trkpt lat="43.751890" lon="7.381203">
        <ele>326.800175</ele>
        <time>2026-05-12T01:44:37.005Z</time>
      </trkpt>
      <trkpt lat="43.751970" lon="7.381319">
        <ele>327.825990</ele>
        <time>2026-05-12T01:44:43.763Z</time>
      </trkpt>
      <trkpt lat="43.751994" lon="7.381543">
        <ele>329.274401</ele>
        <time>2026-05-12T01:44:52.971Z</time>
      </trkpt>
      <trkpt lat="43.751976" lon="7.381818">
        <ele>331.040546</ele>
        <time>2026-05-12T01:45:03.688Z</time>
      </trkpt>
      <trkpt lat="43.751996" lon="7.382196">
        <ele>332.688569</ele>
        <time>2026-05-12T01:45:17.382Z</time>
      </trkpt>
      <trkpt lat="43.752086" lon="7.382871">
        <ele>335.561807</ele>
        <time>2026-05-12T01:45:40.505Z</time>
      </trkpt>
      <trkpt lat="43.752175" lon="7.383007">
        <ele>336.329979</ele>
        <time>2026-05-12T01:45:45.988Z</time>
      </trkpt>
      <trkpt lat="43.752310" lon="7.383043">
        <ele>337.126681</ele>
        <time>2026-05-12T01:45:51.571Z</time>
      </trkpt>
      <trkpt lat="43.752401" lon="7.383021">
        <ele>337.662004</ele>
        <time>2026-05-12T01:45:54.637Z</time>
      </trkpt>
      <trkpt lat="43.753171" lon="7.382537">
        <ele>342.261002</ele>
        <time>2026-05-12T01:46:14.301Z</time>
      </trkpt>
      <trkpt lat="43.753250" lon="7.382535">
        <ele>342.568964</ele>
        <time>2026-05-12T01:46:16.358Z</time>
      </trkpt>
      <trkpt lat="43.753270" lon="7.382572">
        <ele>342.699069</ele>
        <time>2026-05-12T01:46:17.232Z</time>
      </trkpt>
      <trkpt lat="43.753260" lon="7.382641">
        <ele>342.897199</ele>
        <time>2026-05-12T01:46:18.626Z</time>
      </trkpt>
      <trkpt lat="43.753226" lon="7.382681">
        <ele>343.071104</ele>
        <time>2026-05-12T01:46:19.972Z</time>
      </trkpt>
      <trkpt lat="43.753093" lon="7.382736">
        <ele>343.612117</ele>
        <time>2026-05-12T01:46:24.289Z</time>
      </trkpt>
      <trkpt lat="43.752475" lon="7.383191">
        <ele>346.340277</ele>
        <time>2026-05-12T01:46:48.650Z</time>
      </trkpt>
      <trkpt lat="43.752280" lon="7.383256">
        <ele>347.122031</ele>
        <time>2026-05-12T01:46:55.261Z</time>
      </trkpt>
      <trkpt lat="43.752140" lon="7.383268">
        <ele>347.668740</ele>
        <time>2026-05-12T01:46:59.295Z</time>
      </trkpt>
      <trkpt lat="43.751984" lon="7.383131">
        <ele>348.388787</ele>
        <time>2026-05-12T01:47:04.869Z</time>
      </trkpt>
      <trkpt lat="43.751752" lon="7.382498">
        <ele>350.309391</ele>
        <time>2026-05-12T01:47:19.599Z</time>
      </trkpt>
      <trkpt lat="43.751655" lon="7.382367">
        <ele>350.813871</ele>
        <time>2026-05-12T01:47:23.341Z</time>
      </trkpt>
      <trkpt lat="43.751596" lon="7.382327">
        <ele>351.058441</ele>
        <time>2026-05-12T01:47:25.189Z</time>
      </trkpt>
      <trkpt lat="43.751250" lon="7.382100">
        <ele>352.483856</ele>
        <time>2026-05-12T01:47:35.212Z</time>
      </trkpt>
      <trkpt lat="43.751094" lon="7.382070">
        <ele>353.070189</ele>
        <time>2026-05-12T01:47:39.306Z</time>
      </trkpt>
      <trkpt lat="43.750973" lon="7.382142">
        <ele>353.560497</ele>
        <time>2026-05-12T01:47:42.886Z</time>
      </trkpt>
      <trkpt lat="43.750527" lon="7.382607">
        <ele>355.745129</ele>
        <time>2026-05-12T01:48:00.551Z</time>
      </trkpt>
      <trkpt lat="43.749632" lon="7.383507">
        <ele>361.363677</ele>
        <time>2026-05-12T01:48:43.671Z</time>
      </trkpt>
      <trkpt lat="43.749455" lon="7.383802">
        <ele>362.770696</ele>
        <time>2026-05-12T01:48:53.184Z</time>
      </trkpt>
      <trkpt lat="43.749446" lon="7.383862">
        <ele>362.995532</ele>
        <time>2026-05-12T01:48:54.736Z</time>
      </trkpt>
      <trkpt lat="43.749479" lon="7.383930">
        <ele>363.296098</ele>
        <time>2026-05-12T01:48:56.585Z</time>
      </trkpt>
      <trkpt lat="43.749575" lon="7.383887">
        <ele>363.808582</ele>
        <time>2026-05-12T01:48:59.810Z</time>
      </trkpt>
      <trkpt lat="43.749719" lon="7.383753">
        <ele>364.666236</ele>
        <time>2026-05-12T01:49:04.919Z</time>
      </trkpt>
      <trkpt lat="43.749803" lon="7.383730">
        <ele>365.051355</ele>
        <time>2026-05-12T01:49:07.443Z</time>
      </trkpt>
      <trkpt lat="43.750199" lon="7.383865">
        <ele>366.885624</ele>
        <time>2026-05-12T01:49:19.764Z</time>
      </trkpt>
      <trkpt lat="43.750433" lon="7.383873">
        <ele>367.938388</ele>
        <time>2026-05-12T01:49:26.671Z</time>
      </trkpt>
      <trkpt lat="43.750658" lon="7.383807">
        <ele>368.972822</ele>
        <time>2026-05-12T01:49:32.584Z</time>
      </trkpt>
      <trkpt lat="43.750899" lon="7.383767">
        <ele>370.064511</ele>
        <time>2026-05-12T01:49:40.418Z</time>
      </trkpt>
      <trkpt lat="43.750955" lon="7.383822">
        <ele>370.373325</ele>
        <time>2026-05-12T01:49:42.678Z</time>
      </trkpt>
      <trkpt lat="43.750961" lon="7.383940">
        <ele>370.757640</ele>
        <time>2026-05-12T01:49:45.886Z</time>
      </trkpt>
      <trkpt lat="43.750062" lon="7.384703">
        <ele>377.839499</ele>
        <time>2026-05-12T01:50:27.128Z</time>
      </trkpt>
      <trkpt lat="43.749822" lon="7.384882">
        <ele>380.045384</ele>
        <time>2026-05-12T01:50:39.502Z</time>
      </trkpt>
      <trkpt lat="43.749617" lon="7.385111">
        <ele>382.176851</ele>
        <time>2026-05-12T01:50:52.552Z</time>
      </trkpt>
      <trkpt lat="43.749346" lon="7.385656">
        <ele>386.044192</ele>
        <time>2026-05-12T01:51:17.950Z</time>
      </trkpt>
      <trkpt lat="43.748898" lon="7.386500">
        <ele>394.834959</ele>
        <time>2026-05-12T01:52:02.866Z</time>
      </trkpt>
      <trkpt lat="43.748657" lon="7.386943">
        <ele>399.793319</ele>
        <time>2026-05-12T01:52:30.546Z</time>
      </trkpt>
      <trkpt lat="43.748360" lon="7.387461">
        <ele>405.706222</ele>
        <time>2026-05-12T01:53:04.547Z</time>
      </trkpt>
      <trkpt lat="43.748004" lon="7.388119">
        <ele>412.444239</ele>
        <time>2026-05-12T01:53:44.470Z</time>
      </trkpt>
      <trkpt lat="43.747665" lon="7.388751">
        <ele>418.307565</ele>
        <time>2026-05-12T01:54:20.484Z</time>
      </trkpt>
      <trkpt lat="43.747292" lon="7.389421">
        <ele>424.608169</ele>
        <time>2026-05-12T01:54:52.894Z</time>
      </trkpt>
      <trkpt lat="43.746487" lon="7.390582">
        <ele>433.031547</ele>
        <time>2026-05-12T01:55:40.763Z</time>
      </trkpt>
      <trkpt lat="43.746149" lon="7.391022">
        <ele>435.847201</ele>
        <time>2026-05-12T01:55:57.196Z</time>
      </trkpt>
      <trkpt lat="43.746075" lon="7.391072">
        <ele>436.346908</ele>
        <time>2026-05-12T01:55:59.778Z</time>
      </trkpt>
      <trkpt lat="43.745921" lon="7.391093">
        <ele>437.285975</ele>
        <time>2026-05-12T01:56:05.115Z</time>
      </trkpt>
      <trkpt lat="43.745857" lon="7.391049">
        <ele>437.719620</ele>
        <time>2026-05-12T01:56:07.796Z</time>
      </trkpt>
      <trkpt lat="43.745781" lon="7.390940">
        <ele>438.383735</ele>
        <time>2026-05-12T01:56:11.771Z</time>
      </trkpt>
      <trkpt lat="43.745779" lon="7.390849">
        <ele>438.782859</ele>
        <time>2026-05-12T01:56:14.261Z</time>
      </trkpt>
      <trkpt lat="43.745711" lon="7.390761">
        <ele>439.355328</ele>
        <time>2026-05-12T01:56:17.759Z</time>
      </trkpt>
      <trkpt lat="43.745620" lon="7.390785">
        <ele>439.926027</ele>
        <time>2026-05-12T01:56:21.238Z</time>
      </trkpt>
      <trkpt lat="43.745584" lon="7.390857">
        <ele>440.315729</ele>
        <time>2026-05-12T01:56:23.654Z</time>
      </trkpt>
      <trkpt lat="43.745397" lon="7.390994">
        <ele>441.619162</ele>
        <time>2026-05-12T01:56:32.146Z</time>
      </trkpt>
      <trkpt lat="43.745153" lon="7.391141">
        <ele>443.258548</ele>
        <time>2026-05-12T01:56:43.244Z</time>
      </trkpt>
      <trkpt lat="43.745027" lon="7.391258">
        <ele>444.193260</ele>
        <time>2026-05-12T01:56:50.051Z</time>
      </trkpt>
      <trkpt lat="43.744798" lon="7.391530">
        <ele>446.052221</ele>
        <time>2026-05-12T01:57:02.305Z</time>
      </trkpt>
      <trkpt lat="43.744441" lon="7.391984">
        <ele>449.038820</ele>
        <time>2026-05-12T01:57:22.029Z</time>
      </trkpt>
      <trkpt lat="43.744355" lon="7.392102">
        <ele>449.784814</ele>
        <time>2026-05-12T01:57:27.138Z</time>
      </trkpt>
      <trkpt lat="43.744243" lon="7.392342">
        <ele>450.388279</ele>
        <time>2026-05-12T01:57:35.527Z</time>
      </trkpt>
      <trkpt lat="43.744200" lon="7.392568">
        <ele>450.811311</ele>
        <time>2026-05-12T01:57:41.366Z</time>
      </trkpt>
      <trkpt lat="43.744200" lon="7.392802">
        <ele>451.234874</ele>
        <time>2026-05-12T01:57:46.610Z</time>
      </trkpt>
      <trkpt lat="43.744273" lon="7.393115">
        <ele>451.830228</ele>
        <time>2026-05-12T01:57:52.468Z</time>
      </trkpt>
      <trkpt lat="43.744452" lon="7.393642">
        <ele>452.884321</ele>
        <time>2026-05-12T01:58:01.179Z</time>
      </trkpt>
      <trkpt lat="43.744692" lon="7.393935">
        <ele>453.686119</ele>
        <time>2026-05-12T01:58:06.852Z</time>
      </trkpt>
      <trkpt lat="43.744713" lon="7.394065">
        <ele>453.927241</ele>
        <time>2026-05-12T01:58:08.298Z</time>
      </trkpt>
      <trkpt lat="43.744701" lon="7.394165">
        <ele>454.110730</ele>
        <time>2026-05-12T01:58:09.482Z</time>
      </trkpt>
      <trkpt lat="43.744637" lon="7.394223">
        <ele>454.302396</ele>
        <time>2026-05-12T01:58:10.535Z</time>
      </trkpt>
      <trkpt lat="43.744627" lon="7.394358">
        <ele>454.528557</ele>
        <time>2026-05-12T01:58:12.057Z</time>
      </trkpt>
      <trkpt lat="43.744659" lon="7.394417">
        <ele>454.638701</ele>
        <time>2026-05-12T01:58:12.867Z</time>
      </trkpt>
      <trkpt lat="43.744708" lon="7.394445">
        <ele>454.748250</ele>
        <time>2026-05-12T01:58:13.807Z</time>
      </trkpt>
      <trkpt lat="43.744777" lon="7.394532">
        <ele>454.941129</ele>
        <time>2026-05-12T01:58:15.162Z</time>
      </trkpt>
      <trkpt lat="43.744878" lon="7.394642">
        <ele>455.206708</ele>
        <time>2026-05-12T01:58:17.231Z</time>
      </trkpt>
      <trkpt lat="43.744956" lon="7.394733">
        <ele>455.417513</ele>
        <time>2026-05-12T01:58:19.047Z</time>
      </trkpt>
      <trkpt lat="43.745247" lon="7.395151">
        <ele>456.284150</ele>
        <time>2026-05-12T01:58:26.271Z</time>
      </trkpt>
      <trkpt lat="43.745408" lon="7.395478">
        <ele>456.874927</ele>
        <time>2026-05-12T01:58:32.209Z</time>
      </trkpt>
      <trkpt lat="43.745562" lon="7.395874">
        <ele>457.546333</ele>
        <time>2026-05-12T01:58:41.325Z</time>
      </trkpt>
      <trkpt lat="43.745669" lon="7.396362">
        <ele>458.685488</ele>
        <time>2026-05-12T01:58:53.394Z</time>
      </trkpt>
      <trkpt lat="43.745716" lon="7.396813">
        <ele>461.036052</ele>
        <time>2026-05-12T01:59:05.812Z</time>
      </trkpt>
      <trkpt lat="43.745730" lon="7.397035">
        <ele>462.185593</ele>
        <time>2026-05-12T01:59:12.449Z</time>
      </trkpt>
      <trkpt lat="43.745739" lon="7.397207">
        <ele>463.075178</ele>
        <time>2026-05-12T01:59:17.785Z</time>
      </trkpt>
      <trkpt lat="43.745741" lon="7.397257">
        <ele>463.333498</ele>
        <time>2026-05-12T01:59:19.406Z</time>
      </trkpt>
      <trkpt lat="43.745744" lon="7.397486">
        <ele>464.514987</ele>
        <time>2026-05-12T01:59:26.826Z</time>
      </trkpt>
      <trkpt lat="43.745741" lon="7.397577">
        <ele>464.984898</ele>
        <time>2026-05-12T01:59:29.855Z</time>
      </trkpt>
      <trkpt lat="43.745737" lon="7.397659">
        <ele>465.408858</ele>
        <time>2026-05-12T01:59:32.579Z</time>
      </trkpt>
      <trkpt lat="43.745647" lon="7.398075">
        <ele>467.648956</ele>
        <time>2026-05-12T01:59:48.147Z</time>
      </trkpt>
      <trkpt lat="43.745427" lon="7.398593">
        <ele>470.748634</ele>
        <time>2026-05-12T02:00:10.822Z</time>
      </trkpt>
      <trkpt lat="43.745390" lon="7.399018">
        <ele>471.946620</ele>
        <time>2026-05-12T02:00:26.043Z</time>
      </trkpt>
      <trkpt lat="43.745420" lon="7.399606">
        <ele>473.419777</ele>
        <time>2026-05-12T02:00:43.733Z</time>
      </trkpt>
      <trkpt lat="43.745460" lon="7.400059">
        <ele>474.560314</ele>
        <time>2026-05-12T02:00:53.889Z</time>
      </trkpt>
      <trkpt lat="43.745472" lon="7.400127">
        <ele>474.735253</ele>
        <time>2026-05-12T02:00:55.110Z</time>
      </trkpt>
      <trkpt lat="43.745584" lon="7.400400">
        <ele>475.519858</ele>
        <time>2026-05-12T02:00:59.785Z</time>
      </trkpt>
      <trkpt lat="43.745824" lon="7.400639">
        <ele>476.542642</ele>
        <time>2026-05-12T02:01:03.971Z</time>
      </trkpt>
      <trkpt lat="43.746083" lon="7.400765">
        <ele>476.894770</ele>
        <time>2026-05-12T02:01:07.013Z</time>
      </trkpt>
      <trkpt lat="43.746334" lon="7.400850">
        <ele>475.831000</ele>
        <time>2026-05-12T02:01:09.653Z</time>
      </trkpt>
      <trkpt lat="43.746412" lon="7.400889">
        <ele>475.489590</ele>
        <time>2026-05-12T02:01:10.484Z</time>
      </trkpt>
      <trkpt lat="43.746580" lon="7.401004">
        <ele>474.718039</ele>
        <time>2026-05-12T02:01:12.299Z</time>
      </trkpt>
      <trkpt lat="43.746956" lon="7.401419">
        <ele>472.738350</ele>
        <time>2026-05-12T02:01:16.813Z</time>
      </trkpt>
      <trkpt lat="43.747081" lon="7.401501">
        <ele>472.168901</ele>
        <time>2026-05-12T02:01:18.094Z</time>
      </trkpt>
      <trkpt lat="43.747457" lon="7.401653">
        <ele>470.556358</ele>
        <time>2026-05-12T02:01:21.736Z</time>
      </trkpt>
      <trkpt lat="43.747983" lon="7.402162">
        <ele>467.944539</ele>
        <time>2026-05-12T02:01:27.883Z</time>
      </trkpt>
      <trkpt lat="43.748154" lon="7.402296">
        <ele>467.148466</ele>
        <time>2026-05-12T02:01:29.779Z</time>
      </trkpt>
      <trkpt lat="43.748476" lon="7.402474">
        <ele>465.743776</ele>
        <time>2026-05-12T02:01:33.127Z</time>
      </trkpt>
      <trkpt lat="43.748875" lon="7.402635">
        <ele>464.060030</ele>
        <time>2026-05-12T02:01:37.222Z</time>
      </trkpt>
      <trkpt lat="43.749643" lon="7.402945">
        <ele>460.408038</ele>
        <time>2026-05-12T02:01:45.477Z</time>
      </trkpt>
      <trkpt lat="43.750205" lon="7.403040">
        <ele>457.562657</ele>
        <time>2026-05-12T02:01:50.807Z</time>
      </trkpt>
      <trkpt lat="43.750426" lon="7.403147">
        <ele>456.386025</ele>
        <time>2026-05-12T02:01:52.989Z</time>
      </trkpt>
      <trkpt lat="43.750653" lon="7.403405">
        <ele>454.909978</ele>
        <time>2026-05-12T02:01:55.793Z</time>
      </trkpt>
      <trkpt lat="43.750980" lon="7.404088">
        <ele>451.559139</ele>
        <time>2026-05-12T02:02:01.069Z</time>
      </trkpt>
      <trkpt lat="43.751064" lon="7.404321">
        <ele>450.384863</ele>
        <time>2026-05-12T02:02:02.723Z</time>
      </trkpt>
      <trkpt lat="43.751090" lon="7.404492">
        <ele>449.596861</ele>
        <time>2026-05-12T02:02:03.838Z</time>
      </trkpt>
      <trkpt lat="43.751080" lon="7.404691">
        <ele>448.697325</ele>
        <time>2026-05-12T02:02:05.146Z</time>
      </trkpt>
      <trkpt lat="43.751040" lon="7.404779">
        <ele>448.228471</ele>
        <time>2026-05-12T02:02:05.851Z</time>
      </trkpt>
      <trkpt lat="43.750716" lon="7.405105">
        <ele>445.728054</ele>
        <time>2026-05-12T02:02:09.601Z</time>
      </trkpt>
      <trkpt lat="43.750635" lon="7.405264">
        <ele>444.850688</ele>
        <time>2026-05-12T02:02:10.936Z</time>
      </trkpt>
      <trkpt lat="43.750600" lon="7.405390">
        <ele>444.241939</ele>
        <time>2026-05-12T02:02:11.880Z</time>
      </trkpt>
      <trkpt lat="43.750562" lon="7.405799">
        <ele>442.382391</ele>
        <time>2026-05-12T02:02:14.620Z</time>
      </trkpt>
      <trkpt lat="43.750516" lon="7.405996">
        <ele>441.423129</ele>
        <time>2026-05-12T02:02:15.955Z</time>
      </trkpt>
      <trkpt lat="43.750229" lon="7.406772">
        <ele>437.367606</ele>
        <time>2026-05-12T02:02:21.661Z</time>
      </trkpt>
      <trkpt lat="43.750118" lon="7.406934">
        <ele>436.328901</ele>
        <time>2026-05-12T02:02:23.130Z</time>
      </trkpt>
      <trkpt lat="43.749774" lon="7.407255">
        <ele>433.657289</ele>
        <time>2026-05-12T02:02:26.843Z</time>
      </trkpt>
      <trkpt lat="43.749699" lon="7.407423">
        <ele>432.738557</ele>
        <time>2026-05-12T02:02:28.126Z</time>
      </trkpt>
      <trkpt lat="43.749614" lon="7.408056">
        <ele>430.195827</ele>
        <time>2026-05-12T02:02:32.336Z</time>
      </trkpt>
      <trkpt lat="43.749594" lon="7.408712">
        <ele>428.620895</ele>
        <time>2026-05-12T02:02:36.813Z</time>
      </trkpt>
      <trkpt lat="43.749660" lon="7.409750">
        <ele>426.121444</ele>
        <time>2026-05-12T02:02:44.794Z</time>
      </trkpt>
      <trkpt lat="43.749783" lon="7.410498">
        <ele>424.239546</ele>
        <time>2026-05-12T02:02:51.716Z</time>
      </trkpt>
      <trkpt lat="43.749946" lon="7.410953">
        <ele>422.901113</ele>
        <time>2026-05-12T02:02:55.835Z</time>
      </trkpt>
      <trkpt lat="43.750073" lon="7.411171">
        <ele>422.163062</ele>
        <time>2026-05-12T02:02:57.920Z</time>
      </trkpt>
      <trkpt lat="43.750203" lon="7.411393">
        <ele>421.409934</ele>
        <time>2026-05-12T02:02:59.998Z</time>
      </trkpt>
      <trkpt lat="43.750380" lon="7.411794">
        <ele>420.171502</ele>
        <time>2026-05-12T02:03:03.322Z</time>
      </trkpt>
      <trkpt lat="43.750674" lon="7.412570">
        <ele>417.698128</ele>
        <time>2026-05-12T02:03:09.231Z</time>
      </trkpt>
      <trkpt lat="43.750760" lon="7.412860">
        <ele>416.388991</ele>
        <time>2026-05-12T02:03:11.291Z</time>
      </trkpt>
      <trkpt lat="43.750758" lon="7.412993">
        <ele>415.833456</ele>
        <time>2026-05-12T02:03:12.147Z</time>
      </trkpt>
      <trkpt lat="43.750807" lon="7.413065">
        <ele>415.420356</ele>
        <time>2026-05-12T02:03:12.799Z</time>
      </trkpt>
      <trkpt lat="43.750898" lon="7.413473">
        <ele>413.637161</ele>
        <time>2026-05-12T02:03:15.576Z</time>
      </trkpt>
      <trkpt lat="43.750985" lon="7.413829">
        <ele>412.067718</ele>
        <time>2026-05-12T02:03:18.050Z</time>
      </trkpt>
      <trkpt lat="43.751503" lon="7.415659">
        <ele>405.527651</ele>
        <time>2026-05-12T02:03:31.350Z</time>
      </trkpt>
      <trkpt lat="43.751604" lon="7.416197">
        <ele>404.202868</ele>
        <time>2026-05-12T02:03:35.505Z</time>
      </trkpt>
      <trkpt lat="43.751692" lon="7.416523">
        <ele>403.373452</ele>
        <time>2026-05-12T02:03:38.399Z</time>
      </trkpt>
      <trkpt lat="43.751843" lon="7.416796">
        <ele>402.553992</ele>
        <time>2026-05-12T02:03:41.457Z</time>
      </trkpt>
      <trkpt lat="43.752561" lon="7.417554">
        <ele>399.066230</ele>
        <time>2026-05-12T02:03:51.161Z</time>
      </trkpt>
      <trkpt lat="43.752660" lon="7.417717">
        <ele>398.443224</ele>
        <time>2026-05-12T02:03:52.663Z</time>
      </trkpt>
      <trkpt lat="43.752707" lon="7.417846">
        <ele>398.020557</ele>
        <time>2026-05-12T02:03:53.657Z</time>
      </trkpt>
      <trkpt lat="43.752743" lon="7.418022">
        <ele>397.485439</ele>
        <time>2026-05-12T02:03:54.902Z</time>
      </trkpt>
      <trkpt lat="43.752743" lon="7.418188">
        <ele>396.999821</ele>
        <time>2026-05-12T02:03:56.015Z</time>
      </trkpt>
      <trkpt lat="43.752729" lon="7.418385">
        <ele>396.420732</ele>
        <time>2026-05-12T02:03:57.333Z</time>
      </trkpt>
      <trkpt lat="43.752676" lon="7.418652">
        <ele>395.610690</ele>
        <time>2026-05-12T02:03:59.168Z</time>
      </trkpt>
      <trkpt lat="43.752586" lon="7.418864">
        <ele>394.891321</ele>
        <time>2026-05-12T02:04:00.790Z</time>
      </trkpt>
      <trkpt lat="43.752433" lon="7.419125">
        <ele>394.042841</ele>
        <time>2026-05-12T02:04:03.011Z</time>
      </trkpt>
      <trkpt lat="43.752371" lon="7.419294">
        <ele>393.609309</ele>
        <time>2026-05-12T02:04:04.282Z</time>
      </trkpt>
      <trkpt lat="43.752346" lon="7.419501">
        <ele>393.129287</ele>
        <time>2026-05-12T02:04:05.731Z</time>
      </trkpt>
      <trkpt lat="43.752357" lon="7.419679">
        <ele>392.720679</ele>
        <time>2026-05-12T02:04:06.999Z</time>
      </trkpt>
      <trkpt lat="43.752411" lon="7.419908">
        <ele>392.169708</ele>
        <time>2026-05-12T02:04:08.765Z</time>
      </trkpt>
      <trkpt lat="43.752494" lon="7.420095">
        <ele>391.667711</ele>
        <time>2026-05-12T02:04:10.448Z</time>
      </trkpt>
      <trkpt lat="43.752748" lon="7.420363">
        <ele>390.656490</ele>
        <time>2026-05-12T02:04:13.995Z</time>
      </trkpt>
      <trkpt lat="43.753050" lon="7.420527">
        <ele>389.629303</ele>
        <time>2026-05-12T02:04:17.764Z</time>
      </trkpt>
      <trkpt lat="43.753201" lon="7.420649">
        <ele>389.075712</ele>
        <time>2026-05-12T02:04:19.743Z</time>
      </trkpt>
      <trkpt lat="43.753412" lon="7.420893">
        <ele>388.286146</ele>
        <time>2026-05-12T02:04:22.800Z</time>
      </trkpt>
      <trkpt lat="43.753687" lon="7.421336">
        <ele>387.123030</ele>
        <time>2026-05-12T02:04:27.243Z</time>
      </trkpt>
      <trkpt lat="43.753976" lon="7.421608">
        <ele>386.159672</ele>
        <time>2026-05-12T02:04:30.749Z</time>
      </trkpt>
      <trkpt lat="43.754618" lon="7.422005">
        <ele>384.221339</ele>
        <time>2026-05-12T02:04:37.741Z</time>
      </trkpt>
      <trkpt lat="43.755533" lon="7.422652">
        <ele>380.041072</ele>
        <time>2026-05-12T02:04:49.126Z</time>
      </trkpt>
      <trkpt lat="43.756226" lon="7.423604">
        <ele>375.300611</ele>
        <time>2026-05-12T02:04:58.313Z</time>
      </trkpt>
      <trkpt lat="43.756239" lon="7.423785">
        <ele>373.757174</ele>
        <time>2026-05-12T02:04:59.456Z</time>
      </trkpt>
      <trkpt lat="43.756171" lon="7.423947">
        <ele>372.167263</ele>
        <time>2026-05-12T02:05:00.615Z</time>
      </trkpt>
      <trkpt lat="43.755828" lon="7.424121">
        <ele>367.875727</ele>
        <time>2026-05-12T02:05:03.693Z</time>
      </trkpt>
      <trkpt lat="43.755235" lon="7.424334">
        <ele>360.678536</ele>
        <time>2026-05-12T02:05:08.773Z</time>
      </trkpt>
      <trkpt lat="43.755114" lon="7.424412">
        <ele>359.110494</ele>
        <time>2026-05-12T02:05:09.873Z</time>
      </trkpt>
      <trkpt lat="43.754949" lon="7.424672">
        <ele>356.173655</ele>
        <time>2026-05-12T02:05:11.953Z</time>
      </trkpt>
      <trkpt lat="43.754691" lon="7.424933">
        <ele>354.532424</ele>
        <time>2026-05-12T02:05:14.675Z</time>
      </trkpt>
      <trkpt lat="43.754381" lon="7.425523">
        <ele>353.234713</ele>
        <time>2026-05-12T02:05:19.679Z</time>
      </trkpt>
      <trkpt lat="43.754345" lon="7.425736">
        <ele>352.845615</ele>
        <time>2026-05-12T02:05:21.634Z</time>
      </trkpt>
      <trkpt lat="43.754373" lon="7.425950">
        <ele>352.458778</ele>
        <time>2026-05-12T02:05:24.070Z</time>
      </trkpt>
      <trkpt lat="43.754742" lon="7.426740">
        <ele>350.785404</ele>
        <time>2026-05-12T02:05:41.718Z</time>
      </trkpt>
      <trkpt lat="43.755115" lon="7.427931">
        <ele>353.036586</ele>
        <time>2026-05-12T02:06:09.550Z</time>
      </trkpt>
      <trkpt lat="43.755256" lon="7.428308">
        <ele>353.855916</ele>
        <time>2026-05-12T02:06:14.940Z</time>
      </trkpt>
      <trkpt lat="43.755313" lon="7.428380">
        <ele>354.062078</ele>
        <time>2026-05-12T02:06:16.186Z</time>
      </trkpt>
      <trkpt lat="43.755395" lon="7.428419">
        <ele>354.293742</ele>
        <time>2026-05-12T02:06:17.690Z</time>
      </trkpt>
      <trkpt lat="43.755563" lon="7.428405">
        <ele>354.743433</ele>
        <time>2026-05-12T02:06:20.911Z</time>
      </trkpt>
      <trkpt lat="43.755713" lon="7.428409">
        <ele>355.144292</ele>
        <time>2026-05-12T02:06:24.144Z</time>
      </trkpt>
      <trkpt lat="43.755855" lon="7.428453">
        <ele>355.433031</ele>
        <time>2026-05-12T02:06:27.663Z</time>
      </trkpt>
      <trkpt lat="43.756304" lon="7.428754">
        <ele>354.674561</ele>
        <time>2026-05-12T02:06:44.638Z</time>
      </trkpt>
      <trkpt lat="43.756546" lon="7.428828">
        <ele>354.297760</ele>
        <time>2026-05-12T02:06:53.319Z</time>
      </trkpt>
      <trkpt lat="43.756971" lon="7.428785">
        <ele>353.649873</ele>
        <time>2026-05-12T02:06:58.542Z</time>
      </trkpt>
      <trkpt lat="43.757344" lon="7.428640">
        <ele>353.060839</ele>
        <time>2026-05-12T02:07:02.119Z</time>
      </trkpt>
      <trkpt lat="43.757436" lon="7.428669">
        <ele>352.917384</ele>
        <time>2026-05-12T02:07:02.951Z</time>
      </trkpt>
      <trkpt lat="43.757492" lon="7.428758">
        <ele>352.787765</ele>
        <time>2026-05-12T02:07:03.694Z</time>
      </trkpt>
      <trkpt lat="43.757508" lon="7.428875">
        <ele>352.124522</ele>
        <time>2026-05-12T02:07:04.444Z</time>
      </trkpt>
      <trkpt lat="43.757474" lon="7.429830">
        <ele>343.877524</ele>
        <time>2026-05-12T02:07:10.272Z</time>
      </trkpt>
      <trkpt lat="43.757339" lon="7.430211">
        <ele>340.217210</ele>
        <time>2026-05-12T02:07:12.790Z</time>
      </trkpt>
      <trkpt lat="43.757098" lon="7.431089">
        <ele>332.115896</ele>
        <time>2026-05-12T02:07:18.433Z</time>
      </trkpt>
      <trkpt lat="43.756798" lon="7.431896">
        <ele>330.202142</ele>
        <time>2026-05-12T02:07:24.480Z</time>
      </trkpt>
      <trkpt lat="43.756744" lon="7.432120">
        <ele>329.894123</ele>
        <time>2026-05-12T02:07:26.672Z</time>
      </trkpt>
      <trkpt lat="43.756736" lon="7.432357">
        <ele>329.584654</ele>
        <time>2026-05-12T02:07:30.065Z</time>
      </trkpt>
      <trkpt lat="43.756783" lon="7.432547">
        <ele>329.322696</ele>
        <time>2026-05-12T02:07:33.984Z</time>
      </trkpt>
      <trkpt lat="43.756907" lon="7.432740">
        <ele>328.985773</ele>
        <time>2026-05-12T02:07:39.863Z</time>
      </trkpt>
      <trkpt lat="43.757752" lon="7.433504">
        <ele>326.331827</ele>
        <time>2026-05-12T02:08:01.335Z</time>
      </trkpt>
      <trkpt lat="43.757819" lon="7.433623">
        <ele>325.941288</ele>
        <time>2026-05-12T02:08:02.708Z</time>
      </trkpt>
      <trkpt lat="43.757846" lon="7.433727">
        <ele>325.655239</ele>
        <time>2026-05-12T02:08:03.690Z</time>
      </trkpt>
      <trkpt lat="43.757861" lon="7.434009">
        <ele>324.923350</ele>
        <time>2026-05-12T02:08:05.798Z</time>
      </trkpt>
      <trkpt lat="43.757891" lon="7.434158">
        <ele>324.522983</ele>
        <time>2026-05-12T02:08:06.878Z</time>
      </trkpt>
      <trkpt lat="43.758225" lon="7.434875">
        <ele>322.314644</ele>
        <time>2026-05-12T02:08:12.297Z</time>
      </trkpt>
      <trkpt lat="43.758262" lon="7.435045">
        <ele>321.855085</ele>
        <time>2026-05-12T02:08:13.398Z</time>
      </trkpt>
      <trkpt lat="43.758239" lon="7.435271">
        <ele>321.433226</ele>
        <time>2026-05-12T02:08:14.832Z</time>
      </trkpt>
      <trkpt lat="43.758107" lon="7.435648">
        <ele>320.963759</ele>
        <time>2026-05-12T02:08:17.690Z</time>
      </trkpt>
      <trkpt lat="43.758040" lon="7.435927">
        <ele>320.634298</ele>
        <time>2026-05-12T02:08:19.919Z</time>
      </trkpt>
      <trkpt lat="43.758029" lon="7.436143">
        <ele>320.391658</ele>
        <time>2026-05-12T02:08:21.826Z</time>
      </trkpt>
      <trkpt lat="43.758088" lon="7.436527">
        <ele>319.951738</ele>
        <time>2026-05-12T02:08:26.593Z</time>
      </trkpt>
      <trkpt lat="43.758162" lon="7.436747">
        <ele>319.679795</ele>
        <time>2026-05-12T02:08:30.601Z</time>
      </trkpt>
      <trkpt lat="43.758507" lon="7.437155">
        <ele>318.975876</ele>
        <time>2026-05-12T02:08:40.914Z</time>
      </trkpt>
      <trkpt lat="43.758669" lon="7.437505">
        <ele>318.146626</ele>
        <time>2026-05-12T02:08:45.399Z</time>
      </trkpt>
      <trkpt lat="43.758678" lon="7.437652">
        <ele>317.751664</ele>
        <time>2026-05-12T02:08:47.295Z</time>
      </trkpt>
      <trkpt lat="43.758657" lon="7.437796">
        <ele>317.358365</ele>
        <time>2026-05-12T02:08:49.139Z</time>
      </trkpt>
      <trkpt lat="43.758610" lon="7.437907">
        <ele>317.013891</ele>
        <time>2026-05-12T02:08:50.914Z</time>
      </trkpt>
      <trkpt lat="43.758497" lon="7.438028">
        <ele>316.484379</ele>
        <time>2026-05-12T02:08:53.376Z</time>
      </trkpt>
      <trkpt lat="43.758384" lon="7.438070">
        <ele>316.050689</ele>
        <time>2026-05-12T02:08:54.925Z</time>
      </trkpt>
      <trkpt lat="43.758025" lon="7.438069">
        <ele>314.719972</ele>
        <time>2026-05-12T02:08:58.681Z</time>
      </trkpt>
      <trkpt lat="43.757597" lon="7.438511">
        <ele>312.740775</ele>
        <time>2026-05-12T02:09:03.390Z</time>
      </trkpt>
      <trkpt lat="43.757398" lon="7.438680">
        <ele>311.617978</ele>
        <time>2026-05-12T02:09:05.352Z</time>
      </trkpt>
      <trkpt lat="43.756955" lon="7.438844">
        <ele>308.008749</ele>
        <time>2026-05-12T02:09:09.394Z</time>
      </trkpt>
      <trkpt lat="43.756624" lon="7.438857">
        <ele>305.402489</ele>
        <time>2026-05-12T02:09:12.365Z</time>
      </trkpt>
      <trkpt lat="43.756520" lon="7.438937">
        <ele>304.466075</ele>
        <time>2026-05-12T02:09:13.406Z</time>
      </trkpt>
      <trkpt lat="43.756482" lon="7.439026">
        <ele>303.878328</ele>
        <time>2026-05-12T02:09:14.055Z</time>
      </trkpt>
      <trkpt lat="43.756479" lon="7.439183">
        <ele>302.985483</ele>
        <time>2026-05-12T02:09:15.036Z</time>
      </trkpt>
      <trkpt lat="43.756597" lon="7.439583">
        <ele>300.529168</ele>
        <time>2026-05-12T02:09:17.752Z</time>
      </trkpt>
      <trkpt lat="43.756630" lon="7.439831">
        <ele>299.095586</ele>
        <time>2026-05-12T02:09:19.361Z</time>
      </trkpt>
      <trkpt lat="43.756622" lon="7.440125">
        <ele>297.642346</ele>
        <time>2026-05-12T02:09:21.287Z</time>
      </trkpt>
      <trkpt lat="43.756501" lon="7.440664">
        <ele>295.774178</ele>
        <time>2026-05-12T02:09:25.354Z</time>
      </trkpt>
      <trkpt lat="43.756523" lon="7.440901">
        <ele>294.983301</ele>
        <time>2026-05-12T02:09:27.099Z</time>
      </trkpt>
      <trkpt lat="43.756738" lon="7.441501">
        <ele>292.766459</ele>
        <time>2026-05-12T02:09:31.775Z</time>
      </trkpt>
      <trkpt lat="43.756851" lon="7.441901">
        <ele>291.344878</ele>
        <time>2026-05-12T02:09:34.988Z</time>
      </trkpt>
      <trkpt lat="43.756841" lon="7.442765">
        <ele>289.814172</ele>
        <time>2026-05-12T02:09:40.910Z</time>
      </trkpt>
      <trkpt lat="43.756867" lon="7.442951">
        <ele>289.869812</ele>
        <time>2026-05-12T02:09:42.112Z</time>
      </trkpt>
      <trkpt lat="43.756875" lon="7.443008">
        <ele>289.886866</ele>
        <time>2026-05-12T02:09:42.489Z</time>
      </trkpt>
      <trkpt lat="43.756985" lon="7.443477">
        <ele>290.031687</ele>
        <time>2026-05-12T02:09:45.945Z</time>
      </trkpt>
      <trkpt lat="43.756992" lon="7.443710">
        <ele>290.100176</ele>
        <time>2026-05-12T02:09:48.470Z</time>
      </trkpt>
      <trkpt lat="43.756953" lon="7.443823">
        <ele>290.136957</ele>
        <time>2026-05-12T02:09:50.398Z</time>
      </trkpt>
      <trkpt lat="43.756912" lon="7.443854">
        <ele>290.155952</ele>
        <time>2026-05-12T02:09:52.239Z</time>
      </trkpt>
      <trkpt lat="43.756881" lon="7.443974">
        <ele>290.193382</ele>
        <time>2026-05-12T02:09:54.922Z</time>
      </trkpt>
      <trkpt lat="43.756883" lon="7.443997">
        <ele>290.200185</ele>
        <time>2026-05-12T02:09:55.627Z</time>
      </trkpt>
      <trkpt lat="43.756988" lon="7.444192">
        <ele>290.271618</ele>
        <time>2026-05-12T02:10:03.219Z</time>
      </trkpt>
      <trkpt lat="43.757057" lon="7.444274">
        <ele>290.308593</ele>
        <time>2026-05-12T02:10:06.853Z</time>
      </trkpt>
      <trkpt lat="43.757130" lon="7.444271">
        <ele>290.338289</ele>
        <time>2026-05-12T02:10:10.497Z</time>
      </trkpt>
      <trkpt lat="43.757362" lon="7.444314">
        <ele>290.433465</ele>
        <time>2026-05-12T02:10:19.871Z</time>
      </trkpt>
      <trkpt lat="43.757483" lon="7.444278">
        <ele>290.228077</ele>
        <time>2026-05-12T02:10:24.660Z</time>
      </trkpt>
      <trkpt lat="43.757772" lon="7.444120">
        <ele>289.661167</ele>
        <time>2026-05-12T02:10:35.456Z</time>
      </trkpt>
      <trkpt lat="43.757994" lon="7.444048">
        <ele>289.245156</ele>
        <time>2026-05-12T02:10:44.888Z</time>
      </trkpt>
      <trkpt lat="43.758320" lon="7.444054">
        <ele>288.650307</ele>
        <time>2026-05-12T02:10:54.677Z</time>
      </trkpt>
      <trkpt lat="43.758693" lon="7.444262">
        <ele>287.916632</ele>
        <time>2026-05-12T02:10:58.489Z</time>
      </trkpt>
      <trkpt lat="43.758822" lon="7.444406">
        <ele>287.614298</ele>
        <time>2026-05-12T02:10:59.892Z</time>
      </trkpt>
      <trkpt lat="43.758903" lon="7.444560">
        <ele>287.363251</ele>
        <time>2026-05-12T02:11:01.034Z</time>
      </trkpt>
      <trkpt lat="43.759146" lon="7.445378">
        <ele>281.773427</ele>
        <time>2026-05-12T02:11:06.346Z</time>
      </trkpt>
      <trkpt lat="43.759296" lon="7.445634">
        <ele>279.332466</ele>
        <time>2026-05-12T02:11:08.331Z</time>
      </trkpt>
      <trkpt lat="43.759507" lon="7.445920">
        <ele>276.305190</ele>
        <time>2026-05-12T02:11:10.802Z</time>
      </trkpt>
      <trkpt lat="43.759887" lon="7.446227">
        <ele>271.794612</ele>
        <time>2026-05-12T02:11:14.619Z</time>
      </trkpt>
      <trkpt lat="43.759934" lon="7.446282">
        <ele>271.163706</ele>
        <time>2026-05-12T02:11:15.194Z</time>
      </trkpt>
      <trkpt lat="43.760046" lon="7.446591">
        <ele>268.696762</ele>
        <time>2026-05-12T02:11:17.628Z</time>
      </trkpt>
      <trkpt lat="43.760077" lon="7.446822">
        <ele>268.407227</ele>
        <time>2026-05-12T02:11:19.494Z</time>
      </trkpt>
      <trkpt lat="43.760145" lon="7.447067">
        <ele>268.083786</ele>
        <time>2026-05-12T02:11:22.665Z</time>
      </trkpt>
      <trkpt lat="43.760302" lon="7.447330">
        <ele>267.663315</ele>
        <time>2026-05-12T02:11:26.515Z</time>
      </trkpt>
      <trkpt lat="43.760782" lon="7.447717">
        <ele>266.715595</ele>
        <time>2026-05-12T02:11:32.285Z</time>
      </trkpt>
      <trkpt lat="43.761095" lon="7.447809">
        <ele>266.169647</ele>
        <time>2026-05-12T02:11:37.187Z</time>
      </trkpt>
      <trkpt lat="43.761223" lon="7.447883">
        <ele>265.932978</ele>
        <time>2026-05-12T02:11:39.698Z</time>
      </trkpt>
      <trkpt lat="43.761700" lon="7.448291">
        <ele>264.351855</ele>
        <time>2026-05-12T02:11:48.262Z</time>
      </trkpt>
      <trkpt lat="43.762182" lon="7.448520">
        <ele>262.672131</ele>
        <time>2026-05-12T02:11:53.585Z</time>
      </trkpt>
      <trkpt lat="43.762335" lon="7.448664">
        <ele>262.062325</ele>
        <time>2026-05-12T02:11:55.379Z</time>
      </trkpt>
      <trkpt lat="43.762781" lon="7.449243">
        <ele>260.047088</ele>
        <time>2026-05-12T02:12:01.126Z</time>
      </trkpt>
      <trkpt lat="43.763137" lon="7.449628">
        <ele>257.546432</ele>
        <time>2026-05-12T02:12:05.311Z</time>
      </trkpt>
      <trkpt lat="43.763433" lon="7.449850">
        <ele>255.468676</ele>
        <time>2026-05-12T02:12:08.274Z</time>
      </trkpt>
      <trkpt lat="43.763790" lon="7.450190">
        <ele>252.794316</ele>
        <time>2026-05-12T02:12:12.153Z</time>
      </trkpt>
      <trkpt lat="43.764001" lon="7.450331">
        <ele>251.348257</ele>
        <time>2026-05-12T02:12:14.308Z</time>
      </trkpt>
      <trkpt lat="43.764232" lon="7.450638">
        <ele>249.372025</ele>
        <time>2026-05-12T02:12:17.290Z</time>
      </trkpt>
      <trkpt lat="43.764364" lon="7.450723">
        <ele>248.528702</ele>
        <time>2026-05-12T02:12:18.659Z</time>
      </trkpt>
      <trkpt lat="43.764634" lon="7.450810">
        <ele>247.479891</ele>
        <time>2026-05-12T02:12:21.271Z</time>
      </trkpt>
      <trkpt lat="43.765153" lon="7.451127">
        <ele>245.333765</ele>
        <time>2026-05-12T02:12:26.677Z</time>
      </trkpt>
      <trkpt lat="43.765222" lon="7.451140">
        <ele>245.070306</ele>
        <time>2026-05-12T02:12:27.389Z</time>
      </trkpt>
      <trkpt lat="43.765583" lon="7.451075">
        <ele>243.693002</ele>
        <time>2026-05-12T02:12:31.600Z</time>
      </trkpt>
      <trkpt lat="43.766301" lon="7.450868">
        <ele>241.189473</ele>
        <time>2026-05-12T02:12:39.015Z</time>
      </trkpt>
      <trkpt lat="43.766448" lon="7.450851">
        <ele>240.800895</ele>
        <time>2026-05-12T02:12:40.453Z</time>
      </trkpt>
      <trkpt lat="43.766618" lon="7.450895">
        <ele>240.345322</ele>
        <time>2026-05-12T02:12:42.159Z</time>
      </trkpt>
      <trkpt lat="43.766858" lon="7.451113">
        <ele>239.589228</ele>
        <time>2026-05-12T02:12:45.024Z</time>
      </trkpt>
      <trkpt lat="43.767264" lon="7.451123">
        <ele>238.519565</ele>
        <time>2026-05-12T02:12:49.318Z</time>
      </trkpt>
      <trkpt lat="43.767668" lon="7.451270">
        <ele>237.419213</ele>
        <time>2026-05-12T02:12:54.601Z</time>
      </trkpt>
      <trkpt lat="43.768010" lon="7.451135">
        <ele>235.491370</ele>
        <time>2026-05-12T02:12:58.803Z</time>
      </trkpt>
      <trkpt lat="43.768330" lon="7.451095">
        <ele>233.224968</ele>
        <time>2026-05-12T02:13:02.027Z</time>
      </trkpt>
      <trkpt lat="43.768448" lon="7.451063">
        <ele>232.376805</ele>
        <time>2026-05-12T02:13:03.162Z</time>
      </trkpt>
      <trkpt lat="43.768590" lon="7.450971">
        <ele>231.270953</ele>
        <time>2026-05-12T02:13:04.615Z</time>
      </trkpt>
      <trkpt lat="43.768684" lon="7.450944">
        <ele>230.593780</ele>
        <time>2026-05-12T02:13:05.481Z</time>
      </trkpt>
      <trkpt lat="43.768751" lon="7.450958">
        <ele>230.115823</ele>
        <time>2026-05-12T02:13:06.091Z</time>
      </trkpt>
      <trkpt lat="43.768888" lon="7.451044">
        <ele>229.054794</ele>
        <time>2026-05-12T02:13:07.423Z</time>
      </trkpt>
      <trkpt lat="43.768999" lon="7.451220">
        <ele>227.864506</ele>
        <time>2026-05-12T02:13:08.890Z</time>
      </trkpt>
      <trkpt lat="43.769110" lon="7.451457">
        <ele>226.425597</ele>
        <time>2026-05-12T02:13:10.643Z</time>
      </trkpt>
      <trkpt lat="43.769130" lon="7.451580">
        <ele>225.783373</ele>
        <time>2026-05-12T02:13:11.417Z</time>
      </trkpt>
      <trkpt lat="43.769113" lon="7.451706">
        <ele>225.130447</ele>
        <time>2026-05-12T02:13:12.197Z</time>
      </trkpt>
      <trkpt lat="43.769053" lon="7.451811">
        <ele>224.448401</ele>
        <time>2026-05-12T02:13:13.009Z</time>
      </trkpt>
      <trkpt lat="43.768740" lon="7.452122">
        <ele>219.816177</ele>
        <time>2026-05-12T02:13:16.222Z</time>
      </trkpt>
      <trkpt lat="43.768655" lon="7.452253">
        <ele>218.272038</ele>
        <time>2026-05-12T02:13:17.272Z</time>
      </trkpt>
      <trkpt lat="43.768443" lon="7.452803">
        <ele>212.805717</ele>
        <time>2026-05-12T02:13:21.043Z</time>
      </trkpt>
      <trkpt lat="43.768249" lon="7.453174">
        <ele>208.789545</ele>
        <time>2026-05-12T02:13:23.836Z</time>
      </trkpt>
      <trkpt lat="43.767939" lon="7.453510">
        <ele>204.009793</ele>
        <time>2026-05-12T02:13:27.181Z</time>
      </trkpt>
      <trkpt lat="43.767787" lon="7.453606">
        <ele>202.158664</ele>
        <time>2026-05-12T02:13:28.622Z</time>
      </trkpt>
      <trkpt lat="43.767461" lon="7.453699">
        <ele>199.383083</ele>
        <time>2026-05-12T02:13:31.514Z</time>
      </trkpt>
      <trkpt lat="43.767367" lon="7.453773">
        <ele>198.481407</ele>
        <time>2026-05-12T02:13:32.459Z</time>
      </trkpt>
      <trkpt lat="43.767140" lon="7.454050">
        <ele>195.958361</ele>
        <time>2026-05-12T02:13:35.113Z</time>
      </trkpt>
      <trkpt lat="43.766829" lon="7.454295">
        <ele>192.974643</ele>
        <time>2026-05-12T02:13:38.278Z</time>
      </trkpt>
      <trkpt lat="43.766749" lon="7.454440">
        <ele>191.875772</ele>
        <time>2026-05-12T02:13:39.449Z</time>
      </trkpt>
      <trkpt lat="43.766674" lon="7.454682">
        <ele>190.289900</ele>
        <time>2026-05-12T02:13:41.122Z</time>
      </trkpt>
      <trkpt lat="43.766579" lon="7.454847">
        <ele>189.019112</ele>
        <time>2026-05-12T02:13:42.458Z</time>
      </trkpt>
      <trkpt lat="43.765954" lon="7.455383">
        <ele>183.728511</ele>
        <time>2026-05-12T02:13:49.144Z</time>
      </trkpt>
      <trkpt lat="43.765724" lon="7.455546">
        <ele>181.962254</ele>
        <time>2026-05-12T02:13:51.495Z</time>
      </trkpt>
      <trkpt lat="43.765310" lon="7.455953">
        <ele>178.491384</ele>
        <time>2026-05-12T02:13:56.070Z</time>
      </trkpt>
      <trkpt lat="43.764704" lon="7.456352">
        <ele>174.696805</ele>
        <time>2026-05-12T02:14:01.987Z</time>
      </trkpt>
      <trkpt lat="43.764494" lon="7.456427">
        <ele>174.085425</ele>
        <time>2026-05-12T02:14:04.044Z</time>
      </trkpt>
      <trkpt lat="43.764285" lon="7.456510">
        <ele>173.472486</ele>
        <time>2026-05-12T02:14:06.163Z</time>
      </trkpt>
      <trkpt lat="43.764119" lon="7.456623">
        <ele>172.951028</ele>
        <time>2026-05-12T02:14:08.155Z</time>
      </trkpt>
      <trkpt lat="43.763972" lon="7.456822">
        <ele>172.371480</ele>
        <time>2026-05-12T02:14:11.109Z</time>
      </trkpt>
      <trkpt lat="43.763965" lon="7.456993">
        <ele>172.022779</ele>
        <time>2026-05-12T02:14:13.235Z</time>
      </trkpt>
      <trkpt lat="43.764017" lon="7.457070">
        <ele>171.808152</ele>
        <time>2026-05-12T02:14:14.570Z</time>
      </trkpt>
      <trkpt lat="43.764279" lon="7.457280">
        <ele>170.954737</ele>
        <time>2026-05-12T02:14:19.470Z</time>
      </trkpt>
      <trkpt lat="43.764697" lon="7.457687">
        <ele>168.219797</ele>
        <time>2026-05-12T02:14:25.397Z</time>
      </trkpt>
      <trkpt lat="43.764814" lon="7.457839">
        <ele>166.891548</ele>
        <time>2026-05-12T02:14:27.126Z</time>
      </trkpt>
      <trkpt lat="43.764821" lon="7.457966">
        <ele>166.129999</ele>
        <time>2026-05-12T02:14:28.060Z</time>
      </trkpt>
      <trkpt lat="43.764780" lon="7.458108">
        <ele>165.215631</ele>
        <time>2026-05-12T02:14:29.134Z</time>
      </trkpt>
      <trkpt lat="43.764712" lon="7.458186">
        <ele>164.484574</ele>
        <time>2026-05-12T02:14:29.975Z</time>
      </trkpt>
      <trkpt lat="43.764404" lon="7.458256">
        <ele>161.900484</ele>
        <time>2026-05-12T02:14:32.748Z</time>
      </trkpt>
      <trkpt lat="43.764251" lon="7.458329">
        <ele>160.560688</ele>
        <time>2026-05-12T02:14:34.115Z</time>
      </trkpt>
      <trkpt lat="43.764207" lon="7.458393">
        <ele>160.032358</ele>
        <time>2026-05-12T02:14:34.648Z</time>
      </trkpt>
      <trkpt lat="43.764036" lon="7.458827">
        <ele>157.076345</ele>
        <time>2026-05-12T02:14:37.596Z</time>
      </trkpt>
      <trkpt lat="43.763640" lon="7.459341">
        <ele>152.944789</ele>
        <time>2026-05-12T02:14:42.110Z</time>
      </trkpt>
      <trkpt lat="43.763535" lon="7.459553">
        <ele>151.613283</ele>
        <time>2026-05-12T02:14:43.745Z</time>
      </trkpt>
      <trkpt lat="43.763479" lon="7.459725">
        <ele>150.636031</ele>
        <time>2026-05-12T02:14:44.968Z</time>
      </trkpt>
      <trkpt lat="43.763455" lon="7.459924">
        <ele>149.591002</ele>
        <time>2026-05-12T02:14:46.267Z</time>
      </trkpt>
      <trkpt lat="43.763565" lon="7.460301">
        <ele>147.484920</ele>
        <time>2026-05-12T02:14:48.923Z</time>
      </trkpt>
      <trkpt lat="43.763800" lon="7.460636">
        <ele>145.065920</ele>
        <time>2026-05-12T02:14:52.141Z</time>
      </trkpt>
      <trkpt lat="43.763844" lon="7.460746">
        <ele>144.414604</ele>
        <time>2026-05-12T02:14:53.092Z</time>
      </trkpt>
      <trkpt lat="43.763856" lon="7.460921">
        <ele>143.504090</ele>
        <time>2026-05-12T02:14:54.532Z</time>
      </trkpt>
      <trkpt lat="43.763681" lon="7.461354">
        <ele>141.250699</ele>
        <time>2026-05-12T02:14:59.762Z</time>
      </trkpt>
      <trkpt lat="43.763647" lon="7.461592">
        <ele>140.267147</ele>
        <time>2026-05-12T02:15:01.914Z</time>
      </trkpt>
      <trkpt lat="43.763751" lon="7.461994">
        <ele>138.536022</ele>
        <time>2026-05-12T02:15:04.951Z</time>
      </trkpt>
      <trkpt lat="43.763756" lon="7.462209">
        <ele>137.663957</ele>
        <time>2026-05-12T02:15:06.349Z</time>
      </trkpt>
      <trkpt lat="43.763698" lon="7.462339">
        <ele>137.044478</ele>
        <time>2026-05-12T02:15:07.318Z</time>
      </trkpt>
      <trkpt lat="43.763507" lon="7.462506">
        <ele>135.776447</ele>
        <time>2026-05-12T02:15:09.306Z</time>
      </trkpt>
      <trkpt lat="43.763318" lon="7.462761">
        <ele>134.295132</ele>
        <time>2026-05-12T02:15:11.657Z</time>
      </trkpt>
      <trkpt lat="43.762940" lon="7.463320">
        <ele>131.163670</ele>
        <time>2026-05-12T02:15:16.557Z</time>
      </trkpt>
      <trkpt lat="43.762398" lon="7.463981">
        <ele>127.010432</ele>
        <time>2026-05-12T02:15:22.984Z</time>
      </trkpt>
      <trkpt lat="43.762042" lon="7.464295">
        <ele>124.583244</ele>
        <time>2026-05-12T02:15:27.031Z</time>
      </trkpt>
      <trkpt lat="43.761961" lon="7.464404">
        <ele>123.933731</ele>
        <time>2026-05-12T02:15:28.179Z</time>
      </trkpt>
      <trkpt lat="43.761776" lon="7.464702">
        <ele>122.301751</ele>
        <time>2026-05-12T02:15:31.050Z</time>
      </trkpt>
      <trkpt lat="43.761610" lon="7.465155">
        <ele>120.373050</ele>
        <time>2026-05-12T02:15:34.713Z</time>
      </trkpt>
      <trkpt lat="43.761537" lon="7.465291">
        <ele>119.741680</ele>
        <time>2026-05-12T02:15:35.953Z</time>
      </trkpt>
      <trkpt lat="43.761445" lon="7.465389">
        <ele>119.142831</ele>
        <time>2026-05-12T02:15:37.129Z</time>
      </trkpt>
      <trkpt lat="43.761204" lon="7.465550">
        <ele>117.762325</ele>
        <time>2026-05-12T02:15:39.759Z</time>
      </trkpt>
      <trkpt lat="43.760900" lon="7.465944">
        <ele>115.614059</ele>
        <time>2026-05-12T02:15:43.620Z</time>
      </trkpt>
      <trkpt lat="43.760471" lon="7.466263">
        <ele>113.101811</ele>
        <time>2026-05-12T02:15:48.027Z</time>
      </trkpt>
      <trkpt lat="43.760212" lon="7.466457">
        <ele>111.204664</ele>
        <time>2026-05-12T02:15:50.635Z</time>
      </trkpt>
      <trkpt lat="43.759937" lon="7.466821">
        <ele>108.561277</ele>
        <time>2026-05-12T02:15:54.025Z</time>
      </trkpt>
      <trkpt lat="43.759673" lon="7.467117">
        <ele>106.200961</ele>
        <time>2026-05-12T02:15:57.040Z</time>
      </trkpt>
      <trkpt lat="43.759178" lon="7.467624">
        <ele>101.922850</ele>
        <time>2026-05-12T02:16:02.552Z</time>
      </trkpt>
      <trkpt lat="43.759012" lon="7.467839">
        <ele>100.343481</ele>
        <time>2026-05-12T02:16:04.613Z</time>
      </trkpt>
      <trkpt lat="43.758684" lon="7.468398">
        <ele>98.781145</ele>
        <time>2026-05-12T02:16:09.485Z</time>
      </trkpt>
      <trkpt lat="43.758501" lon="7.468786">
        <ele>97.840340</ele>
        <time>2026-05-12T02:16:12.785Z</time>
      </trkpt>
      <trkpt lat="43.758451" lon="7.468974">
        <ele>97.433605</ele>
        <time>2026-05-12T02:16:14.265Z</time>
      </trkpt>
      <trkpt lat="43.758445" lon="7.469137">
        <ele>97.102250</ele>
        <time>2026-05-12T02:16:15.516Z</time>
      </trkpt>
      <trkpt lat="43.758505" lon="7.469435">
        <ele>96.474177</ele>
        <time>2026-05-12T02:16:18.192Z</time>
      </trkpt>
      <trkpt lat="43.758431" lon="7.469503">
        <ele>96.224525</ele>
        <time>2026-05-12T02:16:19.184Z</time>
      </trkpt>
      <trkpt lat="43.758434" lon="7.469604">
        <ele>96.019299</ele>
        <time>2026-05-12T02:16:20.366Z</time>
      </trkpt>
      <trkpt lat="43.758493" lon="7.469664">
        <ele>95.813526</ele>
        <time>2026-05-12T02:16:21.257Z</time>
      </trkpt>
      <trkpt lat="43.758562" lon="7.469757">
        <ele>95.542847</ele>
        <time>2026-05-12T02:16:22.876Z</time>
      </trkpt>
      <trkpt lat="43.758688" lon="7.469940">
        <ele>95.110928</ele>
        <time>2026-05-12T02:16:25.740Z</time>
      </trkpt>
      <trkpt lat="43.758793" lon="7.470035">
        <ele>95.077459</ele>
        <time>2026-05-12T02:16:28.140Z</time>
      </trkpt>
      <trkpt lat="43.759033" lon="7.470267">
        <ele>94.999355</ele>
        <time>2026-05-12T02:16:34.027Z</time>
      </trkpt>
      <trkpt lat="43.759371" lon="7.470526">
        <ele>94.896275</ele>
        <time>2026-05-12T02:16:40.923Z</time>
      </trkpt>
      <trkpt lat="43.759675" lon="7.470688">
        <ele>94.809357</ele>
        <time>2026-05-12T02:16:46.400Z</time>
      </trkpt>
      <trkpt lat="43.759861" lon="7.470755">
        <ele>94.758074</ele>
        <time>2026-05-12T02:16:49.195Z</time>
      </trkpt>
      <trkpt lat="43.760033" lon="7.470808">
        <ele>94.711056</ele>
        <time>2026-05-12T02:16:51.312Z</time>
      </trkpt>
      <trkpt lat="43.760520" lon="7.470842">
        <ele>93.718899</ele>
        <time>2026-05-12T02:16:56.494Z</time>
      </trkpt>
      <trkpt lat="43.760803" lon="7.470872">
        <ele>92.528744</ele>
        <time>2026-05-12T02:16:59.421Z</time>
      </trkpt>
      <trkpt lat="43.761214" lon="7.471024">
        <ele>90.744912</ele>
        <time>2026-05-12T02:17:03.684Z</time>
      </trkpt>
      <trkpt lat="43.761426" lon="7.471036">
        <ele>89.855206</ele>
        <time>2026-05-12T02:17:05.780Z</time>
      </trkpt>
      <trkpt lat="43.761996" lon="7.470767">
        <ele>87.330051</ele>
        <time>2026-05-12T02:17:11.376Z</time>
      </trkpt>
      <trkpt lat="43.762281" lon="7.470722">
        <ele>85.161323</ele>
        <time>2026-05-12T02:17:13.909Z</time>
      </trkpt>
      <trkpt lat="43.762385" lon="7.470779">
        <ele>84.225353</ele>
        <time>2026-05-12T02:17:14.902Z</time>
      </trkpt>
      <trkpt lat="43.762458" lon="7.470859">
        <ele>83.446310</ele>
        <time>2026-05-12T02:17:15.735Z</time>
      </trkpt>
      <trkpt lat="43.762539" lon="7.471010">
        <ele>82.309559</ele>
        <time>2026-05-12T02:17:16.951Z</time>
      </trkpt>
      <trkpt lat="43.762574" lon="7.471185">
        <ele>81.212146</ele>
        <time>2026-05-12T02:17:18.114Z</time>
      </trkpt>
      <trkpt lat="43.762579" lon="7.471596">
        <ele>78.727924</ele>
        <time>2026-05-12T02:17:20.728Z</time>
      </trkpt>
      <trkpt lat="43.762516" lon="7.471915">
        <ele>76.729273</ele>
        <time>2026-05-12T02:17:22.797Z</time>
      </trkpt>
      <trkpt lat="43.762493" lon="7.472041">
        <ele>75.943847</ele>
        <time>2026-05-12T02:17:23.608Z</time>
      </trkpt>
      <trkpt lat="43.762468" lon="7.472192">
        <ele>75.007609</ele>
        <time>2026-05-12T02:17:24.570Z</time>
      </trkpt>
      <trkpt lat="43.762399" lon="7.472530">
        <ele>72.884873</ele>
        <time>2026-05-12T02:17:26.743Z</time>
      </trkpt>
      <trkpt lat="43.762322" lon="7.472749">
        <ele>71.443335</ele>
        <time>2026-05-12T02:17:28.243Z</time>
      </trkpt>
      <trkpt lat="43.762210" lon="7.472949">
        <ele>69.987478</ele>
        <time>2026-05-12T02:17:29.820Z</time>
      </trkpt>
      <trkpt lat="43.762050" lon="7.473128">
        <ele>68.349043</ele>
        <time>2026-05-12T02:17:31.643Z</time>
      </trkpt>
      <trkpt lat="43.761729" lon="7.473297">
        <ele>65.613634</ele>
        <time>2026-05-12T02:17:34.704Z</time>
      </trkpt>
      <trkpt lat="43.761654" lon="7.473377">
        <ele>64.859535</ele>
        <time>2026-05-12T02:17:35.542Z</time>
      </trkpt>
      <trkpt lat="43.761556" lon="7.473531">
        <ele>63.678797</ele>
        <time>2026-05-12T02:17:36.858Z</time>
      </trkpt>
      <trkpt lat="43.761501" lon="7.473670">
        <ele>62.767038</ele>
        <time>2026-05-12T02:17:37.871Z</time>
      </trkpt>
      <trkpt lat="43.761433" lon="7.474071">
        <ele>60.397495</ele>
        <time>2026-05-12T02:17:40.520Z</time>
      </trkpt>
      <trkpt lat="43.761325" lon="7.474341">
        <ele>58.621970</ele>
        <time>2026-05-12T02:17:42.530Z</time>
      </trkpt>
      <trkpt lat="43.760929" lon="7.474891">
        <ele>54.017548</ele>
        <time>2026-05-12T02:17:47.621Z</time>
      </trkpt>
      <trkpt lat="43.760410" lon="7.475761">
        <ele>47.277128</ele>
        <time>2026-05-12T02:17:54.779Z</time>
      </trkpt>
      <trkpt lat="43.760248" lon="7.475941">
        <ele>45.559185</ele>
        <time>2026-05-12T02:17:56.564Z</time>
      </trkpt>
      <trkpt lat="43.759765" lon="7.476265">
        <ele>41.489880</ele>
        <time>2026-05-12T02:18:01.204Z</time>
      </trkpt>
      <trkpt lat="43.759599" lon="7.476433">
        <ele>40.153976</ele>
        <time>2026-05-12T02:18:02.997Z</time>
      </trkpt>
      <trkpt lat="43.759492" lon="7.476601">
        <ele>39.102907</ele>
        <time>2026-05-12T02:18:04.411Z</time>
      </trkpt>
      <trkpt lat="43.759454" lon="7.476756">
        <ele>38.334814</ele>
        <time>2026-05-12T02:18:05.449Z</time>
      </trkpt>
      <trkpt lat="43.759481" lon="7.476965">
        <ele>37.338523</ele>
        <time>2026-05-12T02:18:06.808Z</time>
      </trkpt>
      <trkpt lat="43.759600" lon="7.477156">
        <ele>36.154869</ele>
        <time>2026-05-12T02:18:08.447Z</time>
      </trkpt>
      <trkpt lat="43.759883" lon="7.477449">
        <ele>33.859010</ele>
        <time>2026-05-12T02:18:11.749Z</time>
      </trkpt>
      <trkpt lat="43.760974" lon="7.478350">
        <ele>29.109796</ele>
        <time>2026-05-12T02:18:24.851Z</time>
      </trkpt>
      <trkpt lat="43.761419" lon="7.478610">
        <ele>27.952230</ele>
        <time>2026-05-12T02:18:30.035Z</time>
      </trkpt>
      <trkpt lat="43.761617" lon="7.478627">
        <ele>27.476786</ele>
        <time>2026-05-12T02:18:32.124Z</time>
      </trkpt>
      <trkpt lat="43.762222" lon="7.478520">
        <ele>26.433290</ele>
        <time>2026-05-12T02:18:39.586Z</time>
      </trkpt>
      <trkpt lat="43.762400" lon="7.478569">
        <ele>26.216937</ele>
        <time>2026-05-12T02:18:42.022Z</time>
      </trkpt>
      <trkpt lat="43.762656" lon="7.478790">
        <ele>25.857293</ele>
        <time>2026-05-12T02:18:46.184Z</time>
      </trkpt>
      <trkpt lat="43.762821" lon="7.478985">
        <ele>25.598683</ele>
        <time>2026-05-12T02:18:49.216Z</time>
      </trkpt>
      <trkpt lat="43.762904" lon="7.479097">
        <ele>25.460520</ele>
        <time>2026-05-12T02:18:50.760Z</time>
      </trkpt>
      <trkpt lat="43.763668" lon="7.480236">
        <ele>22.701953</ele>
        <time>2026-05-12T02:19:03.245Z</time>
      </trkpt>
      <trkpt lat="43.763655" lon="7.480335">
        <ele>22.403500</ele>
        <time>2026-05-12T02:19:03.951Z</time>
      </trkpt>
      <trkpt lat="43.763674" lon="7.480380">
        <ele>22.248892</ele>
        <time>2026-05-12T02:19:04.308Z</time>
      </trkpt>
      <trkpt lat="43.763751" lon="7.480408">
        <ele>21.921932</ele>
        <time>2026-05-12T02:19:05.072Z</time>
      </trkpt>
      <trkpt lat="43.763787" lon="7.480378">
        <ele>21.749371</ele>
        <time>2026-05-12T02:19:05.469Z</time>
      </trkpt>
      <trkpt lat="43.764445" lon="7.481584">
        <ele>17.271310</ele>
        <time>2026-05-12T02:19:15.687Z</time>
      </trkpt>
      <trkpt lat="43.764589" lon="7.481863">
        <ele>16.356584</ele>
        <time>2026-05-12T02:19:18.001Z</time>
      </trkpt>
      <trkpt lat="43.764654" lon="7.481977">
        <ele>15.969152</ele>
        <time>2026-05-12T02:19:18.992Z</time>
      </trkpt>
      <trkpt lat="43.764816" lon="7.482448">
        <ele>14.577599</ele>
        <time>2026-05-12T02:19:22.588Z</time>
      </trkpt>
      <trkpt lat="43.764868" lon="7.482674">
        <ele>13.944912</ele>
        <time>2026-05-12T02:19:24.250Z</time>
      </trkpt>
      <trkpt lat="43.764952" lon="7.483314">
        <ele>12.209820</ele>
        <time>2026-05-12T02:19:28.947Z</time>
      </trkpt>
      <trkpt lat="43.764975" lon="7.483915">
        <ele>10.643274</ele>
        <time>2026-05-12T02:19:33.601Z</time>
      </trkpt>
      <trkpt lat="43.764982" lon="7.484230">
        <ele>10.280238</ele>
        <time>2026-05-12T02:19:36.363Z</time>
      </trkpt>
      <trkpt lat="43.764979" lon="7.484574">
        <ele>9.883938</ele>
        <time>2026-05-12T02:19:39.398Z</time>
      </trkpt>
      <trkpt lat="43.764979" lon="7.484803">
        <ele>9.620141</ele>
        <time>2026-05-12T02:19:41.405Z</time>
      </trkpt>
      <trkpt lat="43.764994" lon="7.485094">
        <ele>9.284070</ele>
        <time>2026-05-12T02:19:43.933Z</time>
      </trkpt>
      <trkpt lat="43.765073" lon="7.485658">
        <ele>8.622263</ele>
        <time>2026-05-12T02:19:48.895Z</time>
      </trkpt>
      <trkpt lat="43.765215" lon="7.486219">
        <ele>7.937476</ele>
        <time>2026-05-12T02:19:53.961Z</time>
      </trkpt>
      <trkpt lat="43.765329" lon="7.486575">
        <ele>7.266968</ele>
        <time>2026-05-12T02:19:56.998Z</time>
      </trkpt>
      <trkpt lat="43.765611" lon="7.487156">
        <ele>5.892292</ele>
        <time>2026-05-12T02:20:02.048Z</time>
      </trkpt>
      <trkpt lat="43.765755" lon="7.487413">
        <ele>5.253524</ele>
        <time>2026-05-12T02:20:04.378Z</time>
      </trkpt>
      <trkpt lat="43.765758" lon="7.487509">
        <ele>5.064829</ele>
        <time>2026-05-12T02:20:05.078Z</time>
      </trkpt>
      <trkpt lat="43.765590" lon="7.487696">
        <ele>4.478708</ele>
        <time>2026-05-12T02:20:07.228Z</time>
      </trkpt>
      <trkpt lat="43.765395" lon="7.488035">
        <ele>3.627635</ele>
        <time>2026-05-12T02:20:10.409Z</time>
      </trkpt>
      <trkpt lat="43.765474" lon="7.488127">
        <ele>3.346947</ele>
        <time>2026-05-12T02:20:11.473Z</time>
      </trkpt>
      <trkpt lat="43.767256" lon="7.489829">
        <ele>0.521800</ele>
        <time>2026-05-12T02:20:37.167Z</time>
      </trkpt>
      <trkpt lat="43.767324" lon="7.489892">
        <ele>0.499836</ele>
        <time>2026-05-12T02:20:38.313Z</time>
      </trkpt>
      <trkpt lat="43.767830" lon="7.490497">
        <ele>0.320366</ele>
        <time>2026-05-12T02:20:47.834Z</time>
      </trkpt>
      <trkpt lat="43.768624" lon="7.491615">
        <ele>0.175176</ele>
        <time>2026-05-12T02:21:04.920Z</time>
      </trkpt>
      <trkpt lat="43.768656" lon="7.491661">
        <ele>0.188001</ele>
        <time>2026-05-12T02:21:05.624Z</time>
      </trkpt>
      <trkpt lat="43.769505" lon="7.492880">
        <ele>0.528062</ele>
        <time>2026-05-12T02:21:25.184Z</time>
      </trkpt>
      <trkpt lat="43.769762" lon="7.493339">
        <ele>0.647338</ele>
        <time>2026-05-12T02:21:32.156Z</time>
      </trkpt>
      <trkpt lat="43.770057" lon="7.493895">
        <ele>0.793198</ele>
        <time>2026-05-12T02:21:40.146Z</time>
      </trkpt>
      <trkpt lat="43.770393" lon="7.494525">
        <ele>0.958772</ele>
        <time>2026-05-12T02:21:49.220Z</time>
      </trkpt>
      <trkpt lat="43.770499" lon="7.494725">
        <ele>1.011219</ele>
        <time>2026-05-12T02:21:52.109Z</time>
      </trkpt>
      <trkpt lat="43.770634" lon="7.494981">
        <ele>1.078234</ele>
        <time>2026-05-12T02:21:55.794Z</time>
      </trkpt>
      <trkpt lat="43.771263" lon="7.496176">
        <ele>1.561961</ele>
        <time>2026-05-12T02:22:12.468Z</time>
      </trkpt>
      <trkpt lat="43.771512" lon="7.496645">
        <ele>1.763076</ele>
        <time>2026-05-12T02:22:19.199Z</time>
      </trkpt>
      <trkpt lat="43.771639" lon="7.496880">
        <ele>1.864485</ele>
        <time>2026-05-12T02:22:22.556Z</time>
      </trkpt>
      <trkpt lat="43.771682" lon="7.496978">
        <ele>1.904103</ele>
        <time>2026-05-12T02:22:23.873Z</time>
      </trkpt>
      <trkpt lat="43.771728" lon="7.497083">
        <ele>1.946533</ele>
        <time>2026-05-12T02:22:25.417Z</time>
      </trkpt>
      <trkpt lat="43.772202" lon="7.498013">
        <ele>3.362867</ele>
        <time>2026-05-12T02:22:43.202Z</time>
      </trkpt>
      <trkpt lat="43.772253" lon="7.498190">
        <ele>3.616759</ele>
        <time>2026-05-12T02:22:46.437Z</time>
      </trkpt>
      <trkpt lat="43.772347" lon="7.498174">
        <ele>3.791494</ele>
        <time>2026-05-12T02:22:48.683Z</time>
      </trkpt>
      <trkpt lat="43.772636" lon="7.497947">
        <ele>4.404493</ele>
        <time>2026-05-12T02:22:56.502Z</time>
      </trkpt>
      <trkpt lat="43.772770" lon="7.498203">
        <ele>4.825733</ele>
        <time>2026-05-12T02:23:01.855Z</time>
      </trkpt>
      <trkpt lat="43.772821" lon="7.498362">
        <ele>5.057521</ele>
        <time>2026-05-12T02:23:04.865Z</time>
      </trkpt>
      <trkpt lat="43.772895" lon="7.498474">
        <ele>5.259770</ele>
        <time>2026-05-12T02:23:07.545Z</time>
      </trkpt>
      <trkpt lat="43.772926" lon="7.498525">
        <ele>5.347477</ele>
        <time>2026-05-12T02:23:08.691Z</time>
      </trkpt>
      <trkpt lat="43.773017" lon="7.498676">
        <ele>5.603522</ele>
        <time>2026-05-12T02:23:12.152Z</time>
      </trkpt>
      <trkpt lat="43.773105" lon="7.498854">
        <ele>5.884356</ele>
        <time>2026-05-12T02:23:16.080Z</time>
      </trkpt>
      <trkpt lat="43.773348" lon="7.499340">
        <ele>6.653919</ele>
        <time>2026-05-12T02:23:25.542Z</time>
      </trkpt>
      <trkpt lat="43.773371" lon="7.499386">
        <ele>6.726759</ele>
        <time>2026-05-12T02:23:26.397Z</time>
      </trkpt>
      <trkpt lat="43.773661" lon="7.499969">
        <ele>7.648378</ele>
        <time>2026-05-12T02:23:37.304Z</time>
      </trkpt>
      <trkpt lat="43.773865" lon="7.500370">
        <ele>8.286956</ele>
        <time>2026-05-12T02:23:44.925Z</time>
      </trkpt>
      <trkpt lat="43.773907" lon="7.500452">
        <ele>8.417834</ele>
        <time>2026-05-12T02:23:46.591Z</time>
      </trkpt>
      <trkpt lat="43.774243" lon="7.501042">
        <ele>8.542862</ele>
        <time>2026-05-12T02:23:57.636Z</time>
      </trkpt>
      <trkpt lat="43.774305" lon="7.501128">
        <ele>8.542862</ele>
        <time>2026-05-12T02:23:59.361Z</time>
      </trkpt>
      <trkpt lat="43.774285" lon="7.501171">
        <ele>8.542862</ele>
        <time>2026-05-12T02:23:59.984Z</time>
      </trkpt>
      <trkpt lat="43.774286" lon="7.501284">
        <ele>8.542862</ele>
        <time>2026-05-12T02:24:01.461Z</time>
      </trkpt>
      <trkpt lat="43.774355" lon="7.501353">
        <ele>8.542862</ele>
        <time>2026-05-12T02:24:02.930Z</time>
      </trkpt>
      <trkpt lat="43.774430" lon="7.501331">
        <ele>8.542862</ele>
        <time>2026-05-12T02:24:04.260Z</time>
      </trkpt>
      <trkpt lat="43.774553" lon="7.501527">
        <ele>8.542862</ele>
        <time>2026-05-12T02:24:07.317Z</time>
      </trkpt>
      <trkpt lat="43.774673" lon="7.502076">
        <ele>8.542862</ele>
        <time>2026-05-12T02:24:14.063Z</time>
      </trkpt>
      <trkpt lat="43.774805" lon="7.502789">
        <ele>8.542862</ele>
        <time>2026-05-12T02:24:22.423Z</time>
      </trkpt>
      <trkpt lat="43.774859" lon="7.503059">
        <ele>8.542862</ele>
        <time>2026-05-12T02:24:25.405Z</time>
      </trkpt>
      <trkpt lat="43.775232" lon="7.502967">
        <ele>8.542862</ele>
        <time>2026-05-12T02:24:31.214Z</time>
      </trkpt>
    </trkseg>
  </trk>
</gpx>