<?xml version='1.0' encoding='UTF-8'?>
<gpx version="1.1" creator="https://www.komoot.de" xmlns="http://www.topografix.com/GPX/1/1" xmlns:xsi="http://www.w3.org/2001/XMLSchema-instance" xsi:schemaLocation="http://www.topografix.com/GPX/1/1 http://www.topografix.com/GPX/1/1/gpx.xsd">
  <metadata>
    <name>Cannes + Esterel</name>
    <author>
      <link href="https://www.komoot.de">
        <text>komoot</text>
        <type>text/html</type>
      </link>
    </author>
  </metadata>
  <wpt lat="43.501633" lon="6.794695">
    <name>Discesa dal Col de l'Auriasque verso Fréjus</name>
    <sym>Flag, Blue</sym>
  </wpt>
  <wpt lat="43.422962" lon="6.857648">
    <name>Corniche d'Or – Strada costiera panoramica nel Parco Naturale dell'Esterel</name>
    <sym>Flag, Blue</sym>
  </wpt>
  <trk>
    <name>Cannes + Esterel</name>
    <trkseg>
      <trkpt lat="43.554169" lon="7.019913">
        <ele>11.074991</ele>
        <time>2026-05-11T22:03:10.420Z</time>
      </trkpt>
      <trkpt lat="43.554167" lon="7.020005">
        <ele>11.074991</ele>
        <time>2026-05-11T22:03:18.663Z</time>
      </trkpt>
      <trkpt lat="43.554165" lon="7.020029">
        <ele>11.074991</ele>
        <time>2026-05-11T22:03:19.897Z</time>
      </trkpt>
      <trkpt lat="43.554074" lon="7.020025">
        <ele>11.074991</ele>
        <time>2026-05-11T22:03:26.273Z</time>
      </trkpt>
      <trkpt lat="43.554049" lon="7.020012">
        <ele>11.074991</ele>
        <time>2026-05-11T22:03:28.106Z</time>
      </trkpt>
      <trkpt lat="43.553985" lon="7.020007">
        <ele>11.074991</ele>
        <time>2026-05-11T22:03:36.026Z</time>
      </trkpt>
      <trkpt lat="43.553946" lon="7.019987">
        <ele>11.074991</ele>
        <time>2026-05-11T22:03:38.902Z</time>
      </trkpt>
      <trkpt lat="43.553926" lon="7.019984">
        <ele>11.074991</ele>
        <time>2026-05-11T22:03:40.292Z</time>
      </trkpt>
      <trkpt lat="43.553871" lon="7.019979">
        <ele>11.074991</ele>
        <time>2026-05-11T22:03:44.151Z</time>
      </trkpt>
      <trkpt lat="43.553880" lon="7.019675">
        <ele>11.074991</ele>
        <time>2026-05-11T22:03:59.450Z</time>
      </trkpt>
      <trkpt lat="43.553880" lon="7.019456">
        <ele>11.074991</ele>
        <time>2026-05-11T22:04:10.475Z</time>
      </trkpt>
      <trkpt lat="43.553871" lon="7.019456">
        <ele>11.074991</ele>
        <time>2026-05-11T22:04:11.087Z</time>
      </trkpt>
      <trkpt lat="43.553801" lon="7.019452">
        <ele>11.074991</ele>
        <time>2026-05-11T22:04:16.026Z</time>
      </trkpt>
      <trkpt lat="43.553631" lon="7.019332">
        <ele>11.080331</ele>
        <time>2026-05-11T22:04:29.269Z</time>
      </trkpt>
      <trkpt lat="43.553611" lon="7.020546">
        <ele>11.115707</ele>
        <time>2026-05-11T22:04:43.840Z</time>
      </trkpt>
      <trkpt lat="43.553607" lon="7.020768">
        <ele>11.122176</ele>
        <time>2026-05-11T22:04:45.734Z</time>
      </trkpt>
      <trkpt lat="43.553606" lon="7.020814">
        <ele>11.123517</ele>
        <time>2026-05-11T22:04:46.119Z</time>
      </trkpt>
      <trkpt lat="43.553605" lon="7.020886">
        <ele>11.125615</ele>
        <time>2026-05-11T22:04:46.750Z</time>
      </trkpt>
      <trkpt lat="43.553598" lon="7.021337">
        <ele>11.138757</ele>
        <time>2026-05-11T22:04:50.630Z</time>
      </trkpt>
      <trkpt lat="43.553593" lon="7.021586">
        <ele>11.146013</ele>
        <time>2026-05-11T22:04:53.051Z</time>
      </trkpt>
      <trkpt lat="43.553587" lon="7.021976">
        <ele>11.548643</ele>
        <time>2026-05-11T22:04:57.712Z</time>
      </trkpt>
      <trkpt lat="43.553585" lon="7.022074">
        <ele>11.662309</ele>
        <time>2026-05-11T22:04:58.857Z</time>
      </trkpt>
      <trkpt lat="43.553561" lon="7.022257">
        <ele>11.877925</ele>
        <time>2026-05-11T22:05:01.369Z</time>
      </trkpt>
      <trkpt lat="43.553558" lon="7.022622">
        <ele>12.301132</ele>
        <time>2026-05-11T22:05:06.603Z</time>
      </trkpt>
      <trkpt lat="43.553569" lon="7.022757">
        <ele>12.458637</ele>
        <time>2026-05-11T22:05:08.553Z</time>
      </trkpt>
      <trkpt lat="43.553554" lon="7.023230">
        <ele>13.007556</ele>
        <time>2026-05-11T22:05:16.158Z</time>
      </trkpt>
      <trkpt lat="43.553506" lon="7.025010">
        <ele>14.739707</ele>
        <time>2026-05-11T22:05:50.979Z</time>
      </trkpt>
      <trkpt lat="43.553355" lon="7.024986">
        <ele>14.905604</ele>
        <time>2026-05-11T22:05:54.258Z</time>
      </trkpt>
      <trkpt lat="43.552999" lon="7.024929">
        <ele>15.296764</ele>
        <time>2026-05-11T22:06:00.467Z</time>
      </trkpt>
      <trkpt lat="43.552717" lon="7.024884">
        <ele>15.606602</ele>
        <time>2026-05-11T22:06:04.186Z</time>
      </trkpt>
      <trkpt lat="43.552540" lon="7.024863">
        <ele>15.800500</ele>
        <time>2026-05-11T22:06:06.378Z</time>
      </trkpt>
      <trkpt lat="43.552354" lon="7.024841">
        <ele>15.966749</ele>
        <time>2026-05-11T22:06:08.617Z</time>
      </trkpt>
      <trkpt lat="43.552350" lon="7.024916">
        <ele>15.890569</ele>
        <time>2026-05-11T22:06:09.265Z</time>
      </trkpt>
      <trkpt lat="43.551749" lon="7.024868">
        <ele>15.049119</ele>
        <time>2026-05-11T22:06:16.869Z</time>
      </trkpt>
      <trkpt lat="43.551746" lon="7.025045">
        <ele>14.869766</ele>
        <time>2026-05-11T22:06:18.482Z</time>
      </trkpt>
      <trkpt lat="43.551659" lon="7.025573">
        <ele>14.321244</ele>
        <time>2026-05-11T22:06:23.260Z</time>
      </trkpt>
      <trkpt lat="43.551591" lon="7.025623">
        <ele>14.213544</ele>
        <time>2026-05-11T22:06:24.552Z</time>
      </trkpt>
      <trkpt lat="43.551503" lon="7.025628">
        <ele>14.090438</ele>
        <time>2026-05-11T22:06:26.021Z</time>
      </trkpt>
      <trkpt lat="43.551399" lon="7.025540">
        <ele>13.919915</ele>
        <time>2026-05-11T22:06:27.434Z</time>
      </trkpt>
      <trkpt lat="43.551265" lon="7.025517">
        <ele>13.731174</ele>
        <time>2026-05-11T22:06:28.993Z</time>
      </trkpt>
      <trkpt lat="43.551153" lon="7.025567">
        <ele>13.566637</ele>
        <time>2026-05-11T22:06:30.331Z</time>
      </trkpt>
      <trkpt lat="43.551099" lon="7.025628">
        <ele>13.459185</ele>
        <time>2026-05-11T22:06:31.093Z</time>
      </trkpt>
      <trkpt lat="43.551040" lon="7.025770">
        <ele>12.942480</ele>
        <time>2026-05-11T22:06:32.342Z</time>
      </trkpt>
      <trkpt lat="43.550992" lon="7.025954">
        <ele>12.325145</ele>
        <time>2026-05-11T22:06:33.769Z</time>
      </trkpt>
      <trkpt lat="43.550563" lon="7.025844">
        <ele>10.424572</ele>
        <time>2026-05-11T22:06:37.928Z</time>
      </trkpt>
      <trkpt lat="43.550279" lon="7.025772">
        <ele>9.166855</ele>
        <time>2026-05-11T22:06:40.625Z</time>
      </trkpt>
      <trkpt lat="43.550146" lon="7.025734">
        <ele>8.575262</ele>
        <time>2026-05-11T22:06:41.882Z</time>
      </trkpt>
      <trkpt lat="43.549799" lon="7.025632">
        <ele>7.029926</ele>
        <time>2026-05-11T22:06:45.181Z</time>
      </trkpt>
      <trkpt lat="43.549743" lon="7.025612">
        <ele>6.777970</ele>
        <time>2026-05-11T22:06:45.711Z</time>
      </trkpt>
      <trkpt lat="43.549785" lon="7.025460">
        <ele>6.264435</ele>
        <time>2026-05-11T22:06:46.825Z</time>
      </trkpt>
      <trkpt lat="43.549903" lon="7.025008">
        <ele>5.252466</ele>
        <time>2026-05-11T22:06:50.133Z</time>
      </trkpt>
      <trkpt lat="43.549928" lon="7.024908">
        <ele>5.107528</ele>
        <time>2026-05-11T22:06:50.882Z</time>
      </trkpt>
      <trkpt lat="43.549977" lon="7.024708">
        <ele>4.818265</ele>
        <time>2026-05-11T22:06:52.382Z</time>
      </trkpt>
      <trkpt lat="43.550021" lon="7.024533">
        <ele>4.564471</ele>
        <time>2026-05-11T22:06:53.759Z</time>
      </trkpt>
      <trkpt lat="43.550055" lon="7.024395">
        <ele>4.364764</ele>
        <time>2026-05-11T22:06:54.881Z</time>
      </trkpt>
      <trkpt lat="43.550074" lon="7.024308">
        <ele>4.240267</ele>
        <time>2026-05-11T22:06:55.613Z</time>
      </trkpt>
      <trkpt lat="43.550130" lon="7.024065">
        <ele>3.890895</ele>
        <time>2026-05-11T22:06:57.789Z</time>
      </trkpt>
      <trkpt lat="43.550219" lon="7.023663">
        <ele>3.314972</ele>
        <time>2026-05-11T22:07:01.379Z</time>
      </trkpt>
      <trkpt lat="43.550241" lon="7.023571">
        <ele>3.182235</ele>
        <time>2026-05-11T22:07:02.239Z</time>
      </trkpt>
      <trkpt lat="43.550350" lon="7.023022">
        <ele>2.402313</ele>
        <time>2026-05-11T22:07:08.003Z</time>
      </trkpt>
      <trkpt lat="43.550373" lon="7.022897">
        <ele>2.247397</ele>
        <time>2026-05-11T22:07:09.650Z</time>
      </trkpt>
      <trkpt lat="43.550393" lon="7.022787">
        <ele>2.340550</ele>
        <time>2026-05-11T22:07:11.152Z</time>
      </trkpt>
      <trkpt lat="43.550497" lon="7.022246">
        <ele>2.800288</ele>
        <time>2026-05-11T22:07:18.834Z</time>
      </trkpt>
      <trkpt lat="43.550574" lon="7.021814">
        <ele>3.165702</ele>
        <time>2026-05-11T22:07:25.217Z</time>
      </trkpt>
      <trkpt lat="43.550599" lon="7.021695">
        <ele>3.267471</ele>
        <time>2026-05-11T22:07:27.081Z</time>
      </trkpt>
      <trkpt lat="43.550678" lon="7.021341">
        <ele>3.571715</ele>
        <time>2026-05-11T22:07:32.508Z</time>
      </trkpt>
      <trkpt lat="43.550693" lon="7.021261">
        <ele>3.639589</ele>
        <time>2026-05-11T22:07:33.750Z</time>
      </trkpt>
      <trkpt lat="43.550773" lon="7.020749">
        <ele>4.069802</ele>
        <time>2026-05-11T22:07:41.888Z</time>
      </trkpt>
      <trkpt lat="43.550780" lon="7.020687">
        <ele>4.121343</ele>
        <time>2026-05-11T22:07:42.924Z</time>
      </trkpt>
      <trkpt lat="43.550786" lon="7.020608">
        <ele>4.186588</ele>
        <time>2026-05-11T22:07:44.148Z</time>
      </trkpt>
      <trkpt lat="43.550812" lon="7.020076">
        <ele>4.579412</ele>
        <time>2026-05-11T22:07:52.301Z</time>
      </trkpt>
      <trkpt lat="43.550816" lon="7.019999">
        <ele>4.634569</ele>
        <time>2026-05-11T22:07:53.344Z</time>
      </trkpt>
      <trkpt lat="43.550862" lon="7.019599">
        <ele>4.923940</ele>
        <time>2026-05-11T22:07:58.459Z</time>
      </trkpt>
      <trkpt lat="43.550967" lon="7.019247">
        <ele>5.195909</ele>
        <time>2026-05-11T22:08:04.638Z</time>
      </trkpt>
      <trkpt lat="43.550991" lon="7.019178">
        <ele>5.250592</ele>
        <time>2026-05-11T22:08:06.192Z</time>
      </trkpt>
      <trkpt lat="43.551051" lon="7.018989">
        <ele>5.398016</ele>
        <time>2026-05-11T22:08:09.629Z</time>
      </trkpt>
      <trkpt lat="43.551271" lon="7.018293">
        <ele>5.940535</ele>
        <time>2026-05-11T22:08:18.911Z</time>
      </trkpt>
      <trkpt lat="43.551295" lon="7.018219">
        <ele>5.998459</ele>
        <time>2026-05-11T22:08:19.968Z</time>
      </trkpt>
      <trkpt lat="43.551399" lon="7.017806">
        <ele>5.605340</ele>
        <time>2026-05-11T22:08:24.110Z</time>
      </trkpt>
      <trkpt lat="43.551469" lon="7.017461">
        <ele>5.166823</ele>
        <time>2026-05-11T22:08:27.215Z</time>
      </trkpt>
      <trkpt lat="43.551493" lon="7.017325">
        <ele>4.995496</ele>
        <time>2026-05-11T22:08:28.373Z</time>
      </trkpt>
      <trkpt lat="43.551618" lon="7.016600">
        <ele>4.083332</ele>
        <time>2026-05-11T22:08:34.436Z</time>
      </trkpt>
      <trkpt lat="43.551505" lon="7.016563">
        <ele>3.887193</ele>
        <time>2026-05-11T22:08:35.601Z</time>
      </trkpt>
      <trkpt lat="43.551435" lon="7.015496">
        <ele>2.735914</ele>
        <time>2026-05-11T22:08:43.512Z</time>
      </trkpt>
      <trkpt lat="43.551394" lon="7.015151">
        <ele>2.464617</ele>
        <time>2026-05-11T22:08:46.414Z</time>
      </trkpt>
      <trkpt lat="43.551314" lon="7.014468">
        <ele>1.927728</ele>
        <time>2026-05-11T22:08:52.654Z</time>
      </trkpt>
      <trkpt lat="43.551218" lon="7.013923">
        <ele>1.492493</ele>
        <time>2026-05-11T22:08:58.032Z</time>
      </trkpt>
      <trkpt lat="43.551124" lon="7.013587">
        <ele>1.213003</ele>
        <time>2026-05-11T22:09:01.776Z</time>
      </trkpt>
      <trkpt lat="43.551010" lon="7.013255">
        <ele>1.085262</ele>
        <time>2026-05-11T22:09:06.075Z</time>
      </trkpt>
      <trkpt lat="43.550999" lon="7.013221">
        <ele>1.084883</ele>
        <time>2026-05-11T22:09:06.521Z</time>
      </trkpt>
      <trkpt lat="43.550855" lon="7.012800">
        <ele>1.080144</ele>
        <time>2026-05-11T22:09:11.589Z</time>
      </trkpt>
      <trkpt lat="43.550762" lon="7.012533">
        <ele>1.077129</ele>
        <time>2026-05-11T22:09:14.692Z</time>
      </trkpt>
      <trkpt lat="43.550751" lon="7.012389">
        <ele>1.075655</ele>
        <time>2026-05-11T22:09:16.306Z</time>
      </trkpt>
      <trkpt lat="43.550806" lon="7.012421">
        <ele>1.074817</ele>
        <time>2026-05-11T22:09:17.127Z</time>
      </trkpt>
      <trkpt lat="43.550887" lon="7.012391">
        <ele>1.073639</ele>
        <time>2026-05-11T22:09:18.401Z</time>
      </trkpt>
      <trkpt lat="43.550931" lon="7.012278">
        <ele>1.072333</ele>
        <time>2026-05-11T22:09:19.682Z</time>
      </trkpt>
      <trkpt lat="43.550919" lon="7.012201">
        <ele>1.071531</ele>
        <time>2026-05-11T22:09:20.540Z</time>
      </trkpt>
      <trkpt lat="43.550882" lon="7.012142">
        <ele>1.070737</ele>
        <time>2026-05-11T22:09:21.314Z</time>
      </trkpt>
      <trkpt lat="43.550818" lon="7.012116">
        <ele>1.069800</ele>
        <time>2026-05-11T22:09:22.307Z</time>
      </trkpt>
      <trkpt lat="43.550768" lon="7.012133">
        <ele>1.069077</ele>
        <time>2026-05-11T22:09:23.038Z</time>
      </trkpt>
      <trkpt lat="43.550719" lon="7.012206">
        <ele>1.068064</ele>
        <time>2026-05-11T22:09:24.065Z</time>
      </trkpt>
      <trkpt lat="43.550548" lon="7.012133">
        <ele>1.065550</ele>
        <time>2026-05-11T22:09:26.714Z</time>
      </trkpt>
      <trkpt lat="43.550429" lon="7.012143">
        <ele>1.063876</ele>
        <time>2026-05-11T22:09:28.485Z</time>
      </trkpt>
      <trkpt lat="43.550159" lon="7.012203">
        <ele>1.168148</ele>
        <time>2026-05-11T22:09:32.867Z</time>
      </trkpt>
      <trkpt lat="43.549896" lon="7.012261">
        <ele>1.360999</ele>
        <time>2026-05-11T22:09:36.905Z</time>
      </trkpt>
      <trkpt lat="43.549544" lon="7.012329">
        <ele>1.618362</ele>
        <time>2026-05-11T22:09:42.256Z</time>
      </trkpt>
      <trkpt lat="43.549216" lon="7.012398">
        <ele>1.858605</ele>
        <time>2026-05-11T22:09:48.530Z</time>
      </trkpt>
      <trkpt lat="43.548948" lon="7.012454">
        <ele>2.054872</ele>
        <time>2026-05-11T22:09:54.206Z</time>
      </trkpt>
      <trkpt lat="43.548559" lon="7.012537">
        <ele>2.339888</ele>
        <time>2026-05-11T22:10:02.596Z</time>
      </trkpt>
      <trkpt lat="43.548450" lon="7.012560">
        <ele>2.373641</ele>
        <time>2026-05-11T22:10:04.801Z</time>
      </trkpt>
      <trkpt lat="43.548357" lon="7.012490">
        <ele>2.386388</ele>
        <time>2026-05-11T22:10:06.790Z</time>
      </trkpt>
      <trkpt lat="43.548335" lon="7.012391">
        <ele>2.395418</ele>
        <time>2026-05-11T22:10:08.093Z</time>
      </trkpt>
      <trkpt lat="43.548331" lon="7.012188">
        <ele>2.413128</ele>
        <time>2026-05-11T22:10:10.404Z</time>
      </trkpt>
      <trkpt lat="43.548324" lon="7.012101">
        <ele>2.420762</ele>
        <time>2026-05-11T22:10:11.380Z</time>
      </trkpt>
      <trkpt lat="43.548243" lon="7.011363">
        <ele>2.485855</ele>
        <time>2026-05-11T22:10:19.914Z</time>
      </trkpt>
      <trkpt lat="43.548230" lon="7.011243">
        <ele>2.496436</ele>
        <time>2026-05-11T22:10:21.264Z</time>
      </trkpt>
      <trkpt lat="43.548199" lon="7.010942">
        <ele>2.522950</ele>
        <time>2026-05-11T22:10:24.491Z</time>
      </trkpt>
      <trkpt lat="43.548148" lon="7.010940">
        <ele>2.529089</ele>
        <time>2026-05-11T22:10:25.186Z</time>
      </trkpt>
      <trkpt lat="43.548095" lon="7.010926">
        <ele>2.535582</ele>
        <time>2026-05-11T22:10:25.896Z</time>
      </trkpt>
      <trkpt lat="43.548089" lon="7.010809">
        <ele>2.545811</ele>
        <time>2026-05-11T22:10:27.502Z</time>
      </trkpt>
      <trkpt lat="43.548221" lon="7.010111">
        <ele>2.420756</ele>
        <time>2026-05-11T22:10:36.664Z</time>
      </trkpt>
      <trkpt lat="43.548389" lon="7.009367">
        <ele>2.030023</ele>
        <time>2026-05-11T22:10:46.730Z</time>
      </trkpt>
      <trkpt lat="43.548544" lon="7.008592">
        <ele>1.626908</ele>
        <time>2026-05-11T22:10:57.391Z</time>
      </trkpt>
      <trkpt lat="43.548682" lon="7.007890">
        <ele>1.327156</ele>
        <time>2026-05-11T22:11:06.738Z</time>
      </trkpt>
      <trkpt lat="43.548690" lon="7.007849">
        <ele>1.324459</ele>
        <time>2026-05-11T22:11:07.277Z</time>
      </trkpt>
      <trkpt lat="43.548721" lon="7.007554">
        <ele>1.305526</ele>
        <time>2026-05-11T22:11:11.195Z</time>
      </trkpt>
      <trkpt lat="43.548725" lon="7.007516">
        <ele>1.303087</ele>
        <time>2026-05-11T22:11:11.717Z</time>
      </trkpt>
      <trkpt lat="43.548805" lon="7.006763">
        <ele>1.254749</ele>
        <time>2026-05-11T22:11:22.621Z</time>
      </trkpt>
      <trkpt lat="43.548831" lon="7.006279">
        <ele>1.223924</ele>
        <time>2026-05-11T22:11:30.241Z</time>
      </trkpt>
      <trkpt lat="43.548859" lon="7.006035">
        <ele>1.208233</ele>
        <time>2026-05-11T22:11:34.157Z</time>
      </trkpt>
      <trkpt lat="43.548932" lon="7.004977">
        <ele>1.021882</ele>
        <time>2026-05-11T22:11:50.294Z</time>
      </trkpt>
      <trkpt lat="43.549004" lon="7.003887">
        <ele>0.736232</ele>
        <time>2026-05-11T22:12:05.109Z</time>
      </trkpt>
      <trkpt lat="43.548977" lon="7.002558">
        <ele>0.492192</ele>
        <time>2026-05-11T22:12:22.270Z</time>
      </trkpt>
      <trkpt lat="43.548992" lon="7.001720">
        <ele>0.431967</ele>
        <time>2026-05-11T22:12:34.786Z</time>
      </trkpt>
      <trkpt lat="43.549009" lon="7.001697">
        <ele>0.429607</ele>
        <time>2026-05-11T22:12:35.297Z</time>
      </trkpt>
      <trkpt lat="43.549041" lon="7.001699">
        <ele>0.426431</ele>
        <time>2026-05-11T22:12:36.002Z</time>
      </trkpt>
      <trkpt lat="43.549052" lon="7.001272">
        <ele>0.395734</ele>
        <time>2026-05-11T22:12:40.963Z</time>
      </trkpt>
      <trkpt lat="43.549081" lon="7.000626">
        <ele>0.351569</ele>
        <time>2026-05-11T22:12:48.172Z</time>
      </trkpt>
      <trkpt lat="43.549103" lon="7.000106">
        <ele>0.337348</ele>
        <time>2026-05-11T22:12:53.864Z</time>
      </trkpt>
      <trkpt lat="43.549144" lon="6.999095">
        <ele>0.309701</ele>
        <time>2026-05-11T22:13:04.611Z</time>
      </trkpt>
      <trkpt lat="43.549171" lon="6.998416">
        <ele>0.291135</ele>
        <time>2026-05-11T22:13:11.455Z</time>
      </trkpt>
      <trkpt lat="43.549175" lon="6.998300">
        <ele>0.287964</ele>
        <time>2026-05-11T22:13:12.627Z</time>
      </trkpt>
      <trkpt lat="43.549257" lon="6.995715">
        <ele>0.322112</ele>
        <time>2026-05-11T22:13:40.487Z</time>
      </trkpt>
      <trkpt lat="43.549264" lon="6.995376">
        <ele>0.382960</ele>
        <time>2026-05-11T22:13:44.217Z</time>
      </trkpt>
      <trkpt lat="43.549219" lon="6.993913">
        <ele>0.645688</ele>
        <time>2026-05-11T22:14:01.379Z</time>
      </trkpt>
      <trkpt lat="43.549175" lon="6.993084">
        <ele>0.760019</ele>
        <time>2026-05-11T22:14:11.305Z</time>
      </trkpt>
      <trkpt lat="43.549131" lon="6.992223">
        <ele>0.726341</ele>
        <time>2026-05-11T22:14:20.807Z</time>
      </trkpt>
      <trkpt lat="43.549055" lon="6.990837">
        <ele>0.672106</ele>
        <time>2026-05-11T22:14:34.805Z</time>
      </trkpt>
      <trkpt lat="43.548920" lon="6.988881">
        <ele>0.363629</ele>
        <time>2026-05-11T22:14:54.632Z</time>
      </trkpt>
      <trkpt lat="43.548765" lon="6.987652">
        <ele>0.262172</ele>
        <time>2026-05-11T22:15:07.684Z</time>
      </trkpt>
      <trkpt lat="43.548486" lon="6.986179">
        <ele>0.246201</ele>
        <time>2026-05-11T22:15:23.878Z</time>
      </trkpt>
      <trkpt lat="43.548086" lon="6.984035">
        <ele>0.355744</ele>
        <time>2026-05-11T22:15:48.477Z</time>
      </trkpt>
      <trkpt lat="43.548032" lon="6.983722">
        <ele>0.374661</ele>
        <time>2026-05-11T22:15:52.009Z</time>
      </trkpt>
      <trkpt lat="43.547864" lon="6.982579">
        <ele>0.357039</ele>
        <time>2026-05-11T22:16:04.711Z</time>
      </trkpt>
      <trkpt lat="43.547765" lon="6.981840">
        <ele>0.331020</ele>
        <time>2026-05-11T22:16:12.432Z</time>
      </trkpt>
      <trkpt lat="43.547750" lon="6.981725">
        <ele>0.326975</ele>
        <time>2026-05-11T22:16:13.657Z</time>
      </trkpt>
      <trkpt lat="43.547738" lon="6.981630">
        <ele>0.323636</ele>
        <time>2026-05-11T22:16:14.673Z</time>
      </trkpt>
      <trkpt lat="43.547589" lon="6.980547">
        <ele>0.275777</ele>
        <time>2026-05-11T22:16:26.436Z</time>
      </trkpt>
      <trkpt lat="43.547575" lon="6.980461">
        <ele>0.271044</ele>
        <time>2026-05-11T22:16:27.369Z</time>
      </trkpt>
      <trkpt lat="43.547553" lon="6.980330">
        <ele>0.263823</ele>
        <time>2026-05-11T22:16:28.789Z</time>
      </trkpt>
      <trkpt lat="43.547570" lon="6.980238">
        <ele>0.258725</ele>
        <time>2026-05-11T22:16:29.786Z</time>
      </trkpt>
      <trkpt lat="43.547608" lon="6.980229">
        <ele>0.255868</ele>
        <time>2026-05-11T22:16:30.343Z</time>
      </trkpt>
      <trkpt lat="43.547631" lon="6.980188">
        <ele>0.253084</ele>
        <time>2026-05-11T22:16:30.875Z</time>
      </trkpt>
      <trkpt lat="43.547627" lon="6.980137">
        <ele>0.250330</ele>
        <time>2026-05-11T22:16:31.400Z</time>
      </trkpt>
      <trkpt lat="43.547598" lon="6.980104">
        <ele>0.247545</ele>
        <time>2026-05-11T22:16:31.936Z</time>
      </trkpt>
      <trkpt lat="43.547559" lon="6.980108">
        <ele>0.244647</ele>
        <time>2026-05-11T22:16:32.501Z</time>
      </trkpt>
      <trkpt lat="43.547531" lon="6.979872">
        <ele>0.231806</ele>
        <time>2026-05-11T22:16:34.999Z</time>
      </trkpt>
      <trkpt lat="43.547474" lon="6.979875">
        <ele>0.227580</ele>
        <time>2026-05-11T22:16:36.127Z</time>
      </trkpt>
      <trkpt lat="43.547465" lon="6.979466">
        <ele>0.205607</ele>
        <time>2026-05-11T22:16:42.058Z</time>
      </trkpt>
      <trkpt lat="43.547427" lon="6.979294">
        <ele>0.195952</ele>
        <time>2026-05-11T22:16:44.690Z</time>
      </trkpt>
      <trkpt lat="43.547378" lon="6.978724">
        <ele>0.164124</ele>
        <time>2026-05-11T22:16:53.007Z</time>
      </trkpt>
      <trkpt lat="43.547021" lon="6.977055">
        <ele>0.050632</ele>
        <time>2026-05-11T22:17:17.863Z</time>
      </trkpt>
      <trkpt lat="43.547013" lon="6.977013">
        <ele>0.047800</ele>
        <time>2026-05-11T22:17:18.488Z</time>
      </trkpt>
      <trkpt lat="43.547051" lon="6.976995">
        <ele>0.044185</ele>
        <time>2026-05-11T22:17:19.088Z</time>
      </trkpt>
      <trkpt lat="43.547034" lon="6.976912">
        <ele>0.038560</ele>
        <time>2026-05-11T22:17:19.993Z</time>
      </trkpt>
      <trkpt lat="43.546767" lon="6.975709">
        <ele>0.008236</ele>
        <time>2026-05-11T22:17:33.387Z</time>
      </trkpt>
      <trkpt lat="43.546404" lon="6.974306">
        <ele>0.008741</ele>
        <time>2026-05-11T22:17:49.474Z</time>
      </trkpt>
      <trkpt lat="43.546379" lon="6.974213">
        <ele>0.008775</ele>
        <time>2026-05-11T22:17:50.551Z</time>
      </trkpt>
      <trkpt lat="43.545316" lon="6.970349">
        <ele>0.085623</ele>
        <time>2026-05-11T22:18:35.339Z</time>
      </trkpt>
      <trkpt lat="43.544965" lon="6.969323">
        <ele>0.110783</ele>
        <time>2026-05-11T22:18:47.448Z</time>
      </trkpt>
      <trkpt lat="43.544505" lon="6.968143">
        <ele>0.185737</ele>
        <time>2026-05-11T22:19:01.836Z</time>
      </trkpt>
      <trkpt lat="43.544420" lon="6.967926">
        <ele>0.199536</ele>
        <time>2026-05-11T22:19:04.518Z</time>
      </trkpt>
      <trkpt lat="43.544343" lon="6.967695">
        <ele>0.213760</ele>
        <time>2026-05-11T22:19:07.348Z</time>
      </trkpt>
      <trkpt lat="43.544336" lon="6.967663">
        <ele>0.215630</ele>
        <time>2026-05-11T22:19:07.732Z</time>
      </trkpt>
      <trkpt lat="43.544293" lon="6.967674">
        <ele>0.219005</ele>
        <time>2026-05-11T22:19:08.614Z</time>
      </trkpt>
      <trkpt lat="43.544183" lon="6.967329">
        <ele>0.245884</ele>
        <time>2026-05-11T22:19:14.464Z</time>
      </trkpt>
      <trkpt lat="43.544017" lon="6.967001">
        <ele>0.343152</ele>
        <time>2026-05-11T22:19:20.795Z</time>
      </trkpt>
      <trkpt lat="43.543941" lon="6.966690">
        <ele>0.422952</ele>
        <time>2026-05-11T22:19:25.934Z</time>
      </trkpt>
      <trkpt lat="43.543892" lon="6.966651">
        <ele>0.441928</ele>
        <time>2026-05-11T22:19:27.209Z</time>
      </trkpt>
      <trkpt lat="43.543864" lon="6.966574">
        <ele>0.462874</ele>
        <time>2026-05-11T22:19:28.563Z</time>
      </trkpt>
      <trkpt lat="43.543850" lon="6.966432">
        <ele>0.497718</ele>
        <time>2026-05-11T22:19:30.845Z</time>
      </trkpt>
      <trkpt lat="43.543601" lon="6.965726">
        <ele>0.688622</ele>
        <time>2026-05-11T22:19:42.925Z</time>
      </trkpt>
      <trkpt lat="43.543532" lon="6.965594">
        <ele>0.728193</ele>
        <time>2026-05-11T22:19:45.573Z</time>
      </trkpt>
      <trkpt lat="43.543422" lon="6.965185">
        <ele>0.834265</ele>
        <time>2026-05-11T22:19:52.770Z</time>
      </trkpt>
      <trkpt lat="43.543200" lon="6.964742">
        <ele>0.820684</ele>
        <time>2026-05-11T22:20:01.223Z</time>
      </trkpt>
      <trkpt lat="43.543035" lon="6.964268">
        <ele>0.798925</ele>
        <time>2026-05-11T22:20:08.792Z</time>
      </trkpt>
      <trkpt lat="43.542768" lon="6.963740">
        <ele>0.772285</ele>
        <time>2026-05-11T22:20:17.631Z</time>
      </trkpt>
      <trkpt lat="43.542597" lon="6.963322">
        <ele>0.752423</ele>
        <time>2026-05-11T22:20:24.451Z</time>
      </trkpt>
      <trkpt lat="43.542307" lon="6.962771">
        <ele>0.758745</ele>
        <time>2026-05-11T22:20:34.012Z</time>
      </trkpt>
      <trkpt lat="43.542097" lon="6.962250">
        <ele>0.791665</ele>
        <time>2026-05-11T22:20:42.594Z</time>
      </trkpt>
      <trkpt lat="43.541838" lon="6.961837">
        <ele>0.821823</ele>
        <time>2026-05-11T22:20:50.548Z</time>
      </trkpt>
      <trkpt lat="43.541815" lon="6.961802">
        <ele>0.824432</ele>
        <time>2026-05-11T22:20:51.227Z</time>
      </trkpt>
      <trkpt lat="43.541872" lon="6.961762">
        <ele>0.829304</ele>
        <time>2026-05-11T22:20:52.547Z</time>
      </trkpt>
      <trkpt lat="43.541890" lon="6.961750">
        <ele>0.830827</ele>
        <time>2026-05-11T22:20:52.972Z</time>
      </trkpt>
      <trkpt lat="43.541932" lon="6.961720">
        <ele>0.834430</ele>
        <time>2026-05-11T22:20:54.030Z</time>
      </trkpt>
      <trkpt lat="43.541755" lon="6.961282">
        <ele>0.862122</ele>
        <time>2026-05-11T22:20:59.978Z</time>
      </trkpt>
      <trkpt lat="43.541781" lon="6.961163">
        <ele>0.868986</ele>
        <time>2026-05-11T22:21:01.521Z</time>
      </trkpt>
      <trkpt lat="43.541753" lon="6.961044">
        <ele>0.875895</ele>
        <time>2026-05-11T22:21:02.983Z</time>
      </trkpt>
      <trkpt lat="43.541669" lon="6.960958">
        <ele>0.878425</ele>
        <time>2026-05-11T22:21:04.738Z</time>
      </trkpt>
      <trkpt lat="43.541592" lon="6.960960">
        <ele>0.880207</ele>
        <time>2026-05-11T22:21:06.046Z</time>
      </trkpt>
      <trkpt lat="43.541551" lon="6.960933">
        <ele>0.881259</ele>
        <time>2026-05-11T22:21:06.833Z</time>
      </trkpt>
      <trkpt lat="43.541384" lon="6.960675">
        <ele>0.887062</ele>
        <time>2026-05-11T22:21:11.045Z</time>
      </trkpt>
      <trkpt lat="43.540858" lon="6.959846">
        <ele>0.905546</ele>
        <time>2026-05-11T22:21:22.578Z</time>
      </trkpt>
      <trkpt lat="43.540807" lon="6.959756">
        <ele>0.907462</ele>
        <time>2026-05-11T22:21:23.764Z</time>
      </trkpt>
      <trkpt lat="43.540641" lon="6.959484">
        <ele>0.913428</ele>
        <time>2026-05-11T22:21:27.525Z</time>
      </trkpt>
      <trkpt lat="43.540169" lon="6.958723">
        <ele>0.789003</ele>
        <time>2026-05-11T22:21:37.560Z</time>
      </trkpt>
      <trkpt lat="43.540128" lon="6.958656">
        <ele>0.773921</ele>
        <time>2026-05-11T22:21:38.395Z</time>
      </trkpt>
      <trkpt lat="43.539259" lon="6.957249">
        <ele>0.478324</ele>
        <time>2026-05-11T22:21:57.006Z</time>
      </trkpt>
      <trkpt lat="43.539016" lon="6.956859">
        <ele>0.446527</ele>
        <time>2026-05-11T22:22:02.562Z</time>
      </trkpt>
      <trkpt lat="43.538982" lon="6.956816">
        <ele>0.442592</ele>
        <time>2026-05-11T22:22:03.248Z</time>
      </trkpt>
      <trkpt lat="43.538685" lon="6.956345">
        <ele>0.403994</ele>
        <time>2026-05-11T22:22:09.914Z</time>
      </trkpt>
      <trkpt lat="43.538630" lon="6.956263">
        <ele>0.397087</ele>
        <time>2026-05-11T22:22:11.104Z</time>
      </trkpt>
      <trkpt lat="43.537853" lon="6.955121">
        <ele>0.297191</ele>
        <time>2026-05-11T22:22:27.611Z</time>
      </trkpt>
      <trkpt lat="43.537015" lon="6.954058">
        <ele>0.192115</ele>
        <time>2026-05-11T22:22:43.873Z</time>
      </trkpt>
      <trkpt lat="43.536744" lon="6.953768">
        <ele>0.181645</ele>
        <time>2026-05-11T22:22:48.918Z</time>
      </trkpt>
      <trkpt lat="43.536645" lon="6.953698">
        <ele>0.191173</ele>
        <time>2026-05-11T22:22:50.548Z</time>
      </trkpt>
      <trkpt lat="43.536622" lon="6.953671">
        <ele>0.193759</ele>
        <time>2026-05-11T22:22:50.998Z</time>
      </trkpt>
      <trkpt lat="43.535970" lon="6.952902">
        <ele>0.267226</ele>
        <time>2026-05-11T22:23:03.888Z</time>
      </trkpt>
      <trkpt lat="43.535725" lon="6.952619">
        <ele>0.294594</ele>
        <time>2026-05-11T22:23:08.671Z</time>
      </trkpt>
      <trkpt lat="43.535419" lon="6.952236">
        <ele>0.344789</ele>
        <time>2026-05-11T22:23:15.076Z</time>
      </trkpt>
      <trkpt lat="43.535365" lon="6.952172">
        <ele>0.370985</ele>
        <time>2026-05-11T22:23:16.217Z</time>
      </trkpt>
      <trkpt lat="43.534985" lon="6.951735">
        <ele>0.553023</ele>
        <time>2026-05-11T22:23:24.321Z</time>
      </trkpt>
      <trkpt lat="43.533908" lon="6.950605">
        <ele>1.016468</ele>
        <time>2026-05-11T22:23:47.042Z</time>
      </trkpt>
      <trkpt lat="43.532664" lon="6.949407">
        <ele>1.272446</ele>
        <time>2026-05-11T22:24:10.537Z</time>
      </trkpt>
      <trkpt lat="43.532097" lon="6.948925">
        <ele>1.501627</ele>
        <time>2026-05-11T22:24:19.835Z</time>
      </trkpt>
      <trkpt lat="43.532002" lon="6.948832">
        <ele>1.545691</ele>
        <time>2026-05-11T22:24:21.485Z</time>
      </trkpt>
      <trkpt lat="43.531865" lon="6.948649">
        <ele>1.617827</ele>
        <time>2026-05-11T22:24:24.384Z</time>
      </trkpt>
      <trkpt lat="43.531650" lon="6.948211">
        <ele>1.762880</ele>
        <time>2026-05-11T22:24:30.753Z</time>
      </trkpt>
      <trkpt lat="43.531537" lon="6.948076">
        <ele>1.819426</ele>
        <time>2026-05-11T22:24:33.409Z</time>
      </trkpt>
      <trkpt lat="43.531427" lon="6.947983">
        <ele>1.868228</ele>
        <time>2026-05-11T22:24:35.756Z</time>
      </trkpt>
      <trkpt lat="43.531404" lon="6.947971">
        <ele>1.877529</ele>
        <time>2026-05-11T22:24:36.206Z</time>
      </trkpt>
      <trkpt lat="43.530310" lon="6.947466">
        <ele>2.601924</ele>
        <time>2026-05-11T22:24:58.561Z</time>
      </trkpt>
      <trkpt lat="43.530225" lon="6.947434">
        <ele>2.663254</ele>
        <time>2026-05-11T22:25:00.324Z</time>
      </trkpt>
      <trkpt lat="43.529981" lon="6.947314">
        <ele>2.843569</ele>
        <time>2026-05-11T22:25:05.238Z</time>
      </trkpt>
      <trkpt lat="43.529930" lon="6.947297">
        <ele>2.880090</ele>
        <time>2026-05-11T22:25:06.170Z</time>
      </trkpt>
      <trkpt lat="43.529775" lon="6.947264">
        <ele>2.989259</ele>
        <time>2026-05-11T22:25:08.810Z</time>
      </trkpt>
      <trkpt lat="43.529579" lon="6.947184">
        <ele>3.131537</ele>
        <time>2026-05-11T22:25:11.984Z</time>
      </trkpt>
      <trkpt lat="43.528489" lon="6.946576">
        <ele>2.528675</ele>
        <time>2026-05-11T22:25:26.991Z</time>
      </trkpt>
      <trkpt lat="43.527864" lon="6.946170">
        <ele>2.069275</ele>
        <time>2026-05-11T22:25:35.441Z</time>
      </trkpt>
      <trkpt lat="43.527328" lon="6.945758">
        <ele>1.803380</ele>
        <time>2026-05-11T22:25:43.377Z</time>
      </trkpt>
      <trkpt lat="43.527378" lon="6.945602">
        <ele>1.753102</ele>
        <time>2026-05-11T22:25:45.012Z</time>
      </trkpt>
      <trkpt lat="43.527408" lon="6.944943">
        <ele>1.558460</ele>
        <time>2026-05-11T22:25:51.399Z</time>
      </trkpt>
      <trkpt lat="43.527753" lon="6.943644">
        <ele>1.451459</ele>
        <time>2026-05-11T22:26:06.117Z</time>
      </trkpt>
      <trkpt lat="43.527762" lon="6.943617">
        <ele>1.460859</ele>
        <time>2026-05-11T22:26:06.464Z</time>
      </trkpt>
      <trkpt lat="43.527774" lon="6.943584">
        <ele>1.472537</ele>
        <time>2026-05-11T22:26:06.895Z</time>
      </trkpt>
      <trkpt lat="43.527845" lon="6.943419">
        <ele>1.533231</ele>
        <time>2026-05-11T22:26:09.161Z</time>
      </trkpt>
      <trkpt lat="43.528123" lon="6.943049">
        <ele>1.701783</ele>
        <time>2026-05-11T22:26:15.650Z</time>
      </trkpt>
      <trkpt lat="43.528250" lon="6.942860">
        <ele>1.783296</ele>
        <time>2026-05-11T22:26:18.878Z</time>
      </trkpt>
      <trkpt lat="43.528358" lon="6.942500">
        <ele>1.906536</ele>
        <time>2026-05-11T22:26:23.796Z</time>
      </trkpt>
      <trkpt lat="43.528371" lon="6.942451">
        <ele>1.923041</ele>
        <time>2026-05-11T22:26:24.493Z</time>
      </trkpt>
      <trkpt lat="43.528452" lon="6.942312">
        <ele>1.979452</ele>
        <time>2026-05-11T22:26:26.783Z</time>
      </trkpt>
      <trkpt lat="43.528607" lon="6.942211">
        <ele>2.054244</ele>
        <time>2026-05-11T22:26:29.845Z</time>
      </trkpt>
      <trkpt lat="43.528806" lon="6.942078">
        <ele>2.156004</ele>
        <time>2026-05-11T22:26:33.689Z</time>
      </trkpt>
      <trkpt lat="43.529009" lon="6.941770">
        <ele>2.297573</ele>
        <time>2026-05-11T22:26:38.874Z</time>
      </trkpt>
      <trkpt lat="43.529625" lon="6.941460">
        <ele>2.605174</ele>
        <time>2026-05-11T22:26:50.236Z</time>
      </trkpt>
      <trkpt lat="43.530251" lon="6.941199">
        <ele>2.911956</ele>
        <time>2026-05-11T22:27:00.598Z</time>
      </trkpt>
      <trkpt lat="43.530400" lon="6.941078">
        <ele>2.906796</ele>
        <time>2026-05-11T22:27:03.249Z</time>
      </trkpt>
      <trkpt lat="43.530458" lon="6.940936">
        <ele>2.892753</ele>
        <time>2026-05-11T22:27:05.029Z</time>
      </trkpt>
      <trkpt lat="43.530518" lon="6.940536">
        <ele>2.857559</ele>
        <time>2026-05-11T22:27:09.403Z</time>
      </trkpt>
      <trkpt lat="43.531210" lon="6.938881">
        <ele>2.756623</ele>
        <time>2026-05-11T22:27:28.893Z</time>
      </trkpt>
      <trkpt lat="43.531289" lon="6.938757">
        <ele>2.794056</ele>
        <time>2026-05-11T22:27:30.548Z</time>
      </trkpt>
      <trkpt lat="43.531361" lon="6.938703">
        <ele>2.819690</ele>
        <time>2026-05-11T22:27:31.696Z</time>
      </trkpt>
      <trkpt lat="43.531732" lon="6.938725">
        <ele>2.935837</ele>
        <time>2026-05-11T22:27:36.858Z</time>
      </trkpt>
      <trkpt lat="43.531709" lon="6.938754">
        <ele>2.945584</ele>
        <time>2026-05-11T22:27:37.302Z</time>
      </trkpt>
      <trkpt lat="43.531893" lon="6.938803">
        <ele>3.004197</ele>
        <time>2026-05-11T22:27:40.337Z</time>
      </trkpt>
      <trkpt lat="43.531921" lon="6.938763">
        <ele>3.016806</ele>
        <time>2026-05-11T22:27:41.047Z</time>
      </trkpt>
      <trkpt lat="43.531980" lon="6.938757">
        <ele>3.035309</ele>
        <time>2026-05-11T22:27:42.086Z</time>
      </trkpt>
      <trkpt lat="43.532090" lon="6.938627">
        <ele>3.080616</ele>
        <time>2026-05-11T22:27:44.750Z</time>
      </trkpt>
      <trkpt lat="43.532135" lon="6.938487">
        <ele>3.115343</ele>
        <time>2026-05-11T22:27:46.844Z</time>
      </trkpt>
      <trkpt lat="43.532161" lon="6.937761">
        <ele>3.280220</ele>
        <time>2026-05-11T22:27:56.404Z</time>
      </trkpt>
      <trkpt lat="43.532174" lon="6.937258">
        <ele>3.395138</ele>
        <time>2026-05-11T22:28:03.004Z</time>
      </trkpt>
      <trkpt lat="43.532203" lon="6.936026">
        <ele>3.676577</ele>
        <time>2026-05-11T22:28:17.925Z</time>
      </trkpt>
      <trkpt lat="43.532228" lon="6.935350">
        <ele>3.831122</ele>
        <time>2026-05-11T22:28:24.833Z</time>
      </trkpt>
      <trkpt lat="43.532300" lon="6.935377">
        <ele>3.815315</ele>
        <time>2026-05-11T22:28:25.786Z</time>
      </trkpt>
      <trkpt lat="43.532342" lon="6.935368">
        <ele>3.793904</ele>
        <time>2026-05-11T22:28:26.353Z</time>
      </trkpt>
      <trkpt lat="43.532412" lon="6.935298">
        <ele>3.750349</ele>
        <time>2026-05-11T22:28:27.443Z</time>
      </trkpt>
      <trkpt lat="43.532438" lon="6.935185">
        <ele>3.707052</ele>
        <time>2026-05-11T22:28:28.537Z</time>
      </trkpt>
      <trkpt lat="43.532403" lon="6.935061">
        <ele>3.658454</ele>
        <time>2026-05-11T22:28:29.753Z</time>
      </trkpt>
      <trkpt lat="43.532391" lon="6.935044">
        <ele>3.649789</ele>
        <time>2026-05-11T22:28:29.967Z</time>
      </trkpt>
      <trkpt lat="43.532412" lon="6.934858">
        <ele>3.581040</ele>
        <time>2026-05-11T22:28:31.705Z</time>
      </trkpt>
      <trkpt lat="43.532458" lon="6.934612">
        <ele>3.488258</ele>
        <time>2026-05-11T22:28:34.105Z</time>
      </trkpt>
      <trkpt lat="43.532513" lon="6.934128">
        <ele>3.309337</ele>
        <time>2026-05-11T22:28:38.770Z</time>
      </trkpt>
      <trkpt lat="43.532529" lon="6.933925">
        <ele>3.234762</ele>
        <time>2026-05-11T22:28:40.655Z</time>
      </trkpt>
      <trkpt lat="43.532611" lon="6.933727">
        <ele>3.151483</ele>
        <time>2026-05-11T22:28:42.850Z</time>
      </trkpt>
      <trkpt lat="43.532700" lon="6.933718">
        <ele>3.106529</ele>
        <time>2026-05-11T22:28:52.664Z</time>
      </trkpt>
      <trkpt lat="43.532792" lon="6.933652">
        <ele>3.054290</ele>
        <time>2026-05-11T22:29:04.185Z</time>
      </trkpt>
      <trkpt lat="43.533166" lon="6.933775">
        <ele>2.992929</ele>
        <time>2026-05-11T22:29:09.262Z</time>
      </trkpt>
      <trkpt lat="43.533238" lon="6.933689">
        <ele>3.032130</ele>
        <time>2026-05-11T22:29:10.517Z</time>
      </trkpt>
      <trkpt lat="43.533252" lon="6.933609">
        <ele>3.056686</ele>
        <time>2026-05-11T22:29:11.322Z</time>
      </trkpt>
      <trkpt lat="43.533290" lon="6.933401">
        <ele>3.120690</ele>
        <time>2026-05-11T22:29:13.486Z</time>
      </trkpt>
      <trkpt lat="43.533325" lon="6.933209">
        <ele>3.179764</ele>
        <time>2026-05-11T22:29:15.589Z</time>
      </trkpt>
      <trkpt lat="43.533356" lon="6.933026">
        <ele>3.235839</ele>
        <time>2026-05-11T22:29:17.682Z</time>
      </trkpt>
      <trkpt lat="43.533389" lon="6.932828">
        <ele>3.296460</ele>
        <time>2026-05-11T22:29:20.038Z</time>
      </trkpt>
      <trkpt lat="43.533400" lon="6.932766">
        <ele>3.315506</ele>
        <time>2026-05-11T22:29:20.793Z</time>
      </trkpt>
      <trkpt lat="43.533420" lon="6.932640">
        <ele>3.353993</ele>
        <time>2026-05-11T22:29:22.322Z</time>
      </trkpt>
      <trkpt lat="43.533454" lon="6.932444">
        <ele>3.414127</ele>
        <time>2026-05-11T22:29:24.712Z</time>
      </trkpt>
      <trkpt lat="43.533487" lon="6.932246">
        <ele>3.474748</ele>
        <time>2026-05-11T22:29:27.050Z</time>
      </trkpt>
      <trkpt lat="43.533509" lon="6.932048">
        <ele>3.534518</ele>
        <time>2026-05-11T22:29:29.360Z</time>
      </trkpt>
      <trkpt lat="43.533536" lon="6.931989">
        <ele>3.555337</ele>
        <time>2026-05-11T22:29:35.073Z</time>
      </trkpt>
      <trkpt lat="43.533550" lon="6.931841">
        <ele>3.599872</ele>
        <time>2026-05-11T22:29:47.579Z</time>
      </trkpt>
      <trkpt lat="43.533556" lon="6.931693">
        <ele>3.644102</ele>
        <time>2026-05-11T22:30:00.046Z</time>
      </trkpt>
      <trkpt lat="43.533499" lon="6.931582">
        <ele>3.715690</ele>
        <time>2026-05-11T22:30:11.756Z</time>
      </trkpt>
      <trkpt lat="43.533346" lon="6.931453">
        <ele>3.997990</ele>
        <time>2026-05-11T22:30:15.769Z</time>
      </trkpt>
      <trkpt lat="43.533173" lon="6.931306">
        <ele>4.317871</ele>
        <time>2026-05-11T22:30:20.704Z</time>
      </trkpt>
      <trkpt lat="43.533125" lon="6.931216">
        <ele>4.445391</ele>
        <time>2026-05-11T22:30:22.819Z</time>
      </trkpt>
      <trkpt lat="43.533031" lon="6.931102">
        <ele>4.642439</ele>
        <time>2026-05-11T22:30:25.946Z</time>
      </trkpt>
      <trkpt lat="43.532946" lon="6.931110">
        <ele>4.776564</ele>
        <time>2026-05-11T22:30:27.996Z</time>
      </trkpt>
      <trkpt lat="43.532542" lon="6.930807">
        <ele>5.500516</ele>
        <time>2026-05-11T22:30:38.852Z</time>
      </trkpt>
      <trkpt lat="43.532175" lon="6.930557">
        <ele>6.144897</ele>
        <time>2026-05-11T22:30:47.819Z</time>
      </trkpt>
      <trkpt lat="43.531050" lon="6.929730">
        <ele>6.248920</ele>
        <time>2026-05-11T22:31:07.178Z</time>
      </trkpt>
      <trkpt lat="43.529961" lon="6.928928">
        <ele>6.057094</ele>
        <time>2026-05-11T22:31:22.108Z</time>
      </trkpt>
      <trkpt lat="43.529627" lon="6.928680">
        <ele>6.051352</ele>
        <time>2026-05-11T22:31:27.981Z</time>
      </trkpt>
      <trkpt lat="43.529086" lon="6.928288">
        <ele>6.042100</ele>
        <time>2026-05-11T22:31:38.210Z</time>
      </trkpt>
      <trkpt lat="43.528605" lon="6.927931">
        <ele>6.087389</ele>
        <time>2026-05-11T22:31:47.812Z</time>
      </trkpt>
      <trkpt lat="43.528393" lon="6.927785">
        <ele>6.141555</ele>
        <time>2026-05-11T22:31:51.842Z</time>
      </trkpt>
      <trkpt lat="43.527732" lon="6.927292">
        <ele>6.313330</ele>
        <time>2026-05-11T22:32:02.672Z</time>
      </trkpt>
      <trkpt lat="43.526966" lon="6.926723">
        <ele>6.608214</ele>
        <time>2026-05-11T22:32:16.595Z</time>
      </trkpt>
      <trkpt lat="43.526743" lon="6.926561">
        <ele>6.752387</ele>
        <time>2026-05-11T22:32:20.435Z</time>
      </trkpt>
      <trkpt lat="43.526596" lon="6.926453">
        <ele>6.847660</ele>
        <time>2026-05-11T22:32:22.977Z</time>
      </trkpt>
      <trkpt lat="43.526429" lon="6.926331">
        <ele>6.955760</ele>
        <time>2026-05-11T22:32:26.002Z</time>
      </trkpt>
      <trkpt lat="43.526165" lon="6.926138">
        <ele>7.126676</ele>
        <time>2026-05-11T22:32:31.392Z</time>
      </trkpt>
      <trkpt lat="43.526076" lon="6.926074">
        <ele>7.184090</ele>
        <time>2026-05-11T22:32:33.336Z</time>
      </trkpt>
      <trkpt lat="43.525862" lon="6.925924">
        <ele>7.321404</ele>
        <time>2026-05-11T22:32:37.863Z</time>
      </trkpt>
      <trkpt lat="43.525610" lon="6.925724">
        <ele>7.486058</ele>
        <time>2026-05-11T22:32:43.292Z</time>
      </trkpt>
      <trkpt lat="43.525378" lon="6.925459">
        <ele>7.631309</ele>
        <time>2026-05-11T22:32:48.940Z</time>
      </trkpt>
      <trkpt lat="43.525247" lon="6.925239">
        <ele>7.730838</ele>
        <time>2026-05-11T22:32:52.773Z</time>
      </trkpt>
      <trkpt lat="43.525111" lon="6.924915">
        <ele>7.861726</ele>
        <time>2026-05-11T22:32:57.596Z</time>
      </trkpt>
      <trkpt lat="43.525044" lon="6.924650">
        <ele>7.959845</ele>
        <time>2026-05-11T22:33:01.341Z</time>
      </trkpt>
      <trkpt lat="43.525013" lon="6.924438">
        <ele>8.035457</ele>
        <time>2026-05-11T22:33:04.031Z</time>
      </trkpt>
      <trkpt lat="43.524988" lon="6.923922">
        <ele>8.216262</ele>
        <time>2026-05-11T22:33:09.832Z</time>
      </trkpt>
      <trkpt lat="43.525002" lon="6.922793">
        <ele>8.263590</ele>
        <time>2026-05-11T22:33:20.857Z</time>
      </trkpt>
      <trkpt lat="43.525003" lon="6.922664">
        <ele>8.249912</ele>
        <time>2026-05-11T22:33:22.105Z</time>
      </trkpt>
      <trkpt lat="43.525060" lon="6.920502">
        <ele>8.104841</ele>
        <time>2026-05-11T22:33:45.211Z</time>
      </trkpt>
      <trkpt lat="43.525070" lon="6.920057">
        <ele>8.122991</ele>
        <time>2026-05-11T22:33:49.575Z</time>
      </trkpt>
      <trkpt lat="43.525102" lon="6.918656">
        <ele>8.180136</ele>
        <time>2026-05-11T22:34:04.398Z</time>
      </trkpt>
      <trkpt lat="43.525065" lon="6.918405">
        <ele>8.410692</ele>
        <time>2026-05-11T22:34:07.617Z</time>
      </trkpt>
      <trkpt lat="43.525119" lon="6.918358">
        <ele>8.512806</ele>
        <time>2026-05-11T22:34:08.772Z</time>
      </trkpt>
      <trkpt lat="43.525129" lon="6.918315">
        <ele>8.565167</ele>
        <time>2026-05-11T22:34:09.370Z</time>
      </trkpt>
      <trkpt lat="43.525102" lon="6.918227">
        <ele>8.675965</ele>
        <time>2026-05-11T22:34:10.684Z</time>
      </trkpt>
      <trkpt lat="43.525070" lon="6.918206">
        <ele>8.732637</ele>
        <time>2026-05-11T22:34:11.374Z</time>
      </trkpt>
      <trkpt lat="43.525124" lon="6.917854">
        <ele>9.149824</ele>
        <time>2026-05-11T22:34:16.636Z</time>
      </trkpt>
      <trkpt lat="43.525139" lon="6.917127">
        <ele>9.993139</ele>
        <time>2026-05-11T22:34:28.648Z</time>
      </trkpt>
      <trkpt lat="43.525144" lon="6.916901">
        <ele>10.255313</ele>
        <time>2026-05-11T22:34:32.636Z</time>
      </trkpt>
      <trkpt lat="43.525173" lon="6.915405">
        <ele>12.558708</ele>
        <time>2026-05-11T22:34:57.793Z</time>
      </trkpt>
      <trkpt lat="43.525222" lon="6.915080">
        <ele>13.178329</ele>
        <time>2026-05-11T22:35:03.477Z</time>
      </trkpt>
      <trkpt lat="43.525556" lon="6.914291">
        <ele>14.883701</ele>
        <time>2026-05-11T22:35:20.196Z</time>
      </trkpt>
      <trkpt lat="43.525651" lon="6.914066">
        <ele>15.369702</ele>
        <time>2026-05-11T22:35:25.294Z</time>
      </trkpt>
      <trkpt lat="43.525714" lon="6.913812">
        <ele>15.967476</ele>
        <time>2026-05-11T22:35:30.726Z</time>
      </trkpt>
      <trkpt lat="43.525668" lon="6.912902">
        <ele>18.577239</ele>
        <time>2026-05-11T22:35:50.765Z</time>
      </trkpt>
      <trkpt lat="43.525524" lon="6.910941">
        <ele>24.594270</ele>
        <time>2026-05-11T22:36:35.986Z</time>
      </trkpt>
      <trkpt lat="43.525493" lon="6.910730">
        <ele>25.373032</ele>
        <time>2026-05-11T22:36:40.912Z</time>
      </trkpt>
      <trkpt lat="43.525437" lon="6.910544">
        <ele>26.101549</ele>
        <time>2026-05-11T22:36:45.600Z</time>
      </trkpt>
      <trkpt lat="43.525108" lon="6.909780">
        <ele>29.315843</ele>
        <time>2026-05-11T22:37:07.470Z</time>
      </trkpt>
      <trkpt lat="43.525053" lon="6.909609">
        <ele>29.992534</ele>
        <time>2026-05-11T22:37:12.446Z</time>
      </trkpt>
      <trkpt lat="43.525036" lon="6.909469">
        <ele>30.506013</ele>
        <time>2026-05-11T22:37:16.274Z</time>
      </trkpt>
      <trkpt lat="43.525036" lon="6.909310">
        <ele>31.081168</ele>
        <time>2026-05-11T22:37:20.610Z</time>
      </trkpt>
      <trkpt lat="43.525066" lon="6.909136">
        <ele>31.728133</ele>
        <time>2026-05-11T22:37:25.623Z</time>
      </trkpt>
      <trkpt lat="43.525205" lon="6.908738">
        <ele>34.008106</ele>
        <time>2026-05-11T22:37:38.822Z</time>
      </trkpt>
      <trkpt lat="43.525244" lon="6.908489">
        <ele>35.330741</ele>
        <time>2026-05-11T22:37:46.990Z</time>
      </trkpt>
      <trkpt lat="43.525214" lon="6.907546">
        <ele>40.231534</ele>
        <time>2026-05-11T22:38:19.255Z</time>
      </trkpt>
      <trkpt lat="43.525183" lon="6.907259">
        <ele>41.738090</ele>
        <time>2026-05-11T22:38:29.083Z</time>
      </trkpt>
      <trkpt lat="43.525106" lon="6.907047">
        <ele>42.969179</ele>
        <time>2026-05-11T22:38:36.876Z</time>
      </trkpt>
      <trkpt lat="43.524753" lon="6.906292">
        <ele>47.227894</ele>
        <time>2026-05-11T22:39:03.459Z</time>
      </trkpt>
      <trkpt lat="43.524532" lon="6.905967">
        <ele>49.227923</ele>
        <time>2026-05-11T22:39:15.568Z</time>
      </trkpt>
      <trkpt lat="43.524338" lon="6.905791">
        <ele>50.665479</ele>
        <time>2026-05-11T22:39:24.227Z</time>
      </trkpt>
      <trkpt lat="43.524271" lon="6.905659">
        <ele>51.388755</ele>
        <time>2026-05-11T22:39:28.586Z</time>
      </trkpt>
      <trkpt lat="43.524227" lon="6.905478">
        <ele>52.245676</ele>
        <time>2026-05-11T22:39:33.755Z</time>
      </trkpt>
      <trkpt lat="43.524204" lon="6.905170">
        <ele>53.635546</ele>
        <time>2026-05-11T22:39:42.316Z</time>
      </trkpt>
      <trkpt lat="43.524251" lon="6.904859">
        <ele>55.061568</ele>
        <time>2026-05-11T22:39:51.430Z</time>
      </trkpt>
      <trkpt lat="43.524549" lon="6.903979">
        <ele>59.127647</ele>
        <time>2026-05-11T22:40:21.292Z</time>
      </trkpt>
      <trkpt lat="43.524764" lon="6.903555">
        <ele>61.263147</ele>
        <time>2026-05-11T22:40:37.145Z</time>
      </trkpt>
      <trkpt lat="43.524937" lon="6.903239">
        <ele>62.897421</ele>
        <time>2026-05-11T22:40:48.421Z</time>
      </trkpt>
      <trkpt lat="43.525137" lon="6.902874">
        <ele>64.785704</ele>
        <time>2026-05-11T22:41:00.066Z</time>
      </trkpt>
      <trkpt lat="43.525557" lon="6.902253">
        <ele>66.479013</ele>
        <time>2026-05-11T22:41:17.406Z</time>
      </trkpt>
      <trkpt lat="43.525626" lon="6.902090">
        <ele>66.638509</ele>
        <time>2026-05-11T22:41:20.467Z</time>
      </trkpt>
      <trkpt lat="43.525662" lon="6.901923">
        <ele>66.785734</ele>
        <time>2026-05-11T22:41:23.100Z</time>
      </trkpt>
      <trkpt lat="43.525648" lon="6.901662">
        <ele>67.006889</ele>
        <time>2026-05-11T22:41:26.855Z</time>
      </trkpt>
      <trkpt lat="43.525554" lon="6.901362">
        <ele>67.283057</ele>
        <time>2026-05-11T22:41:31.036Z</time>
      </trkpt>
      <trkpt lat="43.525490" lon="6.901001">
        <ele>67.597099</ele>
        <time>2026-05-11T22:41:35.317Z</time>
      </trkpt>
      <trkpt lat="43.525493" lon="6.900507">
        <ele>68.014559</ele>
        <time>2026-05-11T22:41:40.238Z</time>
      </trkpt>
      <trkpt lat="43.525525" lon="6.900201">
        <ele>67.641505</ele>
        <time>2026-05-11T22:41:42.994Z</time>
      </trkpt>
      <trkpt lat="43.525687" lon="6.899395">
        <ele>65.663745</ele>
        <time>2026-05-11T22:41:49.660Z</time>
      </trkpt>
      <trkpt lat="43.525863" lon="6.898928">
        <ele>64.419205</ele>
        <time>2026-05-11T22:41:53.526Z</time>
      </trkpt>
      <trkpt lat="43.525896" lon="6.898757">
        <ele>64.000778</ele>
        <time>2026-05-11T22:41:54.778Z</time>
      </trkpt>
      <trkpt lat="43.525906" lon="6.898322">
        <ele>62.971655</ele>
        <time>2026-05-11T22:41:57.789Z</time>
      </trkpt>
      <trkpt lat="43.525929" lon="6.898157">
        <ele>62.574349</ele>
        <time>2026-05-11T22:41:58.933Z</time>
      </trkpt>
      <trkpt lat="43.526180" lon="6.897654">
        <ele>60.175490</ele>
        <time>2026-05-11T22:42:02.956Z</time>
      </trkpt>
      <trkpt lat="43.526221" lon="6.897443">
        <ele>59.215542</ele>
        <time>2026-05-11T22:42:04.377Z</time>
      </trkpt>
      <trkpt lat="43.526217" lon="6.897154">
        <ele>57.945317</ele>
        <time>2026-05-11T22:42:06.261Z</time>
      </trkpt>
      <trkpt lat="43.526142" lon="6.896825">
        <ele>56.429771</ele>
        <time>2026-05-11T22:42:08.514Z</time>
      </trkpt>
      <trkpt lat="43.526051" lon="6.896485">
        <ele>54.837111</ele>
        <time>2026-05-11T22:42:10.887Z</time>
      </trkpt>
      <trkpt lat="43.525951" lon="6.896263">
        <ele>53.688604</ele>
        <time>2026-05-11T22:42:12.608Z</time>
      </trkpt>
      <trkpt lat="43.525921" lon="6.896213">
        <ele>53.403405</ele>
        <time>2026-05-11T22:42:13.040Z</time>
      </trkpt>
      <trkpt lat="43.525782" lon="6.896133">
        <ele>52.490543</ele>
        <time>2026-05-11T22:42:14.410Z</time>
      </trkpt>
      <trkpt lat="43.525472" lon="6.896193">
        <ele>51.087487</ele>
        <time>2026-05-11T22:42:17.321Z</time>
      </trkpt>
      <trkpt lat="43.525244" lon="6.896173">
        <ele>50.617087</ele>
        <time>2026-05-11T22:42:19.516Z</time>
      </trkpt>
      <trkpt lat="43.524772" lon="6.895963">
        <ele>49.595921</ele>
        <time>2026-05-11T22:42:24.751Z</time>
      </trkpt>
      <trkpt lat="43.524599" lon="6.895921">
        <ele>49.234238</ele>
        <time>2026-05-11T22:42:26.884Z</time>
      </trkpt>
      <trkpt lat="43.524405" lon="6.895903">
        <ele>48.833889</ele>
        <time>2026-05-11T22:42:29.268Z</time>
      </trkpt>
      <trkpt lat="43.523856" lon="6.895929">
        <ele>47.702832</ele>
        <time>2026-05-11T22:42:36.838Z</time>
      </trkpt>
      <trkpt lat="43.523671" lon="6.895893">
        <ele>47.947197</ele>
        <time>2026-05-11T22:42:40.049Z</time>
      </trkpt>
      <trkpt lat="43.523530" lon="6.895803">
        <ele>48.255736</ele>
        <time>2026-05-11T22:42:42.803Z</time>
      </trkpt>
      <trkpt lat="43.523373" lon="6.895606">
        <ele>48.677246</ele>
        <time>2026-05-11T22:42:46.656Z</time>
      </trkpt>
      <trkpt lat="43.523295" lon="6.895432">
        <ele>48.971808</ele>
        <time>2026-05-11T22:42:49.449Z</time>
      </trkpt>
      <trkpt lat="43.523188" lon="6.895202">
        <ele>49.365295</ele>
        <time>2026-05-11T22:42:53.351Z</time>
      </trkpt>
      <trkpt lat="43.523049" lon="6.895014">
        <ele>49.751917</ele>
        <time>2026-05-11T22:42:57.531Z</time>
      </trkpt>
      <trkpt lat="43.522507" lon="6.894566">
        <ele>51.006758</ele>
        <time>2026-05-11T22:43:14.479Z</time>
      </trkpt>
      <trkpt lat="43.522413" lon="6.894440">
        <ele>51.378041</ele>
        <time>2026-05-11T22:43:18.701Z</time>
      </trkpt>
      <trkpt lat="43.522358" lon="6.894310">
        <ele>52.017544</ele>
        <time>2026-05-11T22:43:22.336Z</time>
      </trkpt>
      <trkpt lat="43.522335" lon="6.894137">
        <ele>52.764856</ele>
        <time>2026-05-11T22:43:26.718Z</time>
      </trkpt>
      <trkpt lat="43.522348" lon="6.893858">
        <ele>53.952743</ele>
        <time>2026-05-11T22:43:33.784Z</time>
      </trkpt>
      <trkpt lat="43.522305" lon="6.893602">
        <ele>55.069263</ele>
        <time>2026-05-11T22:43:40.683Z</time>
      </trkpt>
      <trkpt lat="43.522250" lon="6.893438">
        <ele>55.837003</ele>
        <time>2026-05-11T22:43:45.579Z</time>
      </trkpt>
      <trkpt lat="43.522133" lon="6.893186">
        <ele>57.108410</ele>
        <time>2026-05-11T22:43:53.998Z</time>
      </trkpt>
      <trkpt lat="43.521909" lon="6.892864">
        <ele>59.004375</ele>
        <time>2026-05-11T22:44:07.461Z</time>
      </trkpt>
      <trkpt lat="43.521772" lon="6.892567">
        <ele>60.500010</ele>
        <time>2026-05-11T22:44:18.676Z</time>
      </trkpt>
      <trkpt lat="43.521743" lon="6.892449">
        <ele>61.029400</ele>
        <time>2026-05-11T22:44:22.661Z</time>
      </trkpt>
      <trkpt lat="43.521825" lon="6.891924">
        <ele>63.562497</ele>
        <time>2026-05-11T22:44:39.847Z</time>
      </trkpt>
      <trkpt lat="43.521816" lon="6.891793">
        <ele>64.211554</ele>
        <time>2026-05-11T22:44:44.088Z</time>
      </trkpt>
      <trkpt lat="43.521744" lon="6.891504">
        <ele>65.718854</ele>
        <time>2026-05-11T22:44:53.884Z</time>
      </trkpt>
      <trkpt lat="43.521743" lon="6.891407">
        <ele>66.197360</ele>
        <time>2026-05-11T22:44:57.049Z</time>
      </trkpt>
      <trkpt lat="43.521941" lon="6.890823">
        <ele>69.377297</ele>
        <time>2026-05-11T22:45:17.550Z</time>
      </trkpt>
      <trkpt lat="43.521961" lon="6.890598">
        <ele>70.495426</ele>
        <time>2026-05-11T22:45:24.603Z</time>
      </trkpt>
      <trkpt lat="43.521929" lon="6.890213">
        <ele>72.406887</ele>
        <time>2026-05-11T22:45:36.416Z</time>
      </trkpt>
      <trkpt lat="43.521774" lon="6.889769">
        <ele>74.645200</ele>
        <time>2026-05-11T22:45:50.361Z</time>
      </trkpt>
      <trkpt lat="43.521764" lon="6.889535">
        <ele>75.540611</ele>
        <time>2026-05-11T22:45:56.401Z</time>
      </trkpt>
      <trkpt lat="43.521792" lon="6.889328">
        <ele>76.344973</ele>
        <time>2026-05-11T22:46:01.452Z</time>
      </trkpt>
      <trkpt lat="43.521778" lon="6.889185">
        <ele>76.896177</ele>
        <time>2026-05-11T22:46:04.733Z</time>
      </trkpt>
      <trkpt lat="43.521465" lon="6.888483">
        <ele>80.044153</ele>
        <time>2026-05-11T22:46:22.287Z</time>
      </trkpt>
      <trkpt lat="43.521361" lon="6.887818">
        <ele>82.642821</ele>
        <time>2026-05-11T22:46:39.992Z</time>
      </trkpt>
      <trkpt lat="43.521335" lon="6.887374">
        <ele>84.763573</ele>
        <time>2026-05-11T22:46:53.995Z</time>
      </trkpt>
      <trkpt lat="43.521381" lon="6.887200">
        <ele>85.806426</ele>
        <time>2026-05-11T22:47:00.194Z</time>
      </trkpt>
      <trkpt lat="43.521447" lon="6.887100">
        <ele>86.567831</ele>
        <time>2026-05-11T22:47:04.854Z</time>
      </trkpt>
      <trkpt lat="43.522048" lon="6.886372">
        <ele>92.779491</ele>
        <time>2026-05-11T22:47:44.132Z</time>
      </trkpt>
      <trkpt lat="43.522230" lon="6.886101">
        <ele>94.859377</ele>
        <time>2026-05-11T22:47:58.142Z</time>
      </trkpt>
      <trkpt lat="43.522335" lon="6.885891">
        <ele>96.295705</ele>
        <time>2026-05-11T22:48:07.128Z</time>
      </trkpt>
      <trkpt lat="43.522498" lon="6.885413">
        <ele>98.799405</ele>
        <time>2026-05-11T22:48:24.107Z</time>
      </trkpt>
      <trkpt lat="43.522608" lon="6.885202">
        <ele>99.888980</ele>
        <time>2026-05-11T22:48:31.234Z</time>
      </trkpt>
      <trkpt lat="43.523029" lon="6.884602">
        <ele>103.389576</ele>
        <time>2026-05-11T22:48:50.388Z</time>
      </trkpt>
      <trkpt lat="43.523158" lon="6.884334">
        <ele>104.738252</ele>
        <time>2026-05-11T22:48:58.142Z</time>
      </trkpt>
      <trkpt lat="43.523288" lon="6.883796">
        <ele>107.115853</ele>
        <time>2026-05-11T22:49:13.388Z</time>
      </trkpt>
      <trkpt lat="43.523336" lon="6.883392">
        <ele>109.077020</ele>
        <time>2026-05-11T22:49:25.717Z</time>
      </trkpt>
      <trkpt lat="43.523331" lon="6.883235">
        <ele>109.896401</ele>
        <time>2026-05-11T22:49:30.706Z</time>
      </trkpt>
      <trkpt lat="43.523296" lon="6.883054">
        <ele>110.873110</ele>
        <time>2026-05-11T22:49:36.737Z</time>
      </trkpt>
      <trkpt lat="43.523156" lon="6.882680">
        <ele>113.067659</ele>
        <time>2026-05-11T22:49:50.281Z</time>
      </trkpt>
      <trkpt lat="43.523102" lon="6.881968">
        <ele>116.800263</ele>
        <time>2026-05-11T22:50:14.114Z</time>
      </trkpt>
      <trkpt lat="43.523068" lon="6.881723">
        <ele>118.100874</ele>
        <time>2026-05-11T22:50:22.178Z</time>
      </trkpt>
      <trkpt lat="43.523024" lon="6.881579">
        <ele>118.915629</ele>
        <time>2026-05-11T22:50:27.111Z</time>
      </trkpt>
      <trkpt lat="43.522906" lon="6.881369">
        <ele>120.300856</ele>
        <time>2026-05-11T22:50:35.253Z</time>
      </trkpt>
      <trkpt lat="43.522675" lon="6.881173">
        <ele>122.561473</ele>
        <time>2026-05-11T22:50:47.161Z</time>
      </trkpt>
      <trkpt lat="43.522385" lon="6.880999">
        <ele>125.309284</ele>
        <time>2026-05-11T22:51:01.745Z</time>
      </trkpt>
      <trkpt lat="43.522308" lon="6.880901">
        <ele>126.219658</ele>
        <time>2026-05-11T22:51:06.552Z</time>
      </trkpt>
      <trkpt lat="43.522264" lon="6.880786">
        <ele>127.038847</ele>
        <time>2026-05-11T22:51:10.881Z</time>
      </trkpt>
      <trkpt lat="43.522250" lon="6.880450">
        <ele>129.159181</ele>
        <time>2026-05-11T22:51:21.853Z</time>
      </trkpt>
      <trkpt lat="43.522292" lon="6.879713">
        <ele>133.816689</ele>
        <time>2026-05-11T22:51:48.496Z</time>
      </trkpt>
      <trkpt lat="43.522331" lon="6.879093">
        <ele>138.054974</ele>
        <time>2026-05-11T22:52:14.908Z</time>
      </trkpt>
      <trkpt lat="43.522329" lon="6.878962">
        <ele>139.074825</ele>
        <time>2026-05-11T22:52:21.021Z</time>
      </trkpt>
      <trkpt lat="43.522264" lon="6.878568">
        <ele>142.219857</ele>
        <time>2026-05-11T22:52:40.808Z</time>
      </trkpt>
      <trkpt lat="43.522275" lon="6.878384">
        <ele>143.656863</ele>
        <time>2026-05-11T22:52:49.560Z</time>
      </trkpt>
      <trkpt lat="43.522445" lon="6.877673">
        <ele>149.483955</ele>
        <time>2026-05-11T22:53:22.833Z</time>
      </trkpt>
      <trkpt lat="43.522565" lon="6.877250">
        <ele>153.019332</ele>
        <time>2026-05-11T22:53:41.499Z</time>
      </trkpt>
      <trkpt lat="43.522671" lon="6.876691">
        <ele>156.602647</ele>
        <time>2026-05-11T22:54:03.121Z</time>
      </trkpt>
      <trkpt lat="43.522647" lon="6.876273">
        <ele>158.228308</ele>
        <time>2026-05-11T22:54:17.169Z</time>
      </trkpt>
      <trkpt lat="43.522736" lon="6.875510">
        <ele>161.224491</ele>
        <time>2026-05-11T22:54:37.370Z</time>
      </trkpt>
      <trkpt lat="43.522753" lon="6.875354">
        <ele>161.836095</ele>
        <time>2026-05-11T22:54:40.593Z</time>
      </trkpt>
      <trkpt lat="43.522751" lon="6.875134">
        <ele>162.689102</ele>
        <time>2026-05-11T22:54:44.867Z</time>
      </trkpt>
      <trkpt lat="43.522663" lon="6.874671">
        <ele>164.544796</ele>
        <time>2026-05-11T22:54:53.564Z</time>
      </trkpt>
      <trkpt lat="43.522616" lon="6.874286">
        <ele>165.879381</ele>
        <time>2026-05-11T22:55:00.681Z</time>
      </trkpt>
      <trkpt lat="43.522604" lon="6.873741">
        <ele>167.485750</ele>
        <time>2026-05-11T22:55:11.581Z</time>
      </trkpt>
      <trkpt lat="43.522638" lon="6.873484">
        <ele>168.255399</ele>
        <time>2026-05-11T22:55:17.165Z</time>
      </trkpt>
      <trkpt lat="43.522776" lon="6.873119">
        <ele>169.468127</ele>
        <time>2026-05-11T22:55:26.246Z</time>
      </trkpt>
      <trkpt lat="43.522894" lon="6.872941">
        <ele>170.178662</ele>
        <time>2026-05-11T22:55:31.820Z</time>
      </trkpt>
      <trkpt lat="43.523084" lon="6.872752">
        <ele>171.130493</ele>
        <time>2026-05-11T22:55:39.853Z</time>
      </trkpt>
      <trkpt lat="43.523719" lon="6.872336">
        <ele>174.218864</ele>
        <time>2026-05-11T22:56:05.472Z</time>
      </trkpt>
      <trkpt lat="43.523846" lon="6.872199">
        <ele>174.985242</ele>
        <time>2026-05-11T22:56:11.432Z</time>
      </trkpt>
      <trkpt lat="43.524243" lon="6.871610">
        <ele>177.756795</ele>
        <time>2026-05-11T22:56:31.628Z</time>
      </trkpt>
      <trkpt lat="43.524361" lon="6.871377">
        <ele>178.736293</ele>
        <time>2026-05-11T22:56:38.267Z</time>
      </trkpt>
      <trkpt lat="43.524380" lon="6.871252">
        <ele>179.176461</ele>
        <time>2026-05-11T22:56:41.141Z</time>
      </trkpt>
      <trkpt lat="43.524390" lon="6.871017">
        <ele>179.987765</ele>
        <time>2026-05-11T22:56:46.369Z</time>
      </trkpt>
      <trkpt lat="43.524325" lon="6.870761">
        <ele>180.922581</ele>
        <time>2026-05-11T22:56:52.457Z</time>
      </trkpt>
      <trkpt lat="43.523726" lon="6.869965">
        <ele>184.829991</ele>
        <time>2026-05-11T22:57:19.136Z</time>
      </trkpt>
      <trkpt lat="43.523313" lon="6.869276">
        <ele>187.872430</ele>
        <time>2026-05-11T22:57:41.605Z</time>
      </trkpt>
      <trkpt lat="43.523247" lon="6.869098">
        <ele>188.552843</ele>
        <time>2026-05-11T22:57:46.835Z</time>
      </trkpt>
      <trkpt lat="43.523196" lon="6.868858">
        <ele>189.404010</ele>
        <time>2026-05-11T22:57:53.397Z</time>
      </trkpt>
      <trkpt lat="43.523087" lon="6.867872">
        <ele>192.287765</ele>
        <time>2026-05-11T22:58:18.884Z</time>
      </trkpt>
      <trkpt lat="43.523068" lon="6.866961">
        <ele>194.892339</ele>
        <time>2026-05-11T22:58:39.961Z</time>
      </trkpt>
      <trkpt lat="43.523029" lon="6.866734">
        <ele>195.559032</ele>
        <time>2026-05-11T22:58:44.561Z</time>
      </trkpt>
      <trkpt lat="43.522899" lon="6.866348">
        <ele>196.714733</ele>
        <time>2026-05-11T22:58:52.018Z</time>
      </trkpt>
      <trkpt lat="43.522740" lon="6.865971">
        <ele>196.942554</ele>
        <time>2026-05-11T22:58:58.738Z</time>
      </trkpt>
      <trkpt lat="43.522155" lon="6.864488">
        <ele>197.824441</ele>
        <time>2026-05-11T22:59:18.044Z</time>
      </trkpt>
      <trkpt lat="43.521951" lon="6.863948">
        <ele>198.570322</ele>
        <time>2026-05-11T22:59:24.079Z</time>
      </trkpt>
      <trkpt lat="43.521751" lon="6.863096">
        <ele>200.412809</ele>
        <time>2026-05-11T22:59:36.994Z</time>
      </trkpt>
      <trkpt lat="43.521693" lon="6.862943">
        <ele>200.768016</ele>
        <time>2026-05-11T22:59:40.345Z</time>
      </trkpt>
      <trkpt lat="43.521557" lon="6.862703">
        <ele>201.394695</ele>
        <time>2026-05-11T22:59:47.091Z</time>
      </trkpt>
      <trkpt lat="43.521383" lon="6.862477">
        <ele>202.072891</ele>
        <time>2026-05-11T22:59:55.459Z</time>
      </trkpt>
      <trkpt lat="43.521235" lon="6.862319">
        <ele>202.603943</ele>
        <time>2026-05-11T23:00:02.338Z</time>
      </trkpt>
      <trkpt lat="43.521136" lon="6.862250">
        <ele>202.918679</ele>
        <time>2026-05-11T23:00:06.300Z</time>
      </trkpt>
      <trkpt lat="43.521014" lon="6.862193">
        <ele>203.299088</ele>
        <time>2026-05-11T23:00:11.065Z</time>
      </trkpt>
      <trkpt lat="43.520306" lon="6.861990">
        <ele>205.517486</ele>
        <time>2026-05-11T23:00:37.409Z</time>
      </trkpt>
      <trkpt lat="43.520085" lon="6.861825">
        <ele>206.288434</ele>
        <time>2026-05-11T23:00:45.029Z</time>
      </trkpt>
      <trkpt lat="43.519889" lon="6.861482">
        <ele>207.259884</ele>
        <time>2026-05-11T23:00:53.000Z</time>
      </trkpt>
      <trkpt lat="43.519836" lon="6.861353">
        <ele>207.589706</ele>
        <time>2026-05-11T23:00:55.298Z</time>
      </trkpt>
      <trkpt lat="43.519708" lon="6.860854">
        <ele>208.486971</ele>
        <time>2026-05-11T23:01:01.165Z</time>
      </trkpt>
      <trkpt lat="43.519609" lon="6.860680">
        <ele>208.054090</ele>
        <time>2026-05-11T23:01:02.956Z</time>
      </trkpt>
      <trkpt lat="43.519354" lon="6.860420">
        <ele>207.198115</ele>
        <time>2026-05-11T23:01:06.405Z</time>
      </trkpt>
      <trkpt lat="43.519280" lon="6.860263">
        <ele>206.831616</ele>
        <time>2026-05-11T23:01:07.801Z</time>
      </trkpt>
      <trkpt lat="43.519243" lon="6.859905">
        <ele>206.123836</ele>
        <time>2026-05-11T23:01:10.397Z</time>
      </trkpt>
      <trkpt lat="43.519295" lon="6.859201">
        <ele>204.738796</ele>
        <time>2026-05-11T23:01:15.441Z</time>
      </trkpt>
      <trkpt lat="43.519277" lon="6.859062">
        <ele>204.462433</ele>
        <time>2026-05-11T23:01:16.417Z</time>
      </trkpt>
      <trkpt lat="43.519184" lon="6.858790">
        <ele>203.873846</ele>
        <time>2026-05-11T23:01:18.490Z</time>
      </trkpt>
      <trkpt lat="43.519025" lon="6.858625">
        <ele>203.941423</ele>
        <time>2026-05-11T23:01:20.440Z</time>
      </trkpt>
      <trkpt lat="43.518689" lon="6.858536">
        <ele>204.326989</ele>
        <time>2026-05-11T23:01:24.117Z</time>
      </trkpt>
      <trkpt lat="43.518588" lon="6.858476">
        <ele>204.450919</ele>
        <time>2026-05-11T23:01:25.542Z</time>
      </trkpt>
      <trkpt lat="43.518482" lon="6.858358">
        <ele>204.604436</ele>
        <time>2026-05-11T23:01:27.621Z</time>
      </trkpt>
      <trkpt lat="43.518395" lon="6.858164">
        <ele>204.790837</ele>
        <time>2026-05-11T23:01:30.794Z</time>
      </trkpt>
      <trkpt lat="43.518378" lon="6.858047">
        <ele>204.888349</ele>
        <time>2026-05-11T23:01:32.734Z</time>
      </trkpt>
      <trkpt lat="43.518389" lon="6.857202">
        <ele>205.578985</ele>
        <time>2026-05-11T23:01:50.797Z</time>
      </trkpt>
      <trkpt lat="43.518388" lon="6.856862">
        <ele>206.090205</ele>
        <time>2026-05-11T23:01:59.706Z</time>
      </trkpt>
      <trkpt lat="43.518360" lon="6.856619">
        <ele>206.996000</ele>
        <time>2026-05-11T23:02:06.621Z</time>
      </trkpt>
      <trkpt lat="43.518266" lon="6.856237">
        <ele>208.481046</ele>
        <time>2026-05-11T23:02:18.525Z</time>
      </trkpt>
      <trkpt lat="43.518178" lon="6.855434">
        <ele>211.470758</ele>
        <time>2026-05-11T23:02:38.399Z</time>
      </trkpt>
      <trkpt lat="43.517946" lon="6.854501">
        <ele>215.241447</ele>
        <time>2026-05-11T23:03:01.280Z</time>
      </trkpt>
      <trkpt lat="43.517924" lon="6.854296">
        <ele>216.594703</ele>
        <time>2026-05-11T23:03:06.686Z</time>
      </trkpt>
      <trkpt lat="43.517951" lon="6.854044">
        <ele>218.258160</ele>
        <time>2026-05-11T23:03:13.879Z</time>
      </trkpt>
      <trkpt lat="43.518146" lon="6.853108">
        <ele>224.617589</ele>
        <time>2026-05-11T23:03:48.031Z</time>
      </trkpt>
      <trkpt lat="43.518157" lon="6.852740">
        <ele>227.022708</ele>
        <time>2026-05-11T23:04:04.146Z</time>
      </trkpt>
      <trkpt lat="43.518048" lon="6.852118">
        <ele>231.205530</ele>
        <time>2026-05-11T23:04:34.452Z</time>
      </trkpt>
      <trkpt lat="43.517978" lon="6.851409">
        <ele>236.113167</ele>
        <time>2026-05-11T23:05:08.339Z</time>
      </trkpt>
      <trkpt lat="43.517778" lon="6.850761">
        <ele>240.943383</ele>
        <time>2026-05-11T23:05:38.281Z</time>
      </trkpt>
      <trkpt lat="43.517761" lon="6.850421">
        <ele>243.280866</ele>
        <time>2026-05-11T23:05:51.123Z</time>
      </trkpt>
      <trkpt lat="43.517798" lon="6.850252">
        <ele>244.491655</ele>
        <time>2026-05-11T23:05:57.170Z</time>
      </trkpt>
      <trkpt lat="43.518064" lon="6.849452">
        <ele>248.199223</ele>
        <time>2026-05-11T23:06:21.654Z</time>
      </trkpt>
      <trkpt lat="43.518108" lon="6.849123">
        <ele>248.265350</ele>
        <time>2026-05-11T23:06:28.304Z</time>
      </trkpt>
      <trkpt lat="43.518125" lon="6.848079">
        <ele>248.471758</ele>
        <time>2026-05-11T23:06:38.707Z</time>
      </trkpt>
      <trkpt lat="43.518150" lon="6.847860">
        <ele>248.515578</ele>
        <time>2026-05-11T23:06:40.378Z</time>
      </trkpt>
      <trkpt lat="43.518275" lon="6.847461">
        <ele>248.601489</ele>
        <time>2026-05-11T23:06:43.506Z</time>
      </trkpt>
      <trkpt lat="43.518488" lon="6.847013">
        <ele>247.640781</ele>
        <time>2026-05-11T23:06:47.223Z</time>
      </trkpt>
      <trkpt lat="43.518909" lon="6.845605">
        <ele>244.250815</ele>
        <time>2026-05-11T23:06:57.872Z</time>
      </trkpt>
      <trkpt lat="43.519199" lon="6.844483">
        <ele>243.981505</ele>
        <time>2026-05-11T23:07:10.198Z</time>
      </trkpt>
      <trkpt lat="43.519265" lon="6.844134">
        <ele>244.453609</ele>
        <time>2026-05-11T23:07:16.781Z</time>
      </trkpt>
      <trkpt lat="43.519325" lon="6.843610">
        <ele>245.147997</ele>
        <time>2026-05-11T23:07:27.533Z</time>
      </trkpt>
      <trkpt lat="43.519336" lon="6.843388">
        <ele>245.439261</ele>
        <time>2026-05-11T23:07:32.079Z</time>
      </trkpt>
      <trkpt lat="43.519309" lon="6.842982">
        <ele>245.972925</ele>
        <time>2026-05-11T23:07:40.146Z</time>
      </trkpt>
      <trkpt lat="43.519266" lon="6.842792">
        <ele>246.233457</ele>
        <time>2026-05-11T23:07:43.925Z</time>
      </trkpt>
      <trkpt lat="43.518992" lon="6.842151">
        <ele>247.171077</ele>
        <time>2026-05-11T23:07:56.797Z</time>
      </trkpt>
      <trkpt lat="43.518938" lon="6.841882">
        <ele>247.521010</ele>
        <time>2026-05-11T23:08:01.472Z</time>
      </trkpt>
      <trkpt lat="43.518986" lon="6.841246">
        <ele>248.322681</ele>
        <time>2026-05-11T23:08:11.738Z</time>
      </trkpt>
      <trkpt lat="43.518948" lon="6.841104">
        <ele>248.512445</ele>
        <time>2026-05-11T23:08:14.183Z</time>
      </trkpt>
      <trkpt lat="43.518266" lon="6.839557">
        <ele>246.476783</ele>
        <time>2026-05-11T23:08:37.983Z</time>
      </trkpt>
      <trkpt lat="43.518173" lon="6.839232">
        <ele>245.492941</ele>
        <time>2026-05-11T23:08:40.475Z</time>
      </trkpt>
      <trkpt lat="43.518156" lon="6.838955">
        <ele>244.710149</ele>
        <time>2026-05-11T23:08:42.345Z</time>
      </trkpt>
      <trkpt lat="43.518227" lon="6.838556">
        <ele>243.553274</ele>
        <time>2026-05-11T23:08:45.013Z</time>
      </trkpt>
      <trkpt lat="43.518298" lon="6.838196">
        <ele>242.502730</ele>
        <time>2026-05-11T23:08:47.346Z</time>
      </trkpt>
      <trkpt lat="43.518315" lon="6.837898">
        <ele>240.837609</ele>
        <time>2026-05-11T23:08:49.188Z</time>
      </trkpt>
      <trkpt lat="43.518281" lon="6.837563">
        <ele>238.917355</ele>
        <time>2026-05-11T23:08:51.262Z</time>
      </trkpt>
      <trkpt lat="43.518198" lon="6.837161">
        <ele>236.544593</ele>
        <time>2026-05-11T23:08:53.839Z</time>
      </trkpt>
      <trkpt lat="43.518116" lon="6.836957">
        <ele>235.220515</ele>
        <time>2026-05-11T23:08:55.305Z</time>
      </trkpt>
      <trkpt lat="43.518032" lon="6.836859">
        <ele>234.359171</ele>
        <time>2026-05-11T23:08:56.262Z</time>
      </trkpt>
      <trkpt lat="43.517854" lon="6.836771">
        <ele>232.878882</ele>
        <time>2026-05-11T23:08:57.946Z</time>
      </trkpt>
      <trkpt lat="43.517349" lon="6.836896">
        <ele>228.862378</ele>
        <time>2026-05-11T23:09:02.711Z</time>
      </trkpt>
      <trkpt lat="43.516415" lon="6.837158">
        <ele>227.113444</ele>
        <time>2026-05-11T23:09:13.702Z</time>
      </trkpt>
      <trkpt lat="43.516338" lon="6.837131">
        <ele>226.999768</ele>
        <time>2026-05-11T23:09:14.932Z</time>
      </trkpt>
      <trkpt lat="43.516225" lon="6.837040">
        <ele>226.812538</ele>
        <time>2026-05-11T23:09:17.035Z</time>
      </trkpt>
      <trkpt lat="43.516008" lon="6.836727">
        <ele>226.363240</ele>
        <time>2026-05-11T23:09:21.956Z</time>
      </trkpt>
      <trkpt lat="43.515956" lon="6.836616">
        <ele>226.226127</ele>
        <time>2026-05-11T23:09:23.414Z</time>
      </trkpt>
      <trkpt lat="43.515924" lon="6.836449">
        <ele>226.046904</ele>
        <time>2026-05-11T23:09:25.252Z</time>
      </trkpt>
      <trkpt lat="43.515923" lon="6.836212">
        <ele>225.795298</ele>
        <time>2026-05-11T23:09:27.709Z</time>
      </trkpt>
      <trkpt lat="43.516460" lon="6.833977">
        <ele>222.511602</ele>
        <time>2026-05-11T23:09:46.213Z</time>
      </trkpt>
      <trkpt lat="43.516494" lon="6.833424">
        <ele>222.756751</ele>
        <time>2026-05-11T23:09:50.354Z</time>
      </trkpt>
      <trkpt lat="43.516484" lon="6.833246">
        <ele>222.916514</ele>
        <time>2026-05-11T23:09:51.765Z</time>
      </trkpt>
      <trkpt lat="43.516434" lon="6.832961">
        <ele>223.178906</ele>
        <time>2026-05-11T23:09:54.251Z</time>
      </trkpt>
      <trkpt lat="43.516388" lon="6.832831">
        <ele>223.308349</ele>
        <time>2026-05-11T23:09:55.547Z</time>
      </trkpt>
      <trkpt lat="43.516300" lon="6.832698">
        <ele>223.469461</ele>
        <time>2026-05-11T23:09:57.292Z</time>
      </trkpt>
      <trkpt lat="43.516188" lon="6.832629">
        <ele>223.620833</ele>
        <time>2026-05-11T23:09:59.200Z</time>
      </trkpt>
      <trkpt lat="43.515200" lon="6.832300">
        <ele>226.006901</ele>
        <time>2026-05-11T23:10:32.457Z</time>
      </trkpt>
      <trkpt lat="43.514391" lon="6.832226">
        <ele>230.818385</ele>
        <time>2026-05-11T23:11:07.883Z</time>
      </trkpt>
      <trkpt lat="43.513776" lon="6.832081">
        <ele>234.521008</ele>
        <time>2026-05-11T23:11:33.716Z</time>
      </trkpt>
      <trkpt lat="43.513634" lon="6.832106">
        <ele>235.311160</ele>
        <time>2026-05-11T23:11:38.867Z</time>
      </trkpt>
      <trkpt lat="43.513130" lon="6.832304">
        <ele>236.866019</ele>
        <time>2026-05-11T23:11:53.644Z</time>
      </trkpt>
      <trkpt lat="43.512985" lon="6.832330">
        <ele>237.299852</ele>
        <time>2026-05-11T23:11:57.389Z</time>
      </trkpt>
      <trkpt lat="43.512610" lon="6.832193">
        <ele>238.450855</ele>
        <time>2026-05-11T23:12:07.453Z</time>
      </trkpt>
      <trkpt lat="43.512226" lon="6.832114">
        <ele>239.602783</ele>
        <time>2026-05-11T23:12:16.986Z</time>
      </trkpt>
      <trkpt lat="43.511872" lon="6.831921">
        <ele>240.617724</ele>
        <time>2026-05-11T23:12:25.769Z</time>
      </trkpt>
      <trkpt lat="43.511728" lon="6.831873">
        <ele>240.707550</ele>
        <time>2026-05-11T23:12:28.778Z</time>
      </trkpt>
      <trkpt lat="43.511324" lon="6.831896">
        <ele>240.952716</ele>
        <time>2026-05-11T23:12:35.858Z</time>
      </trkpt>
      <trkpt lat="43.511215" lon="6.831872">
        <ele>241.019643</ele>
        <time>2026-05-11T23:12:37.674Z</time>
      </trkpt>
      <trkpt lat="43.511054" lon="6.831778">
        <ele>241.125653</ele>
        <time>2026-05-11T23:12:40.449Z</time>
      </trkpt>
      <trkpt lat="43.510872" lon="6.831542">
        <ele>241.277137</ele>
        <time>2026-05-11T23:12:44.359Z</time>
      </trkpt>
      <trkpt lat="43.510772" lon="6.831381">
        <ele>241.370350</ele>
        <time>2026-05-11T23:12:46.470Z</time>
      </trkpt>
      <trkpt lat="43.510689" lon="6.831173">
        <ele>241.474746</ele>
        <time>2026-05-11T23:12:48.671Z</time>
      </trkpt>
      <trkpt lat="43.510667" lon="6.831008">
        <ele>241.548518</ele>
        <time>2026-05-11T23:12:50.386Z</time>
      </trkpt>
      <trkpt lat="43.510694" lon="6.830877">
        <ele>241.608405</ele>
        <time>2026-05-11T23:12:51.614Z</time>
      </trkpt>
      <trkpt lat="43.510910" lon="6.830650">
        <ele>242.287934</ele>
        <time>2026-05-11T23:12:55.996Z</time>
      </trkpt>
      <trkpt lat="43.510991" lon="6.830611">
        <ele>242.624314</ele>
        <time>2026-05-11T23:12:57.638Z</time>
      </trkpt>
      <trkpt lat="43.511434" lon="6.830511">
        <ele>244.384296</ele>
        <time>2026-05-11T23:13:07.230Z</time>
      </trkpt>
      <trkpt lat="43.511561" lon="6.830423">
        <ele>244.941559</ele>
        <time>2026-05-11T23:13:11.151Z</time>
      </trkpt>
      <trkpt lat="43.511696" lon="6.830195">
        <ele>245.778482</ele>
        <time>2026-05-11T23:13:17.858Z</time>
      </trkpt>
      <trkpt lat="43.511969" lon="6.829485">
        <ele>248.063490</ele>
        <time>2026-05-11T23:13:40.267Z</time>
      </trkpt>
      <trkpt lat="43.512130" lon="6.829217">
        <ele>249.473412</ele>
        <time>2026-05-11T23:13:51.316Z</time>
      </trkpt>
      <trkpt lat="43.512248" lon="6.829090">
        <ele>250.826043</ele>
        <time>2026-05-11T23:13:58.465Z</time>
      </trkpt>
      <trkpt lat="43.512505" lon="6.828908">
        <ele>253.436719</ele>
        <time>2026-05-11T23:14:13.093Z</time>
      </trkpt>
      <trkpt lat="43.512730" lon="6.828637">
        <ele>256.136280</ele>
        <time>2026-05-11T23:14:29.233Z</time>
      </trkpt>
      <trkpt lat="43.512886" lon="6.828388">
        <ele>258.292605</ele>
        <time>2026-05-11T23:14:42.774Z</time>
      </trkpt>
      <trkpt lat="43.513568" lon="6.827040">
        <ele>267.644253</ele>
        <time>2026-05-11T23:15:46.719Z</time>
      </trkpt>
      <trkpt lat="43.513721" lon="6.826845">
        <ele>268.871964</ele>
        <time>2026-05-11T23:15:56.102Z</time>
      </trkpt>
      <trkpt lat="43.514216" lon="6.826340">
        <ele>272.500394</ele>
        <time>2026-05-11T23:16:17.328Z</time>
      </trkpt>
      <trkpt lat="43.514991" lon="6.825548">
        <ele>277.581566</ele>
        <time>2026-05-11T23:16:42.320Z</time>
      </trkpt>
      <trkpt lat="43.515110" lon="6.825371">
        <ele>278.373934</ele>
        <time>2026-05-11T23:16:47.998Z</time>
      </trkpt>
      <trkpt lat="43.515173" lon="6.825169">
        <ele>279.095804</ele>
        <time>2026-05-11T23:16:53.333Z</time>
      </trkpt>
      <trkpt lat="43.515214" lon="6.824937">
        <ele>279.879723</ele>
        <time>2026-05-11T23:16:59.323Z</time>
      </trkpt>
      <trkpt lat="43.515257" lon="6.824073">
        <ele>282.722808</ele>
        <time>2026-05-11T23:17:22.691Z</time>
      </trkpt>
      <trkpt lat="43.515282" lon="6.822653">
        <ele>286.908913</ele>
        <time>2026-05-11T23:17:58.791Z</time>
      </trkpt>
      <trkpt lat="43.515313" lon="6.822089">
        <ele>288.523853</ele>
        <time>2026-05-11T23:18:08.939Z</time>
      </trkpt>
      <trkpt lat="43.515377" lon="6.821777">
        <ele>289.449620</ele>
        <time>2026-05-11T23:18:14.706Z</time>
      </trkpt>
      <trkpt lat="43.515482" lon="6.821544">
        <ele>290.232860</ele>
        <time>2026-05-11T23:18:19.896Z</time>
      </trkpt>
      <trkpt lat="43.515851" lon="6.821235">
        <ele>291.819086</ele>
        <time>2026-05-11T23:18:32.588Z</time>
      </trkpt>
      <trkpt lat="43.515910" lon="6.821150">
        <ele>292.121176</ele>
        <time>2026-05-11T23:18:35.344Z</time>
      </trkpt>
      <trkpt lat="43.515951" lon="6.821052">
        <ele>292.411654</ele>
        <time>2026-05-11T23:18:38.060Z</time>
      </trkpt>
      <trkpt lat="43.515986" lon="6.820843">
        <ele>292.962372</ele>
        <time>2026-05-11T23:18:43.322Z</time>
      </trkpt>
      <trkpt lat="43.515939" lon="6.820529">
        <ele>293.785543</ele>
        <time>2026-05-11T23:18:51.404Z</time>
      </trkpt>
      <trkpt lat="43.515813" lon="6.819994">
        <ele>295.229749</ele>
        <time>2026-05-11T23:19:04.836Z</time>
      </trkpt>
      <trkpt lat="43.515796" lon="6.819579">
        <ele>296.296939</ele>
        <time>2026-05-11T23:19:14.047Z</time>
      </trkpt>
      <trkpt lat="43.515846" lon="6.819290">
        <ele>297.059756</ele>
        <time>2026-05-11T23:19:19.604Z</time>
      </trkpt>
      <trkpt lat="43.515841" lon="6.819060">
        <ele>297.421800</ele>
        <time>2026-05-11T23:19:22.390Z</time>
      </trkpt>
      <trkpt lat="43.515699" lon="6.818642">
        <ele>298.037670</ele>
        <time>2026-05-11T23:19:27.516Z</time>
      </trkpt>
      <trkpt lat="43.515597" lon="6.818118">
        <ele>298.761557</ele>
        <time>2026-05-11T23:19:35.086Z</time>
      </trkpt>
      <trkpt lat="43.515540" lon="6.818009">
        <ele>298.940857</ele>
        <time>2026-05-11T23:19:36.774Z</time>
      </trkpt>
      <trkpt lat="43.515421" lon="6.817880">
        <ele>299.219352</ele>
        <time>2026-05-11T23:19:39.515Z</time>
      </trkpt>
      <trkpt lat="43.515293" lon="6.817794">
        <ele>299.481320</ele>
        <time>2026-05-11T23:19:42.000Z</time>
      </trkpt>
      <trkpt lat="43.514705" lon="6.817586">
        <ele>300.837746</ele>
        <time>2026-05-11T23:19:55.350Z</time>
      </trkpt>
      <trkpt lat="43.514494" lon="6.817246">
        <ele>302.682802</ele>
        <time>2026-05-11T23:20:06.141Z</time>
      </trkpt>
      <trkpt lat="43.514447" lon="6.817129">
        <ele>303.234264</ele>
        <time>2026-05-11T23:20:10.295Z</time>
      </trkpt>
      <trkpt lat="43.514360" lon="6.816739">
        <ele>304.916614</ele>
        <time>2026-05-11T23:20:25.425Z</time>
      </trkpt>
      <trkpt lat="43.514248" lon="6.816489">
        <ele>306.128203</ele>
        <time>2026-05-11T23:20:36.178Z</time>
      </trkpt>
      <trkpt lat="43.513575" lon="6.815924">
        <ele>310.607842</ele>
        <time>2026-05-11T23:21:06.798Z</time>
      </trkpt>
      <trkpt lat="43.513474" lon="6.815782">
        <ele>310.960630</ele>
        <time>2026-05-11T23:21:11.623Z</time>
      </trkpt>
      <trkpt lat="43.513446" lon="6.815625">
        <ele>311.193610</ele>
        <time>2026-05-11T23:21:15.430Z</time>
      </trkpt>
      <trkpt lat="43.513863" lon="6.814452">
        <ele>313.076078</ele>
        <time>2026-05-11T23:21:38.376Z</time>
      </trkpt>
      <trkpt lat="43.513908" lon="6.814202">
        <ele>313.447260</ele>
        <time>2026-05-11T23:21:41.035Z</time>
      </trkpt>
      <trkpt lat="43.513919" lon="6.813994">
        <ele>313.747784</ele>
        <time>2026-05-11T23:21:43.054Z</time>
      </trkpt>
      <trkpt lat="43.513883" lon="6.813790">
        <ele>314.050327</ele>
        <time>2026-05-11T23:21:45.103Z</time>
      </trkpt>
      <trkpt lat="43.513577" lon="6.812697">
        <ele>314.590970</ele>
        <time>2026-05-11T23:21:56.315Z</time>
      </trkpt>
      <trkpt lat="43.513530" lon="6.812592">
        <ele>314.628539</ele>
        <time>2026-05-11T23:21:57.554Z</time>
      </trkpt>
      <trkpt lat="43.513322" lon="6.812312">
        <ele>314.750580</ele>
        <time>2026-05-11T23:22:02.062Z</time>
      </trkpt>
      <trkpt lat="43.513245" lon="6.812219">
        <ele>314.793555</ele>
        <time>2026-05-11T23:22:03.763Z</time>
      </trkpt>
      <trkpt lat="43.513174" lon="6.812181">
        <ele>314.825531</ele>
        <time>2026-05-11T23:22:05.060Z</time>
      </trkpt>
      <trkpt lat="43.513129" lon="6.812170">
        <ele>314.844718</ele>
        <time>2026-05-11T23:22:05.866Z</time>
      </trkpt>
      <trkpt lat="43.513088" lon="6.812165">
        <ele>314.861999</ele>
        <time>2026-05-11T23:22:06.581Z</time>
      </trkpt>
      <trkpt lat="43.512968" lon="6.812175">
        <ele>314.912472</ele>
        <time>2026-05-11T23:22:08.770Z</time>
      </trkpt>
      <trkpt lat="43.512648" lon="6.812306">
        <ele>315.066193</ele>
        <time>2026-05-11T23:22:15.829Z</time>
      </trkpt>
      <trkpt lat="43.511749" lon="6.812768">
        <ele>315.860792</ele>
        <time>2026-05-11T23:22:39.702Z</time>
      </trkpt>
      <trkpt lat="43.511599" lon="6.812724">
        <ele>315.987805</ele>
        <time>2026-05-11T23:22:41.891Z</time>
      </trkpt>
      <trkpt lat="43.511504" lon="6.812596">
        <ele>316.097813</ele>
        <time>2026-05-11T23:22:43.675Z</time>
      </trkpt>
      <trkpt lat="43.511395" lon="6.812359">
        <ele>316.266379</ele>
        <time>2026-05-11T23:22:46.233Z</time>
      </trkpt>
      <trkpt lat="43.511079" lon="6.811690">
        <ele>316.532912</ele>
        <time>2026-05-11T23:22:53.236Z</time>
      </trkpt>
      <trkpt lat="43.510973" lon="6.811518">
        <ele>316.535769</ele>
        <time>2026-05-11T23:22:55.148Z</time>
      </trkpt>
      <trkpt lat="43.510833" lon="6.811383">
        <ele>316.538750</ele>
        <time>2026-05-11T23:22:56.905Z</time>
      </trkpt>
      <trkpt lat="43.508989" lon="6.810758">
        <ele>317.950149</ele>
        <time>2026-05-11T23:23:30.896Z</time>
      </trkpt>
      <trkpt lat="43.508876" lon="6.810696">
        <ele>318.192582</ele>
        <time>2026-05-11T23:23:33.769Z</time>
      </trkpt>
      <trkpt lat="43.508770" lon="6.810581">
        <ele>318.461449</ele>
        <time>2026-05-11T23:23:36.887Z</time>
      </trkpt>
      <trkpt lat="43.507972" lon="6.809342">
        <ele>319.776089</ele>
        <time>2026-05-11T23:24:10.028Z</time>
      </trkpt>
      <trkpt lat="43.507843" lon="6.809245">
        <ele>319.624280</ele>
        <time>2026-05-11T23:24:13.535Z</time>
      </trkpt>
      <trkpt lat="43.507715" lon="6.809211">
        <ele>319.489604</ele>
        <time>2026-05-11T23:24:16.185Z</time>
      </trkpt>
      <trkpt lat="43.507282" lon="6.809310">
        <ele>319.036138</ele>
        <time>2026-05-11T23:24:22.108Z</time>
      </trkpt>
      <trkpt lat="43.507179" lon="6.809244">
        <ele>318.918791</ele>
        <time>2026-05-11T23:24:23.327Z</time>
      </trkpt>
      <trkpt lat="43.507116" lon="6.809114">
        <ele>318.801633</ele>
        <time>2026-05-11T23:24:24.515Z</time>
      </trkpt>
      <trkpt lat="43.506971" lon="6.807784">
        <ele>316.149570</ele>
        <time>2026-05-11T23:24:33.615Z</time>
      </trkpt>
      <trkpt lat="43.506919" lon="6.807588">
        <ele>315.471606</ele>
        <time>2026-05-11T23:24:34.949Z</time>
      </trkpt>
      <trkpt lat="43.506784" lon="6.807389">
        <ele>314.586452</ele>
        <time>2026-05-11T23:24:36.707Z</time>
      </trkpt>
      <trkpt lat="43.506270" lon="6.807067">
        <ele>312.057812</ele>
        <time>2026-05-11T23:24:41.998Z</time>
      </trkpt>
      <trkpt lat="43.506106" lon="6.807028">
        <ele>311.312430</ele>
        <time>2026-05-11T23:24:43.703Z</time>
      </trkpt>
      <trkpt lat="43.505963" lon="6.807048">
        <ele>310.668664</ele>
        <time>2026-05-11T23:24:45.288Z</time>
      </trkpt>
      <trkpt lat="43.505094" lon="6.807354">
        <ele>310.494893</ele>
        <time>2026-05-11T23:24:59.018Z</time>
      </trkpt>
      <trkpt lat="43.504895" lon="6.807376">
        <ele>310.560836</ele>
        <time>2026-05-11T23:25:03.088Z</time>
      </trkpt>
      <trkpt lat="43.503641" lon="6.807029">
        <ele>310.172522</ele>
        <time>2026-05-11T23:25:28.541Z</time>
      </trkpt>
      <trkpt lat="43.503299" lon="6.806963">
        <ele>309.702255</ele>
        <time>2026-05-11T23:25:32.564Z</time>
      </trkpt>
      <trkpt lat="43.502891" lon="6.806977">
        <ele>309.146479</ele>
        <time>2026-05-11T23:25:36.736Z</time>
      </trkpt>
      <trkpt lat="43.501949" lon="6.807089">
        <ele>308.536146</ele>
        <time>2026-05-11T23:25:46.460Z</time>
      </trkpt>
      <trkpt lat="43.501073" lon="6.807476">
        <ele>308.925101</ele>
        <time>2026-05-11T23:25:58.765Z</time>
      </trkpt>
      <trkpt lat="43.501009" lon="6.807443">
        <ele>308.953993</ele>
        <time>2026-05-11T23:26:00.232Z</time>
      </trkpt>
      <trkpt lat="43.500427" lon="6.806827">
        <ele>311.358244</ele>
        <time>2026-05-11T23:26:22.636Z</time>
      </trkpt>
      <trkpt lat="43.500252" lon="6.806680">
        <ele>312.862127</ele>
        <time>2026-05-11T23:26:32.382Z</time>
      </trkpt>
      <trkpt lat="43.500116" lon="6.806609">
        <ele>313.929350</ele>
        <time>2026-05-11T23:26:39.506Z</time>
      </trkpt>
      <trkpt lat="43.499839" lon="6.806542">
        <ele>315.993207</ele>
        <time>2026-05-11T23:26:53.597Z</time>
      </trkpt>
      <trkpt lat="43.499344" lon="6.806457">
        <ele>319.653911</ele>
        <time>2026-05-11T23:27:19.786Z</time>
      </trkpt>
      <trkpt lat="43.499268" lon="6.806396">
        <ele>320.299291</ele>
        <time>2026-05-11T23:27:24.233Z</time>
      </trkpt>
      <trkpt lat="43.499194" lon="6.806184">
        <ele>321.551702</ele>
        <time>2026-05-11T23:27:33.068Z</time>
      </trkpt>
      <trkpt lat="43.499222" lon="6.806000">
        <ele>322.317789</ele>
        <time>2026-05-11T23:27:40.159Z</time>
      </trkpt>
      <trkpt lat="43.499444" lon="6.805382">
        <ele>322.012151</ele>
        <time>2026-05-11T23:28:01.856Z</time>
      </trkpt>
      <trkpt lat="43.499472" lon="6.805216">
        <ele>321.936619</ele>
        <time>2026-05-11T23:28:04.556Z</time>
      </trkpt>
      <trkpt lat="43.499473" lon="6.805040">
        <ele>321.858615</ele>
        <time>2026-05-11T23:28:06.157Z</time>
      </trkpt>
      <trkpt lat="43.499432" lon="6.804728">
        <ele>321.718089</ele>
        <time>2026-05-11T23:28:08.455Z</time>
      </trkpt>
      <trkpt lat="43.499438" lon="6.804589">
        <ele>321.656376</ele>
        <time>2026-05-11T23:28:09.394Z</time>
      </trkpt>
      <trkpt lat="43.499536" lon="6.804378">
        <ele>321.545336</ele>
        <time>2026-05-11T23:28:11.043Z</time>
      </trkpt>
      <trkpt lat="43.499625" lon="6.804305">
        <ele>321.482063</ele>
        <time>2026-05-11T23:28:11.977Z</time>
      </trkpt>
      <trkpt lat="43.499730" lon="6.804282">
        <ele>321.417105</ele>
        <time>2026-05-11T23:28:12.924Z</time>
      </trkpt>
      <trkpt lat="43.499855" lon="6.804296">
        <ele>321.340481</ele>
        <time>2026-05-11T23:28:14.051Z</time>
      </trkpt>
      <trkpt lat="43.500386" lon="6.804397">
        <ele>320.965731</ele>
        <time>2026-05-11T23:28:18.924Z</time>
      </trkpt>
      <trkpt lat="43.500497" lon="6.804375">
        <ele>320.882758</ele>
        <time>2026-05-11T23:28:19.991Z</time>
      </trkpt>
      <trkpt lat="43.500723" lon="6.804270">
        <ele>320.706301</ele>
        <time>2026-05-11T23:28:22.415Z</time>
      </trkpt>
      <trkpt lat="43.500792" lon="6.804216">
        <ele>320.647595</ele>
        <time>2026-05-11T23:28:23.279Z</time>
      </trkpt>
      <trkpt lat="43.500893" lon="6.804074">
        <ele>320.540860</ele>
        <time>2026-05-11T23:28:24.999Z</time>
      </trkpt>
      <trkpt lat="43.501219" lon="6.802930">
        <ele>319.951504</ele>
        <time>2026-05-11T23:28:49.021Z</time>
      </trkpt>
      <trkpt lat="43.501522" lon="6.802258">
        <ele>320.726389</ele>
        <time>2026-05-11T23:29:08.439Z</time>
      </trkpt>
      <trkpt lat="43.501584" lon="6.802028">
        <ele>320.966682</ele>
        <time>2026-05-11T23:29:13.348Z</time>
      </trkpt>
      <trkpt lat="43.501821" lon="6.800801">
        <ele>322.210170</ele>
        <time>2026-05-11T23:29:27.627Z</time>
      </trkpt>
      <trkpt lat="43.501846" lon="6.800341">
        <ele>321.737694</ele>
        <time>2026-05-11T23:29:31.169Z</time>
      </trkpt>
      <trkpt lat="43.501739" lon="6.798779">
        <ele>318.937479</ele>
        <time>2026-05-11T23:29:42.705Z</time>
      </trkpt>
      <trkpt lat="43.501681" lon="6.797458">
        <ele>316.286665</ele>
        <time>2026-05-11T23:29:53.182Z</time>
      </trkpt>
      <trkpt lat="43.501728" lon="6.797306">
        <ele>315.927878</ele>
        <time>2026-05-11T23:29:54.566Z</time>
      </trkpt>
      <trkpt lat="43.502010" lon="6.796716">
        <ele>314.393644</ele>
        <time>2026-05-11T23:30:00.221Z</time>
      </trkpt>
      <trkpt lat="43.502059" lon="6.796534">
        <ele>313.972111</ele>
        <time>2026-05-11T23:30:01.683Z</time>
      </trkpt>
      <trkpt lat="43.502069" lon="6.796386">
        <ele>313.649358</ele>
        <time>2026-05-11T23:30:02.789Z</time>
      </trkpt>
      <trkpt lat="43.502056" lon="6.796256">
        <ele>313.364411</ele>
        <time>2026-05-11T23:30:03.736Z</time>
      </trkpt>
      <trkpt lat="43.502006" lon="6.796097">
        <ele>312.988115</ele>
        <time>2026-05-11T23:30:04.959Z</time>
      </trkpt>
      <trkpt lat="43.501608" lon="6.795004">
        <ele>307.158754</ele>
        <time>2026-05-11T23:30:13.083Z</time>
      </trkpt>
      <trkpt lat="43.501587" lon="6.794707">
        <ele>305.572608</ele>
        <time>2026-05-11T23:30:14.987Z</time>
      </trkpt>
      <trkpt lat="43.501588" lon="6.794690">
        <ele>305.481951</ele>
        <time>2026-05-11T23:30:15.092Z</time>
      </trkpt>
      <trkpt lat="43.501605" lon="6.794381">
        <ele>303.834786</ele>
        <time>2026-05-11T23:30:17.063Z</time>
      </trkpt>
      <trkpt lat="43.501627" lon="6.794085">
        <ele>302.253201</ele>
        <time>2026-05-11T23:30:18.940Z</time>
      </trkpt>
      <trkpt lat="43.501651" lon="6.793774">
        <ele>300.590795</ele>
        <time>2026-05-11T23:30:20.918Z</time>
      </trkpt>
      <trkpt lat="43.501641" lon="6.793544">
        <ele>299.366068</ele>
        <time>2026-05-11T23:30:22.372Z</time>
      </trkpt>
      <trkpt lat="43.501596" lon="6.793388">
        <ele>298.427331</ele>
        <time>2026-05-11T23:30:23.427Z</time>
      </trkpt>
      <trkpt lat="43.501341" lon="6.792819">
        <ele>294.682765</ele>
        <time>2026-05-11T23:30:27.706Z</time>
      </trkpt>
      <trkpt lat="43.501286" lon="6.792660">
        <ele>293.696548</ele>
        <time>2026-05-11T23:30:28.839Z</time>
      </trkpt>
      <trkpt lat="43.501261" lon="6.792471">
        <ele>292.620963</ele>
        <time>2026-05-11T23:30:30.079Z</time>
      </trkpt>
      <trkpt lat="43.501253" lon="6.790901">
        <ele>284.179773</ele>
        <time>2026-05-11T23:30:40.248Z</time>
      </trkpt>
      <trkpt lat="43.501128" lon="6.788741">
        <ele>274.643649</ele>
        <time>2026-05-11T23:30:54.540Z</time>
      </trkpt>
      <trkpt lat="43.501130" lon="6.788494">
        <ele>274.255595</ele>
        <time>2026-05-11T23:30:56.309Z</time>
      </trkpt>
      <trkpt lat="43.501173" lon="6.788333">
        <ele>274.032464</ele>
        <time>2026-05-11T23:30:57.583Z</time>
      </trkpt>
      <trkpt lat="43.501311" lon="6.788168">
        <ele>273.704942</ele>
        <time>2026-05-11T23:30:59.519Z</time>
      </trkpt>
      <trkpt lat="43.502453" lon="6.787538">
        <ele>271.499529</ele>
        <time>2026-05-11T23:31:14.797Z</time>
      </trkpt>
      <trkpt lat="43.502507" lon="6.787465">
        <ele>271.363929</ele>
        <time>2026-05-11T23:31:15.832Z</time>
      </trkpt>
      <trkpt lat="43.502539" lon="6.787334">
        <ele>271.147323</ele>
        <time>2026-05-11T23:31:17.301Z</time>
      </trkpt>
      <trkpt lat="43.502543" lon="6.786710">
        <ele>270.121870</ele>
        <time>2026-05-11T23:31:24.345Z</time>
      </trkpt>
      <trkpt lat="43.502587" lon="6.786570">
        <ele>269.871142</ele>
        <time>2026-05-11T23:31:25.887Z</time>
      </trkpt>
      <trkpt lat="43.502654" lon="6.786430">
        <ele>269.595518</ele>
        <time>2026-05-11T23:31:27.527Z</time>
      </trkpt>
      <trkpt lat="43.502931" lon="6.786148">
        <ele>268.815411</ele>
        <time>2026-05-11T23:31:31.714Z</time>
      </trkpt>
      <trkpt lat="43.503004" lon="6.786015">
        <ele>268.541333</ele>
        <time>2026-05-11T23:31:33.027Z</time>
      </trkpt>
      <trkpt lat="43.503023" lon="6.785916">
        <ele>268.373050</ele>
        <time>2026-05-11T23:31:33.811Z</time>
      </trkpt>
      <trkpt lat="43.503006" lon="6.785810">
        <ele>268.194656</ele>
        <time>2026-05-11T23:31:34.609Z</time>
      </trkpt>
      <trkpt lat="43.502951" lon="6.785725">
        <ele>268.007476</ele>
        <time>2026-05-11T23:31:35.448Z</time>
      </trkpt>
      <trkpt lat="43.502417" lon="6.785438">
        <ele>265.083709</ele>
        <time>2026-05-11T23:31:40.784Z</time>
      </trkpt>
      <trkpt lat="43.502272" lon="6.785449">
        <ele>263.764545</ele>
        <time>2026-05-11T23:31:42.070Z</time>
      </trkpt>
      <trkpt lat="43.501761" lon="6.785675">
        <ele>258.889642</ele>
        <time>2026-05-11T23:31:46.675Z</time>
      </trkpt>
      <trkpt lat="43.501224" lon="6.785585">
        <ele>253.975651</ele>
        <time>2026-05-11T23:31:51.268Z</time>
      </trkpt>
      <trkpt lat="43.501085" lon="6.785534">
        <ele>252.669030</ele>
        <time>2026-05-11T23:31:52.487Z</time>
      </trkpt>
      <trkpt lat="43.500977" lon="6.785444">
        <ele>251.522659</ele>
        <time>2026-05-11T23:31:53.563Z</time>
      </trkpt>
      <trkpt lat="43.500901" lon="6.785317">
        <ele>250.655760</ele>
        <time>2026-05-11T23:31:54.593Z</time>
      </trkpt>
      <trkpt lat="43.500825" lon="6.785083">
        <ele>249.745727</ele>
        <time>2026-05-11T23:31:56.195Z</time>
      </trkpt>
      <trkpt lat="43.500615" lon="6.783486">
        <ele>243.984824</ele>
        <time>2026-05-11T23:32:07.117Z</time>
      </trkpt>
      <trkpt lat="43.500593" lon="6.783194">
        <ele>242.942799</ele>
        <time>2026-05-11T23:32:09.881Z</time>
      </trkpt>
      <trkpt lat="43.500611" lon="6.782946">
        <ele>242.110545</ele>
        <time>2026-05-11T23:32:13.174Z</time>
      </trkpt>
      <trkpt lat="43.500704" lon="6.782585">
        <ele>242.155874</ele>
        <time>2026-05-11T23:32:19.542Z</time>
      </trkpt>
      <trkpt lat="43.501222" lon="6.781646">
        <ele>242.295463</ele>
        <time>2026-05-11T23:32:40.656Z</time>
      </trkpt>
      <trkpt lat="43.501244" lon="6.781551">
        <ele>242.307263</ele>
        <time>2026-05-11T23:32:42.232Z</time>
      </trkpt>
      <trkpt lat="43.501240" lon="6.781438">
        <ele>242.320650</ele>
        <time>2026-05-11T23:32:44.100Z</time>
      </trkpt>
      <trkpt lat="43.501200" lon="6.781338">
        <ele>242.334162</ele>
        <time>2026-05-11T23:32:45.824Z</time>
      </trkpt>
      <trkpt lat="43.501109" lon="6.781257">
        <ele>242.351832</ele>
        <time>2026-05-11T23:32:48.102Z</time>
      </trkpt>
      <trkpt lat="43.499937" lon="6.781508">
        <ele>236.673708</ele>
        <time>2026-05-11T23:32:59.386Z</time>
      </trkpt>
      <trkpt lat="43.499414" lon="6.781815">
        <ele>232.960372</ele>
        <time>2026-05-11T23:33:04.307Z</time>
      </trkpt>
      <trkpt lat="43.499111" lon="6.781877">
        <ele>230.959327</ele>
        <time>2026-05-11T23:33:06.973Z</time>
      </trkpt>
      <trkpt lat="43.498931" lon="6.781878">
        <ele>229.703094</ele>
        <time>2026-05-11T23:33:08.544Z</time>
      </trkpt>
      <trkpt lat="43.498559" lon="6.781813">
        <ele>227.027033</ele>
        <time>2026-05-11T23:33:11.856Z</time>
      </trkpt>
      <trkpt lat="43.497976" lon="6.781693">
        <ele>222.820263</ele>
        <time>2026-05-11T23:33:17.208Z</time>
      </trkpt>
      <trkpt lat="43.497636" lon="6.781579">
        <ele>220.323073</ele>
        <time>2026-05-11T23:33:20.430Z</time>
      </trkpt>
      <trkpt lat="43.496969" lon="6.781097">
        <ele>214.523235</ele>
        <time>2026-05-11T23:33:27.262Z</time>
      </trkpt>
      <trkpt lat="43.496258" lon="6.780840">
        <ele>208.499537</ele>
        <time>2026-05-11T23:33:33.696Z</time>
      </trkpt>
      <trkpt lat="43.496109" lon="6.780727">
        <ele>207.105876</ele>
        <time>2026-05-11T23:33:35.163Z</time>
      </trkpt>
      <trkpt lat="43.495898" lon="6.780455">
        <ele>204.738438</ele>
        <time>2026-05-11T23:33:37.661Z</time>
      </trkpt>
      <trkpt lat="43.495784" lon="6.780370">
        <ele>203.676291</ele>
        <time>2026-05-11T23:33:38.787Z</time>
      </trkpt>
      <trkpt lat="43.495418" lon="6.780194">
        <ele>201.016923</ele>
        <time>2026-05-11T23:33:42.174Z</time>
      </trkpt>
      <trkpt lat="43.495307" lon="6.780062">
        <ele>200.056749</ele>
        <time>2026-05-11T23:33:43.477Z</time>
      </trkpt>
      <trkpt lat="43.495210" lon="6.779849">
        <ele>198.861801</ele>
        <time>2026-05-11T23:33:45.101Z</time>
      </trkpt>
      <trkpt lat="43.495033" lon="6.779150">
        <ele>195.344023</ele>
        <time>2026-05-11T23:33:49.960Z</time>
      </trkpt>
      <trkpt lat="43.494967" lon="6.779014">
        <ele>194.566563</ele>
        <time>2026-05-11T23:33:51.059Z</time>
      </trkpt>
      <trkpt lat="43.494778" lon="6.778757">
        <ele>192.827720</ele>
        <time>2026-05-11T23:33:53.539Z</time>
      </trkpt>
      <trkpt lat="43.494621" lon="6.778609">
        <ele>191.581945</ele>
        <time>2026-05-11T23:33:55.346Z</time>
      </trkpt>
      <trkpt lat="43.494425" lon="6.778513">
        <ele>191.045434</ele>
        <time>2026-05-11T23:33:57.349Z</time>
      </trkpt>
      <trkpt lat="43.494266" lon="6.778506">
        <ele>190.803274</ele>
        <time>2026-05-11T23:33:58.906Z</time>
      </trkpt>
      <trkpt lat="43.494231" lon="6.778507">
        <ele>190.749984</ele>
        <time>2026-05-11T23:33:59.251Z</time>
      </trkpt>
      <trkpt lat="43.493371" lon="6.778626">
        <ele>189.434279</ele>
        <time>2026-05-11T23:34:08.633Z</time>
      </trkpt>
      <trkpt lat="43.493175" lon="6.778611">
        <ele>189.135460</ele>
        <time>2026-05-11T23:34:11.960Z</time>
      </trkpt>
      <trkpt lat="43.493086" lon="6.778583">
        <ele>188.996497</ele>
        <time>2026-05-11T23:34:13.647Z</time>
      </trkpt>
      <trkpt lat="43.492988" lon="6.778504">
        <ele>188.823681</ele>
        <time>2026-05-11T23:34:15.925Z</time>
      </trkpt>
      <trkpt lat="43.492815" lon="6.778251">
        <ele>188.479805</ele>
        <time>2026-05-11T23:34:21.446Z</time>
      </trkpt>
      <trkpt lat="43.492699" lon="6.778149">
        <ele>188.341605</ele>
        <time>2026-05-11T23:34:24.762Z</time>
      </trkpt>
      <trkpt lat="43.492201" lon="6.778055">
        <ele>187.836734</ele>
        <time>2026-05-11T23:34:37.227Z</time>
      </trkpt>
      <trkpt lat="43.492085" lon="6.778066">
        <ele>187.719946</ele>
        <time>2026-05-11T23:34:39.883Z</time>
      </trkpt>
      <trkpt lat="43.491984" lon="6.778103">
        <ele>187.614978</ele>
        <time>2026-05-11T23:34:41.957Z</time>
      </trkpt>
      <trkpt lat="43.491661" lon="6.778329">
        <ele>187.251146</ele>
        <time>2026-05-11T23:34:46.808Z</time>
      </trkpt>
      <trkpt lat="43.491208" lon="6.778464">
        <ele>186.785630</ele>
        <time>2026-05-11T23:34:51.375Z</time>
      </trkpt>
      <trkpt lat="43.491106" lon="6.778528">
        <ele>186.026247</ele>
        <time>2026-05-11T23:34:52.402Z</time>
      </trkpt>
      <trkpt lat="43.489990" lon="6.779739">
        <ele>172.749032</ele>
        <time>2026-05-11T23:35:04.588Z</time>
      </trkpt>
      <trkpt lat="43.489776" lon="6.779811">
        <ele>170.689830</ele>
        <time>2026-05-11T23:35:06.463Z</time>
      </trkpt>
      <trkpt lat="43.489549" lon="6.779772">
        <ele>168.668665</ele>
        <time>2026-05-11T23:35:08.415Z</time>
      </trkpt>
      <trkpt lat="43.489103" lon="6.779562">
        <ele>164.635667</ele>
        <time>2026-05-11T23:35:12.484Z</time>
      </trkpt>
      <trkpt lat="43.488983" lon="6.779560">
        <ele>163.608741</ele>
        <time>2026-05-11T23:35:13.549Z</time>
      </trkpt>
      <trkpt lat="43.488687" lon="6.779625">
        <ele>161.043898</ele>
        <time>2026-05-11T23:35:16.184Z</time>
      </trkpt>
      <trkpt lat="43.488563" lon="6.779587">
        <ele>159.956909</ele>
        <time>2026-05-11T23:35:17.290Z</time>
      </trkpt>
      <trkpt lat="43.488492" lon="6.779524">
        <ele>159.234346</ele>
        <time>2026-05-11T23:35:18.019Z</time>
      </trkpt>
      <trkpt lat="43.488434" lon="6.779381">
        <ele>158.217249</ele>
        <time>2026-05-11T23:35:19.052Z</time>
      </trkpt>
      <trkpt lat="43.488358" lon="6.778867">
        <ele>154.960594</ele>
        <time>2026-05-11T23:35:22.429Z</time>
      </trkpt>
      <trkpt lat="43.488323" lon="6.778763">
        <ele>154.452559</ele>
        <time>2026-05-11T23:35:23.185Z</time>
      </trkpt>
      <trkpt lat="43.488266" lon="6.778686">
        <ele>154.237672</ele>
        <time>2026-05-11T23:35:23.924Z</time>
      </trkpt>
      <trkpt lat="43.488096" lon="6.778653">
        <ele>153.775440</ele>
        <time>2026-05-11T23:35:25.521Z</time>
      </trkpt>
      <trkpt lat="43.487999" lon="6.778650">
        <ele>153.514208</ele>
        <time>2026-05-11T23:35:26.439Z</time>
      </trkpt>
      <trkpt lat="43.487924" lon="6.778610">
        <ele>153.297685</ele>
        <time>2026-05-11T23:35:27.208Z</time>
      </trkpt>
      <trkpt lat="43.487863" lon="6.778521">
        <ele>153.058520</ele>
        <time>2026-05-11T23:35:28.068Z</time>
      </trkpt>
      <trkpt lat="43.487794" lon="6.778184">
        <ele>152.374506</ele>
        <time>2026-05-11T23:35:30.591Z</time>
      </trkpt>
      <trkpt lat="43.487797" lon="6.778021">
        <ele>152.055996</ele>
        <time>2026-05-11T23:35:31.802Z</time>
      </trkpt>
      <trkpt lat="43.487833" lon="6.777852">
        <ele>151.711932</ele>
        <time>2026-05-11T23:35:33.112Z</time>
      </trkpt>
      <trkpt lat="43.488102" lon="6.777260">
        <ele>150.347428</ele>
        <time>2026-05-11T23:35:38.824Z</time>
      </trkpt>
      <trkpt lat="43.488102" lon="6.777160">
        <ele>150.152086</ele>
        <time>2026-05-11T23:35:40.379Z</time>
      </trkpt>
      <trkpt lat="43.488073" lon="6.777063">
        <ele>149.947148</ele>
        <time>2026-05-11T23:35:42.486Z</time>
      </trkpt>
      <trkpt lat="43.488026" lon="6.776989">
        <ele>149.755031</ele>
        <time>2026-05-11T23:35:44.530Z</time>
      </trkpt>
      <trkpt lat="43.487595" lon="6.776621">
        <ele>149.639754</ele>
        <time>2026-05-11T23:35:58.361Z</time>
      </trkpt>
      <trkpt lat="43.487515" lon="6.776461">
        <ele>149.621376</ele>
        <time>2026-05-11T23:36:01.259Z</time>
      </trkpt>
      <trkpt lat="43.487403" lon="6.776093">
        <ele>149.583632</ele>
        <time>2026-05-11T23:36:05.972Z</time>
      </trkpt>
      <trkpt lat="43.487322" lon="6.775971">
        <ele>149.567991</ele>
        <time>2026-05-11T23:36:07.651Z</time>
      </trkpt>
      <trkpt lat="43.487237" lon="6.775887">
        <ele>149.554357</ele>
        <time>2026-05-11T23:36:09.022Z</time>
      </trkpt>
      <trkpt lat="43.487183" lon="6.775874">
        <ele>149.547211</ele>
        <time>2026-05-11T23:36:09.710Z</time>
      </trkpt>
      <trkpt lat="43.487049" lon="6.775877">
        <ele>149.529740</ele>
        <time>2026-05-11T23:36:11.357Z</time>
      </trkpt>
      <trkpt lat="43.486409" lon="6.776092">
        <ele>148.820220</ele>
        <time>2026-05-11T23:36:18.476Z</time>
      </trkpt>
      <trkpt lat="43.486286" lon="6.776099">
        <ele>148.403918</ele>
        <time>2026-05-11T23:36:19.719Z</time>
      </trkpt>
      <trkpt lat="43.485840" lon="6.776028">
        <ele>146.885660</ele>
        <time>2026-05-11T23:36:24.122Z</time>
      </trkpt>
      <trkpt lat="43.485628" lon="6.776139">
        <ele>146.118756</ele>
        <time>2026-05-11T23:36:26.502Z</time>
      </trkpt>
      <trkpt lat="43.485279" lon="6.776355">
        <ele>144.825017</ele>
        <time>2026-05-11T23:36:30.634Z</time>
      </trkpt>
      <trkpt lat="43.485166" lon="6.776367">
        <ele>144.441754</ele>
        <time>2026-05-11T23:36:31.840Z</time>
      </trkpt>
      <trkpt lat="43.484862" lon="6.776285">
        <ele>143.394219</ele>
        <time>2026-05-11T23:36:34.887Z</time>
      </trkpt>
      <trkpt lat="43.484766" lon="6.776310">
        <ele>142.497123</ele>
        <time>2026-05-11T23:36:35.787Z</time>
      </trkpt>
      <trkpt lat="43.484641" lon="6.776430">
        <ele>141.077011</ele>
        <time>2026-05-11T23:36:37.184Z</time>
      </trkpt>
      <trkpt lat="43.484561" lon="6.776651">
        <ele>139.406471</ele>
        <time>2026-05-11T23:36:38.794Z</time>
      </trkpt>
      <trkpt lat="43.484537" lon="6.777172">
        <ele>135.875371</ele>
        <time>2026-05-11T23:36:42.097Z</time>
      </trkpt>
      <trkpt lat="43.484499" lon="6.777349">
        <ele>134.626845</ele>
        <time>2026-05-11T23:36:43.234Z</time>
      </trkpt>
      <trkpt lat="43.484096" lon="6.778241">
        <ele>127.519327</ele>
        <time>2026-05-11T23:36:49.657Z</time>
      </trkpt>
      <trkpt lat="43.484027" lon="6.778351">
        <ele>126.562295</ele>
        <time>2026-05-11T23:36:50.544Z</time>
      </trkpt>
      <trkpt lat="43.483813" lon="6.778428">
        <ele>125.158474</ele>
        <time>2026-05-11T23:36:52.419Z</time>
      </trkpt>
      <trkpt lat="43.483661" lon="6.778383">
        <ele>124.171697</ele>
        <time>2026-05-11T23:36:53.742Z</time>
      </trkpt>
      <trkpt lat="43.482418" lon="6.777566">
        <ele>115.430884</ele>
        <time>2026-05-11T23:37:06.713Z</time>
      </trkpt>
      <trkpt lat="43.482302" lon="6.777451">
        <ele>114.780129</ele>
        <time>2026-05-11T23:37:08.474Z</time>
      </trkpt>
      <trkpt lat="43.482231" lon="6.777311">
        <ele>114.290483</ele>
        <time>2026-05-11T23:37:09.927Z</time>
      </trkpt>
      <trkpt lat="43.482116" lon="6.776839">
        <ele>112.863169</ele>
        <time>2026-05-11T23:37:13.807Z</time>
      </trkpt>
      <trkpt lat="43.482061" lon="6.776684">
        <ele>112.368547</ele>
        <time>2026-05-11T23:37:15.075Z</time>
      </trkpt>
      <trkpt lat="43.482011" lon="6.776644">
        <ele>112.140138</ele>
        <time>2026-05-11T23:37:15.674Z</time>
      </trkpt>
      <trkpt lat="43.481584" lon="6.776436">
        <ele>110.350860</ele>
        <time>2026-05-11T23:37:20.063Z</time>
      </trkpt>
      <trkpt lat="43.481459" lon="6.776415">
        <ele>109.853352</ele>
        <time>2026-05-11T23:37:21.248Z</time>
      </trkpt>
      <trkpt lat="43.481360" lon="6.776427">
        <ele>109.460710</ele>
        <time>2026-05-11T23:37:22.180Z</time>
      </trkpt>
      <trkpt lat="43.481240" lon="6.776487">
        <ele>108.956375</ele>
        <time>2026-05-11T23:37:23.378Z</time>
      </trkpt>
      <trkpt lat="43.480887" lon="6.776744">
        <ele>107.168777</ele>
        <time>2026-05-11T23:37:27.117Z</time>
      </trkpt>
      <trkpt lat="43.480700" lon="6.776781">
        <ele>106.203567</ele>
        <time>2026-05-11T23:37:28.920Z</time>
      </trkpt>
      <trkpt lat="43.480582" lon="6.776733">
        <ele>105.574973</ele>
        <time>2026-05-11T23:37:30.108Z</time>
      </trkpt>
      <trkpt lat="43.480322" lon="6.776558">
        <ele>104.096629</ele>
        <time>2026-05-11T23:37:32.810Z</time>
      </trkpt>
      <trkpt lat="43.480254" lon="6.776457">
        <ele>103.585842</ele>
        <time>2026-05-11T23:37:33.743Z</time>
      </trkpt>
      <trkpt lat="43.480216" lon="6.776321">
        <ele>103.045564</ele>
        <time>2026-05-11T23:37:34.721Z</time>
      </trkpt>
      <trkpt lat="43.480185" lon="6.776015">
        <ele>101.900137</ele>
        <time>2026-05-11T23:37:36.830Z</time>
      </trkpt>
      <trkpt lat="43.480146" lon="6.775851">
        <ele>101.260325</ele>
        <time>2026-05-11T23:37:38.009Z</time>
      </trkpt>
      <trkpt lat="43.480108" lon="6.775793">
        <ele>100.970622</ele>
        <time>2026-05-11T23:37:38.546Z</time>
      </trkpt>
      <trkpt lat="43.480004" lon="6.775717">
        <ele>100.369190</ele>
        <time>2026-05-11T23:37:39.659Z</time>
      </trkpt>
      <trkpt lat="43.479891" lon="6.775734">
        <ele>99.788425</ele>
        <time>2026-05-11T23:37:40.727Z</time>
      </trkpt>
      <trkpt lat="43.479631" lon="6.775849">
        <ele>98.355479</ele>
        <time>2026-05-11T23:37:43.303Z</time>
      </trkpt>
      <trkpt lat="43.479489" lon="6.775874">
        <ele>97.570214</ele>
        <time>2026-05-11T23:37:44.669Z</time>
      </trkpt>
      <trkpt lat="43.479347" lon="6.775858">
        <ele>96.788681</ele>
        <time>2026-05-11T23:37:46.022Z</time>
      </trkpt>
      <trkpt lat="43.478884" lon="6.775695">
        <ele>94.167356</ele>
        <time>2026-05-11T23:37:50.334Z</time>
      </trkpt>
      <trkpt lat="43.478754" lon="6.775593">
        <ele>93.346770</ele>
        <time>2026-05-11T23:37:51.669Z</time>
      </trkpt>
      <trkpt lat="43.478558" lon="6.775406">
        <ele>92.039107</ele>
        <time>2026-05-11T23:37:53.844Z</time>
      </trkpt>
      <trkpt lat="43.478471" lon="6.775273">
        <ele>91.326357</ele>
        <time>2026-05-11T23:37:55.049Z</time>
      </trkpt>
      <trkpt lat="43.478213" lon="6.774593">
        <ele>88.297047</ele>
        <time>2026-05-11T23:38:00.411Z</time>
      </trkpt>
      <trkpt lat="43.478088" lon="6.774453">
        <ele>87.442275</ele>
        <time>2026-05-11T23:38:02.015Z</time>
      </trkpt>
      <trkpt lat="43.477892" lon="6.774321">
        <ele>86.284615</ele>
        <time>2026-05-11T23:38:04.199Z</time>
      </trkpt>
      <trkpt lat="43.477731" lon="6.774155">
        <ele>85.217586</ele>
        <time>2026-05-11T23:38:06.223Z</time>
      </trkpt>
      <trkpt lat="43.477516" lon="6.773829">
        <ele>83.521239</ele>
        <time>2026-05-11T23:38:09.386Z</time>
      </trkpt>
      <trkpt lat="43.476745" lon="6.772809">
        <ele>77.434251</ele>
        <time>2026-05-11T23:38:18.973Z</time>
      </trkpt>
      <trkpt lat="43.476588" lon="6.772682">
        <ele>76.224401</ele>
        <time>2026-05-11T23:38:20.566Z</time>
      </trkpt>
      <trkpt lat="43.476162" lon="6.772451">
        <ele>73.182039</ele>
        <time>2026-05-11T23:38:24.619Z</time>
      </trkpt>
      <trkpt lat="43.476009" lon="6.772317">
        <ele>71.977270</ele>
        <time>2026-05-11T23:38:26.236Z</time>
      </trkpt>
      <trkpt lat="43.475939" lon="6.772198">
        <ele>71.238520</ele>
        <time>2026-05-11T23:38:27.232Z</time>
      </trkpt>
      <trkpt lat="43.475649" lon="6.771285">
        <ele>67.058500</ele>
        <time>2026-05-11T23:38:33.903Z</time>
      </trkpt>
      <trkpt lat="43.475474" lon="6.770735">
        <ele>65.796036</ele>
        <time>2026-05-11T23:38:38.559Z</time>
      </trkpt>
      <trkpt lat="43.475034" lon="6.769841">
        <ele>63.525195</ele>
        <time>2026-05-11T23:38:47.068Z</time>
      </trkpt>
      <trkpt lat="43.474933" lon="6.769725">
        <ele>63.144310</ele>
        <time>2026-05-11T23:38:48.420Z</time>
      </trkpt>
      <trkpt lat="43.474849" lon="6.769686">
        <ele>62.887530</ele>
        <time>2026-05-11T23:38:49.344Z</time>
      </trkpt>
      <trkpt lat="43.474728" lon="6.769699">
        <ele>62.535941</ele>
        <time>2026-05-11T23:38:50.618Z</time>
      </trkpt>
      <trkpt lat="43.474583" lon="6.769775">
        <ele>62.371266</ele>
        <time>2026-05-11T23:38:52.259Z</time>
      </trkpt>
      <trkpt lat="43.474459" lon="6.769808">
        <ele>62.429824</ele>
        <time>2026-05-11T23:38:53.615Z</time>
      </trkpt>
      <trkpt lat="43.474343" lon="6.769775">
        <ele>62.484745</ele>
        <time>2026-05-11T23:38:54.921Z</time>
      </trkpt>
      <trkpt lat="43.473991" lon="6.769455">
        <ele>62.680278</ele>
        <time>2026-05-11T23:38:59.891Z</time>
      </trkpt>
      <trkpt lat="43.473793" lon="6.769264">
        <ele>62.792347</ele>
        <time>2026-05-11T23:39:03.409Z</time>
      </trkpt>
      <trkpt lat="43.473320" lon="6.768995">
        <ele>63.029611</ele>
        <time>2026-05-11T23:39:13.832Z</time>
      </trkpt>
      <trkpt lat="43.473122" lon="6.768977">
        <ele>63.121619</ele>
        <time>2026-05-11T23:39:19.438Z</time>
      </trkpt>
      <trkpt lat="43.472735" lon="6.769067">
        <ele>64.589561</ele>
        <time>2026-05-11T23:39:32.437Z</time>
      </trkpt>
      <trkpt lat="43.472466" lon="6.769032">
        <ele>65.885475</ele>
        <time>2026-05-11T23:39:42.109Z</time>
      </trkpt>
      <trkpt lat="43.472334" lon="6.768965">
        <ele>66.560156</ele>
        <time>2026-05-11T23:39:47.275Z</time>
      </trkpt>
      <trkpt lat="43.471451" lon="6.768133">
        <ele>71.690633</ele>
        <time>2026-05-11T23:40:27.179Z</time>
      </trkpt>
      <trkpt lat="43.471198" lon="6.767839">
        <ele>72.382475</ele>
        <time>2026-05-11T23:40:37.246Z</time>
      </trkpt>
      <trkpt lat="43.471081" lon="6.767626">
        <ele>72.751724</ele>
        <time>2026-05-11T23:40:42.511Z</time>
      </trkpt>
      <trkpt lat="43.470981" lon="6.767359">
        <ele>73.167039</ele>
        <time>2026-05-11T23:40:47.931Z</time>
      </trkpt>
      <trkpt lat="43.470451" lon="6.765022">
        <ele>76.941180</ele>
        <time>2026-05-11T23:41:17.896Z</time>
      </trkpt>
      <trkpt lat="43.470397" lon="6.764920">
        <ele>77.166722</ele>
        <time>2026-05-11T23:41:20.022Z</time>
      </trkpt>
      <trkpt lat="43.470315" lon="6.764849">
        <ele>77.405109</ele>
        <time>2026-05-11T23:41:22.416Z</time>
      </trkpt>
      <trkpt lat="43.470193" lon="6.764826">
        <ele>77.708211</ele>
        <time>2026-05-11T23:41:25.651Z</time>
      </trkpt>
      <trkpt lat="43.469951" lon="6.764962">
        <ele>78.351537</ele>
        <time>2026-05-11T23:41:33.232Z</time>
      </trkpt>
      <trkpt lat="43.469586" lon="6.765619">
        <ele>79.765141</ele>
        <time>2026-05-11T23:41:53.066Z</time>
      </trkpt>
      <trkpt lat="43.469441" lon="6.765843">
        <ele>80.113238</ele>
        <time>2026-05-11T23:42:00.441Z</time>
      </trkpt>
      <trkpt lat="43.469303" lon="6.766000">
        <ele>80.399212</ele>
        <time>2026-05-11T23:42:06.176Z</time>
      </trkpt>
      <trkpt lat="43.469171" lon="6.766073">
        <ele>80.626501</ele>
        <time>2026-05-11T23:42:10.458Z</time>
      </trkpt>
      <trkpt lat="43.469035" lon="6.766102">
        <ele>80.846412</ele>
        <time>2026-05-11T23:42:14.290Z</time>
      </trkpt>
      <trkpt lat="43.468808" lon="6.766056">
        <ele>81.213055</ele>
        <time>2026-05-11T23:42:19.668Z</time>
      </trkpt>
      <trkpt lat="43.468594" lon="6.765914">
        <ele>81.592609</ele>
        <time>2026-05-11T23:42:24.207Z</time>
      </trkpt>
      <trkpt lat="43.468428" lon="6.765753">
        <ele>81.916999</ele>
        <time>2026-05-11T23:42:27.125Z</time>
      </trkpt>
      <trkpt lat="43.468340" lon="6.765680">
        <ele>82.081139</ele>
        <time>2026-05-11T23:42:28.452Z</time>
      </trkpt>
      <trkpt lat="43.468332" lon="6.765578">
        <ele>82.200121</ele>
        <time>2026-05-11T23:42:29.333Z</time>
      </trkpt>
      <trkpt lat="43.468296" lon="6.765521">
        <ele>82.287752</ele>
        <time>2026-05-11T23:42:29.989Z</time>
      </trkpt>
      <trkpt lat="43.468244" lon="6.765495">
        <ele>82.376149</ele>
        <time>2026-05-11T23:42:30.606Z</time>
      </trkpt>
      <trkpt lat="43.468169" lon="6.765524">
        <ele>82.500627</ele>
        <time>2026-05-11T23:42:31.477Z</time>
      </trkpt>
      <trkpt lat="43.468067" lon="6.765463">
        <ele>82.227384</ele>
        <time>2026-05-11T23:42:32.660Z</time>
      </trkpt>
      <trkpt lat="43.467795" lon="6.765302">
        <ele>81.352882</ele>
        <time>2026-05-11T23:42:35.709Z</time>
      </trkpt>
      <trkpt lat="43.467757" lon="6.765273">
        <ele>81.224560</ele>
        <time>2026-05-11T23:42:36.158Z</time>
      </trkpt>
      <trkpt lat="43.467223" lon="6.764858">
        <ele>79.413484</ele>
        <time>2026-05-11T23:42:42.241Z</time>
      </trkpt>
      <trkpt lat="43.467050" lon="6.764689">
        <ele>78.787024</ele>
        <time>2026-05-11T23:42:44.344Z</time>
      </trkpt>
      <trkpt lat="43.466437" lon="6.763854">
        <ele>76.457216</ele>
        <time>2026-05-11T23:42:53.104Z</time>
      </trkpt>
      <trkpt lat="43.466054" lon="6.763280">
        <ele>75.160240</ele>
        <time>2026-05-11T23:42:59.114Z</time>
      </trkpt>
      <trkpt lat="43.466002" lon="6.763201">
        <ele>74.982838</ele>
        <time>2026-05-11T23:42:59.959Z</time>
      </trkpt>
      <trkpt lat="43.465968" lon="6.763153">
        <ele>74.871271</ele>
        <time>2026-05-11T23:43:00.488Z</time>
      </trkpt>
      <trkpt lat="43.465848" lon="6.762983">
        <ele>74.476804</ele>
        <time>2026-05-11T23:43:02.380Z</time>
      </trkpt>
      <trkpt lat="43.465440" lon="6.762405">
        <ele>73.135616</ele>
        <time>2026-05-11T23:43:08.926Z</time>
      </trkpt>
      <trkpt lat="43.465306" lon="6.762254">
        <ele>72.909292</ele>
        <time>2026-05-11T23:43:10.848Z</time>
      </trkpt>
      <trkpt lat="43.464334" lon="6.760849">
        <ele>71.272687</ele>
        <time>2026-05-11T23:43:27.673Z</time>
      </trkpt>
      <trkpt lat="43.464229" lon="6.760698">
        <ele>71.096364</ele>
        <time>2026-05-11T23:43:29.489Z</time>
      </trkpt>
      <trkpt lat="43.463987" lon="6.760374">
        <ele>70.834247</ele>
        <time>2026-05-11T23:43:33.768Z</time>
      </trkpt>
      <trkpt lat="43.463849" lon="6.760256">
        <ele>70.729901</ele>
        <time>2026-05-11T23:43:35.958Z</time>
      </trkpt>
      <trkpt lat="43.463639" lon="6.760158">
        <ele>70.587454</ele>
        <time>2026-05-11T23:43:39.325Z</time>
      </trkpt>
      <trkpt lat="43.463315" lon="6.760083">
        <ele>70.376379</ele>
        <time>2026-05-11T23:43:45.110Z</time>
      </trkpt>
      <trkpt lat="43.463103" lon="6.760034">
        <ele>70.238274</ele>
        <time>2026-05-11T23:43:48.150Z</time>
      </trkpt>
      <trkpt lat="43.462694" lon="6.759990">
        <ele>69.974707</ele>
        <time>2026-05-11T23:43:53.069Z</time>
      </trkpt>
      <trkpt lat="43.462431" lon="6.759990">
        <ele>69.678446</ele>
        <time>2026-05-11T23:43:56.112Z</time>
      </trkpt>
      <trkpt lat="43.462132" lon="6.759925">
        <ele>68.748480</ele>
        <time>2026-05-11T23:43:59.533Z</time>
      </trkpt>
      <trkpt lat="43.462049" lon="6.759912">
        <ele>68.491841</ele>
        <time>2026-05-11T23:44:00.449Z</time>
      </trkpt>
      <trkpt lat="43.461930" lon="6.759894">
        <ele>68.124047</ele>
        <time>2026-05-11T23:44:01.759Z</time>
      </trkpt>
      <trkpt lat="43.461626" lon="6.759795">
        <ele>67.164347</ele>
        <time>2026-05-11T23:44:05.040Z</time>
      </trkpt>
      <trkpt lat="43.461539" lon="6.759763">
        <ele>66.887700</ele>
        <time>2026-05-11T23:44:05.972Z</time>
      </trkpt>
      <trkpt lat="43.461301" lon="6.759676">
        <ele>66.131206</ele>
        <time>2026-05-11T23:44:08.388Z</time>
      </trkpt>
      <trkpt lat="43.461118" lon="6.759554">
        <ele>65.506620</ele>
        <time>2026-05-11T23:44:10.336Z</time>
      </trkpt>
      <trkpt lat="43.460811" lon="6.759078">
        <ele>64.076753</ele>
        <time>2026-05-11T23:44:14.767Z</time>
      </trkpt>
      <trkpt lat="43.460532" lon="6.758360">
        <ele>62.181343</ele>
        <time>2026-05-11T23:44:20.424Z</time>
      </trkpt>
      <trkpt lat="43.460400" lon="6.758135">
        <ele>61.508036</ele>
        <time>2026-05-11T23:44:22.477Z</time>
      </trkpt>
      <trkpt lat="43.460197" lon="6.757959">
        <ele>60.738982</ele>
        <time>2026-05-11T23:44:24.889Z</time>
      </trkpt>
      <trkpt lat="43.459775" lon="6.757641">
        <ele>59.196715</ele>
        <time>2026-05-11T23:44:30.017Z</time>
      </trkpt>
      <trkpt lat="43.459138" lon="6.757253">
        <ele>58.091962</ele>
        <time>2026-05-11T23:44:38.503Z</time>
      </trkpt>
      <trkpt lat="43.459071" lon="6.757214">
        <ele>58.025004</ele>
        <time>2026-05-11T23:44:39.492Z</time>
      </trkpt>
      <trkpt lat="43.458691" lon="6.756994">
        <ele>57.645553</ele>
        <time>2026-05-11T23:44:45.195Z</time>
      </trkpt>
      <trkpt lat="43.458471" lon="6.756906">
        <ele>57.434664</ele>
        <time>2026-05-11T23:44:48.330Z</time>
      </trkpt>
      <trkpt lat="43.458335" lon="6.756888">
        <ele>57.308890</ele>
        <time>2026-05-11T23:44:50.122Z</time>
      </trkpt>
      <trkpt lat="43.457156" lon="6.757100">
        <ele>55.710396</ele>
        <time>2026-05-11T23:45:04.228Z</time>
      </trkpt>
      <trkpt lat="43.457062" lon="6.757119">
        <ele>55.557767</ele>
        <time>2026-05-11T23:45:05.332Z</time>
      </trkpt>
      <trkpt lat="43.456920" lon="6.757149">
        <ele>55.326975</ele>
        <time>2026-05-11T23:45:06.998Z</time>
      </trkpt>
      <trkpt lat="43.456862" lon="6.757161">
        <ele>55.232752</ele>
        <time>2026-05-11T23:45:07.677Z</time>
      </trkpt>
      <trkpt lat="43.456248" lon="6.757263">
        <ele>54.239207</ele>
        <time>2026-05-11T23:45:14.634Z</time>
      </trkpt>
      <trkpt lat="43.455836" lon="6.757230">
        <ele>53.147532</ele>
        <time>2026-05-11T23:45:19.099Z</time>
      </trkpt>
      <trkpt lat="43.454477" lon="6.756671">
        <ele>48.570244</ele>
        <time>2026-05-11T23:45:33.228Z</time>
      </trkpt>
      <trkpt lat="43.454289" lon="6.756624">
        <ele>47.971423</ele>
        <time>2026-05-11T23:45:35.085Z</time>
      </trkpt>
      <trkpt lat="43.452768" lon="6.756607">
        <ele>43.423104</ele>
        <time>2026-05-11T23:45:50.501Z</time>
      </trkpt>
      <trkpt lat="43.452655" lon="6.756604">
        <ele>43.085143</ele>
        <time>2026-05-11T23:45:51.732Z</time>
      </trkpt>
      <trkpt lat="43.452076" lon="6.756565">
        <ele>42.350223</ele>
        <time>2026-05-11T23:45:58.298Z</time>
      </trkpt>
      <trkpt lat="43.451920" lon="6.756531">
        <ele>42.199580</ele>
        <time>2026-05-11T23:46:00.221Z</time>
      </trkpt>
      <trkpt lat="43.451828" lon="6.756511">
        <ele>42.110745</ele>
        <time>2026-05-11T23:46:01.402Z</time>
      </trkpt>
      <trkpt lat="43.451788" lon="6.756540">
        <ele>42.067631</ele>
        <time>2026-05-11T23:46:01.962Z</time>
      </trkpt>
      <trkpt lat="43.451675" lon="6.756518">
        <ele>41.958781</ele>
        <time>2026-05-11T23:46:03.472Z</time>
      </trkpt>
      <trkpt lat="43.451370" lon="6.756308">
        <ele>41.633557</ele>
        <time>2026-05-11T23:46:08.083Z</time>
      </trkpt>
      <trkpt lat="43.450615" lon="6.755531">
        <ele>41.036813</ele>
        <time>2026-05-11T23:46:21.100Z</time>
      </trkpt>
      <trkpt lat="43.450373" lon="6.755199">
        <ele>40.978753</ele>
        <time>2026-05-11T23:46:25.572Z</time>
      </trkpt>
      <trkpt lat="43.450231" lon="6.755063">
        <ele>40.949353</ele>
        <time>2026-05-11T23:46:27.797Z</time>
      </trkpt>
      <trkpt lat="43.450155" lon="6.754964">
        <ele>40.931572</ele>
        <time>2026-05-11T23:46:29.142Z</time>
      </trkpt>
      <trkpt lat="43.450110" lon="6.754844">
        <ele>40.914904</ele>
        <time>2026-05-11T23:46:30.411Z</time>
      </trkpt>
      <trkpt lat="43.450030" lon="6.754821">
        <ele>40.901012</ele>
        <time>2026-05-11T23:46:31.492Z</time>
      </trkpt>
      <trkpt lat="43.449302" lon="6.754212">
        <ele>41.233819</ele>
        <time>2026-05-11T23:46:44.016Z</time>
      </trkpt>
      <trkpt lat="43.447608" lon="6.752533">
        <ele>45.064122</ele>
        <time>2026-05-11T23:47:34.061Z</time>
      </trkpt>
      <trkpt lat="43.447461" lon="6.752358">
        <ele>45.417356</ele>
        <time>2026-05-11T23:47:39.223Z</time>
      </trkpt>
      <trkpt lat="43.447428" lon="6.752327">
        <ele>45.489975</ele>
        <time>2026-05-11T23:47:40.227Z</time>
      </trkpt>
      <trkpt lat="43.447143" lon="6.752039">
        <ele>46.132597</ele>
        <time>2026-05-11T23:47:49.009Z</time>
      </trkpt>
      <trkpt lat="43.447056" lon="6.751954">
        <ele>46.326514</ele>
        <time>2026-05-11T23:47:51.525Z</time>
      </trkpt>
      <trkpt lat="43.446922" lon="6.751819">
        <ele>46.628340</ele>
        <time>2026-05-11T23:47:55.231Z</time>
      </trkpt>
      <trkpt lat="43.446512" lon="6.751428">
        <ele>47.155668</ele>
        <time>2026-05-11T23:48:05.409Z</time>
      </trkpt>
      <trkpt lat="43.445814" lon="6.750704">
        <ele>44.901141</ele>
        <time>2026-05-11T23:48:15.358Z</time>
      </trkpt>
      <trkpt lat="43.445631" lon="6.750513">
        <ele>44.308716</ele>
        <time>2026-05-11T23:48:17.576Z</time>
      </trkpt>
      <trkpt lat="43.445284" lon="6.750095">
        <ele>43.119284</ele>
        <time>2026-05-11T23:48:21.940Z</time>
      </trkpt>
      <trkpt lat="43.445034" lon="6.749783">
        <ele>42.021688</ele>
        <time>2026-05-11T23:48:25.158Z</time>
      </trkpt>
      <trkpt lat="43.444983" lon="6.749619">
        <ele>41.532070</ele>
        <time>2026-05-11T23:48:26.384Z</time>
      </trkpt>
      <trkpt lat="43.444977" lon="6.749492">
        <ele>41.182802</ele>
        <time>2026-05-11T23:48:27.265Z</time>
      </trkpt>
      <trkpt lat="43.444950" lon="6.749422">
        <ele>40.965272</ele>
        <time>2026-05-11T23:48:27.803Z</time>
      </trkpt>
      <trkpt lat="43.444829" lon="6.749332">
        <ele>40.445475</ele>
        <time>2026-05-11T23:48:29.090Z</time>
      </trkpt>
      <trkpt lat="43.444729" lon="6.749360">
        <ele>40.059754</ele>
        <time>2026-05-11T23:48:30.055Z</time>
      </trkpt>
      <trkpt lat="43.444646" lon="6.749497">
        <ele>39.570075</ele>
        <time>2026-05-11T23:48:31.292Z</time>
      </trkpt>
      <trkpt lat="43.444648" lon="6.749655">
        <ele>39.136402</ele>
        <time>2026-05-11T23:48:32.399Z</time>
      </trkpt>
      <trkpt lat="43.444721" lon="6.749777">
        <ele>38.702539</ele>
        <time>2026-05-11T23:48:33.521Z</time>
      </trkpt>
      <trkpt lat="43.444618" lon="6.749947">
        <ele>38.094891</ele>
        <time>2026-05-11T23:48:35.127Z</time>
      </trkpt>
      <trkpt lat="43.444542" lon="6.749992">
        <ele>37.782199</ele>
        <time>2026-05-11T23:48:35.973Z</time>
      </trkpt>
      <trkpt lat="43.443859" lon="6.750075">
        <ele>35.576912</ele>
        <time>2026-05-11T23:48:43.436Z</time>
      </trkpt>
      <trkpt lat="43.443593" lon="6.750185">
        <ele>35.069317</ele>
        <time>2026-05-11T23:48:46.407Z</time>
      </trkpt>
      <trkpt lat="43.443255" lon="6.750402">
        <ele>34.387755</ele>
        <time>2026-05-11T23:48:50.319Z</time>
      </trkpt>
      <trkpt lat="43.443083" lon="6.750555">
        <ele>34.013536</ele>
        <time>2026-05-11T23:48:52.541Z</time>
      </trkpt>
      <trkpt lat="43.442960" lon="6.750757">
        <ele>33.663699</ele>
        <time>2026-05-11T23:48:54.702Z</time>
      </trkpt>
      <trkpt lat="43.442842" lon="6.751029">
        <ele>33.243238</ele>
        <time>2026-05-11T23:48:57.432Z</time>
      </trkpt>
      <trkpt lat="43.442689" lon="6.751603">
        <ele>32.512873</ele>
        <time>2026-05-11T23:49:03.073Z</time>
      </trkpt>
      <trkpt lat="43.442651" lon="6.751996">
        <ele>32.180957</ele>
        <time>2026-05-11T23:49:06.853Z</time>
      </trkpt>
      <trkpt lat="43.442676" lon="6.752129">
        <ele>32.065941</ele>
        <time>2026-05-11T23:49:08.082Z</time>
      </trkpt>
      <trkpt lat="43.442686" lon="6.752235">
        <ele>31.976455</ele>
        <time>2026-05-11T23:49:09.036Z</time>
      </trkpt>
      <trkpt lat="43.442883" lon="6.752577">
        <ele>31.610979</ele>
        <time>2026-05-11T23:49:13.077Z</time>
      </trkpt>
      <trkpt lat="43.442949" lon="6.752679">
        <ele>31.496598</ele>
        <time>2026-05-11T23:49:14.354Z</time>
      </trkpt>
      <trkpt lat="43.443139" lon="6.752968">
        <ele>31.170207</ele>
        <time>2026-05-11T23:49:17.918Z</time>
      </trkpt>
      <trkpt lat="43.443192" lon="6.753048">
        <ele>31.079542</ele>
        <time>2026-05-11T23:49:18.873Z</time>
      </trkpt>
      <trkpt lat="43.443224" lon="6.753116">
        <ele>31.011703</ele>
        <time>2026-05-11T23:49:19.585Z</time>
      </trkpt>
      <trkpt lat="43.443225" lon="6.753238">
        <ele>30.909562</ele>
        <time>2026-05-11T23:49:20.620Z</time>
      </trkpt>
      <trkpt lat="43.443211" lon="6.753291">
        <ele>30.862347</ele>
        <time>2026-05-11T23:49:21.079Z</time>
      </trkpt>
      <trkpt lat="43.443110" lon="6.753343">
        <ele>30.738019</ele>
        <time>2026-05-11T23:49:22.819Z</time>
      </trkpt>
      <trkpt lat="43.443081" lon="6.753352">
        <ele>30.703743</ele>
        <time>2026-05-11T23:49:23.273Z</time>
      </trkpt>
      <trkpt lat="43.443060" lon="6.753264">
        <ele>30.626194</ele>
        <time>2026-05-11T23:49:24.034Z</time>
      </trkpt>
      <trkpt lat="43.442542" lon="6.753379">
        <ele>29.169157</ele>
        <time>2026-05-11T23:49:29.544Z</time>
      </trkpt>
      <trkpt lat="43.442320" lon="6.753390">
        <ele>28.520670</ele>
        <time>2026-05-11T23:49:31.842Z</time>
      </trkpt>
      <trkpt lat="43.442321" lon="6.753438">
        <ele>28.418890</ele>
        <time>2026-05-11T23:49:32.361Z</time>
      </trkpt>
      <trkpt lat="43.442119" lon="6.753436">
        <ele>27.829191</ele>
        <time>2026-05-11T23:49:35.376Z</time>
      </trkpt>
      <trkpt lat="43.441954" lon="6.753416">
        <ele>27.345658</ele>
        <time>2026-05-11T23:49:37.886Z</time>
      </trkpt>
      <trkpt lat="43.441872" lon="6.753438">
        <ele>27.101782</ele>
        <time>2026-05-11T23:49:39.103Z</time>
      </trkpt>
      <trkpt lat="43.441665" lon="6.753552">
        <ele>26.450983</ele>
        <time>2026-05-11T23:49:42.346Z</time>
      </trkpt>
      <trkpt lat="43.441555" lon="6.753672">
        <ele>26.041339</ele>
        <time>2026-05-11T23:49:44.360Z</time>
      </trkpt>
      <trkpt lat="43.441287" lon="6.754118">
        <ele>24.557547</ele>
        <time>2026-05-11T23:49:50.268Z</time>
      </trkpt>
      <trkpt lat="43.441190" lon="6.754350">
        <ele>23.705907</ele>
        <time>2026-05-11T23:49:53.004Z</time>
      </trkpt>
      <trkpt lat="43.440917" lon="6.755216">
        <ele>20.702581</ele>
        <time>2026-05-11T23:50:02.546Z</time>
      </trkpt>
      <trkpt lat="43.440827" lon="6.755388">
        <ele>20.028143</ele>
        <time>2026-05-11T23:50:04.008Z</time>
      </trkpt>
      <trkpt lat="43.440270" lon="6.756202">
        <ele>16.422218</ele>
        <time>2026-05-11T23:50:11.687Z</time>
      </trkpt>
      <trkpt lat="43.440242" lon="6.756164">
        <ele>16.241573</ele>
        <time>2026-05-11T23:50:12.059Z</time>
      </trkpt>
      <trkpt lat="43.440086" lon="6.756409">
        <ele>15.154283</ele>
        <time>2026-05-11T23:50:14.296Z</time>
      </trkpt>
      <trkpt lat="43.439971" lon="6.756530">
        <ele>14.489238</ele>
        <time>2026-05-11T23:50:15.662Z</time>
      </trkpt>
      <trkpt lat="43.439867" lon="6.756545">
        <ele>14.008704</ele>
        <time>2026-05-11T23:50:16.637Z</time>
      </trkpt>
      <trkpt lat="43.439766" lon="6.756496">
        <ele>13.516615</ele>
        <time>2026-05-11T23:50:17.650Z</time>
      </trkpt>
      <trkpt lat="43.439328" lon="6.756249">
        <ele>11.341637</ele>
        <time>2026-05-11T23:50:22.134Z</time>
      </trkpt>
      <trkpt lat="43.438943" lon="6.756031">
        <ele>9.428715</ele>
        <time>2026-05-11T23:50:26.113Z</time>
      </trkpt>
      <trkpt lat="43.438859" lon="6.755984">
        <ele>9.104971</ele>
        <time>2026-05-11T23:50:26.999Z</time>
      </trkpt>
      <trkpt lat="43.438799" lon="6.755950">
        <ele>8.970744</ele>
        <time>2026-05-11T23:50:27.634Z</time>
      </trkpt>
      <trkpt lat="43.438153" lon="6.755570">
        <ele>7.517472</ele>
        <time>2026-05-11T23:50:34.997Z</time>
      </trkpt>
      <trkpt lat="43.438006" lon="6.755437">
        <ele>7.153595</ele>
        <time>2026-05-11T23:50:36.985Z</time>
      </trkpt>
      <trkpt lat="43.437967" lon="6.755367">
        <ele>7.021052</ele>
        <time>2026-05-11T23:50:37.722Z</time>
      </trkpt>
      <trkpt lat="43.437931" lon="6.755077">
        <ele>6.579088</ele>
        <time>2026-05-11T23:50:40.300Z</time>
      </trkpt>
      <trkpt lat="43.437840" lon="6.754869">
        <ele>6.214292</ele>
        <time>2026-05-11T23:50:42.451Z</time>
      </trkpt>
      <trkpt lat="43.437825" lon="6.754773">
        <ele>6.066777</ele>
        <time>2026-05-11T23:50:43.311Z</time>
      </trkpt>
      <trkpt lat="43.437791" lon="6.754757">
        <ele>5.992444</ele>
        <time>2026-05-11T23:50:43.760Z</time>
      </trkpt>
      <trkpt lat="43.437720" lon="6.754740">
        <ele>5.843353</ele>
        <time>2026-05-11T23:50:44.651Z</time>
      </trkpt>
      <trkpt lat="43.437700" lon="6.754734">
        <ele>5.801006</ele>
        <time>2026-05-11T23:50:44.900Z</time>
      </trkpt>
      <trkpt lat="43.437531" lon="6.754705">
        <ele>5.454569</ele>
        <time>2026-05-11T23:50:47.014Z</time>
      </trkpt>
      <trkpt lat="43.437470" lon="6.754801">
        <ele>5.363107</ele>
        <time>2026-05-11T23:50:48.193Z</time>
      </trkpt>
      <trkpt lat="43.436877" lon="6.754289">
        <ele>4.672022</ele>
        <time>2026-05-11T23:50:57.018Z</time>
      </trkpt>
      <trkpt lat="43.436688" lon="6.754175">
        <ele>4.468289</ele>
        <time>2026-05-11T23:50:59.432Z</time>
      </trkpt>
      <trkpt lat="43.435988" lon="6.754017">
        <ele>3.767889</ele>
        <time>2026-05-11T23:51:07.979Z</time>
      </trkpt>
      <trkpt lat="43.435919" lon="6.753969">
        <ele>3.691560</ele>
        <time>2026-05-11T23:51:08.931Z</time>
      </trkpt>
      <trkpt lat="43.435876" lon="6.753889">
        <ele>3.640300</ele>
        <time>2026-05-11T23:51:09.824Z</time>
      </trkpt>
      <trkpt lat="43.435832" lon="6.753891">
        <ele>3.610532</ele>
        <time>2026-05-11T23:51:10.371Z</time>
      </trkpt>
      <trkpt lat="43.435800" lon="6.753893">
        <ele>3.588872</ele>
        <time>2026-05-11T23:51:10.771Z</time>
      </trkpt>
      <trkpt lat="43.435791" lon="6.753908">
        <ele>3.579318</ele>
        <time>2026-05-11T23:51:10.947Z</time>
      </trkpt>
      <trkpt lat="43.435735" lon="6.753974">
        <ele>3.529479</ele>
        <time>2026-05-11T23:51:11.869Z</time>
      </trkpt>
      <trkpt lat="43.435055" lon="6.753981">
        <ele>3.069666</ele>
        <time>2026-05-11T23:51:20.495Z</time>
      </trkpt>
      <trkpt lat="43.434911" lon="6.753952">
        <ele>2.971260</ele>
        <time>2026-05-11T23:51:22.394Z</time>
      </trkpt>
      <trkpt lat="43.434795" lon="6.753795">
        <ele>2.861283</ele>
        <time>2026-05-11T23:51:24.524Z</time>
      </trkpt>
      <trkpt lat="43.434751" lon="6.753812">
        <ele>2.830383</ele>
        <time>2026-05-11T23:51:25.112Z</time>
      </trkpt>
      <trkpt lat="43.434709" lon="6.753826">
        <ele>2.801163</ele>
        <time>2026-05-11T23:51:25.688Z</time>
      </trkpt>
      <trkpt lat="43.434644" lon="6.753966">
        <ele>2.719572</ele>
        <time>2026-05-11T23:51:27.256Z</time>
      </trkpt>
      <trkpt lat="43.434384" lon="6.753982">
        <ele>2.543590</ele>
        <time>2026-05-11T23:51:30.680Z</time>
      </trkpt>
      <trkpt lat="43.434098" lon="6.754045">
        <ele>2.430159</ele>
        <time>2026-05-11T23:51:34.526Z</time>
      </trkpt>
      <trkpt lat="43.432803" lon="6.754447">
        <ele>2.148835</ele>
        <time>2026-05-11T23:51:53.347Z</time>
      </trkpt>
      <trkpt lat="43.432732" lon="6.754454">
        <ele>2.133750</ele>
        <time>2026-05-11T23:51:54.389Z</time>
      </trkpt>
      <trkpt lat="43.432685" lon="6.754383">
        <ele>2.118965</ele>
        <time>2026-05-11T23:51:55.409Z</time>
      </trkpt>
      <trkpt lat="43.432619" lon="6.754385">
        <ele>2.104975</ele>
        <time>2026-05-11T23:51:56.374Z</time>
      </trkpt>
      <trkpt lat="43.432591" lon="6.754386">
        <ele>2.099039</ele>
        <time>2026-05-11T23:51:56.790Z</time>
      </trkpt>
      <trkpt lat="43.432569" lon="6.754403">
        <ele>2.093693</ele>
        <time>2026-05-11T23:51:57.154Z</time>
      </trkpt>
      <trkpt lat="43.432549" lon="6.754496">
        <ele>2.089891</ele>
        <time>2026-05-11T23:51:58.179Z</time>
      </trkpt>
      <trkpt lat="43.432285" lon="6.754494">
        <ele>2.113309</ele>
        <time>2026-05-11T23:52:01.981Z</time>
      </trkpt>
      <trkpt lat="43.432130" lon="6.754458">
        <ele>2.127252</ele>
        <time>2026-05-11T23:52:04.223Z</time>
      </trkpt>
      <trkpt lat="43.431756" lon="6.754306">
        <ele>2.161842</ele>
        <time>2026-05-11T23:52:09.914Z</time>
      </trkpt>
      <trkpt lat="43.431242" lon="6.754152">
        <ele>2.208502</ele>
        <time>2026-05-11T23:52:18.089Z</time>
      </trkpt>
      <trkpt lat="43.431191" lon="6.753996">
        <ele>2.219523</ele>
        <time>2026-05-11T23:52:20.047Z</time>
      </trkpt>
      <trkpt lat="43.431170" lon="6.753988">
        <ele>2.221455</ele>
        <time>2026-05-11T23:52:20.399Z</time>
      </trkpt>
      <trkpt lat="43.431131" lon="6.753974">
        <ele>2.225030</ele>
        <time>2026-05-11T23:52:21.046Z</time>
      </trkpt>
      <trkpt lat="43.431117" lon="6.753969">
        <ele>2.226313</ele>
        <time>2026-05-11T23:52:21.277Z</time>
      </trkpt>
      <trkpt lat="43.431074" lon="6.753953">
        <ele>2.230264</ele>
        <time>2026-05-11T23:52:21.980Z</time>
      </trkpt>
      <trkpt lat="43.431047" lon="6.754055">
        <ele>2.237258</ele>
        <time>2026-05-11T23:52:23.262Z</time>
      </trkpt>
      <trkpt lat="43.431028" lon="6.754126">
        <ele>2.242132</ele>
        <time>2026-05-11T23:52:24.159Z</time>
      </trkpt>
      <trkpt lat="43.431014" lon="6.754184">
        <ele>2.246069</ele>
        <time>2026-05-11T23:52:24.885Z</time>
      </trkpt>
      <trkpt lat="43.430844" lon="6.754875">
        <ele>2.314530</ele>
        <time>2026-05-11T23:52:33.537Z</time>
      </trkpt>
      <trkpt lat="43.430829" lon="6.754933">
        <ele>2.320311</ele>
        <time>2026-05-11T23:52:34.264Z</time>
      </trkpt>
      <trkpt lat="43.430823" lon="6.754959">
        <ele>2.322872</ele>
        <time>2026-05-11T23:52:34.589Z</time>
      </trkpt>
      <trkpt lat="43.430669" lon="6.755575">
        <ele>2.384040</ele>
        <time>2026-05-11T23:52:42.257Z</time>
      </trkpt>
      <trkpt lat="43.430663" lon="6.755597">
        <ele>2.386246</ele>
        <time>2026-05-11T23:52:42.535Z</time>
      </trkpt>
      <trkpt lat="43.430659" lon="6.755615">
        <ele>2.388014</ele>
        <time>2026-05-11T23:52:42.744Z</time>
      </trkpt>
      <trkpt lat="43.430467" lon="6.756380">
        <ele>2.464008</ele>
        <time>2026-05-11T23:52:51.403Z</time>
      </trkpt>
      <trkpt lat="43.430458" lon="6.756415">
        <ele>2.467494</ele>
        <time>2026-05-11T23:52:51.775Z</time>
      </trkpt>
      <trkpt lat="43.430450" lon="6.756446">
        <ele>2.470583</ele>
        <time>2026-05-11T23:52:52.094Z</time>
      </trkpt>
      <trkpt lat="43.430024" lon="6.758123">
        <ele>2.275313</ele>
        <time>2026-05-11T23:53:09.313Z</time>
      </trkpt>
      <trkpt lat="43.429904" lon="6.758319">
        <ele>2.244464</ele>
        <time>2026-05-11T23:53:12.100Z</time>
      </trkpt>
      <trkpt lat="43.429935" lon="6.758528">
        <ele>2.218795</ele>
        <time>2026-05-11T23:53:14.496Z</time>
      </trkpt>
      <trkpt lat="43.429887" lon="6.758712">
        <ele>2.195269</ele>
        <time>2026-05-11T23:53:16.733Z</time>
      </trkpt>
      <trkpt lat="43.429925" lon="6.758736">
        <ele>2.188342</ele>
        <time>2026-05-11T23:53:17.415Z</time>
      </trkpt>
      <trkpt lat="43.429806" lon="6.759203">
        <ele>2.336850</ele>
        <time>2026-05-11T23:53:23.340Z</time>
      </trkpt>
      <trkpt lat="43.429697" lon="6.759584">
        <ele>2.485198</ele>
        <time>2026-05-11T23:53:28.430Z</time>
      </trkpt>
      <trkpt lat="43.429415" lon="6.760460">
        <ele>2.832328</ele>
        <time>2026-05-11T23:53:40.649Z</time>
      </trkpt>
      <trkpt lat="43.429354" lon="6.760711">
        <ele>2.928214</ele>
        <time>2026-05-11T23:53:43.909Z</time>
      </trkpt>
      <trkpt lat="43.429164" lon="6.761685">
        <ele>3.167813</ele>
        <time>2026-05-11T23:53:55.981Z</time>
      </trkpt>
      <trkpt lat="43.429096" lon="6.761932">
        <ele>3.207706</ele>
        <time>2026-05-11T23:53:58.995Z</time>
      </trkpt>
      <trkpt lat="43.428997" lon="6.762530">
        <ele>3.300334</ele>
        <time>2026-05-11T23:54:05.424Z</time>
      </trkpt>
      <trkpt lat="43.428910" lon="6.762869">
        <ele>3.354634</ele>
        <time>2026-05-11T23:54:09.095Z</time>
      </trkpt>
      <trkpt lat="43.428827" lon="6.763029">
        <ele>3.384329</ele>
        <time>2026-05-11T23:54:11.252Z</time>
      </trkpt>
      <trkpt lat="43.428768" lon="6.763093">
        <ele>3.399948</ele>
        <time>2026-05-11T23:54:12.444Z</time>
      </trkpt>
      <trkpt lat="43.428785" lon="6.763186">
        <ele>3.414431</ele>
        <time>2026-05-11T23:54:13.539Z</time>
      </trkpt>
      <trkpt lat="43.428768" lon="6.763403">
        <ele>3.447393</ele>
        <time>2026-05-11T23:54:16.109Z</time>
      </trkpt>
      <trkpt lat="43.428730" lon="6.763589">
        <ele>3.557057</ele>
        <time>2026-05-11T23:54:18.450Z</time>
      </trkpt>
      <trkpt lat="43.428720" lon="6.763637">
        <ele>3.589241</ele>
        <time>2026-05-11T23:54:19.079Z</time>
      </trkpt>
      <trkpt lat="43.428695" lon="6.763744">
        <ele>3.661685</ele>
        <time>2026-05-11T23:54:20.488Z</time>
      </trkpt>
      <trkpt lat="43.428673" lon="6.763906">
        <ele>3.767906</ele>
        <time>2026-05-11T23:54:22.640Z</time>
      </trkpt>
      <trkpt lat="43.428663" lon="6.763924">
        <ele>3.782512</ele>
        <time>2026-05-11T23:54:22.965Z</time>
      </trkpt>
      <trkpt lat="43.428601" lon="6.764115">
        <ele>3.917351</ele>
        <time>2026-05-11T23:54:25.708Z</time>
      </trkpt>
      <trkpt lat="43.428583" lon="6.764181">
        <ele>3.962790</ele>
        <time>2026-05-11T23:54:26.596Z</time>
      </trkpt>
      <trkpt lat="43.428501" lon="6.764495">
        <ele>4.177853</ele>
        <time>2026-05-11T23:54:30.865Z</time>
      </trkpt>
      <trkpt lat="43.428313" lon="6.765212">
        <ele>4.669166</ele>
        <time>2026-05-11T23:54:40.972Z</time>
      </trkpt>
      <trkpt lat="43.428281" lon="6.765324">
        <ele>4.746737</ele>
        <time>2026-05-11T23:54:42.765Z</time>
      </trkpt>
      <trkpt lat="43.428160" lon="6.765693">
        <ele>5.007683</ele>
        <time>2026-05-11T23:54:49.105Z</time>
      </trkpt>
      <trkpt lat="43.427915" lon="6.766164">
        <ele>5.404867</ele>
        <time>2026-05-11T23:54:57.933Z</time>
      </trkpt>
      <trkpt lat="43.427714" lon="6.766520">
        <ele>5.716262</ele>
        <time>2026-05-11T23:55:04.120Z</time>
      </trkpt>
      <trkpt lat="43.427381" lon="6.767080">
        <ele>6.216075</ele>
        <time>2026-05-11T23:55:12.763Z</time>
      </trkpt>
      <trkpt lat="43.427351" lon="6.767128">
        <ele>6.259807</ele>
        <time>2026-05-11T23:55:13.489Z</time>
      </trkpt>
      <trkpt lat="43.426882" lon="6.767879">
        <ele>6.887019</ele>
        <time>2026-05-11T23:55:27.077Z</time>
      </trkpt>
      <trkpt lat="43.426738" lon="6.768047">
        <ele>7.011500</ele>
        <time>2026-05-11T23:55:30.821Z</time>
      </trkpt>
      <trkpt lat="43.426689" lon="6.768172">
        <ele>7.079539</ele>
        <time>2026-05-11T23:55:32.799Z</time>
      </trkpt>
      <trkpt lat="43.426568" lon="6.768374">
        <ele>7.204960</ele>
        <time>2026-05-11T23:55:36.243Z</time>
      </trkpt>
      <trkpt lat="43.426379" lon="6.768619">
        <ele>7.376161</ele>
        <time>2026-05-11T23:55:40.708Z</time>
      </trkpt>
      <trkpt lat="43.426257" lon="6.768741">
        <ele>7.475606</ele>
        <time>2026-05-11T23:55:43.166Z</time>
      </trkpt>
      <trkpt lat="43.426077" lon="6.768821">
        <ele>7.600354</ele>
        <time>2026-05-11T23:55:46.122Z</time>
      </trkpt>
      <trkpt lat="43.425829" lon="6.768731">
        <ele>7.769505</ele>
        <time>2026-05-11T23:55:50.035Z</time>
      </trkpt>
      <trkpt lat="43.425573" lon="6.768658">
        <ele>7.941929</ele>
        <time>2026-05-11T23:55:54.674Z</time>
      </trkpt>
      <trkpt lat="43.425522" lon="6.768557">
        <ele>8.025946</ele>
        <time>2026-05-11T23:55:56.328Z</time>
      </trkpt>
      <trkpt lat="43.425314" lon="6.768330">
        <ele>8.279287</ele>
        <time>2026-05-11T23:56:00.971Z</time>
      </trkpt>
      <trkpt lat="43.425080" lon="6.768074">
        <ele>8.564566</ele>
        <time>2026-05-11T23:56:05.762Z</time>
      </trkpt>
      <trkpt lat="43.424945" lon="6.767987">
        <ele>8.706842</ele>
        <time>2026-05-11T23:56:08.109Z</time>
      </trkpt>
      <trkpt lat="43.424899" lon="6.768148">
        <ele>8.826780</ele>
        <time>2026-05-11T23:56:10.193Z</time>
      </trkpt>
      <trkpt lat="43.424861" lon="6.768228">
        <ele>8.893048</ele>
        <time>2026-05-11T23:56:11.399Z</time>
      </trkpt>
      <trkpt lat="43.425041" lon="6.768730">
        <ele>9.281158</ele>
        <time>2026-05-11T23:56:18.905Z</time>
      </trkpt>
      <trkpt lat="43.425060" lon="6.768866">
        <ele>9.377168</ele>
        <time>2026-05-11T23:56:21.030Z</time>
      </trkpt>
      <trkpt lat="43.425070" lon="6.769010">
        <ele>9.477450</ele>
        <time>2026-05-11T23:56:23.363Z</time>
      </trkpt>
      <trkpt lat="43.425045" lon="6.769210">
        <ele>9.618137</ele>
        <time>2026-05-11T23:56:26.801Z</time>
      </trkpt>
      <trkpt lat="43.424957" lon="6.769805">
        <ele>10.685151</ele>
        <time>2026-05-11T23:56:37.522Z</time>
      </trkpt>
      <trkpt lat="43.424914" lon="6.770117">
        <ele>11.282085</ele>
        <time>2026-05-11T23:56:42.572Z</time>
      </trkpt>
      <trkpt lat="43.424852" lon="6.770358">
        <ele>11.762674</ele>
        <time>2026-05-11T23:56:46.682Z</time>
      </trkpt>
      <trkpt lat="43.424815" lon="6.770525">
        <ele>12.090867</ele>
        <time>2026-05-11T23:56:49.752Z</time>
      </trkpt>
      <trkpt lat="43.424542" lon="6.771085">
        <ele>13.358651</ele>
        <time>2026-05-11T23:57:02.675Z</time>
      </trkpt>
      <trkpt lat="43.424488" lon="6.771201">
        <ele>13.617644</ele>
        <time>2026-05-11T23:57:05.494Z</time>
      </trkpt>
      <trkpt lat="43.424375" lon="6.771451">
        <ele>14.171149</ele>
        <time>2026-05-11T23:57:11.578Z</time>
      </trkpt>
      <trkpt lat="43.424178" lon="6.771852">
        <ele>15.412359</ele>
        <time>2026-05-11T23:57:22.136Z</time>
      </trkpt>
      <trkpt lat="43.423950" lon="6.772332">
        <ele>16.957554</ele>
        <time>2026-05-11T23:57:34.535Z</time>
      </trkpt>
      <trkpt lat="43.423798" lon="6.772958">
        <ele>18.735840</ele>
        <time>2026-05-11T23:57:49.413Z</time>
      </trkpt>
      <trkpt lat="43.423637" lon="6.773736">
        <ele>20.915308</ele>
        <time>2026-05-11T23:58:06.923Z</time>
      </trkpt>
      <trkpt lat="43.423443" lon="6.774217">
        <ele>22.304324</ele>
        <time>2026-05-11T23:58:18.264Z</time>
      </trkpt>
      <trkpt lat="43.423145" lon="6.774773">
        <ele>24.042738</ele>
        <time>2026-05-11T23:58:32.380Z</time>
      </trkpt>
      <trkpt lat="43.422980" lon="6.775286">
        <ele>25.454231</ele>
        <time>2026-05-11T23:58:44.191Z</time>
      </trkpt>
      <trkpt lat="43.422953" lon="6.775410">
        <ele>25.779908</ele>
        <time>2026-05-11T23:58:46.956Z</time>
      </trkpt>
      <trkpt lat="43.422733" lon="6.776506">
        <ele>28.455632</ele>
        <time>2026-05-11T23:59:10.685Z</time>
      </trkpt>
      <trkpt lat="43.422576" lon="6.777281">
        <ele>30.216442</ele>
        <time>2026-05-11T23:59:26.401Z</time>
      </trkpt>
      <trkpt lat="43.422402" lon="6.778141">
        <ele>32.170202</ele>
        <time>2026-05-11T23:59:43.169Z</time>
      </trkpt>
      <trkpt lat="43.422329" lon="6.778504">
        <ele>32.928900</ele>
        <time>2026-05-11T23:59:50.271Z</time>
      </trkpt>
      <trkpt lat="43.421997" lon="6.780178">
        <ele>36.026436</ele>
        <time>2026-05-12T00:00:22.515Z</time>
      </trkpt>
      <trkpt lat="43.421689" lon="6.781707">
        <ele>37.780372</ele>
        <time>2026-05-12T00:00:47.836Z</time>
      </trkpt>
      <trkpt lat="43.421597" lon="6.782366">
        <ele>38.260459</ele>
        <time>2026-05-12T00:00:56.038Z</time>
      </trkpt>
      <trkpt lat="43.421568" lon="6.782473">
        <ele>38.342165</ele>
        <time>2026-05-12T00:00:57.378Z</time>
      </trkpt>
      <trkpt lat="43.421519" lon="6.782575">
        <ele>38.429654</ele>
        <time>2026-05-12T00:00:58.842Z</time>
      </trkpt>
      <trkpt lat="43.421316" lon="6.783045">
        <ele>38.820860</ele>
        <time>2026-05-12T00:01:05.236Z</time>
      </trkpt>
      <trkpt lat="43.421173" lon="6.783719">
        <ele>39.397095</ele>
        <time>2026-05-12T00:01:13.047Z</time>
      </trkpt>
      <trkpt lat="43.420920" lon="6.784071">
        <ele>39.804540</ele>
        <time>2026-05-12T00:01:19.127Z</time>
      </trkpt>
      <trkpt lat="43.420474" lon="6.784563">
        <ele>40.451930</ele>
        <time>2026-05-12T00:01:31.086Z</time>
      </trkpt>
      <trkpt lat="43.420409" lon="6.784780">
        <ele>40.645058</ele>
        <time>2026-05-12T00:01:35.039Z</time>
      </trkpt>
      <trkpt lat="43.420341" lon="6.785875">
        <ele>42.242428</ele>
        <time>2026-05-12T00:01:53.893Z</time>
      </trkpt>
      <trkpt lat="43.420420" lon="6.786690">
        <ele>43.607423</ele>
        <time>2026-05-12T00:02:09.652Z</time>
      </trkpt>
      <trkpt lat="43.420413" lon="6.786851">
        <ele>43.875181</ele>
        <time>2026-05-12T00:02:12.626Z</time>
      </trkpt>
      <trkpt lat="43.420348" lon="6.786866">
        <ele>44.025819</ele>
        <time>2026-05-12T00:02:14.288Z</time>
      </trkpt>
      <trkpt lat="43.420312" lon="6.786939">
        <ele>44.172302</ele>
        <time>2026-05-12T00:02:15.849Z</time>
      </trkpt>
      <trkpt lat="43.420363" lon="6.787126">
        <ele>44.503909</ele>
        <time>2026-05-12T00:02:19.434Z</time>
      </trkpt>
      <trkpt lat="43.420393" lon="6.787159">
        <ele>44.591675</ele>
        <time>2026-05-12T00:02:20.411Z</time>
      </trkpt>
      <trkpt lat="43.420300" lon="6.787391">
        <ele>44.962517</ele>
        <time>2026-05-12T00:02:24.940Z</time>
      </trkpt>
      <trkpt lat="43.420200" lon="6.787659">
        <ele>44.802790</ele>
        <time>2026-05-12T00:02:29.662Z</time>
      </trkpt>
      <trkpt lat="43.419896" lon="6.788468">
        <ele>44.319915</ele>
        <time>2026-05-12T00:02:41.141Z</time>
      </trkpt>
      <trkpt lat="43.419859" lon="6.788633">
        <ele>44.228369</ele>
        <time>2026-05-12T00:02:42.688Z</time>
      </trkpt>
      <trkpt lat="43.419852" lon="6.788742">
        <ele>44.170359</ele>
        <time>2026-05-12T00:02:43.619Z</time>
      </trkpt>
      <trkpt lat="43.419848" lon="6.788856">
        <ele>44.109853</ele>
        <time>2026-05-12T00:02:44.547Z</time>
      </trkpt>
      <trkpt lat="43.419849" lon="6.789292">
        <ele>43.878713</ele>
        <time>2026-05-12T00:02:47.890Z</time>
      </trkpt>
      <trkpt lat="43.419850" lon="6.789398">
        <ele>43.822513</ele>
        <time>2026-05-12T00:02:48.676Z</time>
      </trkpt>
      <trkpt lat="43.419839" lon="6.790150">
        <ele>42.482927</ele>
        <time>2026-05-12T00:02:54.056Z</time>
      </trkpt>
      <trkpt lat="43.419735" lon="6.791122">
        <ele>39.942764</ele>
        <time>2026-05-12T00:03:00.929Z</time>
      </trkpt>
      <trkpt lat="43.419508" lon="6.791983">
        <ele>37.574588</ele>
        <time>2026-05-12T00:03:07.569Z</time>
      </trkpt>
      <trkpt lat="43.419401" lon="6.792302">
        <ele>36.947489</ele>
        <time>2026-05-12T00:03:10.263Z</time>
      </trkpt>
      <trkpt lat="43.419323" lon="6.792611">
        <ele>36.499676</ele>
        <time>2026-05-12T00:03:12.884Z</time>
      </trkpt>
      <trkpt lat="43.419331" lon="6.792848">
        <ele>36.174892</ele>
        <time>2026-05-12T00:03:14.835Z</time>
      </trkpt>
      <trkpt lat="43.419477" lon="6.793609">
        <ele>35.097417</ele>
        <time>2026-05-12T00:03:21.224Z</time>
      </trkpt>
      <trkpt lat="43.419464" lon="6.794054">
        <ele>34.487757</ele>
        <time>2026-05-12T00:03:24.860Z</time>
      </trkpt>
      <trkpt lat="43.419436" lon="6.794292">
        <ele>34.157709</ele>
        <time>2026-05-12T00:03:26.903Z</time>
      </trkpt>
      <trkpt lat="43.419375" lon="6.795109">
        <ele>33.471288</ele>
        <time>2026-05-12T00:03:34.000Z</time>
      </trkpt>
      <trkpt lat="43.419308" lon="6.795362">
        <ele>33.294627</ele>
        <time>2026-05-12T00:03:36.366Z</time>
      </trkpt>
      <trkpt lat="43.419242" lon="6.795460">
        <ele>33.206954</ele>
        <time>2026-05-12T00:03:37.536Z</time>
      </trkpt>
      <trkpt lat="43.419242" lon="6.795551">
        <ele>33.147256</ele>
        <time>2026-05-12T00:03:38.342Z</time>
      </trkpt>
      <trkpt lat="43.419280" lon="6.795625">
        <ele>33.087804</ele>
        <time>2026-05-12T00:03:39.139Z</time>
      </trkpt>
      <trkpt lat="43.419326" lon="6.795653">
        <ele>33.042378</ele>
        <time>2026-05-12T00:03:39.770Z</time>
      </trkpt>
      <trkpt lat="43.419411" lon="6.795802">
        <ele>32.918087</ele>
        <time>2026-05-12T00:03:41.445Z</time>
      </trkpt>
      <trkpt lat="43.419748" lon="6.797229">
        <ele>31.816056</ele>
        <time>2026-05-12T00:03:56.154Z</time>
      </trkpt>
      <trkpt lat="43.419736" lon="6.797349">
        <ele>31.707006</ele>
        <time>2026-05-12T00:03:57.325Z</time>
      </trkpt>
      <trkpt lat="43.419426" lon="6.798637">
        <ele>30.485468</ele>
        <time>2026-05-12T00:04:08.734Z</time>
      </trkpt>
      <trkpt lat="43.419288" lon="6.799278">
        <ele>29.806721</ele>
        <time>2026-05-12T00:04:14.215Z</time>
      </trkpt>
      <trkpt lat="43.419234" lon="6.799528">
        <ele>29.440001</ele>
        <time>2026-05-12T00:04:16.405Z</time>
      </trkpt>
      <trkpt lat="43.419191" lon="6.799794">
        <ele>29.056847</ele>
        <time>2026-05-12T00:04:18.591Z</time>
      </trkpt>
      <trkpt lat="43.419197" lon="6.799931">
        <ele>28.863872</ele>
        <time>2026-05-12T00:04:19.671Z</time>
      </trkpt>
      <trkpt lat="43.419236" lon="6.800082">
        <ele>28.638539</ele>
        <time>2026-05-12T00:04:20.901Z</time>
      </trkpt>
      <trkpt lat="43.419587" lon="6.800823">
        <ele>27.394702</ele>
        <time>2026-05-12T00:04:27.739Z</time>
      </trkpt>
      <trkpt lat="43.419668" lon="6.801011">
        <ele>27.087365</ele>
        <time>2026-05-12T00:04:29.507Z</time>
      </trkpt>
      <trkpt lat="43.419698" lon="6.801226">
        <ele>26.779544</ele>
        <time>2026-05-12T00:04:31.349Z</time>
      </trkpt>
      <trkpt lat="43.419683" lon="6.801467">
        <ele>26.450496</ele>
        <time>2026-05-12T00:04:33.412Z</time>
      </trkpt>
      <trkpt lat="43.419575" lon="6.802403">
        <ele>25.266285</ele>
        <time>2026-05-12T00:04:41.305Z</time>
      </trkpt>
      <trkpt lat="43.419565" lon="6.802484">
        <ele>25.163623</ele>
        <time>2026-05-12T00:04:41.972Z</time>
      </trkpt>
      <trkpt lat="43.419630" lon="6.802884">
        <ele>24.651461</ele>
        <time>2026-05-12T00:04:45.415Z</time>
      </trkpt>
      <trkpt lat="43.419744" lon="6.803415">
        <ele>23.959593</ele>
        <time>2026-05-12T00:04:50.062Z</time>
      </trkpt>
      <trkpt lat="43.419760" lon="6.803496">
        <ele>23.854707</ele>
        <time>2026-05-12T00:04:50.737Z</time>
      </trkpt>
      <trkpt lat="43.419791" lon="6.803699">
        <ele>23.595511</ele>
        <time>2026-05-12T00:04:52.396Z</time>
      </trkpt>
      <trkpt lat="43.419791" lon="6.804171">
        <ele>22.907823</ele>
        <time>2026-05-12T00:04:56.019Z</time>
      </trkpt>
      <trkpt lat="43.419787" lon="6.804326">
        <ele>22.670774</ele>
        <time>2026-05-12T00:04:57.196Z</time>
      </trkpt>
      <trkpt lat="43.419660" lon="6.805173">
        <ele>21.348936</ele>
        <time>2026-05-12T00:05:03.871Z</time>
      </trkpt>
      <trkpt lat="43.419513" lon="6.805541">
        <ele>20.707042</ele>
        <time>2026-05-12T00:05:07.268Z</time>
      </trkpt>
      <trkpt lat="43.419451" lon="6.805809">
        <ele>20.277159</ele>
        <time>2026-05-12T00:05:09.512Z</time>
      </trkpt>
      <trkpt lat="43.419308" lon="6.806475">
        <ele>19.220719</ele>
        <time>2026-05-12T00:05:15.040Z</time>
      </trkpt>
      <trkpt lat="43.419184" lon="6.806775">
        <ele>18.699115</ele>
        <time>2026-05-12T00:05:17.965Z</time>
      </trkpt>
      <trkpt lat="43.419106" lon="6.806873">
        <ele>18.479423</ele>
        <time>2026-05-12T00:05:19.242Z</time>
      </trkpt>
      <trkpt lat="43.418958" lon="6.806989">
        <ele>18.125112</ele>
        <time>2026-05-12T00:05:21.333Z</time>
      </trkpt>
      <trkpt lat="43.418818" lon="6.807211">
        <ele>17.680839</ele>
        <time>2026-05-12T00:05:23.779Z</time>
      </trkpt>
      <trkpt lat="43.418663" lon="6.807394">
        <ele>17.256030</ele>
        <time>2026-05-12T00:05:26.026Z</time>
      </trkpt>
      <trkpt lat="43.418550" lon="6.807467">
        <ele>16.996342</ele>
        <time>2026-05-12T00:05:27.349Z</time>
      </trkpt>
      <trkpt lat="43.418258" lon="6.807482">
        <ele>16.388422</ele>
        <time>2026-05-12T00:05:30.380Z</time>
      </trkpt>
      <trkpt lat="43.417977" lon="6.807483">
        <ele>15.877234</ele>
        <time>2026-05-12T00:05:33.168Z</time>
      </trkpt>
      <trkpt lat="43.417803" lon="6.807535">
        <ele>15.745640</ele>
        <time>2026-05-12T00:05:34.970Z</time>
      </trkpt>
      <trkpt lat="43.417560" lon="6.807627">
        <ele>15.559378</ele>
        <time>2026-05-12T00:05:37.612Z</time>
      </trkpt>
      <trkpt lat="43.417247" lon="6.807819">
        <ele>15.306124</ele>
        <time>2026-05-12T00:05:41.457Z</time>
      </trkpt>
      <trkpt lat="43.417033" lon="6.808012">
        <ele>15.117047</ele>
        <time>2026-05-12T00:05:44.799Z</time>
      </trkpt>
      <trkpt lat="43.416944" lon="6.808059">
        <ele>15.046596</ele>
        <time>2026-05-12T00:05:46.244Z</time>
      </trkpt>
      <trkpt lat="43.416862" lon="6.808164">
        <ele>14.963830</ele>
        <time>2026-05-12T00:05:48.183Z</time>
      </trkpt>
      <trkpt lat="43.416829" lon="6.808271">
        <ele>14.901424</ele>
        <time>2026-05-12T00:05:49.715Z</time>
      </trkpt>
      <trkpt lat="43.416826" lon="6.808441">
        <ele>14.810134</ele>
        <time>2026-05-12T00:05:52.191Z</time>
      </trkpt>
      <trkpt lat="43.416889" lon="6.808622">
        <ele>14.702386</ele>
        <time>2026-05-12T00:05:55.393Z</time>
      </trkpt>
      <trkpt lat="43.416967" lon="6.808954">
        <ele>14.628846</ele>
        <time>2026-05-12T00:06:00.938Z</time>
      </trkpt>
      <trkpt lat="43.417002" lon="6.809102">
        <ele>14.675001</ele>
        <time>2026-05-12T00:06:03.263Z</time>
      </trkpt>
      <trkpt lat="43.417198" lon="6.809988">
        <ele>14.949642</ele>
        <time>2026-05-12T00:06:18.288Z</time>
      </trkpt>
      <trkpt lat="43.417137" lon="6.810022">
        <ele>14.976508</ele>
        <time>2026-05-12T00:06:19.492Z</time>
      </trkpt>
      <trkpt lat="43.417123" lon="6.810111">
        <ele>15.003511</ele>
        <time>2026-05-12T00:06:20.874Z</time>
      </trkpt>
      <trkpt lat="43.416775" lon="6.810257">
        <ele>15.152029</ele>
        <time>2026-05-12T00:06:26.665Z</time>
      </trkpt>
      <trkpt lat="43.416538" lon="6.810363">
        <ele>15.253759</ele>
        <time>2026-05-12T00:06:29.740Z</time>
      </trkpt>
      <trkpt lat="43.416165" lon="6.810538">
        <ele>14.751816</ele>
        <time>2026-05-12T00:06:33.974Z</time>
      </trkpt>
      <trkpt lat="43.415903" lon="6.810036">
        <ele>13.614457</ele>
        <time>2026-05-12T00:06:38.565Z</time>
      </trkpt>
      <trkpt lat="43.415822" lon="6.809854">
        <ele>13.221727</ele>
        <time>2026-05-12T00:06:40.144Z</time>
      </trkpt>
      <trkpt lat="43.415740" lon="6.809572">
        <ele>12.662827</ele>
        <time>2026-05-12T00:06:42.366Z</time>
      </trkpt>
      <trkpt lat="43.415688" lon="6.809285">
        <ele>12.118577</ele>
        <time>2026-05-12T00:06:44.538Z</time>
      </trkpt>
      <trkpt lat="43.415665" lon="6.808999">
        <ele>11.589131</ele>
        <time>2026-05-12T00:06:46.710Z</time>
      </trkpt>
      <trkpt lat="43.414932" lon="6.809256">
        <ele>10.293838</ele>
        <time>2026-05-12T00:06:54.804Z</time>
      </trkpt>
      <trkpt lat="43.415181" lon="6.810854">
        <ele>8.993670</ele>
        <time>2026-05-12T00:07:10.155Z</time>
      </trkpt>
      <trkpt lat="43.415208" lon="6.811042">
        <ele>8.841217</ele>
        <time>2026-05-12T00:07:12.239Z</time>
      </trkpt>
      <trkpt lat="43.415330" lon="6.811775">
        <ele>8.482354</ele>
        <time>2026-05-12T00:07:19.526Z</time>
      </trkpt>
      <trkpt lat="43.415431" lon="6.812215">
        <ele>8.273931</ele>
        <time>2026-05-12T00:07:23.827Z</time>
      </trkpt>
      <trkpt lat="43.415698" lon="6.812977">
        <ele>7.891808</ele>
        <time>2026-05-12T00:07:31.427Z</time>
      </trkpt>
      <trkpt lat="43.415759" lon="6.813143">
        <ele>7.807782</ele>
        <time>2026-05-12T00:07:33.085Z</time>
      </trkpt>
      <trkpt lat="43.416146" lon="6.814230">
        <ele>7.818460</ele>
        <time>2026-05-12T00:07:44.819Z</time>
      </trkpt>
      <trkpt lat="43.416451" lon="6.815095">
        <ele>7.964225</ele>
        <time>2026-05-12T00:07:56.774Z</time>
      </trkpt>
      <trkpt lat="43.416575" lon="6.815548">
        <ele>8.037613</ele>
        <time>2026-05-12T00:08:03.150Z</time>
      </trkpt>
      <trkpt lat="43.416763" lon="6.816409">
        <ele>8.429869</ele>
        <time>2026-05-12T00:08:14.996Z</time>
      </trkpt>
      <trkpt lat="43.416843" lon="6.817152">
        <ele>8.786317</ele>
        <time>2026-05-12T00:08:24.230Z</time>
      </trkpt>
      <trkpt lat="43.416928" lon="6.818899">
        <ele>9.288304</ele>
        <time>2026-05-12T00:08:46.357Z</time>
      </trkpt>
      <trkpt lat="43.416940" lon="6.819030">
        <ele>9.297895</ele>
        <time>2026-05-12T00:08:48.115Z</time>
      </trkpt>
      <trkpt lat="43.417101" lon="6.820381">
        <ele>9.397348</ele>
        <time>2026-05-12T00:09:04.230Z</time>
      </trkpt>
      <trkpt lat="43.417181" lon="6.820890">
        <ele>8.819474</ele>
        <time>2026-05-12T00:09:08.630Z</time>
      </trkpt>
      <trkpt lat="43.417360" lon="6.821544">
        <ele>7.688272</ele>
        <time>2026-05-12T00:09:13.933Z</time>
      </trkpt>
      <trkpt lat="43.417482" lon="6.821808">
        <ele>7.181821</ele>
        <time>2026-05-12T00:09:16.251Z</time>
      </trkpt>
      <trkpt lat="43.417760" lon="6.822297">
        <ele>6.176743</ele>
        <time>2026-05-12T00:09:20.838Z</time>
      </trkpt>
      <trkpt lat="43.417814" lon="6.822442">
        <ele>5.913003</ele>
        <time>2026-05-12T00:09:22.057Z</time>
      </trkpt>
      <trkpt lat="43.417837" lon="6.822780">
        <ele>5.396913</ele>
        <time>2026-05-12T00:09:24.624Z</time>
      </trkpt>
      <trkpt lat="43.417749" lon="6.823853">
        <ele>5.214902</ele>
        <time>2026-05-12T00:09:33.824Z</time>
      </trkpt>
      <trkpt lat="43.417763" lon="6.824489">
        <ele>5.107651</ele>
        <time>2026-05-12T00:09:41.788Z</time>
      </trkpt>
      <trkpt lat="43.418083" lon="6.826612">
        <ele>5.778019</ele>
        <time>2026-05-12T00:10:13.658Z</time>
      </trkpt>
      <trkpt lat="43.418175" lon="6.826986">
        <ele>5.997263</ele>
        <time>2026-05-12T00:10:18.992Z</time>
      </trkpt>
      <trkpt lat="43.418502" lon="6.827864">
        <ele>6.087832</ele>
        <time>2026-05-12T00:10:29.273Z</time>
      </trkpt>
      <trkpt lat="43.418759" lon="6.828568">
        <ele>5.454368</ele>
        <time>2026-05-12T00:10:36.038Z</time>
      </trkpt>
      <trkpt lat="43.418828" lon="6.828848">
        <ele>5.216652</ele>
        <time>2026-05-12T00:10:38.464Z</time>
      </trkpt>
      <trkpt lat="43.418848" lon="6.829019">
        <ele>5.077401</ele>
        <time>2026-05-12T00:10:39.907Z</time>
      </trkpt>
      <trkpt lat="43.418831" lon="6.829321">
        <ele>4.833873</ele>
        <time>2026-05-12T00:10:42.367Z</time>
      </trkpt>
      <trkpt lat="43.418554" lon="6.830323">
        <ele>4.386238</ele>
        <time>2026-05-12T00:10:51.256Z</time>
      </trkpt>
      <trkpt lat="43.418533" lon="6.830391">
        <ele>4.389061</ele>
        <time>2026-05-12T00:10:51.926Z</time>
      </trkpt>
      <trkpt lat="43.418522" lon="6.830425">
        <ele>4.390483</ele>
        <time>2026-05-12T00:10:52.262Z</time>
      </trkpt>
      <trkpt lat="43.417640" lon="6.832516">
        <ele>5.240058</ele>
        <time>2026-05-12T00:11:21.869Z</time>
      </trkpt>
      <trkpt lat="43.417275" lon="6.833397">
        <ele>6.688408</ele>
        <time>2026-05-12T00:11:41.301Z</time>
      </trkpt>
      <trkpt lat="43.417177" lon="6.833630">
        <ele>7.072895</ele>
        <time>2026-05-12T00:11:46.458Z</time>
      </trkpt>
      <trkpt lat="43.416942" lon="6.834045">
        <ele>7.824337</ele>
        <time>2026-05-12T00:11:56.662Z</time>
      </trkpt>
      <trkpt lat="43.416845" lon="6.834268">
        <ele>8.014170</ele>
        <time>2026-05-12T00:12:00.946Z</time>
      </trkpt>
      <trkpt lat="43.416792" lon="6.834517">
        <ele>8.044255</ele>
        <time>2026-05-12T00:12:04.548Z</time>
      </trkpt>
      <trkpt lat="43.416764" lon="6.835076">
        <ele>8.109223</ele>
        <time>2026-05-12T00:12:10.362Z</time>
      </trkpt>
      <trkpt lat="43.416794" lon="6.835285">
        <ele>8.133924</ele>
        <time>2026-05-12T00:12:12.294Z</time>
      </trkpt>
      <trkpt lat="43.416947" lon="6.835920">
        <ele>8.211495</ele>
        <time>2026-05-12T00:12:18.297Z</time>
      </trkpt>
      <trkpt lat="43.416996" lon="6.836858">
        <ele>8.483015</ele>
        <time>2026-05-12T00:12:28.054Z</time>
      </trkpt>
      <trkpt lat="43.417051" lon="6.837864">
        <ele>9.138656</ele>
        <time>2026-05-12T00:12:40.772Z</time>
      </trkpt>
      <trkpt lat="43.417121" lon="6.838628">
        <ele>9.639108</ele>
        <time>2026-05-12T00:12:52.605Z</time>
      </trkpt>
      <trkpt lat="43.417366" lon="6.840896">
        <ele>11.797223</ele>
        <time>2026-05-12T00:13:27.182Z</time>
      </trkpt>
      <trkpt lat="43.417486" lon="6.842389">
        <ele>12.837078</ele>
        <time>2026-05-12T00:13:48.293Z</time>
      </trkpt>
      <trkpt lat="43.417498" lon="6.842612">
        <ele>12.948840</ele>
        <time>2026-05-12T00:13:51.101Z</time>
      </trkpt>
      <trkpt lat="43.417541" lon="6.843161">
        <ele>13.224825</ele>
        <time>2026-05-12T00:13:57.817Z</time>
      </trkpt>
      <trkpt lat="43.417658" lon="6.844347">
        <ele>13.827206</ele>
        <time>2026-05-12T00:14:11.781Z</time>
      </trkpt>
      <trkpt lat="43.417763" lon="6.845335">
        <ele>14.336129</ele>
        <time>2026-05-12T00:14:22.932Z</time>
      </trkpt>
      <trkpt lat="43.417917" lon="6.846783">
        <ele>15.552370</ele>
        <time>2026-05-12T00:14:44.101Z</time>
      </trkpt>
      <trkpt lat="43.417922" lon="6.846829">
        <ele>15.629696</ele>
        <time>2026-05-12T00:14:44.858Z</time>
      </trkpt>
      <trkpt lat="43.417953" lon="6.847103">
        <ele>16.090709</ele>
        <time>2026-05-12T00:14:49.394Z</time>
      </trkpt>
      <trkpt lat="43.418107" lon="6.848146">
        <ele>17.860137</ele>
        <time>2026-05-12T00:15:08.022Z</time>
      </trkpt>
      <trkpt lat="43.418292" lon="6.849079">
        <ele>19.427267</ele>
        <time>2026-05-12T00:15:27.074Z</time>
      </trkpt>
      <trkpt lat="43.418230" lon="6.849127">
        <ele>19.576179</ele>
        <time>2026-05-12T00:15:29.067Z</time>
      </trkpt>
      <trkpt lat="43.418197" lon="6.849214">
        <ele>19.725426</ele>
        <time>2026-05-12T00:15:31.099Z</time>
      </trkpt>
      <trkpt lat="43.418224" lon="6.849357">
        <ele>19.950102</ele>
        <time>2026-05-12T00:15:34.174Z</time>
      </trkpt>
      <trkpt lat="43.418295" lon="6.849416">
        <ele>20.123719</ele>
        <time>2026-05-12T00:15:36.590Z</time>
      </trkpt>
      <trkpt lat="43.418337" lon="6.849418">
        <ele>20.211698</ele>
        <time>2026-05-12T00:15:37.790Z</time>
      </trkpt>
      <trkpt lat="43.418516" lon="6.850585">
        <ele>22.025402</ele>
        <time>2026-05-12T00:15:59.684Z</time>
      </trkpt>
      <trkpt lat="43.418593" lon="6.850919">
        <ele>22.558257</ele>
        <time>2026-05-12T00:16:04.293Z</time>
      </trkpt>
      <trkpt lat="43.418759" lon="6.851459">
        <ele>22.040841</ele>
        <time>2026-05-12T00:16:09.834Z</time>
      </trkpt>
      <trkpt lat="43.418890" lon="6.851789">
        <ele>21.451075</ele>
        <time>2026-05-12T00:16:12.882Z</time>
      </trkpt>
      <trkpt lat="43.419091" lon="6.852188">
        <ele>20.689586</ele>
        <time>2026-05-12T00:16:16.744Z</time>
      </trkpt>
      <trkpt lat="43.419528" lon="6.852953">
        <ele>19.163321</ele>
        <time>2026-05-12T00:16:24.009Z</time>
      </trkpt>
      <trkpt lat="43.419756" lon="6.853438">
        <ele>17.302165</ele>
        <time>2026-05-12T00:16:28.059Z</time>
      </trkpt>
      <trkpt lat="43.419930" lon="6.854066">
        <ele>14.612372</ele>
        <time>2026-05-12T00:16:32.595Z</time>
      </trkpt>
      <trkpt lat="43.420058" lon="6.855314">
        <ele>9.568548</ele>
        <time>2026-05-12T00:16:40.898Z</time>
      </trkpt>
      <trkpt lat="43.420090" lon="6.855628">
        <ele>8.688306</ele>
        <time>2026-05-12T00:16:43.000Z</time>
      </trkpt>
      <trkpt lat="43.420119" lon="6.855915">
        <ele>8.208103</ele>
        <time>2026-05-12T00:16:44.956Z</time>
      </trkpt>
      <trkpt lat="43.420157" lon="6.856289">
        <ele>7.582268</ele>
        <time>2026-05-12T00:16:47.627Z</time>
      </trkpt>
      <trkpt lat="43.420215" lon="6.856506">
        <ele>7.199076</ele>
        <time>2026-05-12T00:16:49.372Z</time>
      </trkpt>
      <trkpt lat="43.420441" lon="6.856908">
        <ele>6.356631</ele>
        <time>2026-05-12T00:16:53.732Z</time>
      </trkpt>
      <trkpt lat="43.420620" lon="6.857143">
        <ele>5.792303</ele>
        <time>2026-05-12T00:16:57.389Z</time>
      </trkpt>
      <trkpt lat="43.420775" lon="6.857286">
        <ele>5.366592</ele>
        <time>2026-05-12T00:17:00.434Z</time>
      </trkpt>
      <trkpt lat="43.421086" lon="6.857477">
        <ele>4.786777</ele>
        <time>2026-05-12T00:17:06.454Z</time>
      </trkpt>
      <trkpt lat="43.421326" lon="6.857579">
        <ele>4.632858</ele>
        <time>2026-05-12T00:17:10.676Z</time>
      </trkpt>
      <trkpt lat="43.421472" lon="6.857570">
        <ele>4.543299</ele>
        <time>2026-05-12T00:17:12.726Z</time>
      </trkpt>
      <trkpt lat="43.422215" lon="6.857337">
        <ele>4.076330</ele>
        <time>2026-05-12T00:17:21.719Z</time>
      </trkpt>
      <trkpt lat="43.422422" lon="6.857352">
        <ele>3.949305</ele>
        <time>2026-05-12T00:17:24.155Z</time>
      </trkpt>
      <trkpt lat="43.422554" lon="6.857398">
        <ele>3.865865</ele>
        <time>2026-05-12T00:17:25.763Z</time>
      </trkpt>
      <trkpt lat="43.422793" lon="6.857537">
        <ele>3.786202</ele>
        <time>2026-05-12T00:17:28.911Z</time>
      </trkpt>
      <trkpt lat="43.422967" lon="6.857627">
        <ele>3.852663</ele>
        <time>2026-05-12T00:17:31.458Z</time>
      </trkpt>
      <trkpt lat="43.422976" lon="6.857631">
        <ele>3.856044</ele>
        <time>2026-05-12T00:17:31.592Z</time>
      </trkpt>
      <trkpt lat="43.423085" lon="6.857651">
        <ele>3.895363</ele>
        <time>2026-05-12T00:17:33.339Z</time>
      </trkpt>
      <trkpt lat="43.423740" lon="6.857493">
        <ele>4.133130</ele>
        <time>2026-05-12T00:17:45.524Z</time>
      </trkpt>
      <trkpt lat="43.423934" lon="6.857373">
        <ele>4.209175</ele>
        <time>2026-05-12T00:17:50.520Z</time>
      </trkpt>
      <trkpt lat="43.424084" lon="6.857195">
        <ele>4.279980</ele>
        <time>2026-05-12T00:17:54.817Z</time>
      </trkpt>
      <trkpt lat="43.424143" lon="6.857082">
        <ele>4.316121</ele>
        <time>2026-05-12T00:17:56.653Z</time>
      </trkpt>
      <trkpt lat="43.424468" lon="6.856231">
        <ele>3.822431</ele>
        <time>2026-05-12T00:18:05.872Z</time>
      </trkpt>
      <trkpt lat="43.424616" lon="6.856019">
        <ele>3.556238</ele>
        <time>2026-05-12T00:18:08.417Z</time>
      </trkpt>
      <trkpt lat="43.424879" lon="6.855947">
        <ele>3.222015</ele>
        <time>2026-05-12T00:18:11.348Z</time>
      </trkpt>
      <trkpt lat="43.425253" lon="6.855959">
        <ele>2.755731</ele>
        <time>2026-05-12T00:18:15.311Z</time>
      </trkpt>
      <trkpt lat="43.425317" lon="6.855951">
        <ele>2.675633</ele>
        <time>2026-05-12T00:18:15.999Z</time>
      </trkpt>
      <trkpt lat="43.425515" lon="6.855915">
        <ele>2.426702</ele>
        <time>2026-05-12T00:18:18.137Z</time>
      </trkpt>
      <trkpt lat="43.425584" lon="6.855923">
        <ele>2.340395</ele>
        <time>2026-05-12T00:18:18.889Z</time>
      </trkpt>
      <trkpt lat="43.425718" lon="6.856028">
        <ele>2.169229</ele>
        <time>2026-05-12T00:18:20.621Z</time>
      </trkpt>
      <trkpt lat="43.425768" lon="6.856132">
        <ele>2.292972</ele>
        <time>2026-05-12T00:18:21.693Z</time>
      </trkpt>
      <trkpt lat="43.425795" lon="6.856237">
        <ele>2.403484</ele>
        <time>2026-05-12T00:18:22.717Z</time>
      </trkpt>
      <trkpt lat="43.425794" lon="6.856454">
        <ele>2.618783</ele>
        <time>2026-05-12T00:18:24.979Z</time>
      </trkpt>
      <trkpt lat="43.425791" lon="6.856515">
        <ele>2.679442</ele>
        <time>2026-05-12T00:18:25.692Z</time>
      </trkpt>
      <trkpt lat="43.425783" lon="6.856832">
        <ele>2.994141</ele>
        <time>2026-05-12T00:18:29.606Z</time>
      </trkpt>
      <trkpt lat="43.425820" lon="6.857014">
        <ele>3.181652</ele>
        <time>2026-05-12T00:18:32.155Z</time>
      </trkpt>
      <trkpt lat="43.425908" lon="6.857173">
        <ele>3.379988</ele>
        <time>2026-05-12T00:18:34.877Z</time>
      </trkpt>
      <trkpt lat="43.426122" lon="6.857411">
        <ele>3.755782</ele>
        <time>2026-05-12T00:18:40.219Z</time>
      </trkpt>
      <trkpt lat="43.426730" lon="6.857971">
        <ele>5.102906</ele>
        <time>2026-05-12T00:18:59.789Z</time>
      </trkpt>
      <trkpt lat="43.426829" lon="6.858036">
        <ele>5.625796</ele>
        <time>2026-05-12T00:19:03.757Z</time>
      </trkpt>
      <trkpt lat="43.427088" lon="6.858113">
        <ele>6.889023</ele>
        <time>2026-05-12T00:19:13.877Z</time>
      </trkpt>
      <trkpt lat="43.427213" lon="6.858124">
        <ele>7.486171</ele>
        <time>2026-05-12T00:19:18.701Z</time>
      </trkpt>
      <trkpt lat="43.427323" lon="6.858073">
        <ele>8.039523</ele>
        <time>2026-05-12T00:19:23.233Z</time>
      </trkpt>
      <trkpt lat="43.427428" lon="6.857909">
        <ele>8.796497</ele>
        <time>2026-05-12T00:19:29.385Z</time>
      </trkpt>
      <trkpt lat="43.427490" lon="6.857687">
        <ele>9.620013</ele>
        <time>2026-05-12T00:19:36.194Z</time>
      </trkpt>
      <trkpt lat="43.427587" lon="6.857390">
        <ele>10.747527</ele>
        <time>2026-05-12T00:19:45.503Z</time>
      </trkpt>
      <trkpt lat="43.427712" lon="6.857227">
        <ele>11.568282</ele>
        <time>2026-05-12T00:19:52.064Z</time>
      </trkpt>
      <trkpt lat="43.427818" lon="6.857168">
        <ele>12.113359</ele>
        <time>2026-05-12T00:19:56.353Z</time>
      </trkpt>
      <trkpt lat="43.428088" lon="6.857139">
        <ele>13.111696</ele>
        <time>2026-05-12T00:20:05.304Z</time>
      </trkpt>
      <trkpt lat="43.428162" lon="6.857133">
        <ele>12.981963</ele>
        <time>2026-05-12T00:20:07.326Z</time>
      </trkpt>
      <trkpt lat="43.428309" lon="6.857074">
        <ele>12.713990</ele>
        <time>2026-05-12T00:20:11.080Z</time>
      </trkpt>
      <trkpt lat="43.428866" lon="6.856565">
        <ele>11.544038</ele>
        <time>2026-05-12T00:20:19.852Z</time>
      </trkpt>
      <trkpt lat="43.429060" lon="6.856479">
        <ele>11.187355</ele>
        <time>2026-05-12T00:20:21.892Z</time>
      </trkpt>
      <trkpt lat="43.429224" lon="6.856477">
        <ele>10.900325</ele>
        <time>2026-05-12T00:20:23.463Z</time>
      </trkpt>
      <trkpt lat="43.429555" lon="6.856569">
        <ele>10.309353</ele>
        <time>2026-05-12T00:20:26.585Z</time>
      </trkpt>
      <trkpt lat="43.429625" lon="6.856569">
        <ele>10.186845</ele>
        <time>2026-05-12T00:20:27.227Z</time>
      </trkpt>
      <trkpt lat="43.429888" lon="6.856477">
        <ele>9.204185</ele>
        <time>2026-05-12T00:20:29.689Z</time>
      </trkpt>
      <trkpt lat="43.430159" lon="6.856525">
        <ele>7.991419</ele>
        <time>2026-05-12T00:20:32.161Z</time>
      </trkpt>
      <trkpt lat="43.430562" lon="6.856658">
        <ele>6.152015</ele>
        <time>2026-05-12T00:20:36.012Z</time>
      </trkpt>
      <trkpt lat="43.430752" lon="6.856744">
        <ele>5.264293</ele>
        <time>2026-05-12T00:20:37.911Z</time>
      </trkpt>
      <trkpt lat="43.431071" lon="6.856872">
        <ele>3.789498</ele>
        <time>2026-05-12T00:20:41.085Z</time>
      </trkpt>
      <trkpt lat="43.431390" lon="6.857102">
        <ele>2.191247</ele>
        <time>2026-05-12T00:20:44.803Z</time>
      </trkpt>
      <trkpt lat="43.431593" lon="6.857176">
        <ele>1.998526</ele>
        <time>2026-05-12T00:20:47.370Z</time>
      </trkpt>
      <trkpt lat="43.431718" lon="6.857193">
        <ele>1.956335</ele>
        <time>2026-05-12T00:20:49.196Z</time>
      </trkpt>
      <trkpt lat="43.432152" lon="6.857256">
        <ele>1.809749</ele>
        <time>2026-05-12T00:20:56.075Z</time>
      </trkpt>
      <trkpt lat="43.432200" lon="6.857265">
        <ele>1.793477</ele>
        <time>2026-05-12T00:20:56.839Z</time>
      </trkpt>
      <trkpt lat="43.432378" lon="6.857318">
        <ele>1.732306</ele>
        <time>2026-05-12T00:20:59.785Z</time>
      </trkpt>
      <trkpt lat="43.432618" lon="6.857468">
        <ele>1.643776</ele>
        <time>2026-05-12T00:21:04.199Z</time>
      </trkpt>
      <trkpt lat="43.432812" lon="6.857675">
        <ele>1.561340</ele>
        <time>2026-05-12T00:21:08.278Z</time>
      </trkpt>
      <trkpt lat="43.433090" lon="6.858221">
        <ele>1.380962</ele>
        <time>2026-05-12T00:21:15.187Z</time>
      </trkpt>
      <trkpt lat="43.433122" lon="6.858295">
        <ele>1.353330</ele>
        <time>2026-05-12T00:21:16.030Z</time>
      </trkpt>
      <trkpt lat="43.433197" lon="6.858465">
        <ele>1.289515</ele>
        <time>2026-05-12T00:21:18.070Z</time>
      </trkpt>
      <trkpt lat="43.433357" lon="6.858832">
        <ele>1.152185</ele>
        <time>2026-05-12T00:21:22.138Z</time>
      </trkpt>
      <trkpt lat="43.433391" lon="6.858963">
        <ele>1.107554</ele>
        <time>2026-05-12T00:21:23.448Z</time>
      </trkpt>
      <trkpt lat="43.433433" lon="6.859118">
        <ele>1.054478</ele>
        <time>2026-05-12T00:21:24.931Z</time>
      </trkpt>
      <trkpt lat="43.433425" lon="6.859254">
        <ele>1.010704</ele>
        <time>2026-05-12T00:21:26.164Z</time>
      </trkpt>
      <trkpt lat="43.433507" lon="6.859331">
        <ele>0.966856</ele>
        <time>2026-05-12T00:21:27.442Z</time>
      </trkpt>
      <trkpt lat="43.433596" lon="6.859450">
        <ele>0.912051</ele>
        <time>2026-05-12T00:21:29.040Z</time>
      </trkpt>
      <trkpt lat="43.433723" lon="6.859655">
        <ele>0.825602</ele>
        <time>2026-05-12T00:21:31.600Z</time>
      </trkpt>
      <trkpt lat="43.433753" lon="6.859721">
        <ele>0.800622</ele>
        <time>2026-05-12T00:21:32.317Z</time>
      </trkpt>
      <trkpt lat="43.433945" lon="6.860146">
        <ele>0.648686</ele>
        <time>2026-05-12T00:21:37.160Z</time>
      </trkpt>
      <trkpt lat="43.434063" lon="6.860548">
        <ele>0.569003</ele>
        <time>2026-05-12T00:21:41.628Z</time>
      </trkpt>
      <trkpt lat="43.434227" lon="6.861917">
        <ele>0.314023</ele>
        <time>2026-05-12T00:21:55.741Z</time>
      </trkpt>
      <trkpt lat="43.434239" lon="6.862107">
        <ele>0.278975</ele>
        <time>2026-05-12T00:21:57.653Z</time>
      </trkpt>
      <trkpt lat="43.434253" lon="6.862322">
        <ele>0.239306</ele>
        <time>2026-05-12T00:21:59.839Z</time>
      </trkpt>
      <trkpt lat="43.434284" lon="6.863247">
        <ele>0.321869</ele>
        <time>2026-05-12T00:22:09.539Z</time>
      </trkpt>
      <trkpt lat="43.434294" lon="6.863546">
        <ele>0.369113</ele>
        <time>2026-05-12T00:22:12.804Z</time>
      </trkpt>
      <trkpt lat="43.434308" lon="6.863975">
        <ele>0.436895</ele>
        <time>2026-05-12T00:22:17.734Z</time>
      </trkpt>
      <trkpt lat="43.434291" lon="6.864456">
        <ele>0.512906</ele>
        <time>2026-05-12T00:22:23.376Z</time>
      </trkpt>
      <trkpt lat="43.434123" lon="6.865715">
        <ele>1.369368</ele>
        <time>2026-05-12T00:22:39.636Z</time>
      </trkpt>
      <trkpt lat="43.434098" lon="6.865908">
        <ele>1.570621</ele>
        <time>2026-05-12T00:22:42.406Z</time>
      </trkpt>
      <trkpt lat="43.434080" lon="6.866045">
        <ele>1.713543</ele>
        <time>2026-05-12T00:22:44.338Z</time>
      </trkpt>
      <trkpt lat="43.433898" lon="6.867229">
        <ele>2.955925</ele>
        <time>2026-05-12T00:23:02.731Z</time>
      </trkpt>
      <trkpt lat="43.433832" lon="6.867407">
        <ele>3.178451</ele>
        <time>2026-05-12T00:23:06.186Z</time>
      </trkpt>
      <trkpt lat="43.433622" lon="6.867791">
        <ele>4.055067</ele>
        <time>2026-05-12T00:23:15.571Z</time>
      </trkpt>
      <trkpt lat="43.433230" lon="6.868526">
        <ele>5.718053</ele>
        <time>2026-05-12T00:23:34.625Z</time>
      </trkpt>
      <trkpt lat="43.433192" lon="6.868595">
        <ele>5.875973</ele>
        <time>2026-05-12T00:23:36.260Z</time>
      </trkpt>
      <trkpt lat="43.432974" lon="6.868998">
        <ele>6.792371</ele>
        <time>2026-05-12T00:23:45.685Z</time>
      </trkpt>
      <trkpt lat="43.432863" lon="6.869129">
        <ele>7.159478</ele>
        <time>2026-05-12T00:23:49.136Z</time>
      </trkpt>
      <trkpt lat="43.432686" lon="6.869226">
        <ele>7.637868</ele>
        <time>2026-05-12T00:23:53.308Z</time>
      </trkpt>
      <trkpt lat="43.432334" lon="6.869281">
        <ele>7.350521</ele>
        <time>2026-05-12T00:23:59.750Z</time>
      </trkpt>
      <trkpt lat="43.432261" lon="6.869292">
        <ele>7.286016</ele>
        <time>2026-05-12T00:24:00.939Z</time>
      </trkpt>
      <trkpt lat="43.432026" lon="6.869298">
        <ele>7.079558</ele>
        <time>2026-05-12T00:24:04.155Z</time>
      </trkpt>
      <trkpt lat="43.431819" lon="6.869359">
        <ele>6.893614</ele>
        <time>2026-05-12T00:24:06.621Z</time>
      </trkpt>
      <trkpt lat="43.431782" lon="6.869377">
        <ele>6.859144</ele>
        <time>2026-05-12T00:24:07.074Z</time>
      </trkpt>
      <trkpt lat="43.431625" lon="6.869500">
        <ele>6.700480</ele>
        <time>2026-05-12T00:24:09.043Z</time>
      </trkpt>
      <trkpt lat="43.431367" lon="6.869792">
        <ele>6.407132</ele>
        <time>2026-05-12T00:24:12.586Z</time>
      </trkpt>
      <trkpt lat="43.430893" lon="6.870345">
        <ele>5.986702</ele>
        <time>2026-05-12T00:24:19.322Z</time>
      </trkpt>
      <trkpt lat="43.430771" lon="6.870475">
        <ele>5.930455</ele>
        <time>2026-05-12T00:24:21.079Z</time>
      </trkpt>
      <trkpt lat="43.430402" lon="6.870891">
        <ele>5.756568</ele>
        <time>2026-05-12T00:24:26.801Z</time>
      </trkpt>
      <trkpt lat="43.430266" lon="6.870987">
        <ele>5.700843</ele>
        <time>2026-05-12T00:24:28.885Z</time>
      </trkpt>
      <trkpt lat="43.430220" lon="6.871011">
        <ele>5.682907</ele>
        <time>2026-05-12T00:24:29.629Z</time>
      </trkpt>
      <trkpt lat="43.429653" lon="6.871163">
        <ele>5.472284</ele>
        <time>2026-05-12T00:24:39.977Z</time>
      </trkpt>
      <trkpt lat="43.429471" lon="6.871240">
        <ele>5.490641</ele>
        <time>2026-05-12T00:24:43.813Z</time>
      </trkpt>
      <trkpt lat="43.428807" lon="6.871398">
        <ele>6.519738</ele>
        <time>2026-05-12T00:24:58.753Z</time>
      </trkpt>
      <trkpt lat="43.428605" lon="6.871482">
        <ele>6.841995</ele>
        <time>2026-05-12T00:25:03.719Z</time>
      </trkpt>
      <trkpt lat="43.428449" lon="6.871548">
        <ele>7.091232</ele>
        <time>2026-05-12T00:25:07.638Z</time>
      </trkpt>
      <trkpt lat="43.428292" lon="6.871544">
        <ele>7.331045</ele>
        <time>2026-05-12T00:25:11.348Z</time>
      </trkpt>
      <trkpt lat="43.427989" lon="6.871360">
        <ele>7.836792</ele>
        <time>2026-05-12T00:25:18.584Z</time>
      </trkpt>
      <trkpt lat="43.427810" lon="6.871320">
        <ele>8.113739</ele>
        <time>2026-05-12T00:25:22.190Z</time>
      </trkpt>
      <trkpt lat="43.427327" lon="6.871386">
        <ele>7.874844</ele>
        <time>2026-05-12T00:25:29.905Z</time>
      </trkpt>
      <trkpt lat="43.427134" lon="6.871375">
        <ele>7.749765</ele>
        <time>2026-05-12T00:25:32.283Z</time>
      </trkpt>
      <trkpt lat="43.426676" lon="6.871105">
        <ele>7.427163</ele>
        <time>2026-05-12T00:25:38.250Z</time>
      </trkpt>
      <trkpt lat="43.426501" lon="6.871109">
        <ele>7.313831</ele>
        <time>2026-05-12T00:25:40.348Z</time>
      </trkpt>
      <trkpt lat="43.426417" lon="6.871149">
        <ele>7.256278</ele>
        <time>2026-05-12T00:25:41.407Z</time>
      </trkpt>
      <trkpt lat="43.426396" lon="6.871170">
        <ele>7.239472</ele>
        <time>2026-05-12T00:25:41.723Z</time>
      </trkpt>
      <trkpt lat="43.426301" lon="6.871285">
        <ele>7.157565</ele>
        <time>2026-05-12T00:25:43.228Z</time>
      </trkpt>
      <trkpt lat="43.426200" lon="6.871598">
        <ele>6.991677</ele>
        <time>2026-05-12T00:25:46.191Z</time>
      </trkpt>
      <trkpt lat="43.426181" lon="6.871971">
        <ele>6.662547</ele>
        <time>2026-05-12T00:25:49.402Z</time>
      </trkpt>
      <trkpt lat="43.426214" lon="6.872256">
        <ele>6.408516</ele>
        <time>2026-05-12T00:25:51.688Z</time>
      </trkpt>
      <trkpt lat="43.426341" lon="6.872529">
        <ele>6.123145</ele>
        <time>2026-05-12T00:25:54.239Z</time>
      </trkpt>
      <trkpt lat="43.426759" lon="6.872999">
        <ele>5.469077</ele>
        <time>2026-05-12T00:26:00.776Z</time>
      </trkpt>
      <trkpt lat="43.426957" lon="6.873234">
        <ele>5.152257</ele>
        <time>2026-05-12T00:26:04.127Z</time>
      </trkpt>
      <trkpt lat="43.427068" lon="6.873431">
        <ele>4.932788</ele>
        <time>2026-05-12T00:26:06.495Z</time>
      </trkpt>
      <trkpt lat="43.427110" lon="6.873624">
        <ele>4.801850</ele>
        <time>2026-05-12T00:26:08.346Z</time>
      </trkpt>
      <trkpt lat="43.427138" lon="6.874030">
        <ele>4.692854</ele>
        <time>2026-05-12T00:26:12.006Z</time>
      </trkpt>
      <trkpt lat="43.427236" lon="6.874377">
        <ele>4.593350</ele>
        <time>2026-05-12T00:26:15.317Z</time>
      </trkpt>
      <trkpt lat="43.427252" lon="6.874518">
        <ele>4.555210</ele>
        <time>2026-05-12T00:26:16.630Z</time>
      </trkpt>
      <trkpt lat="43.427215" lon="6.874777">
        <ele>4.484663</ele>
        <time>2026-05-12T00:26:19.218Z</time>
      </trkpt>
      <trkpt lat="43.426887" lon="6.875893">
        <ele>4.162904</ele>
        <time>2026-05-12T00:26:31.748Z</time>
      </trkpt>
      <trkpt lat="43.426867" lon="6.876124">
        <ele>4.244234</ele>
        <time>2026-05-12T00:26:34.430Z</time>
      </trkpt>
      <trkpt lat="43.426868" lon="6.876453">
        <ele>4.368538</ele>
        <time>2026-05-12T00:26:38.389Z</time>
      </trkpt>
      <trkpt lat="43.426872" lon="6.876977">
        <ele>4.566527</ele>
        <time>2026-05-12T00:26:45.369Z</time>
      </trkpt>
      <trkpt lat="43.426891" lon="6.877624">
        <ele>4.811177</ele>
        <time>2026-05-12T00:26:53.899Z</time>
      </trkpt>
      <trkpt lat="43.426922" lon="6.877746">
        <ele>4.860011</ele>
        <time>2026-05-12T00:26:55.510Z</time>
      </trkpt>
      <trkpt lat="43.427023" lon="6.877939">
        <ele>4.949889</ele>
        <time>2026-05-12T00:26:58.293Z</time>
      </trkpt>
      <trkpt lat="43.427088" lon="6.878014">
        <ele>4.994007</ele>
        <time>2026-05-12T00:26:59.781Z</time>
      </trkpt>
      <trkpt lat="43.427230" lon="6.878096">
        <ele>5.074113</ele>
        <time>2026-05-12T00:27:02.604Z</time>
      </trkpt>
      <trkpt lat="43.427689" lon="6.878183">
        <ele>4.668030</ele>
        <time>2026-05-12T00:27:10.755Z</time>
      </trkpt>
      <trkpt lat="43.428104" lon="6.878255">
        <ele>4.243383</ele>
        <time>2026-05-12T00:27:15.767Z</time>
      </trkpt>
      <trkpt lat="43.428281" lon="6.878354">
        <ele>4.049430</ele>
        <time>2026-05-12T00:27:17.872Z</time>
      </trkpt>
      <trkpt lat="43.428368" lon="6.878523">
        <ele>3.896699</ele>
        <time>2026-05-12T00:27:19.462Z</time>
      </trkpt>
      <trkpt lat="43.428381" lon="6.878731">
        <ele>3.742777</ele>
        <time>2026-05-12T00:27:21.073Z</time>
      </trkpt>
      <trkpt lat="43.428260" lon="6.879811">
        <ele>3.478899</ele>
        <time>2026-05-12T00:27:30.113Z</time>
      </trkpt>
      <trkpt lat="43.428276" lon="6.880425">
        <ele>3.763404</ele>
        <time>2026-05-12T00:27:35.708Z</time>
      </trkpt>
      <trkpt lat="43.428355" lon="6.881051">
        <ele>4.057627</ele>
        <time>2026-05-12T00:27:44.429Z</time>
      </trkpt>
      <trkpt lat="43.428413" lon="6.881178">
        <ele>4.127098</ele>
        <time>2026-05-12T00:27:47.094Z</time>
      </trkpt>
      <trkpt lat="43.428556" lon="6.881300">
        <ele>4.234361</ele>
        <time>2026-05-12T00:27:51.687Z</time>
      </trkpt>
      <trkpt lat="43.428654" lon="6.881351">
        <ele>4.301162</ele>
        <time>2026-05-12T00:27:54.622Z</time>
      </trkpt>
      <trkpt lat="43.428765" lon="6.881430">
        <ele>4.380834</ele>
        <time>2026-05-12T00:27:58.214Z</time>
      </trkpt>
      <trkpt lat="43.428846" lon="6.881539">
        <ele>4.513175</ele>
        <time>2026-05-12T00:28:01.316Z</time>
      </trkpt>
      <trkpt lat="43.428926" lon="6.881817">
        <ele>4.880946</ele>
        <time>2026-05-12T00:28:06.930Z</time>
      </trkpt>
      <trkpt lat="43.428968" lon="6.882517">
        <ele>5.744795</ele>
        <time>2026-05-12T00:28:18.890Z</time>
      </trkpt>
      <trkpt lat="43.428950" lon="6.882817">
        <ele>6.115016</ele>
        <time>2026-05-12T00:28:23.825Z</time>
      </trkpt>
      <trkpt lat="43.428771" lon="6.883439">
        <ele>6.937876</ele>
        <time>2026-05-12T00:28:34.421Z</time>
      </trkpt>
      <trkpt lat="43.428723" lon="6.883779">
        <ele>7.363864</ele>
        <time>2026-05-12T00:28:39.136Z</time>
      </trkpt>
      <trkpt lat="43.428741" lon="6.884104">
        <ele>7.459481</ele>
        <time>2026-05-12T00:28:42.577Z</time>
      </trkpt>
      <trkpt lat="43.428798" lon="6.884552">
        <ele>7.453375</ele>
        <time>2026-05-12T00:28:46.654Z</time>
      </trkpt>
      <trkpt lat="43.428815" lon="6.884714">
        <ele>7.451178</ele>
        <time>2026-05-12T00:28:48.086Z</time>
      </trkpt>
      <trkpt lat="43.428854" lon="6.885403">
        <ele>7.441900</ele>
        <time>2026-05-12T00:28:54.355Z</time>
      </trkpt>
      <trkpt lat="43.428832" lon="6.885865">
        <ele>7.435684</ele>
        <time>2026-05-12T00:28:59.689Z</time>
      </trkpt>
      <trkpt lat="43.428844" lon="6.885989">
        <ele>7.434004</ele>
        <time>2026-05-12T00:29:01.762Z</time>
      </trkpt>
      <trkpt lat="43.429015" lon="6.886389">
        <ele>7.530441</ele>
        <time>2026-05-12T00:29:07.663Z</time>
      </trkpt>
      <trkpt lat="43.429170" lon="6.887032">
        <ele>8.053645</ele>
        <time>2026-05-12T00:29:15.720Z</time>
      </trkpt>
      <trkpt lat="43.429196" lon="6.887143">
        <ele>8.143715</ele>
        <time>2026-05-12T00:29:17.507Z</time>
      </trkpt>
      <trkpt lat="43.429209" lon="6.887406">
        <ele>8.347289</ele>
        <time>2026-05-12T00:29:21.400Z</time>
      </trkpt>
      <trkpt lat="43.429177" lon="6.887714">
        <ele>8.587567</ele>
        <time>2026-05-12T00:29:26.377Z</time>
      </trkpt>
      <trkpt lat="43.429015" lon="6.888390">
        <ele>9.137304</ele>
        <time>2026-05-12T00:29:38.391Z</time>
      </trkpt>
      <trkpt lat="43.429039" lon="6.888669">
        <ele>9.329369</ele>
        <time>2026-05-12T00:29:42.598Z</time>
      </trkpt>
      <trkpt lat="43.429061" lon="6.888842">
        <ele>9.185509</ele>
        <time>2026-05-12T00:29:44.631Z</time>
      </trkpt>
      <trkpt lat="43.429141" lon="6.889433">
        <ele>8.693089</ele>
        <time>2026-05-12T00:29:50.162Z</time>
      </trkpt>
      <trkpt lat="43.429114" lon="6.890122">
        <ele>8.127914</ele>
        <time>2026-05-12T00:29:56.056Z</time>
      </trkpt>
      <trkpt lat="43.429105" lon="6.890388">
        <ele>7.909799</ele>
        <time>2026-05-12T00:29:58.169Z</time>
      </trkpt>
      <trkpt lat="43.429141" lon="6.890587">
        <ele>7.741818</ele>
        <time>2026-05-12T00:29:59.784Z</time>
      </trkpt>
      <trkpt lat="43.429490" lon="6.891510">
        <ele>6.918887</ele>
        <time>2026-05-12T00:30:07.871Z</time>
      </trkpt>
      <trkpt lat="43.429537" lon="6.891594">
        <ele>6.838057</ele>
        <time>2026-05-12T00:30:08.704Z</time>
      </trkpt>
      <trkpt lat="43.429720" lon="6.891883">
        <ele>6.545783</ele>
        <time>2026-05-12T00:30:11.854Z</time>
      </trkpt>
      <trkpt lat="43.429869" lon="6.892274">
        <ele>6.209201</ele>
        <time>2026-05-12T00:30:15.688Z</time>
      </trkpt>
      <trkpt lat="43.430031" lon="6.892509">
        <ele>5.962218</ele>
        <time>2026-05-12T00:30:18.879Z</time>
      </trkpt>
      <trkpt lat="43.430679" lon="6.893090">
        <ele>5.539298</ele>
        <time>2026-05-12T00:30:30.573Z</time>
      </trkpt>
      <trkpt lat="43.430814" lon="6.893162">
        <ele>5.602087</ele>
        <time>2026-05-12T00:30:32.943Z</time>
      </trkpt>
      <trkpt lat="43.431084" lon="6.893231">
        <ele>5.721188</ele>
        <time>2026-05-12T00:30:37.571Z</time>
      </trkpt>
      <trkpt lat="43.431299" lon="6.893269">
        <ele>5.815200</ele>
        <time>2026-05-12T00:30:41.107Z</time>
      </trkpt>
      <trkpt lat="43.431509" lon="6.893349">
        <ele>5.909700</ele>
        <time>2026-05-12T00:30:44.447Z</time>
      </trkpt>
      <trkpt lat="43.432354" lon="6.893999">
        <ele>6.607498</ele>
        <time>2026-05-12T00:31:01.055Z</time>
      </trkpt>
      <trkpt lat="43.432596" lon="6.894184">
        <ele>6.997221</ele>
        <time>2026-05-12T00:31:07.701Z</time>
      </trkpt>
      <trkpt lat="43.432989" lon="6.894343">
        <ele>7.573958</ele>
        <time>2026-05-12T00:31:14.545Z</time>
      </trkpt>
      <trkpt lat="43.433244" lon="6.894374">
        <ele>7.934398</ele>
        <time>2026-05-12T00:31:18.150Z</time>
      </trkpt>
      <trkpt lat="43.433558" lon="6.894200">
        <ele>8.410967</ele>
        <time>2026-05-12T00:31:25.496Z</time>
      </trkpt>
      <trkpt lat="43.433704" lon="6.894224">
        <ele>8.617997</ele>
        <time>2026-05-12T00:31:29.740Z</time>
      </trkpt>
      <trkpt lat="43.433825" lon="6.894292">
        <ele>8.797558</ele>
        <time>2026-05-12T00:31:33.890Z</time>
      </trkpt>
      <trkpt lat="43.434032" lon="6.894471">
        <ele>9.117702</ele>
        <time>2026-05-12T00:31:41.203Z</time>
      </trkpt>
      <trkpt lat="43.434204" lon="6.894517">
        <ele>9.347192</ele>
        <time>2026-05-12T00:31:46.438Z</time>
      </trkpt>
      <trkpt lat="43.434265" lon="6.894510">
        <ele>9.427365</ele>
        <time>2026-05-12T00:31:48.295Z</time>
      </trkpt>
      <trkpt lat="43.434376" lon="6.894437">
        <ele>9.588478</ele>
        <time>2026-05-12T00:31:51.453Z</time>
      </trkpt>
      <trkpt lat="43.434441" lon="6.894298">
        <ele>9.745722</ele>
        <time>2026-05-12T00:31:54.137Z</time>
      </trkpt>
      <trkpt lat="43.434549" lon="6.893858">
        <ele>10.187469</ele>
        <time>2026-05-12T00:32:00.363Z</time>
      </trkpt>
      <trkpt lat="43.434795" lon="6.893402">
        <ele>10.727758</ele>
        <time>2026-05-12T00:32:08.747Z</time>
      </trkpt>
      <trkpt lat="43.435040" lon="6.893043">
        <ele>10.830286</ele>
        <time>2026-05-12T00:32:13.648Z</time>
      </trkpt>
      <trkpt lat="43.435402" lon="6.892671">
        <ele>9.304485</ele>
        <time>2026-05-12T00:32:18.238Z</time>
      </trkpt>
      <trkpt lat="43.435623" lon="6.892520">
        <ele>8.471097</ele>
        <time>2026-05-12T00:32:20.641Z</time>
      </trkpt>
      <trkpt lat="43.435899" lon="6.892452">
        <ele>7.523947</ele>
        <time>2026-05-12T00:32:23.289Z</time>
      </trkpt>
      <trkpt lat="43.436023" lon="6.892427">
        <ele>7.100601</ele>
        <time>2026-05-12T00:32:24.459Z</time>
      </trkpt>
      <trkpt lat="43.436760" lon="6.892267">
        <ele>4.895956</ele>
        <time>2026-05-12T00:32:31.630Z</time>
      </trkpt>
      <trkpt lat="43.437082" lon="6.892068">
        <ele>4.563350</ele>
        <time>2026-05-12T00:32:35.460Z</time>
      </trkpt>
      <trkpt lat="43.437207" lon="6.892049">
        <ele>4.444835</ele>
        <time>2026-05-12T00:32:36.955Z</time>
      </trkpt>
      <trkpt lat="43.437294" lon="6.892079">
        <ele>4.360315</ele>
        <time>2026-05-12T00:32:37.991Z</time>
      </trkpt>
      <trkpt lat="43.437376" lon="6.892111">
        <ele>4.279996</ele>
        <time>2026-05-12T00:32:38.969Z</time>
      </trkpt>
      <trkpt lat="43.437466" lon="6.892157">
        <ele>4.189527</ele>
        <time>2026-05-12T00:32:40.136Z</time>
      </trkpt>
      <trkpt lat="43.437609" lon="6.892236">
        <ele>4.044326</ele>
        <time>2026-05-12T00:32:41.969Z</time>
      </trkpt>
      <trkpt lat="43.437724" lon="6.892403">
        <ele>3.886831</ele>
        <time>2026-05-12T00:32:44.021Z</time>
      </trkpt>
      <trkpt lat="43.437755" lon="6.892608">
        <ele>3.743541</ele>
        <time>2026-05-12T00:32:45.943Z</time>
      </trkpt>
      <trkpt lat="43.437732" lon="6.893063">
        <ele>3.431433</ele>
        <time>2026-05-12T00:32:52.279Z</time>
      </trkpt>
      <trkpt lat="43.437805" lon="6.893379">
        <ele>3.696037</ele>
        <time>2026-05-12T00:32:58.181Z</time>
      </trkpt>
      <trkpt lat="43.437973" lon="6.893917">
        <ele>4.956605</ele>
        <time>2026-05-12T00:33:09.230Z</time>
      </trkpt>
      <trkpt lat="43.438048" lon="6.894435">
        <ele>6.093527</ele>
        <time>2026-05-12T00:33:19.568Z</time>
      </trkpt>
      <trkpt lat="43.438189" lon="6.895300">
        <ele>8.001737</ele>
        <time>2026-05-12T00:33:39.096Z</time>
      </trkpt>
      <trkpt lat="43.438322" lon="6.895674">
        <ele>8.987841</ele>
        <time>2026-05-12T00:33:47.334Z</time>
      </trkpt>
      <trkpt lat="43.438389" lon="6.895782">
        <ele>9.406378</ele>
        <time>2026-05-12T00:33:49.893Z</time>
      </trkpt>
      <trkpt lat="43.438451" lon="6.895827">
        <ele>9.690761</ele>
        <time>2026-05-12T00:33:51.564Z</time>
      </trkpt>
      <trkpt lat="43.438774" lon="6.895923">
        <ele>11.031599</ele>
        <time>2026-05-12T00:34:00.319Z</time>
      </trkpt>
      <trkpt lat="43.439338" lon="6.896590">
        <ele>14.048186</ele>
        <time>2026-05-12T00:34:26.396Z</time>
      </trkpt>
      <trkpt lat="43.439453" lon="6.896682">
        <ele>14.587847</ele>
        <time>2026-05-12T00:34:31.541Z</time>
      </trkpt>
      <trkpt lat="43.439907" lon="6.896773">
        <ele>16.077582</ele>
        <time>2026-05-12T00:34:46.419Z</time>
      </trkpt>
      <trkpt lat="43.440331" lon="6.896712">
        <ele>16.510705</ele>
        <time>2026-05-12T00:34:57.218Z</time>
      </trkpt>
      <trkpt lat="43.440462" lon="6.896794">
        <ele>16.656902</ele>
        <time>2026-05-12T00:35:00.170Z</time>
      </trkpt>
      <trkpt lat="43.440509" lon="6.896876">
        <ele>16.733969</ele>
        <time>2026-05-12T00:35:01.626Z</time>
      </trkpt>
      <trkpt lat="43.440552" lon="6.897062">
        <ele>16.877968</ele>
        <time>2026-05-12T00:35:04.026Z</time>
      </trkpt>
      <trkpt lat="43.440483" lon="6.898013">
        <ele>17.583013</ele>
        <time>2026-05-12T00:35:12.042Z</time>
      </trkpt>
      <trkpt lat="43.440493" lon="6.898230">
        <ele>17.743415</ele>
        <time>2026-05-12T00:35:13.963Z</time>
      </trkpt>
      <trkpt lat="43.440576" lon="6.898482">
        <ele>17.958654</ele>
        <time>2026-05-12T00:35:17.398Z</time>
      </trkpt>
      <trkpt lat="43.440685" lon="6.898619">
        <ele>18.118564</ele>
        <time>2026-05-12T00:35:20.444Z</time>
      </trkpt>
      <trkpt lat="43.440907" lon="6.898795">
        <ele>18.396144</ele>
        <time>2026-05-12T00:35:25.790Z</time>
      </trkpt>
      <trkpt lat="43.441060" lon="6.898811">
        <ele>18.562419</ele>
        <time>2026-05-12T00:35:28.595Z</time>
      </trkpt>
      <trkpt lat="43.441146" lon="6.898755">
        <ele>18.665504</ele>
        <time>2026-05-12T00:35:30.558Z</time>
      </trkpt>
      <trkpt lat="43.441193" lon="6.898664">
        <ele>18.753371</ele>
        <time>2026-05-12T00:35:32.266Z</time>
      </trkpt>
      <trkpt lat="43.441314" lon="6.898209">
        <ele>19.134628</ele>
        <time>2026-05-12T00:35:40.630Z</time>
      </trkpt>
      <trkpt lat="43.441381" lon="6.898105">
        <ele>19.244023</ele>
        <time>2026-05-12T00:35:43.138Z</time>
      </trkpt>
      <trkpt lat="43.441505" lon="6.898025">
        <ele>19.392408</ele>
        <time>2026-05-12T00:35:46.556Z</time>
      </trkpt>
      <trkpt lat="43.441824" lon="6.898070">
        <ele>19.704362</ele>
        <time>2026-05-12T00:35:54.859Z</time>
      </trkpt>
      <trkpt lat="43.441968" lon="6.898195">
        <ele>19.236108</ele>
        <time>2026-05-12T00:35:58.762Z</time>
      </trkpt>
      <trkpt lat="43.442480" lon="6.898788">
        <ele>17.395793</ele>
        <time>2026-05-12T00:36:05.576Z</time>
      </trkpt>
      <trkpt lat="43.442720" lon="6.899116">
        <ele>16.465682</ele>
        <time>2026-05-12T00:36:08.769Z</time>
      </trkpt>
      <trkpt lat="43.443142" lon="6.899955">
        <ele>14.735671</ele>
        <time>2026-05-12T00:36:15.921Z</time>
      </trkpt>
      <trkpt lat="43.443380" lon="6.900228">
        <ele>14.624729</ele>
        <time>2026-05-12T00:36:18.994Z</time>
      </trkpt>
      <trkpt lat="43.443527" lon="6.900523">
        <ele>14.531679</ele>
        <time>2026-05-12T00:36:21.677Z</time>
      </trkpt>
      <trkpt lat="43.443851" lon="6.901508">
        <ele>14.250452</ele>
        <time>2026-05-12T00:36:33.869Z</time>
      </trkpt>
      <trkpt lat="43.443872" lon="6.901631">
        <ele>14.217592</ele>
        <time>2026-05-12T00:36:36.239Z</time>
      </trkpt>
      <trkpt lat="43.443881" lon="6.902305">
        <ele>15.781806</ele>
        <time>2026-05-12T00:36:52.251Z</time>
      </trkpt>
      <trkpt lat="43.444070" lon="6.903066">
        <ele>19.389332</ele>
        <time>2026-05-12T00:37:14.119Z</time>
      </trkpt>
      <trkpt lat="43.444142" lon="6.903204">
        <ele>20.151551</ele>
        <time>2026-05-12T00:37:18.715Z</time>
      </trkpt>
      <trkpt lat="43.444226" lon="6.903274">
        <ele>20.758074</ele>
        <time>2026-05-12T00:37:22.512Z</time>
      </trkpt>
      <trkpt lat="43.444447" lon="6.903278">
        <ele>22.123478</ele>
        <time>2026-05-12T00:37:31.701Z</time>
      </trkpt>
      <trkpt lat="43.444582" lon="6.903352">
        <ele>23.021096</ele>
        <time>2026-05-12T00:37:38.898Z</time>
      </trkpt>
      <trkpt lat="43.444652" lon="6.903469">
        <ele>23.701097</ele>
        <time>2026-05-12T00:37:44.915Z</time>
      </trkpt>
      <trkpt lat="43.444717" lon="6.903860">
        <ele>25.271005</ele>
        <time>2026-05-12T00:38:02.523Z</time>
      </trkpt>
      <trkpt lat="43.444814" lon="6.903988">
        <ele>25.343077</ele>
        <time>2026-05-12T00:38:09.867Z</time>
      </trkpt>
      <trkpt lat="43.444931" lon="6.904045">
        <ele>25.409661</ele>
        <time>2026-05-12T00:38:15.501Z</time>
      </trkpt>
      <trkpt lat="43.445095" lon="6.904024">
        <ele>25.498029</ele>
        <time>2026-05-12T00:38:21.217Z</time>
      </trkpt>
      <trkpt lat="43.445223" lon="6.903924">
        <ele>25.576981</ele>
        <time>2026-05-12T00:38:24.879Z</time>
      </trkpt>
      <trkpt lat="43.445337" lon="6.903848">
        <ele>25.644932</ele>
        <time>2026-05-12T00:38:27.081Z</time>
      </trkpt>
      <trkpt lat="43.445492" lon="6.903803">
        <ele>25.729919</ele>
        <time>2026-05-12T00:38:29.086Z</time>
      </trkpt>
      <trkpt lat="43.445639" lon="6.903810">
        <ele>25.808834</ele>
        <time>2026-05-12T00:38:30.851Z</time>
      </trkpt>
      <trkpt lat="43.445726" lon="6.903857">
        <ele>25.858973</ele>
        <time>2026-05-12T00:38:31.982Z</time>
      </trkpt>
      <trkpt lat="43.445821" lon="6.904030">
        <ele>25.943465</ele>
        <time>2026-05-12T00:38:33.618Z</time>
      </trkpt>
      <trkpt lat="43.445858" lon="6.904294">
        <ele>26.048198</ele>
        <time>2026-05-12T00:38:35.590Z</time>
      </trkpt>
      <trkpt lat="43.445909" lon="6.904792">
        <ele>25.988172</ele>
        <time>2026-05-12T00:38:39.110Z</time>
      </trkpt>
      <trkpt lat="43.445909" lon="6.905027">
        <ele>25.296078</ele>
        <time>2026-05-12T00:38:40.634Z</time>
      </trkpt>
      <trkpt lat="43.445870" lon="6.905212">
        <ele>24.728735</ele>
        <time>2026-05-12T00:38:41.855Z</time>
      </trkpt>
      <trkpt lat="43.445851" lon="6.905438">
        <ele>24.058698</ele>
        <time>2026-05-12T00:38:43.274Z</time>
      </trkpt>
      <trkpt lat="43.445900" lon="6.905681">
        <ele>23.315953</ele>
        <time>2026-05-12T00:38:44.875Z</time>
      </trkpt>
      <trkpt lat="43.446016" lon="6.905856">
        <ele>22.618070</ele>
        <time>2026-05-12T00:38:46.457Z</time>
      </trkpt>
      <trkpt lat="43.446179" lon="6.905973">
        <ele>21.872470</ele>
        <time>2026-05-12T00:38:48.272Z</time>
      </trkpt>
      <trkpt lat="43.446281" lon="6.906111">
        <ele>21.292494</ele>
        <time>2026-05-12T00:38:49.792Z</time>
      </trkpt>
      <trkpt lat="43.446519" lon="6.906813">
        <ele>19.010755</ele>
        <time>2026-05-12T00:38:56.536Z</time>
      </trkpt>
      <trkpt lat="43.446534" lon="6.906915">
        <ele>19.079009</ele>
        <time>2026-05-12T00:38:57.829Z</time>
      </trkpt>
      <trkpt lat="43.446523" lon="6.907088">
        <ele>19.463878</ele>
        <time>2026-05-12T00:38:59.779Z</time>
      </trkpt>
      <trkpt lat="43.446459" lon="6.907279">
        <ele>19.930079</ele>
        <time>2026-05-12T00:39:01.964Z</time>
      </trkpt>
      <trkpt lat="43.446402" lon="6.907411">
        <ele>20.270449</ele>
        <time>2026-05-12T00:39:03.670Z</time>
      </trkpt>
      <trkpt lat="43.446373" lon="6.907517">
        <ele>20.521492</ele>
        <time>2026-05-12T00:39:05.190Z</time>
      </trkpt>
      <trkpt lat="43.446367" lon="6.907647">
        <ele>20.810179</ele>
        <time>2026-05-12T00:39:07.245Z</time>
      </trkpt>
      <trkpt lat="43.446368" lon="6.907660">
        <ele>20.839151</ele>
        <time>2026-05-12T00:39:07.537Z</time>
      </trkpt>
      <trkpt lat="43.446377" lon="6.907748">
        <ele>21.036102</ele>
        <time>2026-05-12T00:39:09.287Z</time>
      </trkpt>
      <trkpt lat="43.446409" lon="6.907849">
        <ele>21.280323</ele>
        <time>2026-05-12T00:39:11.507Z</time>
      </trkpt>
      <trkpt lat="43.446758" lon="6.908519">
        <ele>23.107810</ele>
        <time>2026-05-12T00:39:32.290Z</time>
      </trkpt>
      <trkpt lat="43.446815" lon="6.908591">
        <ele>23.343893</ele>
        <time>2026-05-12T00:39:35.086Z</time>
      </trkpt>
      <trkpt lat="43.446999" lon="6.908703">
        <ele>23.957960</ele>
        <time>2026-05-12T00:39:41.793Z</time>
      </trkpt>
      <trkpt lat="43.447108" lon="6.908693">
        <ele>24.291424</ele>
        <time>2026-05-12T00:39:45.720Z</time>
      </trkpt>
      <trkpt lat="43.447225" lon="6.908623">
        <ele>24.677050</ele>
        <time>2026-05-12T00:39:50.379Z</time>
      </trkpt>
      <trkpt lat="43.447279" lon="6.908619">
        <ele>24.839847</ele>
        <time>2026-05-12T00:39:52.322Z</time>
      </trkpt>
      <trkpt lat="43.447344" lon="6.908662">
        <ele>25.056922</ele>
        <time>2026-05-12T00:39:54.978Z</time>
      </trkpt>
      <trkpt lat="43.447392" lon="6.908734">
        <ele>25.270564</ele>
        <time>2026-05-12T00:39:57.538Z</time>
      </trkpt>
      <trkpt lat="43.447442" lon="6.908888">
        <ele>25.639266</ele>
        <time>2026-05-12T00:40:01.880Z</time>
      </trkpt>
      <trkpt lat="43.447555" lon="6.909448">
        <ele>26.909582</ele>
        <time>2026-05-12T00:40:16.706Z</time>
      </trkpt>
      <trkpt lat="43.447774" lon="6.910327">
        <ele>28.940672</ele>
        <time>2026-05-12T00:40:31.895Z</time>
      </trkpt>
      <trkpt lat="43.447864" lon="6.911276">
        <ele>30.122204</ele>
        <time>2026-05-12T00:40:42.205Z</time>
      </trkpt>
      <trkpt lat="43.447969" lon="6.911783">
        <ele>30.407156</ele>
        <time>2026-05-12T00:40:48.449Z</time>
      </trkpt>
      <trkpt lat="43.448235" lon="6.912554">
        <ele>30.868519</ele>
        <time>2026-05-12T00:40:59.447Z</time>
      </trkpt>
      <trkpt lat="43.448226" lon="6.913047">
        <ele>31.135056</ele>
        <time>2026-05-12T00:41:06.684Z</time>
      </trkpt>
      <trkpt lat="43.448234" lon="6.913163">
        <ele>31.197519</ele>
        <time>2026-05-12T00:41:08.458Z</time>
      </trkpt>
      <trkpt lat="43.448288" lon="6.913363">
        <ele>31.311194</ele>
        <time>2026-05-12T00:41:11.702Z</time>
      </trkpt>
      <trkpt lat="43.448624" lon="6.914131">
        <ele>31.788875</ele>
        <time>2026-05-12T00:41:24.696Z</time>
      </trkpt>
      <trkpt lat="43.448697" lon="6.914239">
        <ele>31.867485</ele>
        <time>2026-05-12T00:41:26.748Z</time>
      </trkpt>
      <trkpt lat="43.448964" lon="6.914495">
        <ele>32.106198</ele>
        <time>2026-05-12T00:41:32.444Z</time>
      </trkpt>
      <trkpt lat="43.449163" lon="6.914797">
        <ele>32.323467</ele>
        <time>2026-05-12T00:41:37.550Z</time>
      </trkpt>
      <trkpt lat="43.449289" lon="6.915131">
        <ele>32.333612</ele>
        <time>2026-05-12T00:41:41.817Z</time>
      </trkpt>
      <trkpt lat="43.449314" lon="6.915508">
        <ele>31.620702</ele>
        <time>2026-05-12T00:41:45.388Z</time>
      </trkpt>
      <trkpt lat="43.449366" lon="6.915713">
        <ele>31.211767</ele>
        <time>2026-05-12T00:41:47.238Z</time>
      </trkpt>
      <trkpt lat="43.449476" lon="6.915870">
        <ele>30.800879</ele>
        <time>2026-05-12T00:41:48.952Z</time>
      </trkpt>
      <trkpt lat="43.449665" lon="6.916017">
        <ele>30.237866</ele>
        <time>2026-05-12T00:41:51.164Z</time>
      </trkpt>
      <trkpt lat="43.449780" lon="6.916169">
        <ele>29.824443</ele>
        <time>2026-05-12T00:41:52.736Z</time>
      </trkpt>
      <trkpt lat="43.449833" lon="6.916422">
        <ele>29.328567</ele>
        <time>2026-05-12T00:41:54.593Z</time>
      </trkpt>
      <trkpt lat="43.449796" lon="6.916660">
        <ele>28.870215</ele>
        <time>2026-05-12T00:41:56.311Z</time>
      </trkpt>
      <trkpt lat="43.449688" lon="6.916891">
        <ele>28.352804</ele>
        <time>2026-05-12T00:41:58.246Z</time>
      </trkpt>
      <trkpt lat="43.449576" lon="6.917054">
        <ele>27.930164</ele>
        <time>2026-05-12T00:41:59.836Z</time>
      </trkpt>
      <trkpt lat="43.449443" lon="6.917326">
        <ele>27.251580</ele>
        <time>2026-05-12T00:42:02.166Z</time>
      </trkpt>
      <trkpt lat="43.449416" lon="6.917451">
        <ele>26.976243</ele>
        <time>2026-05-12T00:42:03.117Z</time>
      </trkpt>
      <trkpt lat="43.449403" lon="6.917589">
        <ele>26.682451</ele>
        <time>2026-05-12T00:42:04.144Z</time>
      </trkpt>
      <trkpt lat="43.449424" lon="6.917978">
        <ele>25.858915</ele>
        <time>2026-05-12T00:42:07.127Z</time>
      </trkpt>
      <trkpt lat="43.449455" lon="6.918170">
        <ele>25.443655</ele>
        <time>2026-05-12T00:42:08.586Z</time>
      </trkpt>
      <trkpt lat="43.449508" lon="6.918301">
        <ele>25.127037</ele>
        <time>2026-05-12T00:42:09.683Z</time>
      </trkpt>
      <trkpt lat="43.449656" lon="6.918429">
        <ele>24.618833</ele>
        <time>2026-05-12T00:42:11.471Z</time>
      </trkpt>
      <trkpt lat="43.449762" lon="6.918446">
        <ele>24.308492</ele>
        <time>2026-05-12T00:42:12.584Z</time>
      </trkpt>
      <trkpt lat="43.449844" lon="6.918425">
        <ele>24.065941</ele>
        <time>2026-05-12T00:42:13.470Z</time>
      </trkpt>
      <trkpt lat="43.450131" lon="6.918241">
        <ele>23.145342</ele>
        <time>2026-05-12T00:42:16.862Z</time>
      </trkpt>
      <trkpt lat="43.450262" lon="6.918245">
        <ele>22.764287</ele>
        <time>2026-05-12T00:42:18.267Z</time>
      </trkpt>
      <trkpt lat="43.450371" lon="6.918314">
        <ele>22.557722</ele>
        <time>2026-05-12T00:42:19.530Z</time>
      </trkpt>
      <trkpt lat="43.450958" lon="6.918935">
        <ele>22.203314</ele>
        <time>2026-05-12T00:42:27.548Z</time>
      </trkpt>
      <trkpt lat="43.451380" lon="6.919806">
        <ele>21.839302</ele>
        <time>2026-05-12T00:42:38.373Z</time>
      </trkpt>
      <trkpt lat="43.451494" lon="6.919926">
        <ele>21.770601</ele>
        <time>2026-05-12T00:42:42.237Z</time>
      </trkpt>
      <trkpt lat="43.451709" lon="6.920056">
        <ele>21.831014</ele>
        <time>2026-05-12T00:42:48.710Z</time>
      </trkpt>
      <trkpt lat="43.451815" lon="6.920089">
        <ele>21.914551</ele>
        <time>2026-05-12T00:42:51.603Z</time>
      </trkpt>
      <trkpt lat="43.451957" lon="6.920063">
        <ele>22.024668</ele>
        <time>2026-05-12T00:42:55.327Z</time>
      </trkpt>
      <trkpt lat="43.452242" lon="6.919864">
        <ele>22.270286</ele>
        <time>2026-05-12T00:43:03.306Z</time>
      </trkpt>
      <trkpt lat="43.452436" lon="6.919788">
        <ele>22.425329</ele>
        <time>2026-05-12T00:43:08.060Z</time>
      </trkpt>
      <trkpt lat="43.452471" lon="6.919786">
        <ele>22.452257</ele>
        <time>2026-05-12T00:43:08.850Z</time>
      </trkpt>
      <trkpt lat="43.452681" lon="6.919827">
        <ele>22.615298</ele>
        <time>2026-05-12T00:43:13.406Z</time>
      </trkpt>
      <trkpt lat="43.453595" lon="6.920173">
        <ele>23.143281</ele>
        <time>2026-05-12T00:43:24.389Z</time>
      </trkpt>
      <trkpt lat="43.453897" lon="6.920294">
        <ele>23.180182</ele>
        <time>2026-05-12T00:43:27.542Z</time>
      </trkpt>
      <trkpt lat="43.453982" lon="6.920357">
        <ele>23.191507</ele>
        <time>2026-05-12T00:43:28.598Z</time>
      </trkpt>
      <trkpt lat="43.454230" lon="6.920748">
        <ele>23.235730</ele>
        <time>2026-05-12T00:43:33.675Z</time>
      </trkpt>
      <trkpt lat="43.454619" lon="6.921124">
        <ele>23.291484</ele>
        <time>2026-05-12T00:43:44.032Z</time>
      </trkpt>
      <trkpt lat="43.454763" lon="6.921199">
        <ele>23.309547</ele>
        <time>2026-05-12T00:43:47.781Z</time>
      </trkpt>
      <trkpt lat="43.454947" lon="6.921232">
        <ele>23.772096</ele>
        <time>2026-05-12T00:43:52.623Z</time>
      </trkpt>
      <trkpt lat="43.455666" lon="6.921359">
        <ele>26.708056</ele>
        <time>2026-05-12T00:44:16.835Z</time>
      </trkpt>
      <trkpt lat="43.455788" lon="6.921381">
        <ele>27.206400</ele>
        <time>2026-05-12T00:44:21.658Z</time>
      </trkpt>
      <trkpt lat="43.456142" lon="6.921397">
        <ele>28.640954</ele>
        <time>2026-05-12T00:44:34.824Z</time>
      </trkpt>
      <trkpt lat="43.456277" lon="6.921302">
        <ele>29.254943</ele>
        <time>2026-05-12T00:44:40.085Z</time>
      </trkpt>
      <trkpt lat="43.456323" lon="6.921236">
        <ele>29.523950</ele>
        <time>2026-05-12T00:44:42.277Z</time>
      </trkpt>
      <trkpt lat="43.456375" lon="6.921113">
        <ele>29.942437</ele>
        <time>2026-05-12T00:44:45.617Z</time>
      </trkpt>
      <trkpt lat="43.456494" lon="6.920301">
        <ele>29.738840</ele>
        <time>2026-05-12T00:45:00.431Z</time>
      </trkpt>
      <trkpt lat="43.456544" lon="6.920121">
        <ele>29.462918</ele>
        <time>2026-05-12T00:45:02.721Z</time>
      </trkpt>
      <trkpt lat="43.456651" lon="6.919924">
        <ele>29.110671</ele>
        <time>2026-05-12T00:45:05.054Z</time>
      </trkpt>
      <trkpt lat="43.456866" lon="6.919707">
        <ele>28.585009</ele>
        <time>2026-05-12T00:45:07.926Z</time>
      </trkpt>
      <trkpt lat="43.457184" lon="6.919609">
        <ele>27.942330</ele>
        <time>2026-05-12T00:45:11.035Z</time>
      </trkpt>
      <trkpt lat="43.457693" lon="6.919568">
        <ele>26.818049</ele>
        <time>2026-05-12T00:45:15.718Z</time>
      </trkpt>
      <trkpt lat="43.458321" lon="6.919659">
        <ele>24.330193</ele>
        <time>2026-05-12T00:45:21.369Z</time>
      </trkpt>
      <trkpt lat="43.458361" lon="6.919675">
        <ele>24.166092</ele>
        <time>2026-05-12T00:45:21.752Z</time>
      </trkpt>
      <trkpt lat="43.458430" lon="6.919720">
        <ele>23.865322</ele>
        <time>2026-05-12T00:45:22.444Z</time>
      </trkpt>
      <trkpt lat="43.458474" lon="6.919767">
        <ele>23.645965</ele>
        <time>2026-05-12T00:45:22.956Z</time>
      </trkpt>
      <trkpt lat="43.458517" lon="6.919820">
        <ele>23.418646</ele>
        <time>2026-05-12T00:45:23.496Z</time>
      </trkpt>
      <trkpt lat="43.458559" lon="6.919889">
        <ele>23.161122</ele>
        <time>2026-05-12T00:45:24.097Z</time>
      </trkpt>
      <trkpt lat="43.458682" lon="6.920177">
        <ele>22.205512</ele>
        <time>2026-05-12T00:45:26.452Z</time>
      </trkpt>
      <trkpt lat="43.458809" lon="6.920631">
        <ele>20.814087</ele>
        <time>2026-05-12T00:45:30.412Z</time>
      </trkpt>
      <trkpt lat="43.458912" lon="6.920874">
        <ele>20.009351</ele>
        <time>2026-05-12T00:45:34.094Z</time>
      </trkpt>
      <trkpt lat="43.459337" lon="6.921213">
        <ele>21.048145</ele>
        <time>2026-05-12T00:45:45.024Z</time>
      </trkpt>
      <trkpt lat="43.459579" lon="6.921269">
        <ele>21.598553</ele>
        <time>2026-05-12T00:45:51.075Z</time>
      </trkpt>
      <trkpt lat="43.460144" lon="6.921127">
        <ele>22.886761</ele>
        <time>2026-05-12T00:46:06.802Z</time>
      </trkpt>
      <trkpt lat="43.460243" lon="6.921125">
        <ele>23.108841</ele>
        <time>2026-05-12T00:46:09.458Z</time>
      </trkpt>
      <trkpt lat="43.460371" lon="6.921171">
        <ele>23.405552</ele>
        <time>2026-05-12T00:46:13.129Z</time>
      </trkpt>
      <trkpt lat="43.460595" lon="6.921400">
        <ele>23.998111</ele>
        <time>2026-05-12T00:46:20.874Z</time>
      </trkpt>
      <trkpt lat="43.460780" lon="6.921673">
        <ele>23.873855</ele>
        <time>2026-05-12T00:46:28.655Z</time>
      </trkpt>
      <trkpt lat="43.460917" lon="6.921949">
        <ele>23.762613</ele>
        <time>2026-05-12T00:46:34.347Z</time>
      </trkpt>
      <trkpt lat="43.461057" lon="6.922023">
        <ele>23.693883</ele>
        <time>2026-05-12T00:46:36.885Z</time>
      </trkpt>
      <trkpt lat="43.461213" lon="6.921992">
        <ele>23.621640</ele>
        <time>2026-05-12T00:46:38.933Z</time>
      </trkpt>
      <trkpt lat="43.461285" lon="6.921932">
        <ele>23.583072</ele>
        <time>2026-05-12T00:46:39.916Z</time>
      </trkpt>
      <trkpt lat="43.461338" lon="6.921841">
        <ele>23.544255</ele>
        <time>2026-05-12T00:46:40.890Z</time>
      </trkpt>
      <trkpt lat="43.461453" lon="6.921435">
        <ele>23.399263</ele>
        <time>2026-05-12T00:46:44.245Z</time>
      </trkpt>
      <trkpt lat="43.461567" lon="6.921378">
        <ele>23.343676</ele>
        <time>2026-05-12T00:46:45.477Z</time>
      </trkpt>
      <trkpt lat="43.462144" lon="6.921460">
        <ele>22.546404</ele>
        <time>2026-05-12T00:46:51.662Z</time>
      </trkpt>
      <trkpt lat="43.462680" lon="6.921557">
        <ele>21.001455</ele>
        <time>2026-05-12T00:46:56.884Z</time>
      </trkpt>
      <trkpt lat="43.462853" lon="6.921616">
        <ele>20.492131</ele>
        <time>2026-05-12T00:46:58.570Z</time>
      </trkpt>
      <trkpt lat="43.462963" lon="6.921710">
        <ele>20.122212</ele>
        <time>2026-05-12T00:46:59.856Z</time>
      </trkpt>
      <trkpt lat="43.463054" lon="6.921848">
        <ele>19.735470</ele>
        <time>2026-05-12T00:47:01.294Z</time>
      </trkpt>
      <trkpt lat="43.463101" lon="6.922053">
        <ele>19.289537</ele>
        <time>2026-05-12T00:47:03.102Z</time>
      </trkpt>
      <trkpt lat="43.463180" lon="6.922456">
        <ele>18.423662</ele>
        <time>2026-05-12T00:47:06.673Z</time>
      </trkpt>
      <trkpt lat="43.463227" lon="6.922549">
        <ele>18.188601</ele>
        <time>2026-05-12T00:47:07.593Z</time>
      </trkpt>
      <trkpt lat="43.463377" lon="6.922685">
        <ele>17.957256</ele>
        <time>2026-05-12T00:47:09.660Z</time>
      </trkpt>
      <trkpt lat="43.463531" lon="6.922706">
        <ele>17.857711</ele>
        <time>2026-05-12T00:47:11.487Z</time>
      </trkpt>
      <trkpt lat="43.463588" lon="6.922688">
        <ele>17.820096</ele>
        <time>2026-05-12T00:47:12.134Z</time>
      </trkpt>
      <trkpt lat="43.463759" lon="6.922617">
        <ele>17.705214</ele>
        <time>2026-05-12T00:47:14.167Z</time>
      </trkpt>
      <trkpt lat="43.463833" lon="6.922587">
        <ele>17.655596</ele>
        <time>2026-05-12T00:47:15.051Z</time>
      </trkpt>
      <trkpt lat="43.463853" lon="6.922582">
        <ele>17.642521</ele>
        <time>2026-05-12T00:47:15.280Z</time>
      </trkpt>
      <trkpt lat="43.463976" lon="6.922588">
        <ele>17.563352</ele>
        <time>2026-05-12T00:47:16.736Z</time>
      </trkpt>
      <trkpt lat="43.464330" lon="6.922725">
        <ele>17.326829</ele>
        <time>2026-05-12T00:47:21.900Z</time>
      </trkpt>
      <trkpt lat="43.464686" lon="6.922856">
        <ele>17.089806</ele>
        <time>2026-05-12T00:47:28.112Z</time>
      </trkpt>
      <trkpt lat="43.465197" lon="6.922968">
        <ele>17.159404</ele>
        <time>2026-05-12T00:47:34.255Z</time>
      </trkpt>
      <trkpt lat="43.465594" lon="6.923196">
        <ele>17.772262</ele>
        <time>2026-05-12T00:47:43.356Z</time>
      </trkpt>
      <trkpt lat="43.465898" lon="6.923308">
        <ele>18.220648</ele>
        <time>2026-05-12T00:47:51.332Z</time>
      </trkpt>
      <trkpt lat="43.466042" lon="6.923424">
        <ele>18.458328</ele>
        <time>2026-05-12T00:47:55.391Z</time>
      </trkpt>
      <trkpt lat="43.466408" lon="6.923743">
        <ele>19.075423</ele>
        <time>2026-05-12T00:48:05.276Z</time>
      </trkpt>
      <trkpt lat="43.466706" lon="6.923864">
        <ele>19.469096</ele>
        <time>2026-05-12T00:48:11.540Z</time>
      </trkpt>
      <trkpt lat="43.466850" lon="6.923835">
        <ele>19.537423</ele>
        <time>2026-05-12T00:48:14.466Z</time>
      </trkpt>
      <trkpt lat="43.467157" lon="6.923589">
        <ele>19.704164</ele>
        <time>2026-05-12T00:48:21.837Z</time>
      </trkpt>
      <trkpt lat="43.467316" lon="6.923571">
        <ele>19.779068</ele>
        <time>2026-05-12T00:48:24.832Z</time>
      </trkpt>
      <trkpt lat="43.467429" lon="6.923633">
        <ele>19.836173</ele>
        <time>2026-05-12T00:48:26.912Z</time>
      </trkpt>
      <trkpt lat="43.467631" lon="6.923896">
        <ele>19.966657</ele>
        <time>2026-05-12T00:48:31.187Z</time>
      </trkpt>
      <trkpt lat="43.467754" lon="6.923974">
        <ele>20.030229</ele>
        <time>2026-05-12T00:48:33.079Z</time>
      </trkpt>
      <trkpt lat="43.467830" lon="6.923989">
        <ele>20.066276</ele>
        <time>2026-05-12T00:48:34.064Z</time>
      </trkpt>
      <trkpt lat="43.467966" lon="6.923946">
        <ele>20.131788</ele>
        <time>2026-05-12T00:48:35.838Z</time>
      </trkpt>
      <trkpt lat="43.468223" lon="6.923671">
        <ele>20.284564</ele>
        <time>2026-05-12T00:48:40.079Z</time>
      </trkpt>
      <trkpt lat="43.468334" lon="6.923589">
        <ele>20.192526</ele>
        <time>2026-05-12T00:48:41.823Z</time>
      </trkpt>
      <trkpt lat="43.468712" lon="6.923505">
        <ele>19.870956</ele>
        <time>2026-05-12T00:48:47.447Z</time>
      </trkpt>
      <trkpt lat="43.468854" lon="6.923440">
        <ele>19.745287</ele>
        <time>2026-05-12T00:48:49.721Z</time>
      </trkpt>
      <trkpt lat="43.468989" lon="6.923315">
        <ele>19.608684</ele>
        <time>2026-05-12T00:48:52.138Z</time>
      </trkpt>
      <trkpt lat="43.469155" lon="6.923016">
        <ele>19.379225</ele>
        <time>2026-05-12T00:48:55.920Z</time>
      </trkpt>
      <trkpt lat="43.469478" lon="6.922378">
        <ele>18.905078</ele>
        <time>2026-05-12T00:49:02.703Z</time>
      </trkpt>
      <trkpt lat="43.469585" lon="6.922267">
        <ele>18.792591</ele>
        <time>2026-05-12T00:49:04.179Z</time>
      </trkpt>
      <trkpt lat="43.469744" lon="6.922208">
        <ele>18.237692</ele>
        <time>2026-05-12T00:49:05.970Z</time>
      </trkpt>
      <trkpt lat="43.469987" lon="6.922281">
        <ele>17.330318</ele>
        <time>2026-05-12T00:49:08.563Z</time>
      </trkpt>
      <trkpt lat="43.471772" lon="6.923351">
        <ele>11.513982</ele>
        <time>2026-05-12T00:49:27.347Z</time>
      </trkpt>
      <trkpt lat="43.471968" lon="6.923446">
        <ele>11.246041</ele>
        <time>2026-05-12T00:49:29.538Z</time>
      </trkpt>
      <trkpt lat="43.472260" lon="6.923485">
        <ele>10.867715</ele>
        <time>2026-05-12T00:49:33.491Z</time>
      </trkpt>
      <trkpt lat="43.472910" lon="6.923380">
        <ele>10.023739</ele>
        <time>2026-05-12T00:49:46.728Z</time>
      </trkpt>
      <trkpt lat="43.473478" lon="6.923277">
        <ele>9.811215</ele>
        <time>2026-05-12T00:49:56.526Z</time>
      </trkpt>
      <trkpt lat="43.473560" lon="6.923321">
        <ele>9.795265</ele>
        <time>2026-05-12T00:49:57.953Z</time>
      </trkpt>
      <trkpt lat="43.473758" lon="6.923548">
        <ele>9.748579</ele>
        <time>2026-05-12T00:50:01.952Z</time>
      </trkpt>
      <trkpt lat="43.473870" lon="6.923685">
        <ele>9.721434</ele>
        <time>2026-05-12T00:50:04.945Z</time>
      </trkpt>
      <trkpt lat="43.473994" lon="6.923911">
        <ele>9.684167</ele>
        <time>2026-05-12T00:50:09.201Z</time>
      </trkpt>
      <trkpt lat="43.474139" lon="6.924600">
        <ele>9.589805</ele>
        <time>2026-05-12T00:50:15.053Z</time>
      </trkpt>
      <trkpt lat="43.474177" lon="6.924723">
        <ele>9.572221</ele>
        <time>2026-05-12T00:50:16.020Z</time>
      </trkpt>
      <trkpt lat="43.474204" lon="6.924789">
        <ele>9.520168</ele>
        <time>2026-05-12T00:50:16.571Z</time>
      </trkpt>
      <trkpt lat="43.474235" lon="6.924851">
        <ele>9.464011</ele>
        <time>2026-05-12T00:50:17.123Z</time>
      </trkpt>
      <trkpt lat="43.474375" lon="6.925083">
        <ele>9.238961</ele>
        <time>2026-05-12T00:50:19.447Z</time>
      </trkpt>
      <trkpt lat="43.474544" lon="6.925440">
        <ele>8.921045</ele>
        <time>2026-05-12T00:50:23.192Z</time>
      </trkpt>
      <trkpt lat="43.474633" lon="6.925957">
        <ele>8.524737</ele>
        <time>2026-05-12T00:50:28.072Z</time>
      </trkpt>
      <trkpt lat="43.474678" lon="6.926102">
        <ele>8.407114</ele>
        <time>2026-05-12T00:50:29.707Z</time>
      </trkpt>
      <trkpt lat="43.474824" lon="6.926340">
        <ele>8.174674</ele>
        <time>2026-05-12T00:50:32.677Z</time>
      </trkpt>
      <trkpt lat="43.475124" lon="6.926624">
        <ele>7.800586</ele>
        <time>2026-05-12T00:50:37.085Z</time>
      </trkpt>
      <trkpt lat="43.475169" lon="6.926698">
        <ele>7.728577</ele>
        <time>2026-05-12T00:50:37.973Z</time>
      </trkpt>
      <trkpt lat="43.475199" lon="6.926823">
        <ele>7.792019</ele>
        <time>2026-05-12T00:50:39.519Z</time>
      </trkpt>
      <trkpt lat="43.475200" lon="6.926977">
        <ele>7.878436</ele>
        <time>2026-05-12T00:50:41.298Z</time>
      </trkpt>
      <trkpt lat="43.475165" lon="6.927111">
        <ele>7.958349</ele>
        <time>2026-05-12T00:50:42.553Z</time>
      </trkpt>
      <trkpt lat="43.474894" lon="6.927710">
        <ele>8.354438</ele>
        <time>2026-05-12T00:50:50.338Z</time>
      </trkpt>
      <trkpt lat="43.474853" lon="6.927840">
        <ele>8.433976</ele>
        <time>2026-05-12T00:50:51.558Z</time>
      </trkpt>
      <trkpt lat="43.474853" lon="6.927981">
        <ele>8.513096</ele>
        <time>2026-05-12T00:50:52.901Z</time>
      </trkpt>
      <trkpt lat="43.474891" lon="6.928117">
        <ele>8.594871</ele>
        <time>2026-05-12T00:50:54.421Z</time>
      </trkpt>
      <trkpt lat="43.475011" lon="6.928312">
        <ele>8.738338</ele>
        <time>2026-05-12T00:50:57.653Z</time>
      </trkpt>
      <trkpt lat="43.475024" lon="6.928388">
        <ele>8.782152</ele>
        <time>2026-05-12T00:50:58.704Z</time>
      </trkpt>
      <trkpt lat="43.475009" lon="6.928916">
        <ele>9.078656</ele>
        <time>2026-05-12T00:51:08.262Z</time>
      </trkpt>
      <trkpt lat="43.475039" lon="6.929151">
        <ele>9.635687</ele>
        <time>2026-05-12T00:51:12.708Z</time>
      </trkpt>
      <trkpt lat="43.475133" lon="6.929304">
        <ele>10.228393</ele>
        <time>2026-05-12T00:51:16.895Z</time>
      </trkpt>
      <trkpt lat="43.475209" lon="6.929378">
        <ele>10.607533</ele>
        <time>2026-05-12T00:51:19.823Z</time>
      </trkpt>
      <trkpt lat="43.475269" lon="6.929397">
        <ele>10.858359</ele>
        <time>2026-05-12T00:51:21.866Z</time>
      </trkpt>
      <trkpt lat="43.475591" lon="6.929244">
        <ele>12.246067</ele>
        <time>2026-05-12T00:51:35.428Z</time>
      </trkpt>
      <trkpt lat="43.475901" lon="6.929088">
        <ele>13.590664</ele>
        <time>2026-05-12T00:51:50.620Z</time>
      </trkpt>
      <trkpt lat="43.476356" lon="6.928848">
        <ele>15.575610</ele>
        <time>2026-05-12T00:52:09.120Z</time>
      </trkpt>
      <trkpt lat="43.476501" lon="6.928784">
        <ele>16.195939</ele>
        <time>2026-05-12T00:52:12.446Z</time>
      </trkpt>
      <trkpt lat="43.476650" lon="6.928758">
        <ele>16.153556</ele>
        <time>2026-05-12T00:52:14.497Z</time>
      </trkpt>
      <trkpt lat="43.476858" lon="6.928847">
        <ele>15.455863</ele>
        <time>2026-05-12T00:52:16.904Z</time>
      </trkpt>
      <trkpt lat="43.477089" lon="6.929058">
        <ele>14.568077</ele>
        <time>2026-05-12T00:52:19.692Z</time>
      </trkpt>
      <trkpt lat="43.477177" lon="6.929273">
        <ele>13.994274</ele>
        <time>2026-05-12T00:52:21.420Z</time>
      </trkpt>
      <trkpt lat="43.477222" lon="6.929511">
        <ele>13.422556</ele>
        <time>2026-05-12T00:52:23.088Z</time>
      </trkpt>
      <trkpt lat="43.477246" lon="6.929665">
        <ele>13.056411</ele>
        <time>2026-05-12T00:52:24.129Z</time>
      </trkpt>
      <trkpt lat="43.477260" lon="6.930453">
        <ele>11.224109</ele>
        <time>2026-05-12T00:52:29.210Z</time>
      </trkpt>
      <trkpt lat="43.477307" lon="6.930600">
        <ele>10.850700</ele>
        <time>2026-05-12T00:52:30.304Z</time>
      </trkpt>
      <trkpt lat="43.477533" lon="6.930872">
        <ele>11.921265</ele>
        <time>2026-05-12T00:52:33.528Z</time>
      </trkpt>
      <trkpt lat="43.477597" lon="6.931496">
        <ele>14.222802</ele>
        <time>2026-05-12T00:52:47.556Z</time>
      </trkpt>
      <trkpt lat="43.477659" lon="6.931640">
        <ele>14.834304</ele>
        <time>2026-05-12T00:52:52.768Z</time>
      </trkpt>
      <trkpt lat="43.477759" lon="6.931730">
        <ele>15.435411</ele>
        <time>2026-05-12T00:52:58.449Z</time>
      </trkpt>
      <trkpt lat="43.477862" lon="6.931753">
        <ele>15.960556</ele>
        <time>2026-05-12T00:53:03.677Z</time>
      </trkpt>
      <trkpt lat="43.477958" lon="6.931720">
        <ele>16.458514</ele>
        <time>2026-05-12T00:53:08.723Z</time>
      </trkpt>
      <trkpt lat="43.478071" lon="6.931549">
        <ele>17.303163</ele>
        <time>2026-05-12T00:53:17.383Z</time>
      </trkpt>
      <trkpt lat="43.478088" lon="6.931325">
        <ele>18.125680</ele>
        <time>2026-05-12T00:53:26.107Z</time>
      </trkpt>
      <trkpt lat="43.478064" lon="6.931023">
        <ele>19.235187</ele>
        <time>2026-05-12T00:53:37.947Z</time>
      </trkpt>
      <trkpt lat="43.478076" lon="6.930915">
        <ele>19.634204</ele>
        <time>2026-05-12T00:53:42.303Z</time>
      </trkpt>
      <trkpt lat="43.478139" lon="6.930760">
        <ele>20.096016</ele>
        <time>2026-05-12T00:53:49.159Z</time>
      </trkpt>
      <trkpt lat="43.478219" lon="6.930690">
        <ele>20.411074</ele>
        <time>2026-05-12T00:53:54.194Z</time>
      </trkpt>
      <trkpt lat="43.478513" lon="6.930581">
        <ele>21.423284</ele>
        <time>2026-05-12T00:54:08.757Z</time>
      </trkpt>
      <trkpt lat="43.478616" lon="6.930512">
        <ele>21.804041</ele>
        <time>2026-05-12T00:54:13.273Z</time>
      </trkpt>
      <trkpt lat="43.478713" lon="6.930402">
        <ele>22.221684</ele>
        <time>2026-05-12T00:54:17.604Z</time>
      </trkpt>
      <trkpt lat="43.478840" lon="6.929955">
        <ele>23.379780</ele>
        <time>2026-05-12T00:54:26.543Z</time>
      </trkpt>
      <trkpt lat="43.478899" lon="6.929886">
        <ele>23.637047</ele>
        <time>2026-05-12T00:54:27.879Z</time>
      </trkpt>
      <trkpt lat="43.478977" lon="6.929863">
        <ele>23.902242</ele>
        <time>2026-05-12T00:54:29.172Z</time>
      </trkpt>
      <trkpt lat="43.479292" lon="6.929875">
        <ele>24.949916</ele>
        <time>2026-05-12T00:54:33.107Z</time>
      </trkpt>
      <trkpt lat="43.479749" lon="6.930095">
        <ele>24.545571</ele>
        <time>2026-05-12T00:54:38.374Z</time>
      </trkpt>
      <trkpt lat="43.480021" lon="6.930125">
        <ele>23.296822</ele>
        <time>2026-05-12T00:54:41.151Z</time>
      </trkpt>
      <trkpt lat="43.480189" lon="6.930136">
        <ele>22.527127</ele>
        <time>2026-05-12T00:54:42.821Z</time>
      </trkpt>
      <trkpt lat="43.480289" lon="6.930144">
        <ele>22.068721</ele>
        <time>2026-05-12T00:54:43.799Z</time>
      </trkpt>
      <trkpt lat="43.480666" lon="6.930167">
        <ele>20.341745</ele>
        <time>2026-05-12T00:54:47.317Z</time>
      </trkpt>
      <trkpt lat="43.481055" lon="6.930203">
        <ele>18.557533</ele>
        <time>2026-05-12T00:54:50.837Z</time>
      </trkpt>
      <trkpt lat="43.481373" lon="6.930228">
        <ele>17.155761</ele>
        <time>2026-05-12T00:54:53.691Z</time>
      </trkpt>
      <trkpt lat="43.481448" lon="6.930234">
        <ele>16.862398</ele>
        <time>2026-05-12T00:54:54.365Z</time>
      </trkpt>
      <trkpt lat="43.481712" lon="6.930280">
        <ele>15.823290</ele>
        <time>2026-05-12T00:54:56.785Z</time>
      </trkpt>
      <trkpt lat="43.481802" lon="6.930333">
        <ele>15.441107</ele>
        <time>2026-05-12T00:54:57.700Z</time>
      </trkpt>
      <trkpt lat="43.482005" lon="6.930565">
        <ele>14.411312</ele>
        <time>2026-05-12T00:55:00.213Z</time>
      </trkpt>
      <trkpt lat="43.482179" lon="6.930713">
        <ele>13.612871</ele>
        <time>2026-05-12T00:55:02.251Z</time>
      </trkpt>
      <trkpt lat="43.482380" lon="6.930731">
        <ele>12.826325</ele>
        <time>2026-05-12T00:55:04.341Z</time>
      </trkpt>
      <trkpt lat="43.482709" lon="6.930663">
        <ele>11.527236</ele>
        <time>2026-05-12T00:55:08.208Z</time>
      </trkpt>
      <trkpt lat="43.482860" lon="6.930569">
        <ele>10.880231</ele>
        <time>2026-05-12T00:55:10.013Z</time>
      </trkpt>
      <trkpt lat="43.482996" lon="6.930336">
        <ele>10.161591</ele>
        <time>2026-05-12T00:55:12.331Z</time>
      </trkpt>
      <trkpt lat="43.483055" lon="6.929998">
        <ele>9.475279</ele>
        <time>2026-05-12T00:55:15.162Z</time>
      </trkpt>
      <trkpt lat="43.483087" lon="6.929920">
        <ele>9.298383</ele>
        <time>2026-05-12T00:55:15.996Z</time>
      </trkpt>
      <trkpt lat="43.483185" lon="6.929811">
        <ele>8.955742</ele>
        <time>2026-05-12T00:55:17.447Z</time>
      </trkpt>
      <trkpt lat="43.483352" lon="6.929783">
        <ele>8.498012</ele>
        <time>2026-05-12T00:55:19.329Z</time>
      </trkpt>
      <trkpt lat="43.483743" lon="6.929913">
        <ele>7.403645</ele>
        <time>2026-05-12T00:55:23.474Z</time>
      </trkpt>
      <trkpt lat="43.483899" lon="6.929971">
        <ele>6.964022</ele>
        <time>2026-05-12T00:55:25.055Z</time>
      </trkpt>
      <trkpt lat="43.484023" lon="6.930070">
        <ele>6.574117</ele>
        <time>2026-05-12T00:55:26.420Z</time>
      </trkpt>
      <trkpt lat="43.484063" lon="6.930114">
        <ele>6.434870</ele>
        <time>2026-05-12T00:55:26.928Z</time>
      </trkpt>
      <trkpt lat="43.484112" lon="6.930209">
        <ele>6.204767</ele>
        <time>2026-05-12T00:55:27.718Z</time>
      </trkpt>
      <trkpt lat="43.484187" lon="6.930466">
        <ele>5.657912</ele>
        <time>2026-05-12T00:55:29.621Z</time>
      </trkpt>
      <trkpt lat="43.484527" lon="6.931624">
        <ele>4.829771</ele>
        <time>2026-05-12T00:55:39.599Z</time>
      </trkpt>
      <trkpt lat="43.484759" lon="6.932428">
        <ele>4.301425</ele>
        <time>2026-05-12T00:55:48.709Z</time>
      </trkpt>
      <trkpt lat="43.484876" lon="6.933123">
        <ele>4.455961</ele>
        <time>2026-05-12T00:55:59.750Z</time>
      </trkpt>
      <trkpt lat="43.484921" lon="6.933243">
        <ele>4.638296</ele>
        <time>2026-05-12T00:56:02.287Z</time>
      </trkpt>
      <trkpt lat="43.485157" lon="6.933620">
        <ele>5.310407</ele>
        <time>2026-05-12T00:56:11.293Z</time>
      </trkpt>
      <trkpt lat="43.485446" lon="6.934073">
        <ele>6.124636</ele>
        <time>2026-05-12T00:56:21.095Z</time>
      </trkpt>
      <trkpt lat="43.485494" lon="6.934393">
        <ele>6.565712</ele>
        <time>2026-05-12T00:56:26.190Z</time>
      </trkpt>
      <trkpt lat="43.485445" lon="6.934713">
        <ele>7.007167</ele>
        <time>2026-05-12T00:56:31.184Z</time>
      </trkpt>
      <trkpt lat="43.485310" lon="6.935120">
        <ele>7.970530</ele>
        <time>2026-05-12T00:56:38.646Z</time>
      </trkpt>
      <trkpt lat="43.485051" lon="6.935930">
        <ele>11.158117</ele>
        <time>2026-05-12T00:56:54.071Z</time>
      </trkpt>
      <trkpt lat="43.485023" lon="6.936157">
        <ele>11.987298</ele>
        <time>2026-05-12T00:56:59.110Z</time>
      </trkpt>
      <trkpt lat="43.485045" lon="6.936460">
        <ele>13.083883</ele>
        <time>2026-05-12T00:57:06.490Z</time>
      </trkpt>
      <trkpt lat="43.485124" lon="6.936637">
        <ele>13.832224</ele>
        <time>2026-05-12T00:57:12.306Z</time>
      </trkpt>
      <trkpt lat="43.485252" lon="6.936757">
        <ele>14.600559</ele>
        <time>2026-05-12T00:57:18.942Z</time>
      </trkpt>
      <trkpt lat="43.485658" lon="6.936903">
        <ele>16.958141</ele>
        <time>2026-05-12T00:57:39.980Z</time>
      </trkpt>
      <trkpt lat="43.486100" lon="6.936994">
        <ele>20.870044</ele>
        <time>2026-05-12T00:58:06.409Z</time>
      </trkpt>
      <trkpt lat="43.486194" lon="6.936974">
        <ele>21.702604</ele>
        <time>2026-05-12T00:58:12.270Z</time>
      </trkpt>
      <trkpt lat="43.487042" lon="6.936587">
        <ele>29.521756</ele>
        <time>2026-05-12T00:59:00.644Z</time>
      </trkpt>
      <trkpt lat="43.487165" lon="6.936569">
        <ele>30.604469</ele>
        <time>2026-05-12T00:59:06.062Z</time>
      </trkpt>
      <trkpt lat="43.487280" lon="6.936587">
        <ele>31.617573</ele>
        <time>2026-05-12T00:59:10.856Z</time>
      </trkpt>
      <trkpt lat="43.487390" lon="6.936637">
        <ele>32.221165</ele>
        <time>2026-05-12T00:59:15.250Z</time>
      </trkpt>
      <trkpt lat="43.487483" lon="6.936730">
        <ele>32.495783</ele>
        <time>2026-05-12T00:59:19.132Z</time>
      </trkpt>
      <trkpt lat="43.487557" lon="6.936870">
        <ele>32.796148</ele>
        <time>2026-05-12T00:59:22.881Z</time>
      </trkpt>
      <trkpt lat="43.487605" lon="6.937034">
        <ele>33.102804</ele>
        <time>2026-05-12T00:59:26.377Z</time>
      </trkpt>
      <trkpt lat="43.487617" lon="6.937224">
        <ele>33.433524</ele>
        <time>2026-05-12T00:59:29.845Z</time>
      </trkpt>
      <trkpt lat="43.487602" lon="6.937359">
        <ele>33.670352</ele>
        <time>2026-05-12T00:59:32.181Z</time>
      </trkpt>
      <trkpt lat="43.487518" lon="6.937560">
        <ele>34.072588</ele>
        <time>2026-05-12T00:59:35.626Z</time>
      </trkpt>
      <trkpt lat="43.487096" lon="6.938133">
        <ele>35.488429</ele>
        <time>2026-05-12T00:59:44.826Z</time>
      </trkpt>
      <trkpt lat="43.486667" lon="6.938761">
        <ele>37.385934</ele>
        <time>2026-05-12T00:59:56.523Z</time>
      </trkpt>
      <trkpt lat="43.486588" lon="6.938926">
        <ele>37.951530</ele>
        <time>2026-05-12T00:59:59.900Z</time>
      </trkpt>
      <trkpt lat="43.486480" lon="6.939286">
        <ele>39.066081</ele>
        <time>2026-05-12T01:00:07.735Z</time>
      </trkpt>
      <trkpt lat="43.486458" lon="6.939473">
        <ele>39.608085</ele>
        <time>2026-05-12T01:00:12.159Z</time>
      </trkpt>
      <trkpt lat="43.486455" lon="6.939791">
        <ele>40.517974</ele>
        <time>2026-05-12T01:00:19.959Z</time>
      </trkpt>
      <trkpt lat="43.486588" lon="6.940630">
        <ele>42.975016</ele>
        <time>2026-05-12T01:00:42.754Z</time>
      </trkpt>
      <trkpt lat="43.486578" lon="6.942627">
        <ele>49.853521</ele>
        <time>2026-05-12T01:01:39.012Z</time>
      </trkpt>
      <trkpt lat="43.486591" lon="6.942796">
        <ele>50.448043</ele>
        <time>2026-05-12T01:01:42.834Z</time>
      </trkpt>
      <trkpt lat="43.486665" lon="6.943077">
        <ele>51.493810</ele>
        <time>2026-05-12T01:01:48.791Z</time>
      </trkpt>
      <trkpt lat="43.486735" lon="6.943305">
        <ele>52.071007</ele>
        <time>2026-05-12T01:01:52.980Z</time>
      </trkpt>
      <trkpt lat="43.486742" lon="6.943779">
        <ele>51.635493</ele>
        <time>2026-05-12T01:01:59.629Z</time>
      </trkpt>
      <trkpt lat="43.486662" lon="6.944039">
        <ele>51.376062</ele>
        <time>2026-05-12T01:02:02.758Z</time>
      </trkpt>
      <trkpt lat="43.486314" lon="6.944460">
        <ele>50.789798</ele>
        <time>2026-05-12T01:02:08.297Z</time>
      </trkpt>
      <trkpt lat="43.486133" lon="6.944745">
        <ele>50.441859</ele>
        <time>2026-05-12T01:02:11.064Z</time>
      </trkpt>
      <trkpt lat="43.486029" lon="6.944986">
        <ele>50.184270</ele>
        <time>2026-05-12T01:02:13.019Z</time>
      </trkpt>
      <trkpt lat="43.485933" lon="6.945498">
        <ele>50.072721</ele>
        <time>2026-05-12T01:02:16.673Z</time>
      </trkpt>
      <trkpt lat="43.485945" lon="6.945975">
        <ele>50.690841</ele>
        <time>2026-05-12T01:02:20.066Z</time>
      </trkpt>
      <trkpt lat="43.486014" lon="6.946292">
        <ele>51.119454</ele>
        <time>2026-05-12T01:02:22.618Z</time>
      </trkpt>
      <trkpt lat="43.486301" lon="6.947070">
        <ele>52.249771</ele>
        <time>2026-05-12T01:02:35.979Z</time>
      </trkpt>
      <trkpt lat="43.486457" lon="6.947229">
        <ele>52.596092</ele>
        <time>2026-05-12T01:02:43.565Z</time>
      </trkpt>
      <trkpt lat="43.486637" lon="6.947256">
        <ele>52.919283</ele>
        <time>2026-05-12T01:02:52.116Z</time>
      </trkpt>
      <trkpt lat="43.487116" lon="6.947105">
        <ele>57.917659</ele>
        <time>2026-05-12T01:03:21.874Z</time>
      </trkpt>
      <trkpt lat="43.487205" lon="6.947009">
        <ele>59.255051</ele>
        <time>2026-05-12T01:03:29.940Z</time>
      </trkpt>
      <trkpt lat="43.487378" lon="6.946695">
        <ele>62.640206</ele>
        <time>2026-05-12T01:03:51.899Z</time>
      </trkpt>
      <trkpt lat="43.487433" lon="6.946537">
        <ele>64.144813</ele>
        <time>2026-05-12T01:04:01.736Z</time>
      </trkpt>
      <trkpt lat="43.487606" lon="6.945489">
        <ele>73.372623</ele>
        <time>2026-05-12T01:04:54.691Z</time>
      </trkpt>
      <trkpt lat="43.487615" lon="6.945266">
        <ele>74.825726</ele>
        <time>2026-05-12T01:05:03.828Z</time>
      </trkpt>
      <trkpt lat="43.487562" lon="6.944617">
        <ele>77.665496</ele>
        <time>2026-05-12T01:05:25.404Z</time>
      </trkpt>
      <trkpt lat="43.487569" lon="6.944518">
        <ele>78.098003</ele>
        <time>2026-05-12T01:05:28.127Z</time>
      </trkpt>
      <trkpt lat="43.487587" lon="6.944446">
        <ele>78.429135</ele>
        <time>2026-05-12T01:05:30.208Z</time>
      </trkpt>
      <trkpt lat="43.487621" lon="6.944377">
        <ele>78.791811</ele>
        <time>2026-05-12T01:05:32.413Z</time>
      </trkpt>
      <trkpt lat="43.487700" lon="6.944310">
        <ele>79.347717</ele>
        <time>2026-05-12T01:05:35.563Z</time>
      </trkpt>
      <trkpt lat="43.487796" lon="6.944282">
        <ele>79.935797</ele>
        <time>2026-05-12T01:05:38.667Z</time>
      </trkpt>
      <trkpt lat="43.487954" lon="6.944284">
        <ele>80.882751</ele>
        <time>2026-05-12T01:05:43.335Z</time>
      </trkpt>
      <trkpt lat="43.488407" lon="6.944362">
        <ele>83.618737</ele>
        <time>2026-05-12T01:05:56.306Z</time>
      </trkpt>
      <trkpt lat="43.488613" lon="6.944340">
        <ele>84.857021</ele>
        <time>2026-05-12T01:06:02.945Z</time>
      </trkpt>
      <trkpt lat="43.489154" lon="6.944129">
        <ele>86.568808</ele>
        <time>2026-05-12T01:06:21.149Z</time>
      </trkpt>
      <trkpt lat="43.489267" lon="6.944039">
        <ele>86.932415</ele>
        <time>2026-05-12T01:06:25.506Z</time>
      </trkpt>
      <trkpt lat="43.489991" lon="6.943228">
        <ele>89.531641</ele>
        <time>2026-05-12T01:06:52.997Z</time>
      </trkpt>
      <trkpt lat="43.490110" lon="6.943051">
        <ele>90.019409</ele>
        <time>2026-05-12T01:06:55.170Z</time>
      </trkpt>
      <trkpt lat="43.490312" lon="6.942549">
        <ele>88.474987</ele>
        <time>2026-05-12T01:06:59.756Z</time>
      </trkpt>
      <trkpt lat="43.490410" lon="6.942463">
        <ele>87.956828</ele>
        <time>2026-05-12T01:07:00.969Z</time>
      </trkpt>
      <trkpt lat="43.490460" lon="6.942455">
        <ele>87.732324</ele>
        <time>2026-05-12T01:07:01.474Z</time>
      </trkpt>
      <trkpt lat="43.490575" lon="6.942476">
        <ele>87.214927</ele>
        <time>2026-05-12T01:07:02.633Z</time>
      </trkpt>
      <trkpt lat="43.490824" lon="6.942749">
        <ele>85.795876</ele>
        <time>2026-05-12T01:07:05.656Z</time>
      </trkpt>
      <trkpt lat="43.490916" lon="6.942807">
        <ele>85.344662</ele>
        <time>2026-05-12T01:07:06.594Z</time>
      </trkpt>
      <trkpt lat="43.491302" lon="6.942845">
        <ele>83.618665</ele>
        <time>2026-05-12T01:07:10.039Z</time>
      </trkpt>
      <trkpt lat="43.491519" lon="6.942959">
        <ele>82.582905</ele>
        <time>2026-05-12T01:07:12.057Z</time>
      </trkpt>
      <trkpt lat="43.491602" lon="6.943082">
        <ele>82.079438</ele>
        <time>2026-05-12T01:07:13.142Z</time>
      </trkpt>
      <trkpt lat="43.491921" lon="6.943405">
        <ele>81.218476</ele>
        <time>2026-05-12T01:07:16.751Z</time>
      </trkpt>
      <trkpt lat="43.491975" lon="6.943493">
        <ele>81.036597</ele>
        <time>2026-05-12T01:07:17.509Z</time>
      </trkpt>
      <trkpt lat="43.492398" lon="6.944836">
        <ele>78.726220</ele>
        <time>2026-05-12T01:07:28.692Z</time>
      </trkpt>
      <trkpt lat="43.492535" lon="6.945048">
        <ele>78.278206</ele>
        <time>2026-05-12T01:07:34.785Z</time>
      </trkpt>
      <trkpt lat="43.492639" lon="6.945127">
        <ele>78.750421</ele>
        <time>2026-05-12T01:07:39.000Z</time>
      </trkpt>
      <trkpt lat="43.492741" lon="6.945184">
        <ele>79.454589</ele>
        <time>2026-05-12T01:07:43.428Z</time>
      </trkpt>
      <trkpt lat="43.492926" lon="6.945226">
        <ele>80.654137</ele>
        <time>2026-05-12T01:07:51.722Z</time>
      </trkpt>
      <trkpt lat="43.493236" lon="6.945162">
        <ele>82.659591</ele>
        <time>2026-05-12T01:08:08.160Z</time>
      </trkpt>
      <trkpt lat="43.493643" lon="6.944979">
        <ele>85.398540</ele>
        <time>2026-05-12T01:08:32.183Z</time>
      </trkpt>
      <trkpt lat="43.494161" lon="6.944507">
        <ele>89.371235</ele>
        <time>2026-05-12T01:08:58.173Z</time>
      </trkpt>
      <trkpt lat="43.494297" lon="6.944463">
        <ele>89.575569</ele>
        <time>2026-05-12T01:09:02.271Z</time>
      </trkpt>
      <trkpt lat="43.494405" lon="6.944486">
        <ele>89.401959</ele>
        <time>2026-05-12T01:09:05.059Z</time>
      </trkpt>
      <trkpt lat="43.494513" lon="6.944582">
        <ele>89.197806</ele>
        <time>2026-05-12T01:09:07.979Z</time>
      </trkpt>
      <trkpt lat="43.494827" lon="6.945002">
        <ele>88.502732</ele>
        <time>2026-05-12T01:09:14.685Z</time>
      </trkpt>
      <trkpt lat="43.494956" lon="6.945078">
        <ele>88.279863</ele>
        <time>2026-05-12T01:09:16.252Z</time>
      </trkpt>
      <trkpt lat="43.495081" lon="6.945121">
        <ele>88.075192</ele>
        <time>2026-05-12T01:09:17.553Z</time>
      </trkpt>
      <trkpt lat="43.495206" lon="6.945111">
        <ele>87.876277</ele>
        <time>2026-05-12T01:09:18.750Z</time>
      </trkpt>
      <trkpt lat="43.495566" lon="6.945018">
        <ele>87.294407</ele>
        <time>2026-05-12T01:09:22.116Z</time>
      </trkpt>
      <trkpt lat="43.495723" lon="6.945067">
        <ele>87.038676</ele>
        <time>2026-05-12T01:09:23.566Z</time>
      </trkpt>
      <trkpt lat="43.495789" lon="6.945145">
        <ele>86.900567</ele>
        <time>2026-05-12T01:09:24.339Z</time>
      </trkpt>
      <trkpt lat="43.495837" lon="6.945265">
        <ele>86.712801</ele>
        <time>2026-05-12T01:09:25.249Z</time>
      </trkpt>
      <trkpt lat="43.495859" lon="6.945412">
        <ele>86.493999</ele>
        <time>2026-05-12T01:09:26.257Z</time>
      </trkpt>
      <trkpt lat="43.495875" lon="6.946041">
        <ele>85.576513</ele>
        <time>2026-05-12T01:09:30.793Z</time>
      </trkpt>
      <trkpt lat="43.495932" lon="6.946240">
        <ele>85.264627</ele>
        <time>2026-05-12T01:09:32.474Z</time>
      </trkpt>
      <trkpt lat="43.496078" lon="6.946433">
        <ele>84.858140</ele>
        <time>2026-05-12T01:09:34.734Z</time>
      </trkpt>
      <trkpt lat="43.496184" lon="6.946478">
        <ele>84.635260</ele>
        <time>2026-05-12T01:09:35.948Z</time>
      </trkpt>
      <trkpt lat="43.496451" lon="6.946533">
        <ele>84.092764</ele>
        <time>2026-05-12T01:09:39.078Z</time>
      </trkpt>
      <trkpt lat="43.496557" lon="6.946610">
        <ele>83.851992</ele>
        <time>2026-05-12T01:09:40.643Z</time>
      </trkpt>
      <trkpt lat="43.496660" lon="6.946708">
        <ele>83.600499</ele>
        <time>2026-05-12T01:09:42.481Z</time>
      </trkpt>
      <trkpt lat="43.496865" lon="6.947101">
        <ele>83.694919</ele>
        <time>2026-05-12T01:09:49.944Z</time>
      </trkpt>
      <trkpt lat="43.497708" lon="6.948699">
        <ele>87.474137</ele>
        <time>2026-05-12T01:10:31.440Z</time>
      </trkpt>
      <trkpt lat="43.497883" lon="6.949014">
        <ele>88.008475</ele>
        <time>2026-05-12T01:10:38.228Z</time>
      </trkpt>
      <trkpt lat="43.498101" lon="6.949203">
        <ele>88.076744</ele>
        <time>2026-05-12T01:10:43.552Z</time>
      </trkpt>
      <trkpt lat="43.498431" lon="6.949396">
        <ele>88.171773</ele>
        <time>2026-05-12T01:10:49.901Z</time>
      </trkpt>
      <trkpt lat="43.498557" lon="6.949508">
        <ele>88.211517</ele>
        <time>2026-05-12T01:10:52.511Z</time>
      </trkpt>
      <trkpt lat="43.498641" lon="6.949670">
        <ele>88.249810</ele>
        <time>2026-05-12T01:10:55.082Z</time>
      </trkpt>
      <trkpt lat="43.498665" lon="6.949782">
        <ele>88.272268</ele>
        <time>2026-05-12T01:10:56.366Z</time>
      </trkpt>
      <trkpt lat="43.498647" lon="6.950255">
        <ele>88.363350</ele>
        <time>2026-05-12T01:11:01.135Z</time>
      </trkpt>
      <trkpt lat="43.498687" lon="6.950462">
        <ele>88.404544</ele>
        <time>2026-05-12T01:11:03.010Z</time>
      </trkpt>
      <trkpt lat="43.498749" lon="6.950599">
        <ele>88.435595</ele>
        <time>2026-05-12T01:11:04.331Z</time>
      </trkpt>
      <trkpt lat="43.499140" lon="6.951199">
        <ele>87.847698</ele>
        <time>2026-05-12T01:11:10.564Z</time>
      </trkpt>
      <trkpt lat="43.499295" lon="6.951314">
        <ele>87.628701</ele>
        <time>2026-05-12T01:11:12.353Z</time>
      </trkpt>
      <trkpt lat="43.499664" lon="6.951353">
        <ele>87.168262</ele>
        <time>2026-05-12T01:11:16.508Z</time>
      </trkpt>
      <trkpt lat="43.499747" lon="6.951393">
        <ele>87.058870</ele>
        <time>2026-05-12T01:11:17.787Z</time>
      </trkpt>
      <trkpt lat="43.499830" lon="6.951491">
        <ele>86.922908</ele>
        <time>2026-05-12T01:11:19.345Z</time>
      </trkpt>
      <trkpt lat="43.500178" lon="6.952151">
        <ele>86.228817</ele>
        <time>2026-05-12T01:11:27.812Z</time>
      </trkpt>
      <trkpt lat="43.500299" lon="6.952321">
        <ele>86.267220</ele>
        <time>2026-05-12T01:11:30.137Z</time>
      </trkpt>
      <trkpt lat="43.500456" lon="6.952482">
        <ele>86.310714</ele>
        <time>2026-05-12T01:11:32.504Z</time>
      </trkpt>
      <trkpt lat="43.501151" lon="6.953026">
        <ele>86.488365</ele>
        <time>2026-05-12T01:11:45.916Z</time>
      </trkpt>
      <trkpt lat="43.501605" lon="6.953279">
        <ele>86.597214</ele>
        <time>2026-05-12T01:11:58.448Z</time>
      </trkpt>
      <trkpt lat="43.501781" lon="6.953335">
        <ele>86.315443</ele>
        <time>2026-05-12T01:12:01.433Z</time>
      </trkpt>
      <trkpt lat="43.501912" lon="6.953329">
        <ele>85.725368</ele>
        <time>2026-05-12T01:12:02.898Z</time>
      </trkpt>
      <trkpt lat="43.502124" lon="6.953245">
        <ele>84.732328</ele>
        <time>2026-05-12T01:12:05.076Z</time>
      </trkpt>
      <trkpt lat="43.502409" lon="6.953022">
        <ele>83.257043</ele>
        <time>2026-05-12T01:12:08.156Z</time>
      </trkpt>
      <trkpt lat="43.502492" lon="6.953000">
        <ele>82.876541</ele>
        <time>2026-05-12T01:12:08.933Z</time>
      </trkpt>
      <trkpt lat="43.502574" lon="6.953005">
        <ele>82.507024</ele>
        <time>2026-05-12T01:12:09.690Z</time>
      </trkpt>
      <trkpt lat="43.502801" lon="6.953224">
        <ele>81.259725</ele>
        <time>2026-05-12T01:12:12.220Z</time>
      </trkpt>
      <trkpt lat="43.502932" lon="6.953345">
        <ele>80.549851</ele>
        <time>2026-05-12T01:12:13.649Z</time>
      </trkpt>
      <trkpt lat="43.503049" lon="6.953411">
        <ele>79.980742</ele>
        <time>2026-05-12T01:12:14.779Z</time>
      </trkpt>
      <trkpt lat="43.503166" lon="6.953437">
        <ele>79.447221</ele>
        <time>2026-05-12T01:12:15.849Z</time>
      </trkpt>
      <trkpt lat="43.503706" lon="6.953450">
        <ele>78.626008</ele>
        <time>2026-05-12T01:12:20.710Z</time>
      </trkpt>
      <trkpt lat="43.503961" lon="6.953492">
        <ele>78.703477</ele>
        <time>2026-05-12T01:12:23.213Z</time>
      </trkpt>
      <trkpt lat="43.504129" lon="6.953475">
        <ele>78.754290</ele>
        <time>2026-05-12T01:12:25.466Z</time>
      </trkpt>
      <trkpt lat="43.504309" lon="6.953387">
        <ele>78.811900</ele>
        <time>2026-05-12T01:12:29.701Z</time>
      </trkpt>
      <trkpt lat="43.504457" lon="6.953273">
        <ele>78.863040</ele>
        <time>2026-05-12T01:12:34.554Z</time>
      </trkpt>
      <trkpt lat="43.504577" lon="6.953121">
        <ele>78.912196</ele>
        <time>2026-05-12T01:12:39.970Z</time>
      </trkpt>
      <trkpt lat="43.505029" lon="6.952326">
        <ele>79.314297</ele>
        <time>2026-05-12T01:13:07.682Z</time>
      </trkpt>
      <trkpt lat="43.505052" lon="6.952262">
        <ele>79.372965</ele>
        <time>2026-05-12T01:13:09.419Z</time>
      </trkpt>
      <trkpt lat="43.505090" lon="6.951959">
        <ele>79.625541</ele>
        <time>2026-05-12T01:13:16.039Z</time>
      </trkpt>
      <trkpt lat="43.505022" lon="6.951418">
        <ele>80.076537</ele>
        <time>2026-05-12T01:13:23.534Z</time>
      </trkpt>
      <trkpt lat="43.504998" lon="6.950866">
        <ele>80.530761</ele>
        <time>2026-05-12T01:13:28.478Z</time>
      </trkpt>
      <trkpt lat="43.505021" lon="6.950177">
        <ele>81.097300</ele>
        <time>2026-05-12T01:13:34.954Z</time>
      </trkpt>
      <trkpt lat="43.505028" lon="6.949841">
        <ele>80.622628</ele>
        <time>2026-05-12T01:13:37.851Z</time>
      </trkpt>
      <trkpt lat="43.504997" lon="6.949701">
        <ele>80.407343</ele>
        <time>2026-05-12T01:13:39.015Z</time>
      </trkpt>
      <trkpt lat="43.504653" lon="6.949228">
        <ele>79.422202</ele>
        <time>2026-05-12T01:13:44.057Z</time>
      </trkpt>
      <trkpt lat="43.504623" lon="6.949142">
        <ele>79.281850</ele>
        <time>2026-05-12T01:13:44.757Z</time>
      </trkpt>
      <trkpt lat="43.504610" lon="6.948967">
        <ele>79.023123</ele>
        <time>2026-05-12T01:13:46.021Z</time>
      </trkpt>
      <trkpt lat="43.504630" lon="6.948871">
        <ele>78.876222</ele>
        <time>2026-05-12T01:13:46.741Z</time>
      </trkpt>
      <trkpt lat="43.504689" lon="6.948760">
        <ele>78.673826</ele>
        <time>2026-05-12T01:13:47.802Z</time>
      </trkpt>
      <trkpt lat="43.505142" lon="6.948269">
        <ele>77.505396</ele>
        <time>2026-05-12T01:13:54.732Z</time>
      </trkpt>
      <trkpt lat="43.505255" lon="6.948074">
        <ele>76.792712</ele>
        <time>2026-05-12T01:13:56.793Z</time>
      </trkpt>
      <trkpt lat="43.505297" lon="6.947818">
        <ele>75.988350</ele>
        <time>2026-05-12T01:13:58.866Z</time>
      </trkpt>
      <trkpt lat="43.505267" lon="6.947342">
        <ele>74.524097</ele>
        <time>2026-05-12T01:14:02.489Z</time>
      </trkpt>
      <trkpt lat="43.505201" lon="6.946436">
        <ele>71.733584</ele>
        <time>2026-05-12T01:14:08.894Z</time>
      </trkpt>
      <trkpt lat="43.505218" lon="6.946197">
        <ele>70.997627</ele>
        <time>2026-05-12T01:14:10.507Z</time>
      </trkpt>
      <trkpt lat="43.505289" lon="6.946001">
        <ele>70.326215</ele>
        <time>2026-05-12T01:14:11.952Z</time>
      </trkpt>
      <trkpt lat="43.505761" lon="6.945177">
        <ele>64.074944</ele>
        <time>2026-05-12T01:14:18.644Z</time>
      </trkpt>
      <trkpt lat="43.505824" lon="6.945032">
        <ele>62.985361</ele>
        <time>2026-05-12T01:14:19.690Z</time>
      </trkpt>
      <trkpt lat="43.505860" lon="6.944874">
        <ele>61.917781</ele>
        <time>2026-05-12T01:14:20.712Z</time>
      </trkpt>
      <trkpt lat="43.505885" lon="6.944741">
        <ele>61.032106</ele>
        <time>2026-05-12T01:14:21.553Z</time>
      </trkpt>
      <trkpt lat="43.506061" lon="6.943814">
        <ele>54.855107</ele>
        <time>2026-05-12T01:14:27.518Z</time>
      </trkpt>
      <trkpt lat="43.506217" lon="6.943507">
        <ele>52.914919</ele>
        <time>2026-05-12T01:14:29.946Z</time>
      </trkpt>
      <trkpt lat="43.506339" lon="6.943275">
        <ele>51.681470</ele>
        <time>2026-05-12T01:14:31.886Z</time>
      </trkpt>
      <trkpt lat="43.506349" lon="6.943079">
        <ele>50.835742</ele>
        <time>2026-05-12T01:14:33.197Z</time>
      </trkpt>
      <trkpt lat="43.506173" lon="6.942449">
        <ele>47.929828</ele>
        <time>2026-05-12T01:14:37.634Z</time>
      </trkpt>
      <trkpt lat="43.506121" lon="6.942327">
        <ele>47.320739</ele>
        <time>2026-05-12T01:14:38.566Z</time>
      </trkpt>
      <trkpt lat="43.506066" lon="6.942242">
        <ele>46.830438</ele>
        <time>2026-05-12T01:14:39.310Z</time>
      </trkpt>
      <trkpt lat="43.505848" lon="6.942046">
        <ele>45.285940</ele>
        <time>2026-05-12T01:14:41.724Z</time>
      </trkpt>
      <trkpt lat="43.505755" lon="6.941861">
        <ele>44.317071</ele>
        <time>2026-05-12T01:14:43.341Z</time>
      </trkpt>
      <trkpt lat="43.505735" lon="6.941722">
        <ele>43.707108</ele>
        <time>2026-05-12T01:14:44.400Z</time>
      </trkpt>
      <trkpt lat="43.505747" lon="6.941597">
        <ele>43.178331</ele>
        <time>2026-05-12T01:14:45.360Z</time>
      </trkpt>
      <trkpt lat="43.505915" lon="6.941247">
        <ele>42.128744</ele>
        <time>2026-05-12T01:14:48.567Z</time>
      </trkpt>
      <trkpt lat="43.505933" lon="6.941140">
        <ele>41.854058</ele>
        <time>2026-05-12T01:14:49.387Z</time>
      </trkpt>
      <trkpt lat="43.505915" lon="6.940985">
        <ele>41.461500</ele>
        <time>2026-05-12T01:14:50.484Z</time>
      </trkpt>
      <trkpt lat="43.505861" lon="6.940873">
        <ele>41.125175</ele>
        <time>2026-05-12T01:14:51.401Z</time>
      </trkpt>
      <trkpt lat="43.505455" lon="6.940402">
        <ele>39.295705</ele>
        <time>2026-05-12T01:14:56.450Z</time>
      </trkpt>
      <trkpt lat="43.505430" lon="6.940374">
        <ele>39.184650</ele>
        <time>2026-05-12T01:14:56.786Z</time>
      </trkpt>
      <trkpt lat="43.504885" lon="6.939767">
        <ele>36.715286</ele>
        <time>2026-05-12T01:15:05.286Z</time>
      </trkpt>
      <trkpt lat="43.504721" lon="6.939559">
        <ele>35.765248</ele>
        <time>2026-05-12T01:15:07.497Z</time>
      </trkpt>
      <trkpt lat="43.504410" lon="6.939051">
        <ele>33.709590</ele>
        <time>2026-05-12T01:15:11.890Z</time>
      </trkpt>
      <trkpt lat="43.504288" lon="6.938930">
        <ele>33.068857</ele>
        <time>2026-05-12T01:15:13.292Z</time>
      </trkpt>
      <trkpt lat="43.504179" lon="6.938839">
        <ele>32.525590</ele>
        <time>2026-05-12T01:15:14.521Z</time>
      </trkpt>
      <trkpt lat="43.504128" lon="6.938753">
        <ele>32.182077</ele>
        <time>2026-05-12T01:15:15.326Z</time>
      </trkpt>
      <trkpt lat="43.504140" lon="6.938610">
        <ele>31.736925</ele>
        <time>2026-05-12T01:15:16.347Z</time>
      </trkpt>
      <trkpt lat="43.504180" lon="6.938635">
        <ele>31.549685</ele>
        <time>2026-05-12T01:15:16.849Z</time>
      </trkpt>
      <trkpt lat="43.504208" lon="6.938618">
        <ele>31.419249</ele>
        <time>2026-05-12T01:15:17.152Z</time>
      </trkpt>
      <trkpt lat="43.504218" lon="6.938541">
        <ele>31.177353</ele>
        <time>2026-05-12T01:15:17.709Z</time>
      </trkpt>
      <trkpt lat="43.504266" lon="6.938534">
        <ele>30.971570</ele>
        <time>2026-05-12T01:15:18.202Z</time>
      </trkpt>
      <trkpt lat="43.504342" lon="6.938587">
        <ele>30.608462</ele>
        <time>2026-05-12T01:15:19.076Z</time>
      </trkpt>
      <trkpt lat="43.504518" lon="6.938961">
        <ele>29.238772</ele>
        <time>2026-05-12T01:15:22.223Z</time>
      </trkpt>
      <trkpt lat="43.505061" lon="6.939658">
        <ele>26.363790</ele>
        <time>2026-05-12T01:15:29.098Z</time>
      </trkpt>
      <trkpt lat="43.505268" lon="6.939879">
        <ele>25.349253</ele>
        <time>2026-05-12T01:15:31.860Z</time>
      </trkpt>
      <trkpt lat="43.506078" lon="6.940602">
        <ele>21.185313</ele>
        <time>2026-05-12T01:15:42.066Z</time>
      </trkpt>
      <trkpt lat="43.506348" lon="6.941156">
        <ele>18.243986</ele>
        <time>2026-05-12T01:15:46.494Z</time>
      </trkpt>
      <trkpt lat="43.506566" lon="6.941660">
        <ele>15.658008</ele>
        <time>2026-05-12T01:15:50.220Z</time>
      </trkpt>
      <trkpt lat="43.506717" lon="6.942002">
        <ele>13.893610</ele>
        <time>2026-05-12T01:15:52.778Z</time>
      </trkpt>
      <trkpt lat="43.506803" lon="6.942112">
        <ele>13.180866</ele>
        <time>2026-05-12T01:15:53.827Z</time>
      </trkpt>
      <trkpt lat="43.506937" lon="6.942153">
        <ele>12.346899</ele>
        <time>2026-05-12T01:15:55.052Z</time>
      </trkpt>
      <trkpt lat="43.507023" lon="6.942136">
        <ele>11.819035</ele>
        <time>2026-05-12T01:15:55.833Z</time>
      </trkpt>
      <trkpt lat="43.507370" lon="6.941779">
        <ele>11.530537</ele>
        <time>2026-05-12T01:15:59.921Z</time>
      </trkpt>
      <trkpt lat="43.507468" lon="6.941622">
        <ele>11.571628</ele>
        <time>2026-05-12T01:16:01.548Z</time>
      </trkpt>
      <trkpt lat="43.507524" lon="6.941487">
        <ele>11.602480</ele>
        <time>2026-05-12T01:16:02.863Z</time>
      </trkpt>
      <trkpt lat="43.507657" lon="6.940935">
        <ele>11.717866</ele>
        <time>2026-05-12T01:16:09.790Z</time>
      </trkpt>
      <trkpt lat="43.507746" lon="6.940353">
        <ele>11.835858</ele>
        <time>2026-05-12T01:16:23.728Z</time>
      </trkpt>
      <trkpt lat="43.507889" lon="6.939125">
        <ele>12.789922</ele>
        <time>2026-05-12T01:16:55.032Z</time>
      </trkpt>
      <trkpt lat="43.508034" lon="6.938671">
        <ele>13.320720</ele>
        <time>2026-05-12T01:17:03.121Z</time>
      </trkpt>
      <trkpt lat="43.508205" lon="6.937948">
        <ele>14.134428</ele>
        <time>2026-05-12T01:17:10.770Z</time>
      </trkpt>
      <trkpt lat="43.508229" lon="6.937912">
        <ele>14.186749</ele>
        <time>2026-05-12T01:17:11.155Z</time>
      </trkpt>
      <trkpt lat="43.508319" lon="6.937816">
        <ele>14.354622</ele>
        <time>2026-05-12T01:17:12.449Z</time>
      </trkpt>
      <trkpt lat="43.509133" lon="6.937316">
        <ele>13.673966</ele>
        <time>2026-05-12T01:17:22.135Z</time>
      </trkpt>
      <trkpt lat="43.509304" lon="6.937266">
        <ele>13.461562</ele>
        <time>2026-05-12T01:17:24.015Z</time>
      </trkpt>
      <trkpt lat="43.509636" lon="6.937259">
        <ele>13.058100</ele>
        <time>2026-05-12T01:17:28.035Z</time>
      </trkpt>
      <trkpt lat="43.509991" lon="6.937047">
        <ele>12.588017</ele>
        <time>2026-05-12T01:17:32.770Z</time>
      </trkpt>
      <trkpt lat="43.510394" lon="6.936857">
        <ele>12.779408</ele>
        <time>2026-05-12T01:17:39.181Z</time>
      </trkpt>
      <trkpt lat="43.510569" lon="6.936825">
        <ele>13.041433</ele>
        <time>2026-05-12T01:17:42.370Z</time>
      </trkpt>
      <trkpt lat="43.510665" lon="6.936883">
        <ele>13.197004</ele>
        <time>2026-05-12T01:17:44.472Z</time>
      </trkpt>
      <trkpt lat="43.510736" lon="6.936964">
        <ele>13.333784</ele>
        <time>2026-05-12T01:17:46.320Z</time>
      </trkpt>
      <trkpt lat="43.510935" lon="6.937190">
        <ele>13.716449</ele>
        <time>2026-05-12T01:17:52.202Z</time>
      </trkpt>
      <trkpt lat="43.511398" lon="6.937422">
        <ele>14.447647</ele>
        <time>2026-05-12T01:18:03.849Z</time>
      </trkpt>
      <trkpt lat="43.511991" lon="6.937434">
        <ele>15.026730</ele>
        <time>2026-05-12T01:18:18.267Z</time>
      </trkpt>
      <trkpt lat="43.512146" lon="6.937356">
        <ele>14.997019</ele>
        <time>2026-05-12T01:18:22.305Z</time>
      </trkpt>
      <trkpt lat="43.512346" lon="6.937064">
        <ele>14.944570</ele>
        <time>2026-05-12T01:18:29.201Z</time>
      </trkpt>
      <trkpt lat="43.512472" lon="6.936992">
        <ele>14.920012</ele>
        <time>2026-05-12T01:18:32.134Z</time>
      </trkpt>
      <trkpt lat="43.513270" lon="6.937121">
        <ele>14.775338</ele>
        <time>2026-05-12T01:18:41.813Z</time>
      </trkpt>
      <trkpt lat="43.513421" lon="6.937127">
        <ele>14.748137</ele>
        <time>2026-05-12T01:18:43.328Z</time>
      </trkpt>
      <trkpt lat="43.513796" lon="6.936950">
        <ele>14.326326</ele>
        <time>2026-05-12T01:18:47.116Z</time>
      </trkpt>
      <trkpt lat="43.514114" lon="6.936937">
        <ele>13.926930</ele>
        <time>2026-05-12T01:18:50.393Z</time>
      </trkpt>
      <trkpt lat="43.514885" lon="6.937022">
        <ele>12.955922</ele>
        <time>2026-05-12T01:18:58.892Z</time>
      </trkpt>
      <trkpt lat="43.514992" lon="6.937100">
        <ele>12.803978</ele>
        <time>2026-05-12T01:19:00.627Z</time>
      </trkpt>
      <trkpt lat="43.515148" lon="6.937311">
        <ele>12.529649</ele>
        <time>2026-05-12T01:19:04.315Z</time>
      </trkpt>
      <trkpt lat="43.515622" lon="6.937647">
        <ele>14.783714</ele>
        <time>2026-05-12T01:19:21.501Z</time>
      </trkpt>
      <trkpt lat="43.515839" lon="6.937801">
        <ele>15.929231</ele>
        <time>2026-05-12T01:19:31.338Z</time>
      </trkpt>
      <trkpt lat="43.515993" lon="6.937837">
        <ele>16.662383</ele>
        <time>2026-05-12T01:19:37.722Z</time>
      </trkpt>
      <trkpt lat="43.516067" lon="6.937820">
        <ele>17.014508</ele>
        <time>2026-05-12T01:19:40.761Z</time>
      </trkpt>
      <trkpt lat="43.516139" lon="6.937767">
        <ele>17.397594</ele>
        <time>2026-05-12T01:19:43.831Z</time>
      </trkpt>
      <trkpt lat="43.516206" lon="6.937665">
        <ele>17.866038</ele>
        <time>2026-05-12T01:19:47.909Z</time>
      </trkpt>
      <trkpt lat="43.516287" lon="6.937491">
        <ele>18.569830</ele>
        <time>2026-05-12T01:19:53.786Z</time>
      </trkpt>
      <trkpt lat="43.516318" lon="6.937429">
        <ele>18.826167</ele>
        <time>2026-05-12T01:19:55.771Z</time>
      </trkpt>
      <trkpt lat="43.516539" lon="6.937042">
        <ele>20.502841</ele>
        <time>2026-05-12T01:20:08.876Z</time>
      </trkpt>
      <trkpt lat="43.516777" lon="6.936328">
        <ele>20.281269</ele>
        <time>2026-05-12T01:20:29.316Z</time>
      </trkpt>
      <trkpt lat="43.517036" lon="6.935813">
        <ele>19.677957</ele>
        <time>2026-05-12T01:20:34.914Z</time>
      </trkpt>
      <trkpt lat="43.517181" lon="6.935517">
        <ele>19.334096</ele>
        <time>2026-05-12T01:20:37.476Z</time>
      </trkpt>
      <trkpt lat="43.517312" lon="6.935363">
        <ele>19.105585</ele>
        <time>2026-05-12T01:20:39.080Z</time>
      </trkpt>
      <trkpt lat="43.517450" lon="6.935305">
        <ele>18.914075</ele>
        <time>2026-05-12T01:20:40.390Z</time>
      </trkpt>
      <trkpt lat="43.517526" lon="6.935306">
        <ele>18.813183</ele>
        <time>2026-05-12T01:20:41.068Z</time>
      </trkpt>
      <trkpt lat="43.517678" lon="6.935392">
        <ele>18.595086</ele>
        <time>2026-05-12T01:20:42.523Z</time>
      </trkpt>
      <trkpt lat="43.517760" lon="6.935491">
        <ele>18.317297</ele>
        <time>2026-05-12T01:20:43.505Z</time>
      </trkpt>
      <trkpt lat="43.517833" lon="6.935758">
        <ele>17.595406</ele>
        <time>2026-05-12T01:20:45.433Z</time>
      </trkpt>
      <trkpt lat="43.517773" lon="6.936771">
        <ele>15.024110</ele>
        <time>2026-05-12T01:20:52.146Z</time>
      </trkpt>
      <trkpt lat="43.517780" lon="6.937019">
        <ele>14.396227</ele>
        <time>2026-05-12T01:20:53.972Z</time>
      </trkpt>
      <trkpt lat="43.517882" lon="6.937457">
        <ele>13.232407</ele>
        <time>2026-05-12T01:20:57.878Z</time>
      </trkpt>
      <trkpt lat="43.517902" lon="6.937896">
        <ele>12.436454</ele>
        <time>2026-05-12T01:21:03.455Z</time>
      </trkpt>
      <trkpt lat="43.517948" lon="6.938256">
        <ele>13.640755</ele>
        <time>2026-05-12T01:21:10.045Z</time>
      </trkpt>
      <trkpt lat="43.518050" lon="6.938609">
        <ele>14.892647</ele>
        <time>2026-05-12T01:21:19.152Z</time>
      </trkpt>
      <trkpt lat="43.518415" lon="6.939178">
        <ele>17.395417</ele>
        <time>2026-05-12T01:21:40.482Z</time>
      </trkpt>
      <trkpt lat="43.518561" lon="6.939502">
        <ele>18.652139</ele>
        <time>2026-05-12T01:21:52.920Z</time>
      </trkpt>
      <trkpt lat="43.518743" lon="6.939656">
        <ele>19.622241</ele>
        <time>2026-05-12T01:22:01.839Z</time>
      </trkpt>
      <trkpt lat="43.519370" lon="6.940034">
        <ele>21.132568</ele>
        <time>2026-05-12T01:22:23.859Z</time>
      </trkpt>
      <trkpt lat="43.519909" lon="6.940330">
        <ele>21.938283</ele>
        <time>2026-05-12T01:22:38.241Z</time>
      </trkpt>
      <trkpt lat="43.520539" lon="6.940536">
        <ele>22.837464</ele>
        <time>2026-05-12T01:22:46.310Z</time>
      </trkpt>
      <trkpt lat="43.520652" lon="6.940540">
        <ele>22.717907</ele>
        <time>2026-05-12T01:22:47.428Z</time>
      </trkpt>
      <trkpt lat="43.520780" lon="6.940498">
        <ele>22.154957</ele>
        <time>2026-05-12T01:22:48.686Z</time>
      </trkpt>
      <trkpt lat="43.521075" lon="6.940275">
        <ele>20.715585</ele>
        <time>2026-05-12T01:22:51.862Z</time>
      </trkpt>
      <trkpt lat="43.521397" lon="6.940105">
        <ele>19.240369</ele>
        <time>2026-05-12T01:22:55.115Z</time>
      </trkpt>
      <trkpt lat="43.521479" lon="6.940120">
        <ele>18.886450</ele>
        <time>2026-05-12T01:22:55.892Z</time>
      </trkpt>
      <trkpt lat="43.521567" lon="6.940071">
        <ele>18.480401</ele>
        <time>2026-05-12T01:22:56.820Z</time>
      </trkpt>
      <trkpt lat="43.521773" lon="6.940142">
        <ele>17.571900</ele>
        <time>2026-05-12T01:22:58.861Z</time>
      </trkpt>
      <trkpt lat="43.522176" lon="6.940380">
        <ele>15.696175</ele>
        <time>2026-05-12T01:23:02.984Z</time>
      </trkpt>
      <trkpt lat="43.522483" lon="6.940582">
        <ele>14.489953</ele>
        <time>2026-05-12T01:23:06.165Z</time>
      </trkpt>
      <trkpt lat="43.522709" lon="6.940751">
        <ele>13.666759</ele>
        <time>2026-05-12T01:23:08.701Z</time>
      </trkpt>
      <trkpt lat="43.522813" lon="6.940897">
        <ele>13.191569</ele>
        <time>2026-05-12T01:23:10.294Z</time>
      </trkpt>
      <trkpt lat="43.522934" lon="6.941222">
        <ele>12.343330</ele>
        <time>2026-05-12T01:23:13.341Z</time>
      </trkpt>
      <trkpt lat="43.523024" lon="6.941396">
        <ele>11.847086</ele>
        <time>2026-05-12T01:23:15.198Z</time>
      </trkpt>
      <trkpt lat="43.523070" lon="6.941433">
        <ele>11.676572</ele>
        <time>2026-05-12T01:23:15.848Z</time>
      </trkpt>
      <trkpt lat="43.523195" lon="6.941453">
        <ele>11.273633</ele>
        <time>2026-05-12T01:23:17.255Z</time>
      </trkpt>
      <trkpt lat="43.523378" lon="6.941484">
        <ele>10.683258</ele>
        <time>2026-05-12T01:23:19.186Z</time>
      </trkpt>
      <trkpt lat="43.523524" lon="6.941521">
        <ele>10.207934</ele>
        <time>2026-05-12T01:23:23.490Z</time>
      </trkpt>
      <trkpt lat="43.523627" lon="6.941584">
        <ele>9.847144</ele>
        <time>2026-05-12T01:23:26.672Z</time>
      </trkpt>
      <trkpt lat="43.523733" lon="6.941700">
        <ele>9.405652</ele>
        <time>2026-05-12T01:23:30.454Z</time>
      </trkpt>
      <trkpt lat="43.523835" lon="6.941902">
        <ele>8.753065</ele>
        <time>2026-05-12T01:23:35.492Z</time>
      </trkpt>
      <trkpt lat="43.523976" lon="6.942183">
        <ele>7.847116</ele>
        <time>2026-05-12T01:23:42.569Z</time>
      </trkpt>
      <trkpt lat="43.524074" lon="6.942379">
        <ele>7.215935</ele>
        <time>2026-05-12T01:23:47.487Z</time>
      </trkpt>
      <trkpt lat="43.524190" lon="6.942572">
        <ele>6.551343</ele>
        <time>2026-05-12T01:23:52.605Z</time>
      </trkpt>
      <trkpt lat="43.524217" lon="6.942626">
        <ele>6.377447</ele>
        <time>2026-05-12T01:23:53.942Z</time>
      </trkpt>
      <trkpt lat="43.524323" lon="6.942844">
        <ele>5.681588</ele>
        <time>2026-05-12T01:23:55.773Z</time>
      </trkpt>
      <trkpt lat="43.524394" lon="6.942994">
        <ele>5.206693</ele>
        <time>2026-05-12T01:23:57.022Z</time>
      </trkpt>
      <trkpt lat="43.524487" lon="6.943203">
        <ele>4.556598</ele>
        <time>2026-05-12T01:23:58.745Z</time>
      </trkpt>
      <trkpt lat="43.524598" lon="6.943396">
        <ele>3.903524</ele>
        <time>2026-05-12T01:24:00.507Z</time>
      </trkpt>
      <trkpt lat="43.524772" lon="6.943629">
        <ele>3.016793</ele>
        <time>2026-05-12T01:24:02.937Z</time>
      </trkpt>
      <trkpt lat="43.525141" lon="6.944014">
        <ele>2.582002</ele>
        <time>2026-05-12T01:24:08.085Z</time>
      </trkpt>
      <trkpt lat="43.525620" lon="6.944472">
        <ele>2.156731</ele>
        <time>2026-05-12T01:24:16.131Z</time>
      </trkpt>
      <trkpt lat="43.526256" lon="6.945094">
        <ele>1.587855</ele>
        <time>2026-05-12T01:24:28.196Z</time>
      </trkpt>
      <trkpt lat="43.526454" lon="6.945225">
        <ele>1.681946</ele>
        <time>2026-05-12T01:24:31.583Z</time>
      </trkpt>
      <trkpt lat="43.526788" lon="6.945344">
        <ele>1.842188</ele>
        <time>2026-05-12T01:24:37.074Z</time>
      </trkpt>
      <trkpt lat="43.526869" lon="6.945388">
        <ele>1.882627</ele>
        <time>2026-05-12T01:24:38.463Z</time>
      </trkpt>
      <trkpt lat="43.527208" lon="6.945663">
        <ele>2.065317</ele>
        <time>2026-05-12T01:24:44.885Z</time>
      </trkpt>
      <trkpt lat="43.527224" lon="6.945677">
        <ele>2.074119</ele>
        <time>2026-05-12T01:24:45.197Z</time>
      </trkpt>
      <trkpt lat="43.527328" lon="6.945758">
        <ele>2.129599</ele>
        <time>2026-05-12T01:24:47.212Z</time>
      </trkpt>
      <trkpt lat="43.527495" lon="6.946030">
        <ele>2.249640</ele>
        <time>2026-05-12T01:24:51.339Z</time>
      </trkpt>
      <trkpt lat="43.527593" lon="6.946139">
        <ele>2.308120</ele>
        <time>2026-05-12T01:24:53.400Z</time>
      </trkpt>
      <trkpt lat="43.528442" lon="6.946748">
        <ele>2.916415</ele>
        <time>2026-05-12T01:25:11.752Z</time>
      </trkpt>
      <trkpt lat="43.528589" lon="6.946845">
        <ele>3.029214</ele>
        <time>2026-05-12T01:25:14.983Z</time>
      </trkpt>
      <trkpt lat="43.529243" lon="6.947204">
        <ele>3.516449</ele>
        <time>2026-05-12T01:25:27.659Z</time>
      </trkpt>
      <trkpt lat="43.529506" lon="6.947288">
        <ele>3.609864</ele>
        <time>2026-05-12T01:25:31.917Z</time>
      </trkpt>
      <trkpt lat="43.529632" lon="6.947336">
        <ele>3.487764</ele>
        <time>2026-05-12T01:25:33.791Z</time>
      </trkpt>
      <trkpt lat="43.529971" lon="6.947381">
        <ele>3.169649</ele>
        <time>2026-05-12T01:25:38.105Z</time>
      </trkpt>
      <trkpt lat="43.530074" lon="6.947401">
        <ele>3.072491</ele>
        <time>2026-05-12T01:25:39.335Z</time>
      </trkpt>
      <trkpt lat="43.530225" lon="6.947434">
        <ele>2.929686</ele>
        <time>2026-05-12T01:25:41.085Z</time>
      </trkpt>
      <trkpt lat="43.530310" lon="6.947466">
        <ele>2.847385</ele>
        <time>2026-05-12T01:25:42.070Z</time>
      </trkpt>
      <trkpt lat="43.531404" lon="6.947971">
        <ele>1.895409</ele>
        <time>2026-05-12T01:25:55.667Z</time>
      </trkpt>
      <trkpt lat="43.531427" lon="6.947983">
        <ele>1.885943</ele>
        <time>2026-05-12T01:25:55.978Z</time>
      </trkpt>
      <trkpt lat="43.531537" lon="6.948076">
        <ele>1.836275</ele>
        <time>2026-05-12T01:25:57.577Z</time>
      </trkpt>
      <trkpt lat="43.531650" lon="6.948211">
        <ele>1.778725</ele>
        <time>2026-05-12T01:25:59.489Z</time>
      </trkpt>
      <trkpt lat="43.531865" lon="6.948649">
        <ele>1.631097</ele>
        <time>2026-05-12T01:26:04.616Z</time>
      </trkpt>
      <trkpt lat="43.532002" lon="6.948832">
        <ele>1.557679</ele>
        <time>2026-05-12T01:26:07.392Z</time>
      </trkpt>
      <trkpt lat="43.532097" lon="6.948925">
        <ele>1.512833</ele>
        <time>2026-05-12T01:26:09.189Z</time>
      </trkpt>
      <trkpt lat="43.532664" lon="6.949407">
        <ele>1.275546</ele>
        <time>2026-05-12T01:26:19.719Z</time>
      </trkpt>
      <trkpt lat="43.533908" lon="6.950605">
        <ele>1.013894</ele>
        <time>2026-05-12T01:26:41.300Z</time>
      </trkpt>
      <trkpt lat="43.534985" lon="6.951735">
        <ele>0.554607</ele>
        <time>2026-05-12T01:26:59.247Z</time>
      </trkpt>
      <trkpt lat="43.535365" lon="6.952172">
        <ele>0.373065</ele>
        <time>2026-05-12T01:27:05.956Z</time>
      </trkpt>
      <trkpt lat="43.535419" lon="6.952236">
        <ele>0.346941</ele>
        <time>2026-05-12T01:27:06.930Z</time>
      </trkpt>
      <trkpt lat="43.535725" lon="6.952619">
        <ele>0.281429</ele>
        <time>2026-05-12T01:27:12.806Z</time>
      </trkpt>
      <trkpt lat="43.535970" lon="6.952902">
        <ele>0.244598</ele>
        <time>2026-05-12T01:27:17.492Z</time>
      </trkpt>
      <trkpt lat="43.536622" lon="6.953671">
        <ele>0.145725</ele>
        <time>2026-05-12T01:27:29.955Z</time>
      </trkpt>
      <trkpt lat="43.536645" lon="6.953698">
        <ele>0.142244</ele>
        <time>2026-05-12T01:27:30.407Z</time>
      </trkpt>
      <trkpt lat="43.536713" lon="6.953812">
        <ele>0.129909</ele>
        <time>2026-05-12T01:27:31.975Z</time>
      </trkpt>
      <trkpt lat="43.537389" lon="6.954610">
        <ele>0.145772</ele>
        <time>2026-05-12T01:27:45.231Z</time>
      </trkpt>
      <trkpt lat="43.537808" lon="6.955175">
        <ele>0.171017</ele>
        <time>2026-05-12T01:27:54.195Z</time>
      </trkpt>
      <trkpt lat="43.538595" lon="6.956313">
        <ele>0.194407</ele>
        <time>2026-05-12T01:28:11.179Z</time>
      </trkpt>
      <trkpt lat="43.538648" lon="6.956395">
        <ele>0.194804</ele>
        <time>2026-05-12T01:28:12.355Z</time>
      </trkpt>
      <trkpt lat="43.538944" lon="6.956865">
        <ele>0.197051</ele>
        <time>2026-05-12T01:28:18.983Z</time>
      </trkpt>
      <trkpt lat="43.538973" lon="6.956917">
        <ele>0.197287</ele>
        <time>2026-05-12T01:28:19.663Z</time>
      </trkpt>
      <trkpt lat="43.539686" lon="6.958080">
        <ele>0.200000</ele>
        <time>2026-05-12T01:28:35.955Z</time>
      </trkpt>
      <trkpt lat="43.540029" lon="6.958687">
        <ele>0.200000</ele>
        <time>2026-05-12T01:28:44.436Z</time>
      </trkpt>
      <trkpt lat="43.540543" lon="6.959596">
        <ele>0.205274</ele>
        <time>2026-05-12T01:28:56.828Z</time>
      </trkpt>
      <trkpt lat="43.540703" lon="6.959886">
        <ele>0.214307</ele>
        <time>2026-05-12T01:29:00.667Z</time>
      </trkpt>
      <trkpt lat="43.541023" lon="6.960443">
        <ele>0.231924</ele>
        <time>2026-05-12T01:29:08.336Z</time>
      </trkpt>
      <trkpt lat="43.541284" lon="6.960795">
        <ele>0.244405</ele>
        <time>2026-05-12T01:29:13.835Z</time>
      </trkpt>
      <trkpt lat="43.541481" lon="6.961111">
        <ele>0.254736</ele>
        <time>2026-05-12T01:29:18.338Z</time>
      </trkpt>
      <trkpt lat="43.541485" lon="6.961239">
        <ele>0.257911</ele>
        <time>2026-05-12T01:29:19.732Z</time>
      </trkpt>
      <trkpt lat="43.541511" lon="6.961300">
        <ele>0.259665</ele>
        <time>2026-05-12T01:29:20.531Z</time>
      </trkpt>
      <trkpt lat="43.541598" lon="6.961372">
        <ele>0.273305</ele>
        <time>2026-05-12T01:29:22.030Z</time>
      </trkpt>
      <trkpt lat="43.541650" lon="6.961373">
        <ele>0.286170</ele>
        <time>2026-05-12T01:29:22.817Z</time>
      </trkpt>
      <trkpt lat="43.541890" lon="6.961750">
        <ele>0.376148</ele>
        <time>2026-05-12T01:29:28.236Z</time>
      </trkpt>
      <trkpt lat="43.541872" lon="6.961762">
        <ele>0.381094</ele>
        <time>2026-05-12T01:29:28.608Z</time>
      </trkpt>
      <trkpt lat="43.541815" lon="6.961802">
        <ele>0.396915</ele>
        <time>2026-05-12T01:29:29.919Z</time>
      </trkpt>
      <trkpt lat="43.541838" lon="6.961837">
        <ele>0.405386</ele>
        <time>2026-05-12T01:29:30.669Z</time>
      </trkpt>
      <trkpt lat="43.542097" lon="6.962250">
        <ele>0.503319</ele>
        <time>2026-05-12T01:29:39.209Z</time>
      </trkpt>
      <trkpt lat="43.542307" lon="6.962771">
        <ele>0.610221</ele>
        <time>2026-05-12T01:29:48.861Z</time>
      </trkpt>
      <trkpt lat="43.542597" lon="6.963322">
        <ele>0.712426</ele>
        <time>2026-05-12T01:29:59.449Z</time>
      </trkpt>
      <trkpt lat="43.542768" lon="6.963740">
        <ele>0.732242</ele>
        <time>2026-05-12T01:30:06.708Z</time>
      </trkpt>
      <trkpt lat="43.543035" lon="6.964268">
        <ele>0.758820</ele>
        <time>2026-05-12T01:30:16.805Z</time>
      </trkpt>
      <trkpt lat="43.543200" lon="6.964742">
        <ele>0.780529</ele>
        <time>2026-05-12T01:30:24.672Z</time>
      </trkpt>
      <trkpt lat="43.543422" lon="6.965185">
        <ele>0.802763</ele>
        <time>2026-05-12T01:30:32.062Z</time>
      </trkpt>
      <trkpt lat="43.543532" lon="6.965594">
        <ele>0.739438</ele>
        <time>2026-05-12T01:30:37.820Z</time>
      </trkpt>
      <trkpt lat="43.543601" lon="6.965726">
        <ele>0.700067</ele>
        <time>2026-05-12T01:30:39.986Z</time>
      </trkpt>
      <trkpt lat="43.543850" lon="6.966432">
        <ele>0.510129</ele>
        <time>2026-05-12T01:30:50.935Z</time>
      </trkpt>
      <trkpt lat="43.543864" lon="6.966574">
        <ele>0.475461</ele>
        <time>2026-05-12T01:30:52.887Z</time>
      </trkpt>
      <trkpt lat="43.543892" lon="6.966651">
        <ele>0.454621</ele>
        <time>2026-05-12T01:30:54.059Z</time>
      </trkpt>
      <trkpt lat="43.543941" lon="6.966690">
        <ele>0.435741</ele>
        <time>2026-05-12T01:30:55.108Z</time>
      </trkpt>
      <trkpt lat="43.544017" lon="6.967001">
        <ele>0.356344</ele>
        <time>2026-05-12T01:30:59.592Z</time>
      </trkpt>
      <trkpt lat="43.544183" lon="6.967329">
        <ele>0.259569</ele>
        <time>2026-05-12T01:31:05.057Z</time>
      </trkpt>
      <trkpt lat="43.544293" lon="6.967674">
        <ele>0.201260</ele>
        <time>2026-05-12T01:31:10.300Z</time>
      </trkpt>
      <trkpt lat="43.544302" lon="6.967708">
        <ele>0.199658</ele>
        <time>2026-05-12T01:31:10.817Z</time>
      </trkpt>
      <trkpt lat="43.544368" lon="6.967909">
        <ele>0.189888</ele>
        <time>2026-05-12T01:31:13.953Z</time>
      </trkpt>
      <trkpt lat="43.544420" lon="6.967926">
        <ele>0.186624</ele>
        <time>2026-05-12T01:31:15.019Z</time>
      </trkpt>
      <trkpt lat="43.544505" lon="6.968143">
        <ele>0.175703</ele>
        <time>2026-05-12T01:31:17.639Z</time>
      </trkpt>
      <trkpt lat="43.544965" lon="6.969323">
        <ele>0.116384</ele>
        <time>2026-05-12T01:31:32.062Z</time>
      </trkpt>
      <trkpt lat="43.545316" lon="6.970349">
        <ele>0.086597</ele>
        <time>2026-05-12T01:31:44.344Z</time>
      </trkpt>
      <trkpt lat="43.546379" lon="6.974213">
        <ele>0.008352</ele>
        <time>2026-05-12T01:32:28.388Z</time>
      </trkpt>
      <trkpt lat="43.546404" lon="6.974306">
        <ele>0.006436</ele>
        <time>2026-05-12T01:32:29.449Z</time>
      </trkpt>
      <trkpt lat="43.546767" lon="6.975709">
        <ele>0.011541</ele>
        <time>2026-05-12T01:32:45.388Z</time>
      </trkpt>
      <trkpt lat="43.547034" lon="6.976912">
        <ele>0.033782</ele>
        <time>2026-05-12T01:32:59.028Z</time>
      </trkpt>
      <trkpt lat="43.547001" lon="6.976956">
        <ele>0.038173</ele>
        <time>2026-05-12T01:32:59.712Z</time>
      </trkpt>
      <trkpt lat="43.547013" lon="6.977013">
        <ele>0.042289</ele>
        <time>2026-05-12T01:33:00.364Z</time>
      </trkpt>
      <trkpt lat="43.547021" lon="6.977055">
        <ele>0.045301</ele>
        <time>2026-05-12T01:33:01.010Z</time>
      </trkpt>
      <trkpt lat="43.547378" lon="6.978724">
        <ele>0.165981</ele>
        <time>2026-05-12T01:33:27.186Z</time>
      </trkpt>
      <trkpt lat="43.547427" lon="6.979294">
        <ele>0.201004</ele>
        <time>2026-05-12T01:33:35.650Z</time>
      </trkpt>
      <trkpt lat="43.547465" lon="6.979466">
        <ele>0.210296</ele>
        <time>2026-05-12T01:33:38.288Z</time>
      </trkpt>
      <trkpt lat="43.547474" lon="6.979875">
        <ele>0.231440</ele>
        <time>2026-05-12T01:33:44.368Z</time>
      </trkpt>
      <trkpt lat="43.547531" lon="6.979872">
        <ele>0.235507</ele>
        <time>2026-05-12T01:33:45.580Z</time>
      </trkpt>
      <trkpt lat="43.547559" lon="6.980108">
        <ele>0.247865</ele>
        <time>2026-05-12T01:33:48.235Z</time>
      </trkpt>
      <trkpt lat="43.547533" lon="6.980178">
        <ele>0.251929</ele>
        <time>2026-05-12T01:33:49.101Z</time>
      </trkpt>
      <trkpt lat="43.547570" lon="6.980238">
        <ele>0.256000</ele>
        <time>2026-05-12T01:33:50.000Z</time>
      </trkpt>
      <trkpt lat="43.547553" lon="6.980330">
        <ele>0.260906</ele>
        <time>2026-05-12T01:33:51.021Z</time>
      </trkpt>
      <trkpt lat="43.547575" lon="6.980461">
        <ele>0.267855</ele>
        <time>2026-05-12T01:33:52.523Z</time>
      </trkpt>
      <trkpt lat="43.547589" lon="6.980547">
        <ele>0.272410</ele>
        <time>2026-05-12T01:33:53.458Z</time>
      </trkpt>
      <trkpt lat="43.547738" lon="6.981630">
        <ele>0.322594</ele>
        <time>2026-05-12T01:34:05.402Z</time>
      </trkpt>
      <trkpt lat="43.547750" lon="6.981725">
        <ele>0.325186</ele>
        <time>2026-05-12T01:34:06.476Z</time>
      </trkpt>
      <trkpt lat="43.547765" lon="6.981840">
        <ele>0.328325</ele>
        <time>2026-05-12T01:34:07.780Z</time>
      </trkpt>
      <trkpt lat="43.547864" lon="6.982579">
        <ele>0.348519</ele>
        <time>2026-05-12T01:34:16.220Z</time>
      </trkpt>
      <trkpt lat="43.548032" lon="6.983722">
        <ele>0.379858</ele>
        <time>2026-05-12T01:34:28.605Z</time>
      </trkpt>
      <trkpt lat="43.548086" lon="6.984035">
        <ele>0.366666</ele>
        <time>2026-05-12T01:34:31.980Z</time>
      </trkpt>
      <trkpt lat="43.548486" lon="6.986179">
        <ele>0.228433</ele>
        <time>2026-05-12T01:34:55.013Z</time>
      </trkpt>
      <trkpt lat="43.548765" lon="6.987652">
        <ele>0.273210</ele>
        <time>2026-05-12T01:35:11.545Z</time>
      </trkpt>
      <trkpt lat="43.548920" lon="6.988881">
        <ele>0.348437</ele>
        <time>2026-05-12T01:35:25.315Z</time>
      </trkpt>
      <trkpt lat="43.549055" lon="6.990837">
        <ele>0.681483</ele>
        <time>2026-05-12T01:35:47.895Z</time>
      </trkpt>
      <trkpt lat="43.549131" lon="6.992223">
        <ele>0.717430</ele>
        <time>2026-05-12T01:36:03.917Z</time>
      </trkpt>
      <trkpt lat="43.549175" lon="6.993084">
        <ele>0.712346</ele>
        <time>2026-05-12T01:36:12.977Z</time>
      </trkpt>
      <trkpt lat="43.549219" lon="6.993913">
        <ele>0.650806</ele>
        <time>2026-05-12T01:36:21.090Z</time>
      </trkpt>
      <trkpt lat="43.549264" lon="6.995376">
        <ele>0.405910</ele>
        <time>2026-05-12T01:36:35.621Z</time>
      </trkpt>
      <trkpt lat="43.549257" lon="6.995715">
        <ele>0.349192</ele>
        <time>2026-05-12T01:36:39.183Z</time>
      </trkpt>
      <trkpt lat="43.549175" lon="6.998300">
        <ele>0.304251</ele>
        <time>2026-05-12T01:37:06.918Z</time>
      </trkpt>
      <trkpt lat="43.549171" lon="6.998416">
        <ele>0.304752</ele>
        <time>2026-05-12T01:37:08.270Z</time>
      </trkpt>
      <trkpt lat="43.549144" lon="6.999095">
        <ele>0.310289</ele>
        <time>2026-05-12T01:37:16.090Z</time>
      </trkpt>
      <trkpt lat="43.549103" lon="7.000106">
        <ele>0.319241</ele>
        <time>2026-05-12T01:37:27.116Z</time>
      </trkpt>
      <trkpt lat="43.549081" lon="7.000626">
        <ele>0.323845</ele>
        <time>2026-05-12T01:37:32.629Z</time>
      </trkpt>
      <trkpt lat="43.549052" lon="7.001272">
        <ele>0.362885</ele>
        <time>2026-05-12T01:37:39.339Z</time>
      </trkpt>
      <trkpt lat="43.549041" lon="7.001699">
        <ele>0.418626</ele>
        <time>2026-05-12T01:37:43.612Z</time>
      </trkpt>
      <trkpt lat="43.549009" lon="7.001697">
        <ele>0.424391</ele>
        <time>2026-05-12T01:37:44.210Z</time>
      </trkpt>
      <trkpt lat="43.548992" lon="7.001720">
        <ele>0.428677</ele>
        <time>2026-05-12T01:37:44.671Z</time>
      </trkpt>
      <trkpt lat="43.548977" lon="7.002558">
        <ele>0.538035</ele>
        <time>2026-05-12T01:37:56.741Z</time>
      </trkpt>
      <trkpt lat="43.549004" lon="7.003887">
        <ele>0.746692</ele>
        <time>2026-05-12T01:38:19.270Z</time>
      </trkpt>
      <trkpt lat="43.548932" lon="7.004977">
        <ele>0.972459</ele>
        <time>2026-05-12T01:38:36.734Z</time>
      </trkpt>
      <trkpt lat="43.548859" lon="7.006035">
        <ele>1.179965</ele>
        <time>2026-05-12T01:38:51.796Z</time>
      </trkpt>
      <trkpt lat="43.548831" lon="7.006279">
        <ele>1.210262</ele>
        <time>2026-05-12T01:38:55.158Z</time>
      </trkpt>
      <trkpt lat="43.548805" lon="7.006763">
        <ele>1.269783</ele>
        <time>2026-05-12T01:39:01.824Z</time>
      </trkpt>
      <trkpt lat="43.548725" lon="7.007516">
        <ele>1.363119</ele>
        <time>2026-05-12T01:39:13.226Z</time>
      </trkpt>
      <trkpt lat="43.548721" lon="7.007554">
        <ele>1.367828</ele>
        <time>2026-05-12T01:39:13.856Z</time>
      </trkpt>
      <trkpt lat="43.548690" lon="7.007849">
        <ele>1.404385</ele>
        <time>2026-05-12T01:39:18.778Z</time>
      </trkpt>
      <trkpt lat="43.548682" lon="7.007890">
        <ele>1.409593</ele>
        <time>2026-05-12T01:39:19.504Z</time>
      </trkpt>
      <trkpt lat="43.548544" lon="7.008592">
        <ele>1.595325</ele>
        <time>2026-05-12T01:39:31.923Z</time>
      </trkpt>
      <trkpt lat="43.548389" lon="7.009367">
        <ele>1.994473</ele>
        <time>2026-05-12T01:39:45.081Z</time>
      </trkpt>
      <trkpt lat="43.548221" lon="7.010111">
        <ele>2.381362</ele>
        <time>2026-05-12T01:39:58.112Z</time>
      </trkpt>
      <trkpt lat="43.548089" lon="7.010809">
        <ele>2.681034</ele>
        <time>2026-05-12T01:40:10.803Z</time>
      </trkpt>
      <trkpt lat="43.548095" lon="7.010926">
        <ele>2.654827</ele>
        <time>2026-05-12T01:40:12.697Z</time>
      </trkpt>
      <trkpt lat="43.548148" lon="7.010940">
        <ele>2.638192</ele>
        <time>2026-05-12T01:40:13.564Z</time>
      </trkpt>
      <trkpt lat="43.548161" lon="7.011094">
        <ele>2.603551</ele>
        <time>2026-05-12T01:40:15.336Z</time>
      </trkpt>
      <trkpt lat="43.548173" lon="7.011228">
        <ele>2.573383</ele>
        <time>2026-05-12T01:40:16.858Z</time>
      </trkpt>
      <trkpt lat="43.548246" lon="7.011872">
        <ele>2.427743</ele>
        <time>2026-05-12T01:40:23.540Z</time>
      </trkpt>
      <trkpt lat="43.548270" lon="7.012121">
        <ele>2.371619</ele>
        <time>2026-05-12T01:40:26.058Z</time>
      </trkpt>
      <trkpt lat="43.548276" lon="7.012217">
        <ele>2.350090</ele>
        <time>2026-05-12T01:40:27.033Z</time>
      </trkpt>
      <trkpt lat="43.548285" lon="7.012412">
        <ele>2.306432</ele>
        <time>2026-05-12T01:40:29.075Z</time>
      </trkpt>
      <trkpt lat="43.548317" lon="7.012524">
        <ele>2.279534</ele>
        <time>2026-05-12T01:40:30.271Z</time>
      </trkpt>
      <trkpt lat="43.548325" lon="7.012541">
        <ele>2.275005</ele>
        <time>2026-05-12T01:40:30.450Z</time>
      </trkpt>
      <trkpt lat="43.548378" lon="7.012575">
        <ele>2.256987</ele>
        <time>2026-05-12T01:40:31.164Z</time>
      </trkpt>
      <trkpt lat="43.548450" lon="7.012560">
        <ele>2.234540</ele>
        <time>2026-05-12T01:40:32.085Z</time>
      </trkpt>
      <trkpt lat="43.548559" lon="7.012537">
        <ele>2.200548</ele>
        <time>2026-05-12T01:40:33.372Z</time>
      </trkpt>
      <trkpt lat="43.548948" lon="7.012454">
        <ele>1.996766</ele>
        <time>2026-05-12T01:40:37.825Z</time>
      </trkpt>
      <trkpt lat="43.549216" lon="7.012398">
        <ele>1.808052</ele>
        <time>2026-05-12T01:40:40.918Z</time>
      </trkpt>
      <trkpt lat="43.549544" lon="7.012329">
        <ele>1.577054</ele>
        <time>2026-05-12T01:40:44.988Z</time>
      </trkpt>
      <trkpt lat="43.549896" lon="7.012261">
        <ele>1.329595</ele>
        <time>2026-05-12T01:40:49.679Z</time>
      </trkpt>
      <trkpt lat="43.550159" lon="7.012203">
        <ele>1.144165</ele>
        <time>2026-05-12T01:40:53.438Z</time>
      </trkpt>
      <trkpt lat="43.550429" lon="7.012143">
        <ele>0.953764</ele>
        <time>2026-05-12T01:40:57.336Z</time>
      </trkpt>
      <trkpt lat="43.550548" lon="7.012133">
        <ele>0.898409</ele>
        <time>2026-05-12T01:40:59.069Z</time>
      </trkpt>
      <trkpt lat="43.550719" lon="7.012206">
        <ele>0.932525</ele>
        <time>2026-05-12T01:41:01.779Z</time>
      </trkpt>
      <trkpt lat="43.550712" lon="7.012307">
        <ele>0.946540</ele>
        <time>2026-05-12T01:41:02.832Z</time>
      </trkpt>
      <trkpt lat="43.550751" lon="7.012389">
        <ele>0.960088</ele>
        <time>2026-05-12T01:41:03.972Z</time>
      </trkpt>
      <trkpt lat="43.550762" lon="7.012533">
        <ele>0.980090</ele>
        <time>2026-05-12T01:41:05.520Z</time>
      </trkpt>
      <trkpt lat="43.550855" lon="7.012800">
        <ele>1.021010</ele>
        <time>2026-05-12T01:41:08.902Z</time>
      </trkpt>
      <trkpt lat="43.550999" lon="7.013221">
        <ele>1.085316</ele>
        <time>2026-05-12T01:41:14.075Z</time>
      </trkpt>
      <trkpt lat="43.551010" lon="7.013255">
        <ele>1.090459</ele>
        <time>2026-05-12T01:41:14.474Z</time>
      </trkpt>
      <trkpt lat="43.551124" lon="7.013587">
        <ele>1.141206</ele>
        <time>2026-05-12T01:41:18.484Z</time>
      </trkpt>
      <trkpt lat="43.551218" lon="7.013923">
        <ele>1.190957</ele>
        <time>2026-05-12T01:41:22.470Z</time>
      </trkpt>
      <trkpt lat="43.551314" lon="7.014468">
        <ele>1.545081</ele>
        <time>2026-05-12T01:41:29.323Z</time>
      </trkpt>
      <trkpt lat="43.551394" lon="7.015151">
        <ele>2.438072</ele>
        <time>2026-05-12T01:41:38.525Z</time>
      </trkpt>
      <trkpt lat="43.551435" lon="7.015496">
        <ele>2.889313</ele>
        <time>2026-05-12T01:41:44.004Z</time>
      </trkpt>
      <trkpt lat="43.551505" lon="7.016563">
        <ele>4.272125</ele>
        <time>2026-05-12T01:42:05.039Z</time>
      </trkpt>
      <trkpt lat="43.551478" lon="7.016772">
        <ele>4.537670</ele>
        <time>2026-05-12T01:42:08.852Z</time>
      </trkpt>
      <trkpt lat="43.551429" lon="7.017072">
        <ele>4.903393</ele>
        <time>2026-05-12T01:42:13.935Z</time>
      </trkpt>
      <trkpt lat="43.551392" lon="7.017313">
        <ele>5.196362</ele>
        <time>2026-05-12T01:42:17.678Z</time>
      </trkpt>
      <trkpt lat="43.551369" lon="7.017469">
        <ele>5.385685</ele>
        <time>2026-05-12T01:42:19.928Z</time>
      </trkpt>
      <trkpt lat="43.551204" lon="7.018171">
        <ele>6.263346</ele>
        <time>2026-05-12T01:42:30.343Z</time>
      </trkpt>
      <trkpt lat="43.551182" lon="7.018245">
        <ele>6.358467</ele>
        <time>2026-05-12T01:42:31.514Z</time>
      </trkpt>
      <trkpt lat="43.550990" lon="7.018858">
        <ele>7.152646</ele>
        <time>2026-05-12T01:42:41.601Z</time>
      </trkpt>
      <trkpt lat="43.550905" lon="7.019101">
        <ele>7.503781</ele>
        <time>2026-05-12T01:42:45.071Z</time>
      </trkpt>
      <trkpt lat="43.550991" lon="7.019178">
        <ele>7.732801</ele>
        <time>2026-05-12T01:42:46.975Z</time>
      </trkpt>
      <trkpt lat="43.551545" lon="7.019166">
        <ele>8.970535</ele>
        <time>2026-05-12T01:43:00.410Z</time>
      </trkpt>
      <trkpt lat="43.551759" lon="7.019162">
        <ele>9.448633</ele>
        <time>2026-05-12T01:43:06.170Z</time>
      </trkpt>
      <trkpt lat="43.552069" lon="7.019155">
        <ele>10.141235</ele>
        <time>2026-05-12T01:43:15.060Z</time>
      </trkpt>
      <trkpt lat="43.552554" lon="7.019145">
        <ele>11.224798</ele>
        <time>2026-05-12T01:43:27.655Z</time>
      </trkpt>
      <trkpt lat="43.552525" lon="7.018768">
        <ele>11.415775</ele>
        <time>2026-05-12T01:43:32.978Z</time>
      </trkpt>
      <trkpt lat="43.553111" lon="7.018678">
        <ele>11.440077</ele>
        <time>2026-05-12T01:43:46.196Z</time>
      </trkpt>
      <trkpt lat="43.553202" lon="7.018663">
        <ele>11.443854</ele>
        <time>2026-05-12T01:43:48.002Z</time>
      </trkpt>
      <trkpt lat="43.553643" lon="7.018593">
        <ele>11.462151</ele>
        <time>2026-05-12T01:43:55.891Z</time>
      </trkpt>
      <trkpt lat="43.553631" lon="7.019332">
        <ele>11.481961</ele>
        <time>2026-05-12T01:44:02.345Z</time>
      </trkpt>
      <trkpt lat="43.553801" lon="7.019452">
        <ele>11.481961</ele>
        <time>2026-05-12T01:44:15.589Z</time>
      </trkpt>
      <trkpt lat="43.553871" lon="7.019456">
        <ele>11.481961</ele>
        <time>2026-05-12T01:44:20.528Z</time>
      </trkpt>
      <trkpt lat="43.553880" lon="7.019456">
        <ele>11.481961</ele>
        <time>2026-05-12T01:44:21.140Z</time>
      </trkpt>
      <trkpt lat="43.553880" lon="7.019675">
        <ele>11.481961</ele>
        <time>2026-05-12T01:44:32.165Z</time>
      </trkpt>
      <trkpt lat="43.553871" lon="7.019979">
        <ele>11.481961</ele>
        <time>2026-05-12T01:44:47.464Z</time>
      </trkpt>
      <trkpt lat="43.553926" lon="7.019984">
        <ele>11.481961</ele>
        <time>2026-05-12T01:44:51.323Z</time>
      </trkpt>
      <trkpt lat="43.553946" lon="7.019987">
        <ele>11.481961</ele>
        <time>2026-05-12T01:44:52.713Z</time>
      </trkpt>
      <trkpt lat="43.553985" lon="7.020007">
        <ele>11.481961</ele>
        <time>2026-05-12T01:44:55.589Z</time>
      </trkpt>
      <trkpt lat="43.554049" lon="7.020012">
        <ele>11.481961</ele>
        <time>2026-05-12T01:45:03.509Z</time>
      </trkpt>
      <trkpt lat="43.554074" lon="7.020025">
        <ele>11.481961</ele>
        <time>2026-05-12T01:45:05.342Z</time>
      </trkpt>
      <trkpt lat="43.554165" lon="7.020029">
        <ele>11.481961</ele>
        <time>2026-05-12T01:45:11.718Z</time>
      </trkpt>
      <trkpt lat="43.554167" lon="7.020005">
        <ele>11.481961</ele>
        <time>2026-05-12T01:45:12.952Z</time>
      </trkpt>
      <trkpt lat="43.554169" lon="7.019913">
        <ele>11.481961</ele>
        <time>2026-05-12T01:45:21.195Z</time>
      </trkpt>
    </trkseg>
  </trk>
</gpx>