<?xml version='1.0' encoding='UTF-8'?>
<gpx version="1.1" creator="https://www.komoot.de" xmlns="http://www.topografix.com/GPX/1/1" xmlns:xsi="http://www.w3.org/2001/XMLSchema-instance" xsi:schemaLocation="http://www.topografix.com/GPX/1/1 http://www.topografix.com/GPX/1/1/gpx.xsd">
  <metadata>
    <name>Menton_Madone</name>
    <author>
      <link href="https://www.komoot.de">
        <text>komoot</text>
        <type>text/html</type>
      </link>
    </author>
  </metadata>
  <wpt lat="43.803200" lon="7.423200">
    <name>Col de la Madone</name>
    <sym>Flag, Blue</sym>
  </wpt>
  <trk>
    <name>Menton_Madone</name>
    <trkseg>
      <trkpt lat="43.775232" lon="7.502967">
        <ele>10.754802</ele>
        <time>2026-05-11T22:09:29.507Z</time>
      </trkpt>
      <trkpt lat="43.775245" lon="7.503044">
        <ele>10.754802</ele>
        <time>2026-05-11T22:09:30.564Z</time>
      </trkpt>
      <trkpt lat="43.775309" lon="7.503130">
        <ele>10.754802</ele>
        <time>2026-05-11T22:09:32.143Z</time>
      </trkpt>
      <trkpt lat="43.775528" lon="7.503065">
        <ele>10.754802</ele>
        <time>2026-05-11T22:09:36.174Z</time>
      </trkpt>
      <trkpt lat="43.775447" lon="7.502594">
        <ele>10.754802</ele>
        <time>2026-05-11T22:09:42.187Z</time>
      </trkpt>
      <trkpt lat="43.775343" lon="7.501898">
        <ele>10.666187</ele>
        <time>2026-05-11T22:09:50.234Z</time>
      </trkpt>
      <trkpt lat="43.775335" lon="7.501843">
        <ele>10.655431</ele>
        <time>2026-05-11T22:09:50.763Z</time>
      </trkpt>
      <trkpt lat="43.775325" lon="7.501782">
        <ele>10.643437</ele>
        <time>2026-05-11T22:09:51.332Z</time>
      </trkpt>
      <trkpt lat="43.775218" lon="7.501069">
        <ele>10.503814</ele>
        <time>2026-05-11T22:09:59.238Z</time>
      </trkpt>
      <trkpt lat="43.775134" lon="7.500511">
        <ele>10.394529</ele>
        <time>2026-05-11T22:10:05.604Z</time>
      </trkpt>
      <trkpt lat="43.774813" lon="7.500558">
        <ele>10.308818</ele>
        <time>2026-05-11T22:10:09.468Z</time>
      </trkpt>
      <trkpt lat="43.774773" lon="7.500647">
        <ele>10.288719</ele>
        <time>2026-05-11T22:10:10.343Z</time>
      </trkpt>
      <trkpt lat="43.774583" lon="7.501091">
        <ele>9.797490</ele>
        <time>2026-05-11T22:10:14.622Z</time>
      </trkpt>
      <trkpt lat="43.774545" lon="7.501130">
        <ele>9.728592</ele>
        <time>2026-05-11T22:10:15.162Z</time>
      </trkpt>
      <trkpt lat="43.774461" lon="7.501174">
        <ele>9.597769</ele>
        <time>2026-05-11T22:10:16.186Z</time>
      </trkpt>
      <trkpt lat="43.774388" lon="7.501096">
        <ele>9.463459</ele>
        <time>2026-05-11T22:10:17.243Z</time>
      </trkpt>
      <trkpt lat="43.774305" lon="7.501128">
        <ele>9.337954</ele>
        <time>2026-05-11T22:10:18.239Z</time>
      </trkpt>
      <trkpt lat="43.774243" lon="7.501042">
        <ele>9.210127</ele>
        <time>2026-05-11T22:10:19.252Z</time>
      </trkpt>
      <trkpt lat="43.773907" lon="7.500452">
        <ele>8.419749</ele>
        <time>2026-05-11T22:10:25.578Z</time>
      </trkpt>
      <trkpt lat="43.773865" lon="7.500370">
        <ele>8.314001</ele>
        <time>2026-05-11T22:10:26.391Z</time>
      </trkpt>
      <trkpt lat="43.773661" lon="7.499969">
        <ele>7.798037</ele>
        <time>2026-05-11T22:10:30.385Z</time>
      </trkpt>
      <trkpt lat="43.773371" lon="7.499386">
        <ele>6.848246</ele>
        <time>2026-05-11T22:10:36.273Z</time>
      </trkpt>
      <trkpt lat="43.773348" lon="7.499340">
        <ele>6.769396</ele>
        <time>2026-05-11T22:10:36.726Z</time>
      </trkpt>
      <trkpt lat="43.773105" lon="7.498854">
        <ele>5.936325</ele>
        <time>2026-05-11T22:10:41.533Z</time>
      </trkpt>
      <trkpt lat="43.773017" lon="7.498676">
        <ele>5.632315</ele>
        <time>2026-05-11T22:10:43.183Z</time>
      </trkpt>
      <trkpt lat="43.772988" lon="7.498499">
        <ele>5.376534</ele>
        <time>2026-05-11T22:10:44.582Z</time>
      </trkpt>
      <trkpt lat="43.772979" lon="7.498405">
        <ele>5.242903</ele>
        <time>2026-05-11T22:10:45.303Z</time>
      </trkpt>
      <trkpt lat="43.772920" lon="7.498397">
        <ele>5.127205</ele>
        <time>2026-05-11T22:10:45.951Z</time>
      </trkpt>
      <trkpt lat="43.772861" lon="7.498328">
        <ele>4.976491</ele>
        <time>2026-05-11T22:10:46.767Z</time>
      </trkpt>
      <trkpt lat="43.772770" lon="7.498203">
        <ele>4.726343</ele>
        <time>2026-05-11T22:10:48.148Z</time>
      </trkpt>
      <trkpt lat="43.772636" lon="7.497947">
        <ele>4.280751</ele>
        <time>2026-05-11T22:10:50.630Z</time>
      </trkpt>
      <trkpt lat="43.772347" lon="7.498174">
        <ele>3.759454</ele>
        <time>2026-05-11T22:10:54.231Z</time>
      </trkpt>
      <trkpt lat="43.772253" lon="7.498190">
        <ele>3.620297</ele>
        <time>2026-05-11T22:10:55.242Z</time>
      </trkpt>
      <trkpt lat="43.772202" lon="7.498013">
        <ele>3.418100</ele>
        <time>2026-05-11T22:10:56.733Z</time>
      </trkpt>
      <trkpt lat="43.771728" lon="7.497083">
        <ele>2.210328</ele>
        <time>2026-05-11T22:11:05.959Z</time>
      </trkpt>
      <trkpt lat="43.771682" lon="7.496978">
        <ele>2.080021</ele>
        <time>2026-05-11T22:11:07.100Z</time>
      </trkpt>
      <trkpt lat="43.771639" lon="7.496880">
        <ele>1.958351</ele>
        <time>2026-05-11T22:11:08.262Z</time>
      </trkpt>
      <trkpt lat="43.771512" lon="7.496645">
        <ele>1.646917</ele>
        <time>2026-05-11T22:11:11.219Z</time>
      </trkpt>
      <trkpt lat="43.771263" lon="7.496176">
        <ele>1.410366</ele>
        <time>2026-05-11T22:11:17.016Z</time>
      </trkpt>
      <trkpt lat="43.770634" lon="7.494981">
        <ele>1.101016</ele>
        <time>2026-05-11T22:11:32.082Z</time>
      </trkpt>
      <trkpt lat="43.770499" lon="7.494725">
        <ele>1.034702</ele>
        <time>2026-05-11T22:11:35.222Z</time>
      </trkpt>
      <trkpt lat="43.770393" lon="7.494525">
        <ele>0.982795</ele>
        <time>2026-05-11T22:11:37.691Z</time>
      </trkpt>
      <trkpt lat="43.770057" lon="7.493895">
        <ele>0.802359</ele>
        <time>2026-05-11T22:11:45.481Z</time>
      </trkpt>
      <trkpt lat="43.769762" lon="7.493339">
        <ele>0.643406</ele>
        <time>2026-05-11T22:11:52.348Z</time>
      </trkpt>
      <trkpt lat="43.769505" lon="7.492880">
        <ele>0.509595</ele>
        <time>2026-05-11T22:11:57.959Z</time>
      </trkpt>
      <trkpt lat="43.768656" lon="7.491661">
        <ele>0.323727</ele>
        <time>2026-05-11T22:12:14.862Z</time>
      </trkpt>
      <trkpt lat="43.768624" lon="7.491615">
        <ele>0.319391</ele>
        <time>2026-05-11T22:12:15.521Z</time>
      </trkpt>
      <trkpt lat="43.767830" lon="7.490497">
        <ele>0.669981</ele>
        <time>2026-05-11T22:12:32.412Z</time>
      </trkpt>
      <trkpt lat="43.767324" lon="7.489892">
        <ele>1.669090</ele>
        <time>2026-05-11T22:12:45.824Z</time>
      </trkpt>
      <trkpt lat="43.767492" lon="7.489574">
        <ele>2.094331</ele>
        <time>2026-05-11T22:12:52.278Z</time>
      </trkpt>
      <trkpt lat="43.767570" lon="7.489450">
        <ele>2.271811</ele>
        <time>2026-05-11T22:12:55.075Z</time>
      </trkpt>
      <trkpt lat="43.767394" lon="7.489310">
        <ele>2.575153</ele>
        <time>2026-05-11T22:13:00.112Z</time>
      </trkpt>
      <trkpt lat="43.766429" lon="7.488233">
        <ele>5.142032</ele>
        <time>2026-05-11T22:13:30.901Z</time>
      </trkpt>
      <trkpt lat="43.766343" lon="7.488105">
        <ele>5.420648</ele>
        <time>2026-05-11T22:13:33.454Z</time>
      </trkpt>
      <trkpt lat="43.766292" lon="7.488029">
        <ele>5.585983</ele>
        <time>2026-05-11T22:13:34.932Z</time>
      </trkpt>
      <trkpt lat="43.766164" lon="7.487838">
        <ele>6.001239</ele>
        <time>2026-05-11T22:13:38.753Z</time>
      </trkpt>
      <trkpt lat="43.766028" lon="7.487623">
        <ele>6.456727</ele>
        <time>2026-05-11T22:13:43.213Z</time>
      </trkpt>
      <trkpt lat="43.766036" lon="7.487429">
        <ele>6.766399</ele>
        <time>2026-05-11T22:13:46.364Z</time>
      </trkpt>
      <trkpt lat="43.766103" lon="7.487381">
        <ele>6.954732</ele>
        <time>2026-05-11T22:13:48.072Z</time>
      </trkpt>
      <trkpt lat="43.766273" lon="7.487149">
        <ele>7.804753</ele>
        <time>2026-05-11T22:13:53.841Z</time>
      </trkpt>
      <trkpt lat="43.766486" lon="7.486792">
        <ele>8.995709</ele>
        <time>2026-05-11T22:14:02.559Z</time>
      </trkpt>
      <trkpt lat="43.766725" lon="7.486410">
        <ele>10.295561</ele>
        <time>2026-05-11T22:14:12.833Z</time>
      </trkpt>
      <trkpt lat="43.767127" lon="7.485667">
        <ele>12.683214</ele>
        <time>2026-05-11T22:14:34.210Z</time>
      </trkpt>
      <trkpt lat="43.767500" lon="7.485202">
        <ele>14.855005</ele>
        <time>2026-05-11T22:14:51.982Z</time>
      </trkpt>
      <trkpt lat="43.767539" lon="7.484960">
        <ele>15.702588</ele>
        <time>2026-05-11T22:14:58.185Z</time>
      </trkpt>
      <trkpt lat="43.767557" lon="7.484641">
        <ele>16.796358</ele>
        <time>2026-05-11T22:15:06.185Z</time>
      </trkpt>
      <trkpt lat="43.768051" lon="7.483120">
        <ele>22.388092</ele>
        <time>2026-05-11T22:15:47.809Z</time>
      </trkpt>
      <trkpt lat="43.768097" lon="7.482392">
        <ele>24.485509</ele>
        <time>2026-05-11T22:16:02.465Z</time>
      </trkpt>
      <trkpt lat="43.768115" lon="7.482037">
        <ele>25.506902</ele>
        <time>2026-05-11T22:16:08.523Z</time>
      </trkpt>
      <trkpt lat="43.768154" lon="7.481339">
        <ele>27.516218</ele>
        <time>2026-05-11T22:16:21.522Z</time>
      </trkpt>
      <trkpt lat="43.768233" lon="7.480699">
        <ele>29.830165</ele>
        <time>2026-05-11T22:16:37.991Z</time>
      </trkpt>
      <trkpt lat="43.768276" lon="7.480559">
        <ele>30.741235</ele>
        <time>2026-05-11T22:16:42.491Z</time>
      </trkpt>
      <trkpt lat="43.768362" lon="7.480434">
        <ele>31.775137</ele>
        <time>2026-05-11T22:16:47.747Z</time>
      </trkpt>
      <trkpt lat="43.768779" lon="7.480305">
        <ele>35.318415</ele>
        <time>2026-05-11T22:17:08.617Z</time>
      </trkpt>
      <trkpt lat="43.769167" lon="7.480143">
        <ele>38.679038</ele>
        <time>2026-05-11T22:17:31.630Z</time>
      </trkpt>
      <trkpt lat="43.769844" lon="7.479964">
        <ele>44.114539</ele>
        <time>2026-05-11T22:18:10.308Z</time>
      </trkpt>
      <trkpt lat="43.770178" lon="7.479784">
        <ele>45.467008</ele>
        <time>2026-05-11T22:18:25.715Z</time>
      </trkpt>
      <trkpt lat="43.770433" lon="7.479592">
        <ele>46.562320</ele>
        <time>2026-05-11T22:18:35.095Z</time>
      </trkpt>
      <trkpt lat="43.770981" lon="7.479146">
        <ele>48.960954</ele>
        <time>2026-05-11T22:18:50.750Z</time>
      </trkpt>
      <trkpt lat="43.771709" lon="7.478495">
        <ele>50.597243</ele>
        <time>2026-05-11T22:19:05.068Z</time>
      </trkpt>
      <trkpt lat="43.771858" lon="7.478386">
        <ele>50.568424</ele>
        <time>2026-05-11T22:19:07.249Z</time>
      </trkpt>
      <trkpt lat="43.772105" lon="7.478295">
        <ele>50.524712</ele>
        <time>2026-05-11T22:19:10.337Z</time>
      </trkpt>
      <trkpt lat="43.772190" lon="7.478219">
        <ele>50.507409</ele>
        <time>2026-05-11T22:19:11.488Z</time>
      </trkpt>
      <trkpt lat="43.772369" lon="7.477872">
        <ele>50.454745</ele>
        <time>2026-05-11T22:19:15.238Z</time>
      </trkpt>
      <trkpt lat="43.772919" lon="7.477001">
        <ele>50.710145</ele>
        <time>2026-05-11T22:19:28.575Z</time>
      </trkpt>
      <trkpt lat="43.773000" lon="7.476896">
        <ele>50.846615</ele>
        <time>2026-05-11T22:19:30.246Z</time>
      </trkpt>
      <trkpt lat="43.773134" lon="7.476808">
        <ele>51.029033</ele>
        <time>2026-05-11T22:19:32.408Z</time>
      </trkpt>
      <trkpt lat="43.773426" lon="7.476794">
        <ele>51.388419</ele>
        <time>2026-05-11T22:19:36.920Z</time>
      </trkpt>
      <trkpt lat="43.773566" lon="7.476689">
        <ele>51.584256</ele>
        <time>2026-05-11T22:19:39.765Z</time>
      </trkpt>
      <trkpt lat="43.774195" lon="7.475639">
        <ele>53.272377</ele>
        <time>2026-05-11T22:20:04.028Z</time>
      </trkpt>
      <trkpt lat="43.774364" lon="7.475435">
        <ele>54.136867</ele>
        <time>2026-05-11T22:20:09.462Z</time>
      </trkpt>
      <trkpt lat="43.774795" lon="7.475092">
        <ele>56.053728</ele>
        <time>2026-05-11T22:20:22.409Z</time>
      </trkpt>
      <trkpt lat="43.774920" lon="7.474955">
        <ele>56.668425</ele>
        <time>2026-05-11T22:20:27.272Z</time>
      </trkpt>
      <trkpt lat="43.775001" lon="7.474831">
        <ele>57.134008</ele>
        <time>2026-05-11T22:20:31.317Z</time>
      </trkpt>
      <trkpt lat="43.775061" lon="7.474703">
        <ele>57.558923</ele>
        <time>2026-05-11T22:20:35.110Z</time>
      </trkpt>
      <trkpt lat="43.775200" lon="7.474204">
        <ele>59.048129</ele>
        <time>2026-05-11T22:20:49.197Z</time>
      </trkpt>
      <trkpt lat="43.775354" lon="7.474016">
        <ele>60.118954</ele>
        <time>2026-05-11T22:20:57.100Z</time>
      </trkpt>
      <trkpt lat="43.775920" lon="7.473725">
        <ele>64.410582</ele>
        <time>2026-05-11T22:21:19.963Z</time>
      </trkpt>
      <trkpt lat="43.776288" lon="7.473522">
        <ele>67.226326</ele>
        <time>2026-05-11T22:21:36.799Z</time>
      </trkpt>
      <trkpt lat="43.776405" lon="7.473427">
        <ele>68.190400</ele>
        <time>2026-05-11T22:21:43.065Z</time>
      </trkpt>
      <trkpt lat="43.776641" lon="7.473175">
        <ele>70.308690</ele>
        <time>2026-05-11T22:21:57.411Z</time>
      </trkpt>
      <trkpt lat="43.776853" lon="7.472935">
        <ele>72.255051</ele>
        <time>2026-05-11T22:22:11.158Z</time>
      </trkpt>
      <trkpt lat="43.777099" lon="7.472578">
        <ele>75.218614</ele>
        <time>2026-05-11T22:22:29.512Z</time>
      </trkpt>
      <trkpt lat="43.777288" lon="7.472394">
        <ele>77.144463</ele>
        <time>2026-05-11T22:22:41.645Z</time>
      </trkpt>
      <trkpt lat="43.777661" lon="7.471910">
        <ele>81.405345</ele>
        <time>2026-05-11T22:23:08.236Z</time>
      </trkpt>
      <trkpt lat="43.778130" lon="7.471219">
        <ele>87.113561</ele>
        <time>2026-05-11T22:23:39.315Z</time>
      </trkpt>
      <trkpt lat="43.778174" lon="7.470965">
        <ele>88.547907</ele>
        <time>2026-05-11T22:23:47.120Z</time>
      </trkpt>
      <trkpt lat="43.778147" lon="7.470372">
        <ele>91.771531</ele>
        <time>2026-05-11T22:24:04.009Z</time>
      </trkpt>
      <trkpt lat="43.778159" lon="7.470240">
        <ele>92.493331</ele>
        <time>2026-05-11T22:24:08.061Z</time>
      </trkpt>
      <trkpt lat="43.778228" lon="7.470041">
        <ele>93.691015</ele>
        <time>2026-05-11T22:24:15.246Z</time>
      </trkpt>
      <trkpt lat="43.778407" lon="7.469856">
        <ele>95.369249</ele>
        <time>2026-05-11T22:24:26.186Z</time>
      </trkpt>
      <trkpt lat="43.778785" lon="7.469581">
        <ele>98.577581</ele>
        <time>2026-05-11T22:24:47.773Z</time>
      </trkpt>
      <trkpt lat="43.778847" lon="7.469519">
        <ele>99.152196</ele>
        <time>2026-05-11T22:24:51.440Z</time>
      </trkpt>
      <trkpt lat="43.778868" lon="7.469434">
        <ele>99.639595</ele>
        <time>2026-05-11T22:24:54.490Z</time>
      </trkpt>
      <trkpt lat="43.779325" lon="7.469233">
        <ele>102.161121</ele>
        <time>2026-05-11T22:25:16.090Z</time>
      </trkpt>
      <trkpt lat="43.779513" lon="7.469106">
        <ele>103.036086</ele>
        <time>2026-05-11T22:25:23.728Z</time>
      </trkpt>
      <trkpt lat="43.779564" lon="7.469154">
        <ele>103.294015</ele>
        <time>2026-05-11T22:25:25.786Z</time>
      </trkpt>
      <trkpt lat="43.779563" lon="7.469208">
        <ele>103.457159</ele>
        <time>2026-05-11T22:25:27.188Z</time>
      </trkpt>
      <trkpt lat="43.779430" lon="7.469300">
        <ele>104.079029</ele>
        <time>2026-05-11T22:25:32.125Z</time>
      </trkpt>
      <trkpt lat="43.779328" lon="7.469501">
        <ele>104.821031</ele>
        <time>2026-05-11T22:25:37.744Z</time>
      </trkpt>
      <trkpt lat="43.779291" lon="7.469625">
        <ele>105.226256</ele>
        <time>2026-05-11T22:25:40.754Z</time>
      </trkpt>
      <trkpt lat="43.779246" lon="7.469727">
        <ele>105.587274</ele>
        <time>2026-05-11T22:25:43.126Z</time>
      </trkpt>
      <trkpt lat="43.778948" lon="7.469996">
        <ele>107.075200</ele>
        <time>2026-05-11T22:25:50.584Z</time>
      </trkpt>
      <trkpt lat="43.778883" lon="7.470161">
        <ele>107.642885</ele>
        <time>2026-05-11T22:25:52.874Z</time>
      </trkpt>
      <trkpt lat="43.778888" lon="7.470274">
        <ele>107.984810</ele>
        <time>2026-05-11T22:25:54.278Z</time>
      </trkpt>
      <trkpt lat="43.778939" lon="7.470470">
        <ele>108.756979</ele>
        <time>2026-05-11T22:25:56.844Z</time>
      </trkpt>
      <trkpt lat="43.779091" lon="7.470953">
        <ele>111.140493</ele>
        <time>2026-05-11T22:26:05.507Z</time>
      </trkpt>
      <trkpt lat="43.779215" lon="7.471143">
        <ele>112.299102</ele>
        <time>2026-05-11T22:26:10.606Z</time>
      </trkpt>
      <trkpt lat="43.779329" lon="7.471221">
        <ele>113.095772</ele>
        <time>2026-05-11T22:26:14.968Z</time>
      </trkpt>
      <trkpt lat="43.779359" lon="7.471193">
        <ele>113.322433</ele>
        <time>2026-05-11T22:26:16.322Z</time>
      </trkpt>
      <trkpt lat="43.779365" lon="7.471144">
        <ele>113.547262</ele>
        <time>2026-05-11T22:26:17.746Z</time>
      </trkpt>
      <trkpt lat="43.779345" lon="7.471087">
        <ele>113.833952</ele>
        <time>2026-05-11T22:26:19.694Z</time>
      </trkpt>
      <trkpt lat="43.779199" lon="7.470900">
        <ele>115.079909</ele>
        <time>2026-05-11T22:26:28.869Z</time>
      </trkpt>
      <trkpt lat="43.779167" lon="7.470790">
        <ele>115.616397</ele>
        <time>2026-05-11T22:26:33.227Z</time>
      </trkpt>
      <trkpt lat="43.779163" lon="7.470495">
        <ele>116.951143</ele>
        <time>2026-05-11T22:26:44.835Z</time>
      </trkpt>
      <trkpt lat="43.779227" lon="7.470269">
        <ele>118.049340</ele>
        <time>2026-05-11T22:26:54.853Z</time>
      </trkpt>
      <trkpt lat="43.779348" lon="7.470122">
        <ele>119.057789</ele>
        <time>2026-05-11T22:27:04.235Z</time>
      </trkpt>
      <trkpt lat="43.779553" lon="7.470003">
        <ele>120.629501</ele>
        <time>2026-05-11T22:27:17.201Z</time>
      </trkpt>
      <trkpt lat="43.779852" lon="7.469771">
        <ele>123.226931</ele>
        <time>2026-05-11T22:27:35.890Z</time>
      </trkpt>
      <trkpt lat="43.779970" lon="7.469711">
        <ele>124.179590</ele>
        <time>2026-05-11T22:27:42.043Z</time>
      </trkpt>
      <trkpt lat="43.780150" lon="7.469684">
        <ele>125.551752</ele>
        <time>2026-05-11T22:27:50.190Z</time>
      </trkpt>
      <trkpt lat="43.780372" lon="7.469599">
        <ele>127.297350</ele>
        <time>2026-05-11T22:27:59.772Z</time>
      </trkpt>
      <trkpt lat="43.780406" lon="7.469625">
        <ele>127.591695</ele>
        <time>2026-05-11T22:28:01.399Z</time>
      </trkpt>
      <trkpt lat="43.780413" lon="7.469668">
        <ele>127.832892</ele>
        <time>2026-05-11T22:28:02.697Z</time>
      </trkpt>
      <trkpt lat="43.780356" lon="7.469785">
        <ele>128.605216</ele>
        <time>2026-05-11T22:28:06.877Z</time>
      </trkpt>
      <trkpt lat="43.780253" lon="7.469862">
        <ele>129.492282</ele>
        <time>2026-05-11T22:28:11.577Z</time>
      </trkpt>
      <trkpt lat="43.780033" lon="7.469948">
        <ele>131.224753</ele>
        <time>2026-05-11T22:28:20.742Z</time>
      </trkpt>
      <trkpt lat="43.779934" lon="7.470016">
        <ele>132.062252</ele>
        <time>2026-05-11T22:28:25.076Z</time>
      </trkpt>
      <trkpt lat="43.779863" lon="7.470106">
        <ele>132.791686</ele>
        <time>2026-05-11T22:28:28.692Z</time>
      </trkpt>
      <trkpt lat="43.779705" lon="7.470417">
        <ele>134.538114</ele>
        <time>2026-05-11T22:28:38.876Z</time>
      </trkpt>
      <trkpt lat="43.779701" lon="7.470500">
        <ele>134.900740</ele>
        <time>2026-05-11T22:28:41.109Z</time>
      </trkpt>
      <trkpt lat="43.779738" lon="7.470539">
        <ele>135.181473</ele>
        <time>2026-05-11T22:28:42.831Z</time>
      </trkpt>
      <trkpt lat="43.779787" lon="7.470521">
        <ele>135.487552</ele>
        <time>2026-05-11T22:28:44.684Z</time>
      </trkpt>
      <trkpt lat="43.779885" lon="7.470282">
        <ele>136.685717</ele>
        <time>2026-05-11T22:28:51.737Z</time>
      </trkpt>
      <trkpt lat="43.779980" lon="7.470184">
        <ele>137.400917</ele>
        <time>2026-05-11T22:28:55.613Z</time>
      </trkpt>
      <trkpt lat="43.780257" lon="7.470189">
        <ele>139.073519</ele>
        <time>2026-05-11T22:29:03.848Z</time>
      </trkpt>
      <trkpt lat="43.780515" lon="7.470014">
        <ele>140.808030</ele>
        <time>2026-05-11T22:29:15.032Z</time>
      </trkpt>
      <trkpt lat="43.780573" lon="7.470006">
        <ele>141.159952</ele>
        <time>2026-05-11T22:29:17.629Z</time>
      </trkpt>
      <trkpt lat="43.780601" lon="7.470046">
        <ele>141.402820</ele>
        <time>2026-05-11T22:29:19.426Z</time>
      </trkpt>
      <trkpt lat="43.780595" lon="7.470112">
        <ele>141.692801</ele>
        <time>2026-05-11T22:29:21.638Z</time>
      </trkpt>
      <trkpt lat="43.780552" lon="7.470152">
        <ele>142.005546</ele>
        <time>2026-05-11T22:29:24.094Z</time>
      </trkpt>
      <trkpt lat="43.780427" lon="7.470206">
        <ele>142.796124</ele>
        <time>2026-05-11T22:29:30.206Z</time>
      </trkpt>
      <trkpt lat="43.780099" lon="7.470424">
        <ele>145.159514</ele>
        <time>2026-05-11T22:29:47.399Z</time>
      </trkpt>
      <trkpt lat="43.780083" lon="7.470536">
        <ele>145.748939</ele>
        <time>2026-05-11T22:29:51.235Z</time>
      </trkpt>
      <trkpt lat="43.780109" lon="7.470594">
        <ele>146.101393</ele>
        <time>2026-05-11T22:29:53.614Z</time>
      </trkpt>
      <trkpt lat="43.780328" lon="7.470806">
        <ele>148.011912</ele>
        <time>2026-05-11T22:30:05.512Z</time>
      </trkpt>
      <trkpt lat="43.780616" lon="7.471244">
        <ele>151.070338</ele>
        <time>2026-05-11T22:30:22.930Z</time>
      </trkpt>
      <trkpt lat="43.780820" lon="7.471450">
        <ele>152.875554</ele>
        <time>2026-05-11T22:30:33.712Z</time>
      </trkpt>
      <trkpt lat="43.780924" lon="7.471486">
        <ele>153.642075</ele>
        <time>2026-05-11T22:30:38.428Z</time>
      </trkpt>
      <trkpt lat="43.781235" lon="7.471479">
        <ele>155.866162</ele>
        <time>2026-05-11T22:30:51.613Z</time>
      </trkpt>
      <trkpt lat="43.781251" lon="7.471428">
        <ele>156.153234</ele>
        <time>2026-05-11T22:30:53.148Z</time>
      </trkpt>
      <trkpt lat="43.781224" lon="7.471398">
        <ele>156.400741</ele>
        <time>2026-05-11T22:30:54.407Z</time>
      </trkpt>
      <trkpt lat="43.780950" lon="7.471367">
        <ele>158.667301</ele>
        <time>2026-05-11T22:31:06.061Z</time>
      </trkpt>
      <trkpt lat="43.780848" lon="7.471303">
        <ele>159.637889</ele>
        <time>2026-05-11T22:31:11.333Z</time>
      </trkpt>
      <trkpt lat="43.780730" lon="7.471095">
        <ele>161.293303</ele>
        <time>2026-05-11T22:31:20.574Z</time>
      </trkpt>
      <trkpt lat="43.780667" lon="7.470884">
        <ele>162.722194</ele>
        <time>2026-05-11T22:31:28.373Z</time>
      </trkpt>
      <trkpt lat="43.780663" lon="7.470799">
        <ele>163.255251</ele>
        <time>2026-05-11T22:31:31.441Z</time>
      </trkpt>
      <trkpt lat="43.780696" lon="7.470722">
        <ele>163.815615</ele>
        <time>2026-05-11T22:31:34.641Z</time>
      </trkpt>
      <trkpt lat="43.780743" lon="7.470755">
        <ele>164.272349</ele>
        <time>2026-05-11T22:31:37.280Z</time>
      </trkpt>
      <trkpt lat="43.780767" lon="7.470967">
        <ele>165.615249</ele>
        <time>2026-05-11T22:31:45.195Z</time>
      </trkpt>
      <trkpt lat="43.780812" lon="7.471075">
        <ele>166.395584</ele>
        <time>2026-05-11T22:31:49.946Z</time>
      </trkpt>
      <trkpt lat="43.780869" lon="7.471149">
        <ele>167.072742</ele>
        <time>2026-05-11T22:31:54.009Z</time>
      </trkpt>
      <trkpt lat="43.780932" lon="7.471172">
        <ele>167.637454</ele>
        <time>2026-05-11T22:31:57.501Z</time>
      </trkpt>
      <trkpt lat="43.781188" lon="7.471174">
        <ele>169.856406</ele>
        <time>2026-05-11T22:32:11.298Z</time>
      </trkpt>
      <trkpt lat="43.781538" lon="7.471055">
        <ele>172.972124</ele>
        <time>2026-05-11T22:32:31.110Z</time>
      </trkpt>
      <trkpt lat="43.781688" lon="7.471079">
        <ele>174.257130</ele>
        <time>2026-05-11T22:32:39.637Z</time>
      </trkpt>
      <trkpt lat="43.781748" lon="7.471140">
        <ele>174.890524</ele>
        <time>2026-05-11T22:32:43.675Z</time>
      </trkpt>
      <trkpt lat="43.781786" lon="7.471250">
        <ele>175.639762</ele>
        <time>2026-05-11T22:32:48.339Z</time>
      </trkpt>
      <trkpt lat="43.781825" lon="7.471701">
        <ele>178.430570</ele>
        <time>2026-05-11T22:33:03.856Z</time>
      </trkpt>
      <trkpt lat="43.781857" lon="7.471799">
        <ele>179.091413</ele>
        <time>2026-05-11T22:33:07.091Z</time>
      </trkpt>
      <trkpt lat="43.781907" lon="7.471878">
        <ele>179.736901</ele>
        <time>2026-05-11T22:33:10.467Z</time>
      </trkpt>
      <trkpt lat="43.782109" lon="7.472062">
        <ele>181.794368</ele>
        <time>2026-05-11T22:33:20.573Z</time>
      </trkpt>
      <trkpt lat="43.782150" lon="7.472181">
        <ele>182.604503</ele>
        <time>2026-05-11T22:33:24.832Z</time>
      </trkpt>
      <trkpt lat="43.782194" lon="7.472701">
        <ele>185.821298</ele>
        <time>2026-05-11T22:33:41.964Z</time>
      </trkpt>
      <trkpt lat="43.782218" lon="7.472784">
        <ele>186.370638</ele>
        <time>2026-05-11T22:33:45.282Z</time>
      </trkpt>
      <trkpt lat="43.782276" lon="7.472835">
        <ele>186.955287</ele>
        <time>2026-05-11T22:33:48.637Z</time>
      </trkpt>
      <trkpt lat="43.782362" lon="7.472810">
        <ele>187.703101</ele>
        <time>2026-05-11T22:33:53.325Z</time>
      </trkpt>
      <trkpt lat="43.782397" lon="7.472738">
        <ele>188.255460</ele>
        <time>2026-05-11T22:33:56.499Z</time>
      </trkpt>
      <trkpt lat="43.782488" lon="7.472180">
        <ele>191.941542</ele>
        <time>2026-05-11T22:34:20.130Z</time>
      </trkpt>
      <trkpt lat="43.782663" lon="7.471759">
        <ele>195.071762</ele>
        <time>2026-05-11T22:34:39.899Z</time>
      </trkpt>
      <trkpt lat="43.782760" lon="7.471550">
        <ele>196.672714</ele>
        <time>2026-05-11T22:34:49.923Z</time>
      </trkpt>
      <trkpt lat="43.782984" lon="7.471247">
        <ele>199.467084</ele>
        <time>2026-05-11T22:35:06.285Z</time>
      </trkpt>
      <trkpt lat="43.783052" lon="7.471048">
        <ele>200.885707</ele>
        <time>2026-05-11T22:35:13.772Z</time>
      </trkpt>
      <trkpt lat="43.783093" lon="7.470993">
        <ele>201.395110</ele>
        <time>2026-05-11T22:35:16.318Z</time>
      </trkpt>
      <trkpt lat="43.783242" lon="7.470982">
        <ele>202.726810</ele>
        <time>2026-05-11T22:35:22.878Z</time>
      </trkpt>
      <trkpt lat="43.783422" lon="7.471040">
        <ele>204.245663</ele>
        <time>2026-05-11T22:35:30.585Z</time>
      </trkpt>
      <trkpt lat="43.783684" lon="7.471036">
        <ele>205.945591</ele>
        <time>2026-05-11T22:35:41.304Z</time>
      </trkpt>
      <trkpt lat="43.783870" lon="7.471096">
        <ele>207.184629</ele>
        <time>2026-05-11T22:35:49.068Z</time>
      </trkpt>
      <trkpt lat="43.783917" lon="7.471093">
        <ele>207.489883</ele>
        <time>2026-05-11T22:35:51.000Z</time>
      </trkpt>
      <trkpt lat="43.783947" lon="7.471054">
        <ele>207.756816</ele>
        <time>2026-05-11T22:35:52.672Z</time>
      </trkpt>
      <trkpt lat="43.783961" lon="7.470966">
        <ele>208.178893</ele>
        <time>2026-05-11T22:35:55.247Z</time>
      </trkpt>
      <trkpt lat="43.783938" lon="7.470807">
        <ele>208.938443</ele>
        <time>2026-05-11T22:36:00.020Z</time>
      </trkpt>
      <trkpt lat="43.783780" lon="7.470468">
        <ele>210.828444</ele>
        <time>2026-05-11T22:36:12.283Z</time>
      </trkpt>
      <trkpt lat="43.783712" lon="7.470041">
        <ele>212.876577</ele>
        <time>2026-05-11T22:36:26.958Z</time>
      </trkpt>
      <trkpt lat="43.783713" lon="7.469686">
        <ele>214.539399</ele>
        <time>2026-05-11T22:36:36.917Z</time>
      </trkpt>
      <trkpt lat="43.783777" lon="7.469461">
        <ele>215.667853</ele>
        <time>2026-05-11T22:36:42.635Z</time>
      </trkpt>
      <trkpt lat="43.784124" lon="7.468906">
        <ele>218.965868</ele>
        <time>2026-05-11T22:36:59.931Z</time>
      </trkpt>
      <trkpt lat="43.784186" lon="7.468851">
        <ele>219.423967</ele>
        <time>2026-05-11T22:37:01.977Z</time>
      </trkpt>
      <trkpt lat="43.784253" lon="7.468857">
        <ele>219.841714</ele>
        <time>2026-05-11T22:37:04.298Z</time>
      </trkpt>
      <trkpt lat="43.784313" lon="7.468924">
        <ele>220.321243</ele>
        <time>2026-05-11T22:37:06.463Z</time>
      </trkpt>
      <trkpt lat="43.784354" lon="7.468899">
        <ele>220.599971</ele>
        <time>2026-05-11T22:37:08.203Z</time>
      </trkpt>
      <trkpt lat="43.784425" lon="7.468913">
        <ele>221.046189</ele>
        <time>2026-05-11T22:37:10.698Z</time>
      </trkpt>
      <trkpt lat="43.784619" lon="7.468994">
        <ele>222.306911</ele>
        <time>2026-05-11T22:37:18.814Z</time>
      </trkpt>
      <trkpt lat="43.784745" lon="7.468924">
        <ele>223.151594</ele>
        <time>2026-05-11T22:37:24.957Z</time>
      </trkpt>
      <trkpt lat="43.785087" lon="7.468375">
        <ele>226.408844</ele>
        <time>2026-05-11T22:37:47.695Z</time>
      </trkpt>
      <trkpt lat="43.785130" lon="7.468238">
        <ele>227.178765</ele>
        <time>2026-05-11T22:37:52.027Z</time>
      </trkpt>
      <trkpt lat="43.785119" lon="7.468120">
        <ele>227.877794</ele>
        <time>2026-05-11T22:37:56.358Z</time>
      </trkpt>
      <trkpt lat="43.784994" lon="7.467747">
        <ele>230.293837</ele>
        <time>2026-05-11T22:38:12.639Z</time>
      </trkpt>
      <trkpt lat="43.784968" lon="7.467586">
        <ele>231.263121</ele>
        <time>2026-05-11T22:38:19.605Z</time>
      </trkpt>
      <trkpt lat="43.784960" lon="7.467453">
        <ele>232.047231</ele>
        <time>2026-05-11T22:38:25.182Z</time>
      </trkpt>
      <trkpt lat="43.784994" lon="7.467348">
        <ele>232.723339</ele>
        <time>2026-05-11T22:38:30.089Z</time>
      </trkpt>
      <trkpt lat="43.785064" lon="7.467232">
        <ele>233.611591</ele>
        <time>2026-05-11T22:38:36.290Z</time>
      </trkpt>
      <trkpt lat="43.785151" lon="7.467178">
        <ele>234.387435</ele>
        <time>2026-05-11T22:38:41.897Z</time>
      </trkpt>
      <trkpt lat="43.785234" lon="7.467166">
        <ele>235.066564</ele>
        <time>2026-05-11T22:38:46.375Z</time>
      </trkpt>
      <trkpt lat="43.785420" lon="7.467228">
        <ele>236.623455</ele>
        <time>2026-05-11T22:38:56.989Z</time>
      </trkpt>
      <trkpt lat="43.785499" lon="7.467220">
        <ele>237.268078</ele>
        <time>2026-05-11T22:39:00.946Z</time>
      </trkpt>
      <trkpt lat="43.785568" lon="7.467168">
        <ele>237.907333</ele>
        <time>2026-05-11T22:39:04.726Z</time>
      </trkpt>
      <trkpt lat="43.785616" lon="7.467071">
        <ele>238.598248</ele>
        <time>2026-05-11T22:39:08.375Z</time>
      </trkpt>
      <trkpt lat="43.785684" lon="7.466648">
        <ele>241.144300</ele>
        <time>2026-05-11T22:39:18.869Z</time>
      </trkpt>
      <trkpt lat="43.785740" lon="7.466572">
        <ele>241.626525</ele>
        <time>2026-05-11T22:39:21.426Z</time>
      </trkpt>
      <trkpt lat="43.785926" lon="7.466479">
        <ele>242.586413</ele>
        <time>2026-05-11T22:39:27.408Z</time>
      </trkpt>
      <trkpt lat="43.785983" lon="7.466414">
        <ele>242.944798</ele>
        <time>2026-05-11T22:39:29.605Z</time>
      </trkpt>
      <trkpt lat="43.786030" lon="7.466264">
        <ele>243.517823</ele>
        <time>2026-05-11T22:39:32.989Z</time>
      </trkpt>
      <trkpt lat="43.786092" lon="7.465807">
        <ele>245.147338</ele>
        <time>2026-05-11T22:39:42.758Z</time>
      </trkpt>
      <trkpt lat="43.786124" lon="7.465709">
        <ele>245.524258</ele>
        <time>2026-05-11T22:39:45.150Z</time>
      </trkpt>
      <trkpt lat="43.786175" lon="7.465611">
        <ele>245.947609</ele>
        <time>2026-05-11T22:39:47.881Z</time>
      </trkpt>
      <trkpt lat="43.786300" lon="7.465475">
        <ele>246.719167</ele>
        <time>2026-05-11T22:39:53.076Z</time>
      </trkpt>
      <trkpt lat="43.786504" lon="7.465299">
        <ele>247.885774</ele>
        <time>2026-05-11T22:40:00.944Z</time>
      </trkpt>
      <trkpt lat="43.786575" lon="7.465179">
        <ele>248.429478</ele>
        <time>2026-05-11T22:40:04.714Z</time>
      </trkpt>
      <trkpt lat="43.786613" lon="7.465045">
        <ele>248.933984</ele>
        <time>2026-05-11T22:40:08.458Z</time>
      </trkpt>
      <trkpt lat="43.786612" lon="7.464959">
        <ele>249.235393</ele>
        <time>2026-05-11T22:40:10.621Z</time>
      </trkpt>
      <trkpt lat="43.786517" lon="7.464738">
        <ele>250.147239</ele>
        <time>2026-05-11T22:40:17.529Z</time>
      </trkpt>
      <trkpt lat="43.786496" lon="7.464631">
        <ele>250.958658</ele>
        <time>2026-05-11T22:40:20.609Z</time>
      </trkpt>
      <trkpt lat="43.786513" lon="7.464509">
        <ele>251.867902</ele>
        <time>2026-05-11T22:40:24.152Z</time>
      </trkpt>
      <trkpt lat="43.786649" lon="7.464192">
        <ele>254.566339</ele>
        <time>2026-05-11T22:40:35.766Z</time>
      </trkpt>
      <trkpt lat="43.786724" lon="7.463787">
        <ele>257.625975</ele>
        <time>2026-05-11T22:40:50.799Z</time>
      </trkpt>
      <trkpt lat="43.786751" lon="7.463673">
        <ele>258.503943</ele>
        <time>2026-05-11T22:40:55.573Z</time>
      </trkpt>
      <trkpt lat="43.786809" lon="7.463595">
        <ele>259.323356</ele>
        <time>2026-05-11T22:41:00.030Z</time>
      </trkpt>
      <trkpt lat="43.787106" lon="7.463453">
        <ele>262.508174</ele>
        <time>2026-05-11T22:41:19.044Z</time>
      </trkpt>
      <trkpt lat="43.787148" lon="7.463390">
        <ele>263.135694</ele>
        <time>2026-05-11T22:41:23.067Z</time>
      </trkpt>
      <trkpt lat="43.787195" lon="7.462935">
        <ele>266.499148</ele>
        <time>2026-05-11T22:41:45.569Z</time>
      </trkpt>
      <trkpt lat="43.787260" lon="7.462837">
        <ele>267.473000</ele>
        <time>2026-05-11T22:41:52.562Z</time>
      </trkpt>
      <trkpt lat="43.787342" lon="7.462770">
        <ele>268.441128</ele>
        <time>2026-05-11T22:41:59.661Z</time>
      </trkpt>
      <trkpt lat="43.787614" lon="7.462648">
        <ele>271.453317</ele>
        <time>2026-05-11T22:42:21.245Z</time>
      </trkpt>
      <trkpt lat="43.787648" lon="7.462603">
        <ele>271.948755</ele>
        <time>2026-05-11T22:42:24.687Z</time>
      </trkpt>
      <trkpt lat="43.787659" lon="7.462471">
        <ele>272.959388</ele>
        <time>2026-05-11T22:42:31.456Z</time>
      </trkpt>
      <trkpt lat="43.787573" lon="7.462141">
        <ele>275.627842</ele>
        <time>2026-05-11T22:42:46.941Z</time>
      </trkpt>
      <trkpt lat="43.787558" lon="7.461995">
        <ele>276.749480</ele>
        <time>2026-05-11T22:42:52.666Z</time>
      </trkpt>
      <trkpt lat="43.787574" lon="7.461823">
        <ele>278.068496</ele>
        <time>2026-05-11T22:42:58.810Z</time>
      </trkpt>
      <trkpt lat="43.787675" lon="7.461594">
        <ele>280.109559</ele>
        <time>2026-05-11T22:43:07.712Z</time>
      </trkpt>
      <trkpt lat="43.787853" lon="7.461416">
        <ele>282.422522</ele>
        <time>2026-05-11T22:43:18.783Z</time>
      </trkpt>
      <trkpt lat="43.787993" lon="7.461382">
        <ele>283.920014</ele>
        <time>2026-05-11T22:43:26.695Z</time>
      </trkpt>
      <trkpt lat="43.788469" lon="7.461486">
        <ele>288.321045</ele>
        <time>2026-05-11T22:43:55.012Z</time>
      </trkpt>
      <trkpt lat="43.788645" lon="7.461445">
        <ele>289.448434</ele>
        <time>2026-05-11T22:44:02.849Z</time>
      </trkpt>
      <trkpt lat="43.788707" lon="7.461398">
        <ele>289.894893</ele>
        <time>2026-05-11T22:44:05.400Z</time>
      </trkpt>
      <trkpt lat="43.788778" lon="7.461307">
        <ele>290.505922</ele>
        <time>2026-05-11T22:44:08.146Z</time>
      </trkpt>
      <trkpt lat="43.788850" lon="7.461153">
        <ele>291.342602</ele>
        <time>2026-05-11T22:44:11.046Z</time>
      </trkpt>
      <trkpt lat="43.789022" lon="7.460767">
        <ele>293.411143</ele>
        <time>2026-05-11T22:44:18.845Z</time>
      </trkpt>
      <trkpt lat="43.789093" lon="7.460662">
        <ele>294.067204</ele>
        <time>2026-05-11T22:44:21.813Z</time>
      </trkpt>
      <trkpt lat="43.789186" lon="7.460660">
        <ele>294.654748</ele>
        <time>2026-05-11T22:44:25.201Z</time>
      </trkpt>
      <trkpt lat="43.789413" lon="7.460870">
        <ele>296.379054</ele>
        <time>2026-05-11T22:44:37.513Z</time>
      </trkpt>
      <trkpt lat="43.789603" lon="7.461061">
        <ele>297.861996</ele>
        <time>2026-05-11T22:44:50.995Z</time>
      </trkpt>
      <trkpt lat="43.789706" lon="7.461126">
        <ele>298.576973</ele>
        <time>2026-05-11T22:44:57.493Z</time>
      </trkpt>
      <trkpt lat="43.790015" lon="7.461164">
        <ele>300.630849</ele>
        <time>2026-05-11T22:45:11.265Z</time>
      </trkpt>
      <trkpt lat="43.790098" lon="7.461132">
        <ele>301.202580</ele>
        <time>2026-05-11T22:45:13.876Z</time>
      </trkpt>
      <trkpt lat="43.790154" lon="7.461070">
        <ele>301.678307</ele>
        <time>2026-05-11T22:45:15.725Z</time>
      </trkpt>
      <trkpt lat="43.790244" lon="7.460880">
        <ele>302.766950</ele>
        <time>2026-05-11T22:45:19.661Z</time>
      </trkpt>
      <trkpt lat="43.790376" lon="7.460723">
        <ele>303.921493</ele>
        <time>2026-05-11T22:45:24.811Z</time>
      </trkpt>
      <trkpt lat="43.790563" lon="7.460585">
        <ele>305.327545</ele>
        <time>2026-05-11T22:45:32.872Z</time>
      </trkpt>
      <trkpt lat="43.790784" lon="7.460472">
        <ele>306.890833</ele>
        <time>2026-05-11T22:45:43.831Z</time>
      </trkpt>
      <trkpt lat="43.790932" lon="7.460535">
        <ele>307.918298</ele>
        <time>2026-05-11T22:45:51.247Z</time>
      </trkpt>
      <trkpt lat="43.791258" lon="7.460777">
        <ele>310.372695</ele>
        <time>2026-05-11T22:46:09.415Z</time>
      </trkpt>
      <trkpt lat="43.791425" lon="7.460810">
        <ele>311.768545</ele>
        <time>2026-05-11T22:46:17.250Z</time>
      </trkpt>
      <trkpt lat="43.791686" lon="7.460758">
        <ele>314.064666</ele>
        <time>2026-05-11T22:46:27.677Z</time>
      </trkpt>
      <trkpt lat="43.792033" lon="7.460570">
        <ele>317.309139</ele>
        <time>2026-05-11T22:46:41.561Z</time>
      </trkpt>
      <trkpt lat="43.792228" lon="7.460501">
        <ele>319.061678</ele>
        <time>2026-05-11T22:46:50.813Z</time>
      </trkpt>
      <trkpt lat="43.792443" lon="7.460546">
        <ele>320.955103</ele>
        <time>2026-05-11T22:47:02.103Z</time>
      </trkpt>
      <trkpt lat="43.792595" lon="7.460643">
        <ele>322.412373</ele>
        <time>2026-05-11T22:47:11.446Z</time>
      </trkpt>
      <trkpt lat="43.792673" lon="7.460629">
        <ele>323.097259</ele>
        <time>2026-05-11T22:47:15.706Z</time>
      </trkpt>
      <trkpt lat="43.792682" lon="7.460572">
        <ele>323.464016</ele>
        <time>2026-05-11T22:47:18.007Z</time>
      </trkpt>
      <trkpt lat="43.792655" lon="7.460513">
        <ele>323.903120</ele>
        <time>2026-05-11T22:47:20.813Z</time>
      </trkpt>
      <trkpt lat="43.792509" lon="7.460473">
        <ele>325.199083</ele>
        <time>2026-05-11T22:47:28.983Z</time>
      </trkpt>
      <trkpt lat="43.792325" lon="7.460329">
        <ele>327.401670</ele>
        <time>2026-05-11T22:47:41.956Z</time>
      </trkpt>
      <trkpt lat="43.792179" lon="7.460294">
        <ele>329.298830</ele>
        <time>2026-05-11T22:47:51.984Z</time>
      </trkpt>
      <trkpt lat="43.791769" lon="7.460366">
        <ele>334.590460</ele>
        <time>2026-05-11T22:48:20.958Z</time>
      </trkpt>
      <trkpt lat="43.791627" lon="7.460353">
        <ele>336.412587</ele>
        <time>2026-05-11T22:48:30.602Z</time>
      </trkpt>
      <trkpt lat="43.791517" lon="7.460276">
        <ele>337.990619</ele>
        <time>2026-05-11T22:48:38.924Z</time>
      </trkpt>
      <trkpt lat="43.791249" lon="7.459900">
        <ele>342.874506</ele>
        <time>2026-05-11T22:49:04.624Z</time>
      </trkpt>
      <trkpt lat="43.791073" lon="7.459727">
        <ele>345.637661</ele>
        <time>2026-05-11T22:49:20.393Z</time>
      </trkpt>
      <trkpt lat="43.790596" lon="7.459550">
        <ele>350.962972</ele>
        <time>2026-05-11T22:49:54.950Z</time>
      </trkpt>
      <trkpt lat="43.790230" lon="7.459548">
        <ele>353.893057</ele>
        <time>2026-05-11T22:50:17.373Z</time>
      </trkpt>
      <trkpt lat="43.790189" lon="7.459530">
        <ele>354.237377</ele>
        <time>2026-05-11T22:50:19.271Z</time>
      </trkpt>
      <trkpt lat="43.790172" lon="7.459465">
        <ele>354.636913</ele>
        <time>2026-05-11T22:50:21.743Z</time>
      </trkpt>
      <trkpt lat="43.790196" lon="7.459402">
        <ele>355.048583</ele>
        <time>2026-05-11T22:50:24.129Z</time>
      </trkpt>
      <trkpt lat="43.790235" lon="7.459393">
        <ele>355.365106</ele>
        <time>2026-05-11T22:50:25.628Z</time>
      </trkpt>
      <trkpt lat="43.790450" lon="7.459461">
        <ele>357.130608</ele>
        <time>2026-05-11T22:50:33.966Z</time>
      </trkpt>
      <trkpt lat="43.790726" lon="7.459397">
        <ele>359.370905</ele>
        <time>2026-05-11T22:50:43.395Z</time>
      </trkpt>
      <trkpt lat="43.791019" lon="7.459494">
        <ele>361.782608</ele>
        <time>2026-05-11T22:50:52.996Z</time>
      </trkpt>
      <trkpt lat="43.791144" lon="7.459494">
        <ele>362.783313</ele>
        <time>2026-05-11T22:50:57.530Z</time>
      </trkpt>
      <trkpt lat="43.791323" lon="7.459446">
        <ele>364.121820</ele>
        <time>2026-05-11T22:51:04.960Z</time>
      </trkpt>
      <trkpt lat="43.791415" lon="7.459458">
        <ele>364.697184</ele>
        <time>2026-05-11T22:51:08.463Z</time>
      </trkpt>
      <trkpt lat="43.791622" lon="7.459584">
        <ele>366.104984</ele>
        <time>2026-05-11T22:51:17.549Z</time>
      </trkpt>
      <trkpt lat="43.791778" lon="7.459596">
        <ele>367.077801</ele>
        <time>2026-05-11T22:51:24.063Z</time>
      </trkpt>
      <trkpt lat="43.792035" lon="7.459509">
        <ele>368.725074</ele>
        <time>2026-05-11T22:51:34.474Z</time>
      </trkpt>
      <trkpt lat="43.792295" lon="7.459327">
        <ele>370.538876</ele>
        <time>2026-05-11T22:51:45.206Z</time>
      </trkpt>
      <trkpt lat="43.792443" lon="7.459250">
        <ele>371.523230</ele>
        <time>2026-05-11T22:51:50.982Z</time>
      </trkpt>
      <trkpt lat="43.792510" lon="7.459226">
        <ele>371.954120</ele>
        <time>2026-05-11T22:51:53.671Z</time>
      </trkpt>
      <trkpt lat="43.792799" lon="7.459154">
        <ele>373.782421</ele>
        <time>2026-05-11T22:52:05.953Z</time>
      </trkpt>
      <trkpt lat="43.793007" lon="7.459182">
        <ele>375.038314</ele>
        <time>2026-05-11T22:52:15.883Z</time>
      </trkpt>
      <trkpt lat="43.793355" lon="7.459338">
        <ele>376.762516</ele>
        <time>2026-05-11T22:52:33.943Z</time>
      </trkpt>
      <trkpt lat="43.793579" lon="7.459505">
        <ele>377.961637</ele>
        <time>2026-05-11T22:52:42.682Z</time>
      </trkpt>
      <trkpt lat="43.793739" lon="7.459626">
        <ele>378.820931</ele>
        <time>2026-05-11T22:52:48.033Z</time>
      </trkpt>
      <trkpt lat="43.794107" lon="7.459555">
        <ele>380.572408</ele>
        <time>2026-05-11T22:53:00.416Z</time>
      </trkpt>
      <trkpt lat="43.794215" lon="7.459655">
        <ele>381.184758</ele>
        <time>2026-05-11T22:53:04.207Z</time>
      </trkpt>
      <trkpt lat="43.794260" lon="7.459815">
        <ele>381.769052</ele>
        <time>2026-05-11T22:53:07.308Z</time>
      </trkpt>
      <trkpt lat="43.794260" lon="7.460008">
        <ele>382.425768</ele>
        <time>2026-05-11T22:53:11.254Z</time>
      </trkpt>
      <trkpt lat="43.794325" lon="7.460418">
        <ele>383.678877</ele>
        <time>2026-05-11T22:53:19.859Z</time>
      </trkpt>
      <trkpt lat="43.794314" lon="7.460753">
        <ele>384.401866</ele>
        <time>2026-05-11T22:53:25.551Z</time>
      </trkpt>
      <trkpt lat="43.794280" lon="7.460863">
        <ele>384.659848</ele>
        <time>2026-05-11T22:53:27.132Z</time>
      </trkpt>
      <trkpt lat="43.794101" lon="7.461191">
        <ele>385.546357</ele>
        <time>2026-05-11T22:53:31.662Z</time>
      </trkpt>
      <trkpt lat="43.794080" lon="7.461298">
        <ele>385.785419</ele>
        <time>2026-05-11T22:53:33.070Z</time>
      </trkpt>
      <trkpt lat="43.794074" lon="7.461450">
        <ele>386.113614</ele>
        <time>2026-05-11T22:53:35.028Z</time>
      </trkpt>
      <trkpt lat="43.794125" lon="7.461978">
        <ele>387.262104</ele>
        <time>2026-05-11T22:53:43.906Z</time>
      </trkpt>
      <trkpt lat="43.794045" lon="7.462884">
        <ele>390.389731</ele>
        <time>2026-05-11T22:54:05.630Z</time>
      </trkpt>
      <trkpt lat="43.794056" lon="7.463020">
        <ele>391.394761</ele>
        <time>2026-05-11T22:54:10.332Z</time>
      </trkpt>
      <trkpt lat="43.794100" lon="7.463151">
        <ele>392.455872</ele>
        <time>2026-05-11T22:54:15.486Z</time>
      </trkpt>
      <trkpt lat="43.794253" lon="7.463494">
        <ele>395.417010</ele>
        <time>2026-05-11T22:54:31.396Z</time>
      </trkpt>
      <trkpt lat="43.794294" lon="7.463528">
        <ele>395.903169</ele>
        <time>2026-05-11T22:54:34.238Z</time>
      </trkpt>
      <trkpt lat="43.794342" lon="7.463513">
        <ele>396.403794</ele>
        <time>2026-05-11T22:54:37.259Z</time>
      </trkpt>
      <trkpt lat="43.794368" lon="7.463453">
        <ele>396.917734</ele>
        <time>2026-05-11T22:54:40.313Z</time>
      </trkpt>
      <trkpt lat="43.794279" lon="7.463218">
        <ele>398.866678</ele>
        <time>2026-05-11T22:54:52.588Z</time>
      </trkpt>
      <trkpt lat="43.794261" lon="7.463062">
        <ele>400.026878</ele>
        <time>2026-05-11T22:55:00.942Z</time>
      </trkpt>
      <trkpt lat="43.794296" lon="7.462882">
        <ele>401.395908</ele>
        <time>2026-05-11T22:55:11.644Z</time>
      </trkpt>
      <trkpt lat="43.794454" lon="7.462440">
        <ele>405.018157</ele>
        <time>2026-05-11T22:55:38.410Z</time>
      </trkpt>
      <trkpt lat="43.794525" lon="7.462307">
        <ele>406.232992</ele>
        <time>2026-05-11T22:55:45.807Z</time>
      </trkpt>
      <trkpt lat="43.794597" lon="7.462239">
        <ele>407.107616</ele>
        <time>2026-05-11T22:55:50.633Z</time>
      </trkpt>
      <trkpt lat="43.794861" lon="7.462126">
        <ele>409.453053</ele>
        <time>2026-05-11T22:56:02.995Z</time>
      </trkpt>
      <trkpt lat="43.794924" lon="7.462098">
        <ele>410.014662</ele>
        <time>2026-05-11T22:56:05.482Z</time>
      </trkpt>
      <trkpt lat="43.795058" lon="7.461984">
        <ele>411.349442</ele>
        <time>2026-05-11T22:56:11.323Z</time>
      </trkpt>
      <trkpt lat="43.795093" lon="7.461912">
        <ele>411.881301</ele>
        <time>2026-05-11T22:56:13.799Z</time>
      </trkpt>
      <trkpt lat="43.795078" lon="7.461722">
        <ele>413.052380</ele>
        <time>2026-05-11T22:56:18.993Z</time>
      </trkpt>
      <trkpt lat="43.794731" lon="7.460945">
        <ele>418.650606</ele>
        <time>2026-05-11T22:56:48.302Z</time>
      </trkpt>
      <trkpt lat="43.794704" lon="7.460841">
        <ele>419.327784</ele>
        <time>2026-05-11T22:56:52.682Z</time>
      </trkpt>
      <trkpt lat="43.794694" lon="7.460423">
        <ele>421.890308</ele>
        <time>2026-05-11T22:57:06.641Z</time>
      </trkpt>
      <trkpt lat="43.794714" lon="7.460286">
        <ele>422.969168</ele>
        <time>2026-05-11T22:57:11.106Z</time>
      </trkpt>
      <trkpt lat="43.794763" lon="7.460166">
        <ele>424.249169</ele>
        <time>2026-05-11T22:57:16.003Z</time>
      </trkpt>
      <trkpt lat="43.794835" lon="7.460075">
        <ele>425.502712</ele>
        <time>2026-05-11T22:57:21.460Z</time>
      </trkpt>
      <trkpt lat="43.795137" lon="7.459877">
        <ele>429.800050</ele>
        <time>2026-05-11T22:57:43.905Z</time>
      </trkpt>
      <trkpt lat="43.795222" lon="7.459762">
        <ele>431.328168</ele>
        <time>2026-05-11T22:57:53.360Z</time>
      </trkpt>
      <trkpt lat="43.795350" lon="7.459463">
        <ele>434.555574</ele>
        <time>2026-05-11T22:58:14.435Z</time>
      </trkpt>
      <trkpt lat="43.795363" lon="7.459345">
        <ele>435.663773</ele>
        <time>2026-05-11T22:58:21.553Z</time>
      </trkpt>
      <trkpt lat="43.795358" lon="7.459241">
        <ele>436.631449</ele>
        <time>2026-05-11T22:58:27.494Z</time>
      </trkpt>
      <trkpt lat="43.795283" lon="7.459035">
        <ele>438.773464</ele>
        <time>2026-05-11T22:58:40.815Z</time>
      </trkpt>
      <trkpt lat="43.795186" lon="7.458884">
        <ele>440.650117</ele>
        <time>2026-05-11T22:58:51.833Z</time>
      </trkpt>
      <trkpt lat="43.794795" lon="7.458450">
        <ele>446.773670</ele>
        <time>2026-05-11T22:59:23.453Z</time>
      </trkpt>
      <trkpt lat="43.794201" lon="7.458061">
        <ele>453.577701</ele>
        <time>2026-05-11T22:59:57.374Z</time>
      </trkpt>
      <trkpt lat="43.794103" lon="7.457978">
        <ele>454.767202</ele>
        <time>2026-05-11T23:00:03.101Z</time>
      </trkpt>
      <trkpt lat="43.793727" lon="7.457530">
        <ele>459.903030</ele>
        <time>2026-05-11T23:00:28.268Z</time>
      </trkpt>
      <trkpt lat="43.793616" lon="7.457454">
        <ele>461.185257</ele>
        <time>2026-05-11T23:00:35.078Z</time>
      </trkpt>
      <trkpt lat="43.793165" lon="7.457432">
        <ele>465.606208</ele>
        <time>2026-05-11T23:01:02.737Z</time>
      </trkpt>
      <trkpt lat="43.792983" lon="7.457376">
        <ele>467.263566</ele>
        <time>2026-05-11T23:01:15.132Z</time>
      </trkpt>
      <trkpt lat="43.792801" lon="7.457277">
        <ele>469.001751</ele>
        <time>2026-05-11T23:01:28.451Z</time>
      </trkpt>
      <trkpt lat="43.792620" lon="7.457110">
        <ele>470.934996</ele>
        <time>2026-05-11T23:01:43.014Z</time>
      </trkpt>
      <trkpt lat="43.792157" lon="7.456565">
        <ele>476.336120</ele>
        <time>2026-05-11T23:02:17.332Z</time>
      </trkpt>
      <trkpt lat="43.791909" lon="7.456400">
        <ele>478.781852</ele>
        <time>2026-05-11T23:02:26.962Z</time>
      </trkpt>
      <trkpt lat="43.791779" lon="7.456384">
        <ele>479.942069</ele>
        <time>2026-05-11T23:02:30.097Z</time>
      </trkpt>
      <trkpt lat="43.791490" lon="7.456443">
        <ele>481.295949</ele>
        <time>2026-05-11T23:02:34.698Z</time>
      </trkpt>
      <trkpt lat="43.791403" lon="7.456513">
        <ele>481.740957</ele>
        <time>2026-05-11T23:02:36.050Z</time>
      </trkpt>
      <trkpt lat="43.791149" lon="7.456823">
        <ele>483.238247</ele>
        <time>2026-05-11T23:02:40.196Z</time>
      </trkpt>
      <trkpt lat="43.791025" lon="7.456918">
        <ele>483.865002</ele>
        <time>2026-05-11T23:02:42.007Z</time>
      </trkpt>
      <trkpt lat="43.790776" lon="7.456993">
        <ele>484.992089</ele>
        <time>2026-05-11T23:02:46.073Z</time>
      </trkpt>
      <trkpt lat="43.790540" lon="7.456981">
        <ele>486.036645</ele>
        <time>2026-05-11T23:02:52.657Z</time>
      </trkpt>
      <trkpt lat="43.790472" lon="7.456888">
        <ele>486.459301</ele>
        <time>2026-05-11T23:02:56.182Z</time>
      </trkpt>
      <trkpt lat="43.790461" lon="7.456810">
        <ele>486.713058</ele>
        <time>2026-05-11T23:02:58.451Z</time>
      </trkpt>
      <trkpt lat="43.790463" lon="7.456698">
        <ele>487.070776</ele>
        <time>2026-05-11T23:03:02.098Z</time>
      </trkpt>
      <trkpt lat="43.790494" lon="7.456623">
        <ele>487.346723</ele>
        <time>2026-05-11T23:03:05.364Z</time>
      </trkpt>
      <trkpt lat="43.790546" lon="7.456577">
        <ele>487.619620</ele>
        <time>2026-05-11T23:03:08.861Z</time>
      </trkpt>
      <trkpt lat="43.790951" lon="7.456504">
        <ele>492.593586</ele>
        <time>2026-05-11T23:03:39.979Z</time>
      </trkpt>
      <trkpt lat="43.791046" lon="7.456446">
        <ele>494.087695</ele>
        <time>2026-05-11T23:03:49.999Z</time>
      </trkpt>
      <trkpt lat="43.791188" lon="7.456277">
        <ele>496.781952</ele>
        <time>2026-05-11T23:04:08.789Z</time>
      </trkpt>
      <trkpt lat="43.791455" lon="7.455797">
        <ele>503.077389</ele>
        <time>2026-05-11T23:04:52.255Z</time>
      </trkpt>
      <trkpt lat="43.791632" lon="7.455635">
        <ele>506.130492</ele>
        <time>2026-05-11T23:05:10.844Z</time>
      </trkpt>
      <trkpt lat="43.791757" lon="7.455618">
        <ele>507.938110</ele>
        <time>2026-05-11T23:05:20.567Z</time>
      </trkpt>
      <trkpt lat="43.791898" lon="7.455633">
        <ele>509.973324</ele>
        <time>2026-05-11T23:05:30.384Z</time>
      </trkpt>
      <trkpt lat="43.792518" lon="7.455906">
        <ele>514.717247</ele>
        <time>2026-05-11T23:05:58.813Z</time>
      </trkpt>
      <trkpt lat="43.792667" lon="7.456005">
        <ele>515.072442</ele>
        <time>2026-05-11T23:06:01.992Z</time>
      </trkpt>
      <trkpt lat="43.792992" lon="7.456403">
        <ele>516.004817</ele>
        <time>2026-05-11T23:06:06.834Z</time>
      </trkpt>
      <trkpt lat="43.793085" lon="7.456569">
        <ele>516.330845</ele>
        <time>2026-05-11T23:06:08.419Z</time>
      </trkpt>
      <trkpt lat="43.793182" lon="7.456622">
        <ele>516.554970</ele>
        <time>2026-05-11T23:06:09.497Z</time>
      </trkpt>
      <trkpt lat="43.793338" lon="7.456629">
        <ele>516.890457</ele>
        <time>2026-05-11T23:06:11.133Z</time>
      </trkpt>
      <trkpt lat="43.793736" lon="7.456547">
        <ele>517.755337</ele>
        <time>2026-05-11T23:06:16.066Z</time>
      </trkpt>
      <trkpt lat="43.794217" lon="7.456900">
        <ele>522.731038</ele>
        <time>2026-05-11T23:06:36.459Z</time>
      </trkpt>
      <trkpt lat="43.794389" lon="7.456992">
        <ele>524.435445</ele>
        <time>2026-05-11T23:06:46.161Z</time>
      </trkpt>
      <trkpt lat="43.794522" lon="7.457005">
        <ele>525.667986</ele>
        <time>2026-05-11T23:06:53.690Z</time>
      </trkpt>
      <trkpt lat="43.794587" lon="7.456993">
        <ele>526.274174</ele>
        <time>2026-05-11T23:06:57.554Z</time>
      </trkpt>
      <trkpt lat="43.794652" lon="7.456982">
        <ele>526.879517</ele>
        <time>2026-05-11T23:07:01.479Z</time>
      </trkpt>
      <trkpt lat="43.795140" lon="7.456777">
        <ele>531.593543</ele>
        <time>2026-05-11T23:07:34.763Z</time>
      </trkpt>
      <trkpt lat="43.795302" lon="7.456734">
        <ele>533.118350</ele>
        <time>2026-05-11T23:07:46.218Z</time>
      </trkpt>
      <trkpt lat="43.795420" lon="7.456751">
        <ele>534.215054</ele>
        <time>2026-05-11T23:07:54.738Z</time>
      </trkpt>
      <trkpt lat="43.796184" lon="7.457161">
        <ele>543.839023</ele>
        <time>2026-05-11T23:08:53.559Z</time>
      </trkpt>
      <trkpt lat="43.796803" lon="7.457191">
        <ele>551.153136</ele>
        <time>2026-05-11T23:09:28.240Z</time>
      </trkpt>
      <trkpt lat="43.797104" lon="7.457158">
        <ele>554.718695</ele>
        <time>2026-05-11T23:09:44.587Z</time>
      </trkpt>
      <trkpt lat="43.797251" lon="7.457193">
        <ele>556.329942</ele>
        <time>2026-05-11T23:09:53.163Z</time>
      </trkpt>
      <trkpt lat="43.797848" lon="7.457561">
        <ele>562.668610</ele>
        <time>2026-05-11T23:10:29.456Z</time>
      </trkpt>
      <trkpt lat="43.797986" lon="7.457609">
        <ele>564.048851</ele>
        <time>2026-05-11T23:10:36.791Z</time>
      </trkpt>
      <trkpt lat="43.798214" lon="7.457592">
        <ele>566.263813</ele>
        <time>2026-05-11T23:10:48.318Z</time>
      </trkpt>
      <trkpt lat="43.798565" lon="7.457497">
        <ele>569.733123</ele>
        <time>2026-05-11T23:11:06.583Z</time>
      </trkpt>
      <trkpt lat="43.798750" lon="7.457488">
        <ele>571.528860</ele>
        <time>2026-05-11T23:11:16.599Z</time>
      </trkpt>
      <trkpt lat="43.800437" lon="7.458024">
        <ele>588.063448</ele>
        <time>2026-05-11T23:12:53.160Z</time>
      </trkpt>
      <trkpt lat="43.800612" lon="7.458063">
        <ele>589.754071</ele>
        <time>2026-05-11T23:13:01.895Z</time>
      </trkpt>
      <trkpt lat="43.801146" lon="7.458037">
        <ele>592.751832</ele>
        <time>2026-05-11T23:13:24.711Z</time>
      </trkpt>
      <trkpt lat="43.801646" lon="7.458090">
        <ele>595.356171</ele>
        <time>2026-05-11T23:13:42.578Z</time>
      </trkpt>
      <trkpt lat="43.801816" lon="7.458141">
        <ele>596.259525</ele>
        <time>2026-05-11T23:13:47.835Z</time>
      </trkpt>
      <trkpt lat="43.801906" lon="7.458210">
        <ele>596.793724</ele>
        <time>2026-05-11T23:13:50.787Z</time>
      </trkpt>
      <trkpt lat="43.802063" lon="7.458450">
        <ele>598.007860</ele>
        <time>2026-05-11T23:13:57.189Z</time>
      </trkpt>
      <trkpt lat="43.802116" lon="7.458500">
        <ele>598.340863</ele>
        <time>2026-05-11T23:13:58.959Z</time>
      </trkpt>
      <trkpt lat="43.802171" lon="7.458509">
        <ele>598.628490</ele>
        <time>2026-05-11T23:14:00.420Z</time>
      </trkpt>
      <trkpt lat="43.802156" lon="7.458355">
        <ele>599.210966</ele>
        <time>2026-05-11T23:14:03.342Z</time>
      </trkpt>
      <trkpt lat="43.802122" lon="7.458255">
        <ele>599.620066</ele>
        <time>2026-05-11T23:14:05.392Z</time>
      </trkpt>
      <trkpt lat="43.802050" lon="7.458167">
        <ele>600.054972</ele>
        <time>2026-05-11T23:14:08.109Z</time>
      </trkpt>
      <trkpt lat="43.801880" lon="7.458050">
        <ele>600.914809</ele>
        <time>2026-05-11T23:14:13.524Z</time>
      </trkpt>
      <trkpt lat="43.801566" lon="7.457939">
        <ele>602.382736</ele>
        <time>2026-05-11T23:14:23.569Z</time>
      </trkpt>
      <trkpt lat="43.801104" lon="7.457723">
        <ele>604.591446</ele>
        <time>2026-05-11T23:14:40.778Z</time>
      </trkpt>
      <trkpt lat="43.800718" lon="7.457487">
        <ele>606.502626</ele>
        <time>2026-05-11T23:14:55.242Z</time>
      </trkpt>
      <trkpt lat="43.800436" lon="7.457143">
        <ele>608.237069</ele>
        <time>2026-05-11T23:15:08.453Z</time>
      </trkpt>
      <trkpt lat="43.800194" lon="7.457139">
        <ele>609.408681</ele>
        <time>2026-05-11T23:15:17.383Z</time>
      </trkpt>
      <trkpt lat="43.799703" lon="7.456976">
        <ele>611.852907</ele>
        <time>2026-05-11T23:15:35.751Z</time>
      </trkpt>
      <trkpt lat="43.799527" lon="7.456835">
        <ele>612.837112</ele>
        <time>2026-05-11T23:15:42.334Z</time>
      </trkpt>
      <trkpt lat="43.798930" lon="7.456488">
        <ele>615.971231</ele>
        <time>2026-05-11T23:16:01.604Z</time>
      </trkpt>
      <trkpt lat="43.798694" lon="7.456260">
        <ele>617.838843</ele>
        <time>2026-05-11T23:16:11.356Z</time>
      </trkpt>
      <trkpt lat="43.798344" lon="7.456167">
        <ele>620.449675</ele>
        <time>2026-05-11T23:16:25.567Z</time>
      </trkpt>
      <trkpt lat="43.798036" lon="7.456022">
        <ele>622.832793</ele>
        <time>2026-05-11T23:16:41.524Z</time>
      </trkpt>
      <trkpt lat="43.797498" lon="7.455490">
        <ele>627.675126</ele>
        <time>2026-05-11T23:17:14.326Z</time>
      </trkpt>
      <trkpt lat="43.797404" lon="7.455171">
        <ele>629.497103</ele>
        <time>2026-05-11T23:17:26.083Z</time>
      </trkpt>
      <trkpt lat="43.797362" lon="7.455093">
        <ele>629.990317</ele>
        <time>2026-05-11T23:17:29.273Z</time>
      </trkpt>
      <trkpt lat="43.797309" lon="7.455051">
        <ele>630.413475</ele>
        <time>2026-05-11T23:17:32.243Z</time>
      </trkpt>
      <trkpt lat="43.797012" lon="7.454949">
        <ele>632.534125</ele>
        <time>2026-05-11T23:17:46.076Z</time>
      </trkpt>
      <trkpt lat="43.796106" lon="7.454860">
        <ele>638.828901</ele>
        <time>2026-05-11T23:18:27.888Z</time>
      </trkpt>
      <trkpt lat="43.796016" lon="7.454812">
        <ele>639.497267</ele>
        <time>2026-05-11T23:18:31.640Z</time>
      </trkpt>
      <trkpt lat="43.795844" lon="7.454645">
        <ele>640.952905</ele>
        <time>2026-05-11T23:18:38.958Z</time>
      </trkpt>
      <trkpt lat="43.795146" lon="7.454292">
        <ele>645.017105</ele>
        <time>2026-05-11T23:19:01.430Z</time>
      </trkpt>
      <trkpt lat="43.794979" lon="7.454344">
        <ele>645.883141</ele>
        <time>2026-05-11T23:19:08.515Z</time>
      </trkpt>
      <trkpt lat="43.794829" lon="7.454460">
        <ele>646.752320</ele>
        <time>2026-05-11T23:19:16.353Z</time>
      </trkpt>
      <trkpt lat="43.794786" lon="7.454518">
        <ele>647.055971</ele>
        <time>2026-05-11T23:19:19.146Z</time>
      </trkpt>
      <trkpt lat="43.794700" lon="7.454764">
        <ele>648.054225</ele>
        <time>2026-05-11T23:19:29.314Z</time>
      </trkpt>
      <trkpt lat="43.794667" lon="7.454996">
        <ele>648.917820</ele>
        <time>2026-05-11T23:19:37.282Z</time>
      </trkpt>
      <trkpt lat="43.794620" lon="7.455045">
        <ele>649.215436</ele>
        <time>2026-05-11T23:19:39.387Z</time>
      </trkpt>
      <trkpt lat="43.794558" lon="7.455052">
        <ele>649.530172</ele>
        <time>2026-05-11T23:19:41.402Z</time>
      </trkpt>
      <trkpt lat="43.794178" lon="7.454520">
        <ele>651.081583</ele>
        <time>2026-05-11T23:19:53.771Z</time>
      </trkpt>
      <trkpt lat="43.793949" lon="7.454307">
        <ele>650.952211</ele>
        <time>2026-05-11T23:19:58.188Z</time>
      </trkpt>
      <trkpt lat="43.793642" lon="7.454230">
        <ele>650.805876</ele>
        <time>2026-05-11T23:20:03.035Z</time>
      </trkpt>
      <trkpt lat="43.793443" lon="7.454257">
        <ele>650.712092</ele>
        <time>2026-05-11T23:20:06.042Z</time>
      </trkpt>
      <trkpt lat="43.793382" lon="7.454297">
        <ele>650.680438</ele>
        <time>2026-05-11T23:20:06.894Z</time>
      </trkpt>
      <trkpt lat="43.793274" lon="7.454460">
        <ele>650.605527</ele>
        <time>2026-05-11T23:20:08.554Z</time>
      </trkpt>
      <trkpt lat="43.793223" lon="7.454491">
        <ele>650.579405</ele>
        <time>2026-05-11T23:20:09.083Z</time>
      </trkpt>
      <trkpt lat="43.793180" lon="7.454480">
        <ele>650.558896</ele>
        <time>2026-05-11T23:20:09.503Z</time>
      </trkpt>
      <trkpt lat="43.793000" lon="7.454182">
        <ele>650.427339</ele>
        <time>2026-05-11T23:20:12.072Z</time>
      </trkpt>
      <trkpt lat="43.792738" lon="7.453397">
        <ele>653.540215</ele>
        <time>2026-05-11T23:20:18.911Z</time>
      </trkpt>
      <trkpt lat="43.792741" lon="7.453232">
        <ele>654.418581</ele>
        <time>2026-05-11T23:20:22.915Z</time>
      </trkpt>
      <trkpt lat="43.792821" lon="7.452950">
        <ele>656.031046</ele>
        <time>2026-05-11T23:20:32.688Z</time>
      </trkpt>
      <trkpt lat="43.792797" lon="7.452540">
        <ele>658.220121</ele>
        <time>2026-05-11T23:20:50.301Z</time>
      </trkpt>
      <trkpt lat="43.792847" lon="7.452349">
        <ele>659.301348</ele>
        <time>2026-05-11T23:20:59.941Z</time>
      </trkpt>
      <trkpt lat="43.792884" lon="7.452286">
        <ele>659.733567</ele>
        <time>2026-05-11T23:21:03.852Z</time>
      </trkpt>
      <trkpt lat="43.793015" lon="7.452173">
        <ele>660.871268</ele>
        <time>2026-05-11T23:21:14.131Z</time>
      </trkpt>
      <trkpt lat="43.793213" lon="7.452181">
        <ele>662.331622</ele>
        <time>2026-05-11T23:21:27.563Z</time>
      </trkpt>
      <trkpt lat="43.793277" lon="7.452145">
        <ele>662.840866</ele>
        <time>2026-05-11T23:21:32.167Z</time>
      </trkpt>
      <trkpt lat="43.793384" lon="7.452006">
        <ele>663.989619</ele>
        <time>2026-05-11T23:21:42.457Z</time>
      </trkpt>
      <trkpt lat="43.793422" lon="7.451869">
        <ele>664.933121</ele>
        <time>2026-05-11T23:21:50.115Z</time>
      </trkpt>
      <trkpt lat="43.793450" lon="7.451469">
        <ele>667.516625</ele>
        <time>2026-05-11T23:22:10.400Z</time>
      </trkpt>
      <trkpt lat="43.793410" lon="7.451262">
        <ele>668.894203</ele>
        <time>2026-05-11T23:22:20.767Z</time>
      </trkpt>
      <trkpt lat="43.793320" lon="7.451090">
        <ele>670.259877</ele>
        <time>2026-05-11T23:22:30.503Z</time>
      </trkpt>
      <trkpt lat="43.793302" lon="7.451011">
        <ele>670.792437</ele>
        <time>2026-05-11T23:22:34.070Z</time>
      </trkpt>
      <trkpt lat="43.793323" lon="7.450847">
        <ele>671.863190</ele>
        <time>2026-05-11T23:22:41.032Z</time>
      </trkpt>
      <trkpt lat="43.793461" lon="7.450497">
        <ele>674.426980</ele>
        <time>2026-05-11T23:22:55.488Z</time>
      </trkpt>
      <trkpt lat="43.793512" lon="7.450440">
        <ele>675.010562</ele>
        <time>2026-05-11T23:22:58.236Z</time>
      </trkpt>
      <trkpt lat="43.793716" lon="7.450350">
        <ele>676.917259</ele>
        <time>2026-05-11T23:23:06.140Z</time>
      </trkpt>
      <trkpt lat="43.793855" lon="7.450399">
        <ele>678.194622</ele>
        <time>2026-05-11T23:23:10.449Z</time>
      </trkpt>
      <trkpt lat="43.793985" lon="7.450386">
        <ele>679.355397</ele>
        <time>2026-05-11T23:23:13.929Z</time>
      </trkpt>
      <trkpt lat="43.794249" lon="7.450143">
        <ele>679.952137</ele>
        <time>2026-05-11T23:23:20.858Z</time>
      </trkpt>
      <trkpt lat="43.794415" lon="7.449823">
        <ele>680.283620</ele>
        <time>2026-05-11T23:23:24.986Z</time>
      </trkpt>
      <trkpt lat="43.794508" lon="7.449503">
        <ele>680.573799</ele>
        <time>2026-05-11T23:23:28.056Z</time>
      </trkpt>
      <trkpt lat="43.794755" lon="7.449095">
        <ele>681.021731</ele>
        <time>2026-05-11T23:23:32.444Z</time>
      </trkpt>
      <trkpt lat="43.794889" lon="7.448674">
        <ele>681.408770</ele>
        <time>2026-05-11T23:23:36.528Z</time>
      </trkpt>
      <trkpt lat="43.795218" lon="7.448283">
        <ele>683.407749</ele>
        <time>2026-05-11T23:23:47.759Z</time>
      </trkpt>
      <trkpt lat="43.795428" lon="7.448096">
        <ele>685.862346</ele>
        <time>2026-05-11T23:23:59.610Z</time>
      </trkpt>
      <trkpt lat="43.795517" lon="7.448097">
        <ele>686.737476</ele>
        <time>2026-05-11T23:24:03.507Z</time>
      </trkpt>
      <trkpt lat="43.795769" lon="7.448216">
        <ele>689.355275</ele>
        <time>2026-05-11T23:24:15.608Z</time>
      </trkpt>
      <trkpt lat="43.795882" lon="7.448200">
        <ele>690.472146</ele>
        <time>2026-05-11T23:24:20.687Z</time>
      </trkpt>
      <trkpt lat="43.796082" lon="7.447995">
        <ele>692.918376</ele>
        <time>2026-05-11T23:24:33.165Z</time>
      </trkpt>
      <trkpt lat="43.796417" lon="7.447852">
        <ele>696.365103</ele>
        <time>2026-05-11T23:24:59.237Z</time>
      </trkpt>
      <trkpt lat="43.796561" lon="7.447769">
        <ele>697.898646</ele>
        <time>2026-05-11T23:25:11.663Z</time>
      </trkpt>
      <trkpt lat="43.796890" lon="7.447501">
        <ele>701.361449</ele>
        <time>2026-05-11T23:25:44.651Z</time>
      </trkpt>
      <trkpt lat="43.796989" lon="7.447489">
        <ele>702.212874</ele>
        <time>2026-05-11T23:25:53.954Z</time>
      </trkpt>
      <trkpt lat="43.797281" lon="7.447553">
        <ele>704.745705</ele>
        <time>2026-05-11T23:26:18.321Z</time>
      </trkpt>
      <trkpt lat="43.797617" lon="7.447488">
        <ele>707.652322</ele>
        <time>2026-05-11T23:26:36.140Z</time>
      </trkpt>
      <trkpt lat="43.797726" lon="7.447504">
        <ele>708.591409</ele>
        <time>2026-05-11T23:26:41.347Z</time>
      </trkpt>
      <trkpt lat="43.797828" lon="7.447588">
        <ele>709.608026</ele>
        <time>2026-05-11T23:26:46.618Z</time>
      </trkpt>
      <trkpt lat="43.797905" lon="7.447710">
        <ele>710.610214</ele>
        <time>2026-05-11T23:26:52.060Z</time>
      </trkpt>
      <trkpt lat="43.798044" lon="7.448094">
        <ele>713.266722</ele>
        <time>2026-05-11T23:27:03.235Z</time>
      </trkpt>
      <trkpt lat="43.798162" lon="7.448232">
        <ele>714.589715</ele>
        <time>2026-05-11T23:27:05.299Z</time>
      </trkpt>
      <trkpt lat="43.798275" lon="7.448241">
        <ele>714.351474</ele>
        <time>2026-05-11T23:27:06.414Z</time>
      </trkpt>
      <trkpt lat="43.798475" lon="7.448140">
        <ele>713.242225</ele>
        <time>2026-05-11T23:27:08.405Z</time>
      </trkpt>
      <trkpt lat="43.798653" lon="7.448105">
        <ele>712.305393</ele>
        <time>2026-05-11T23:27:09.971Z</time>
      </trkpt>
      <trkpt lat="43.798966" lon="7.448155">
        <ele>710.663582</ele>
        <time>2026-05-11T23:27:12.601Z</time>
      </trkpt>
      <trkpt lat="43.799084" lon="7.448078">
        <ele>709.983912</ele>
        <time>2026-05-11T23:27:13.685Z</time>
      </trkpt>
      <trkpt lat="43.799135" lon="7.448012">
        <ele>709.620259</ele>
        <time>2026-05-11T23:27:14.264Z</time>
      </trkpt>
      <trkpt lat="43.799444" lon="7.447580">
        <ele>707.332790</ele>
        <time>2026-05-11T23:27:18.042Z</time>
      </trkpt>
      <trkpt lat="43.799636" lon="7.447373">
        <ele>706.065078</ele>
        <time>2026-05-11T23:27:20.611Z</time>
      </trkpt>
      <trkpt lat="43.799762" lon="7.447167">
        <ele>706.199361</ele>
        <time>2026-05-11T23:27:27.001Z</time>
      </trkpt>
      <trkpt lat="43.799850" lon="7.447087">
        <ele>707.283484</ele>
        <time>2026-05-11T23:27:31.929Z</time>
      </trkpt>
      <trkpt lat="43.800412" lon="7.446781">
        <ele>713.503178</ele>
        <time>2026-05-11T23:28:11.065Z</time>
      </trkpt>
      <trkpt lat="43.800936" lon="7.446735">
        <ele>718.911327</ele>
        <time>2026-05-11T23:28:51.819Z</time>
      </trkpt>
      <trkpt lat="43.801269" lon="7.446587">
        <ele>722.513456</ele>
        <time>2026-05-11T23:29:16.314Z</time>
      </trkpt>
      <trkpt lat="43.801563" lon="7.446376">
        <ele>724.691943</ele>
        <time>2026-05-11T23:29:35.200Z</time>
      </trkpt>
      <trkpt lat="43.801843" lon="7.446076">
        <ele>726.048104</ele>
        <time>2026-05-11T23:29:48.273Z</time>
      </trkpt>
      <trkpt lat="43.801935" lon="7.445852">
        <ele>726.760812</ele>
        <time>2026-05-11T23:29:51.745Z</time>
      </trkpt>
      <trkpt lat="43.802193" lon="7.445458">
        <ele>728.231957</ele>
        <time>2026-05-11T23:29:56.488Z</time>
      </trkpt>
      <trkpt lat="43.802275" lon="7.445248">
        <ele>728.892215</ele>
        <time>2026-05-11T23:29:58.668Z</time>
      </trkpt>
      <trkpt lat="43.802547" lon="7.444850">
        <ele>730.407936</ele>
        <time>2026-05-11T23:30:06.116Z</time>
      </trkpt>
      <trkpt lat="43.802666" lon="7.444608">
        <ele>731.600283</ele>
        <time>2026-05-11T23:30:12.087Z</time>
      </trkpt>
      <trkpt lat="43.802825" lon="7.444380">
        <ele>733.398601</ele>
        <time>2026-05-11T23:30:20.158Z</time>
      </trkpt>
      <trkpt lat="43.802950" lon="7.443926">
        <ele>736.154749</ele>
        <time>2026-05-11T23:30:35.185Z</time>
      </trkpt>
      <trkpt lat="43.803297" lon="7.443346">
        <ele>740.427900</ele>
        <time>2026-05-11T23:31:02.363Z</time>
      </trkpt>
      <trkpt lat="43.803627" lon="7.442646">
        <ele>745.245474</ele>
        <time>2026-05-11T23:31:36.790Z</time>
      </trkpt>
      <trkpt lat="43.803688" lon="7.442402">
        <ele>747.318650</ele>
        <time>2026-05-11T23:31:48.199Z</time>
      </trkpt>
      <trkpt lat="43.804044" lon="7.441773">
        <ele>753.736259</ele>
        <time>2026-05-11T23:32:25.388Z</time>
      </trkpt>
      <trkpt lat="43.804181" lon="7.441574">
        <ele>755.944252</ele>
        <time>2026-05-11T23:32:37.954Z</time>
      </trkpt>
      <trkpt lat="43.804410" lon="7.441080">
        <ele>760.657994</ele>
        <time>2026-05-11T23:33:04.213Z</time>
      </trkpt>
      <trkpt lat="43.804458" lon="7.440903">
        <ele>762.176044</ele>
        <time>2026-05-11T23:33:12.258Z</time>
      </trkpt>
      <trkpt lat="43.804508" lon="7.440534">
        <ele>765.124448</ele>
        <time>2026-05-11T23:33:27.411Z</time>
      </trkpt>
      <trkpt lat="43.804511" lon="7.440350">
        <ele>766.095876</ele>
        <time>2026-05-11T23:33:34.441Z</time>
      </trkpt>
      <trkpt lat="43.804460" lon="7.439758">
        <ele>769.242729</ele>
        <time>2026-05-11T23:33:55.078Z</time>
      </trkpt>
      <trkpt lat="43.804355" lon="7.439333">
        <ele>771.613746</ele>
        <time>2026-05-11T23:34:07.869Z</time>
      </trkpt>
      <trkpt lat="43.804245" lon="7.439195">
        <ele>772.698982</ele>
        <time>2026-05-11T23:34:13.187Z</time>
      </trkpt>
      <trkpt lat="43.804078" lon="7.439140">
        <ele>773.954354</ele>
        <time>2026-05-11T23:34:19.189Z</time>
      </trkpt>
      <trkpt lat="43.804030" lon="7.439096">
        <ele>774.375268</ele>
        <time>2026-05-11T23:34:21.182Z</time>
      </trkpt>
      <trkpt lat="43.803987" lon="7.438955">
        <ele>775.183209</ele>
        <time>2026-05-11T23:34:25.048Z</time>
      </trkpt>
      <trkpt lat="43.804051" lon="7.438185">
        <ele>779.875006</ele>
        <time>2026-05-11T23:34:46.089Z</time>
      </trkpt>
      <trkpt lat="43.804034" lon="7.437578">
        <ele>784.797980</ele>
        <time>2026-05-11T23:35:10.714Z</time>
      </trkpt>
      <trkpt lat="43.804081" lon="7.437194">
        <ele>787.954442</ele>
        <time>2026-05-11T23:35:29.718Z</time>
      </trkpt>
      <trkpt lat="43.804154" lon="7.436959">
        <ele>790.027858</ele>
        <time>2026-05-11T23:35:42.100Z</time>
      </trkpt>
      <trkpt lat="43.804270" lon="7.436708">
        <ele>792.443334</ele>
        <time>2026-05-11T23:35:57.190Z</time>
      </trkpt>
      <trkpt lat="43.804353" lon="7.436606">
        <ele>793.689120</ele>
        <time>2026-05-11T23:36:05.043Z</time>
      </trkpt>
      <trkpt lat="43.804546" lon="7.436487">
        <ele>796.061243</ele>
        <time>2026-05-11T23:36:20.233Z</time>
      </trkpt>
      <trkpt lat="43.804699" lon="7.436297">
        <ele>798.363702</ele>
        <time>2026-05-11T23:36:34.205Z</time>
      </trkpt>
      <trkpt lat="43.804744" lon="7.436189">
        <ele>799.123628</ele>
        <time>2026-05-11T23:36:40.196Z</time>
      </trkpt>
      <trkpt lat="43.804818" lon="7.435828">
        <ele>801.410464</ele>
        <time>2026-05-11T23:36:56.906Z</time>
      </trkpt>
      <trkpt lat="43.804855" lon="7.435372">
        <ele>804.206691</ele>
        <time>2026-05-11T23:37:15.388Z</time>
      </trkpt>
      <trkpt lat="43.804857" lon="7.434961">
        <ele>806.711252</ele>
        <time>2026-05-11T23:37:27.587Z</time>
      </trkpt>
      <trkpt lat="43.804787" lon="7.434603">
        <ele>808.971440</ele>
        <time>2026-05-11T23:37:36.515Z</time>
      </trkpt>
      <trkpt lat="43.804720" lon="7.434517">
        <ele>809.742588</ele>
        <time>2026-05-11T23:37:39.836Z</time>
      </trkpt>
      <trkpt lat="43.804455" lon="7.434393">
        <ele>812.104258</ele>
        <time>2026-05-11T23:37:50.716Z</time>
      </trkpt>
      <trkpt lat="43.804369" lon="7.434252">
        <ele>813.229217</ele>
        <time>2026-05-11T23:37:56.318Z</time>
      </trkpt>
      <trkpt lat="43.804340" lon="7.434112">
        <ele>814.162548</ele>
        <time>2026-05-11T23:38:00.784Z</time>
      </trkpt>
      <trkpt lat="43.804371" lon="7.433701">
        <ele>816.879299</ele>
        <time>2026-05-11T23:38:14.245Z</time>
      </trkpt>
      <trkpt lat="43.804436" lon="7.433503">
        <ele>818.309348</ele>
        <time>2026-05-11T23:38:21.672Z</time>
      </trkpt>
      <trkpt lat="43.804604" lon="7.433232">
        <ele>820.658016</ele>
        <time>2026-05-11T23:38:34.612Z</time>
      </trkpt>
      <trkpt lat="43.804658" lon="7.433016">
        <ele>822.160842</ele>
        <time>2026-05-11T23:38:43.412Z</time>
      </trkpt>
      <trkpt lat="43.804656" lon="7.432927">
        <ele>822.746235</ele>
        <time>2026-05-11T23:38:46.903Z</time>
      </trkpt>
      <trkpt lat="43.804553" lon="7.432632">
        <ele>824.900683</ele>
        <time>2026-05-11T23:39:00.234Z</time>
      </trkpt>
      <trkpt lat="43.804575" lon="7.432036">
        <ele>828.824070</ele>
        <time>2026-05-11T23:39:24.845Z</time>
      </trkpt>
      <trkpt lat="43.804492" lon="7.431825">
        <ele>830.643897</ele>
        <time>2026-05-11T23:39:34.982Z</time>
      </trkpt>
      <trkpt lat="43.804320" lon="7.431638">
        <ele>833.625083</ele>
        <time>2026-05-11T23:39:47.655Z</time>
      </trkpt>
      <trkpt lat="43.804298" lon="7.431535">
        <ele>834.682182</ele>
        <time>2026-05-11T23:39:52.103Z</time>
      </trkpt>
      <trkpt lat="43.804305" lon="7.431054">
        <ele>839.416740</ele>
        <time>2026-05-11T23:40:12.270Z</time>
      </trkpt>
      <trkpt lat="43.804231" lon="7.430759">
        <ele>842.490245</ele>
        <time>2026-05-11T23:40:26.455Z</time>
      </trkpt>
      <trkpt lat="43.804248" lon="7.430530">
        <ele>844.755763</ele>
        <time>2026-05-11T23:40:37.577Z</time>
      </trkpt>
      <trkpt lat="43.804385" lon="7.430076">
        <ele>849.598474</ele>
        <time>2026-05-11T23:41:03.346Z</time>
      </trkpt>
      <trkpt lat="43.804439" lon="7.429624">
        <ele>854.107202</ele>
        <time>2026-05-11T23:41:32.475Z</time>
      </trkpt>
      <trkpt lat="43.804405" lon="7.429145">
        <ele>858.661357</ele>
        <time>2026-05-11T23:42:07.162Z</time>
      </trkpt>
      <trkpt lat="43.804412" lon="7.428946">
        <ele>860.540687</ele>
        <time>2026-05-11T23:42:20.817Z</time>
      </trkpt>
      <trkpt lat="43.804474" lon="7.428643">
        <ele>863.511438</ele>
        <time>2026-05-11T23:42:40.920Z</time>
      </trkpt>
      <trkpt lat="43.804418" lon="7.428073">
        <ele>868.937645</ele>
        <time>2026-05-11T23:43:12.856Z</time>
      </trkpt>
      <trkpt lat="43.804370" lon="7.427818">
        <ele>871.423444</ele>
        <time>2026-05-11T23:43:24.631Z</time>
      </trkpt>
      <trkpt lat="43.804290" lon="7.427760">
        <ele>872.603521</ele>
        <time>2026-05-11T23:43:29.691Z</time>
      </trkpt>
      <trkpt lat="43.803767" lon="7.427862">
        <ele>877.957490</ele>
        <time>2026-05-11T23:43:51.834Z</time>
      </trkpt>
      <trkpt lat="43.803061" lon="7.428170">
        <ele>877.971311</ele>
        <time>2026-05-11T23:44:00.326Z</time>
      </trkpt>
      <trkpt lat="43.802867" lon="7.428191">
        <ele>877.974944</ele>
        <time>2026-05-11T23:44:02.252Z</time>
      </trkpt>
      <trkpt lat="43.802797" lon="7.428173">
        <ele>877.976274</ele>
        <time>2026-05-11T23:44:02.958Z</time>
      </trkpt>
      <trkpt lat="43.802701" lon="7.428095">
        <ele>877.978352</ele>
        <time>2026-05-11T23:44:04.060Z</time>
      </trkpt>
      <trkpt lat="43.802625" lon="7.427903">
        <ele>877.981303</ele>
        <time>2026-05-11T23:44:05.671Z</time>
      </trkpt>
      <trkpt lat="43.802524" lon="7.427780">
        <ele>877.983814</ele>
        <time>2026-05-11T23:44:07.112Z</time>
      </trkpt>
      <trkpt lat="43.802080" lon="7.427479">
        <ele>879.563494</ele>
        <time>2026-05-11T23:44:14.303Z</time>
      </trkpt>
      <trkpt lat="43.801863" lon="7.427289">
        <ele>881.367218</ele>
        <time>2026-05-11T23:44:21.295Z</time>
      </trkpt>
      <trkpt lat="43.801672" lon="7.427016">
        <ele>883.295439</ele>
        <time>2026-05-11T23:44:31.198Z</time>
      </trkpt>
      <trkpt lat="43.801548" lon="7.426658">
        <ele>885.309257</ele>
        <time>2026-05-11T23:44:43.896Z</time>
      </trkpt>
      <trkpt lat="43.801523" lon="7.426488">
        <ele>886.189114</ele>
        <time>2026-05-11T23:44:50.150Z</time>
      </trkpt>
      <trkpt lat="43.801592" lon="7.426277">
        <ele>887.363900</ele>
        <time>2026-05-11T23:44:59.105Z</time>
      </trkpt>
      <trkpt lat="43.801846" lon="7.425912">
        <ele>889.935251</ele>
        <time>2026-05-11T23:45:21.576Z</time>
      </trkpt>
      <trkpt lat="43.802469" lon="7.425261">
        <ele>898.954866</ele>
        <time>2026-05-11T23:46:20.558Z</time>
      </trkpt>
      <trkpt lat="43.802776" lon="7.425102">
        <ele>902.957855</ele>
        <time>2026-05-11T23:46:45.101Z</time>
      </trkpt>
      <trkpt lat="43.802951" lon="7.425161">
        <ele>905.157613</ele>
        <time>2026-05-11T23:46:57.013Z</time>
      </trkpt>
      <trkpt lat="43.803199" lon="7.425120">
        <ele>908.208091</ele>
        <time>2026-05-11T23:47:11.641Z</time>
      </trkpt>
      <trkpt lat="43.803366" lon="7.425235">
        <ele>910.485791</ele>
        <time>2026-05-11T23:47:21.500Z</time>
      </trkpt>
      <trkpt lat="43.803427" lon="7.425248">
        <ele>911.239587</ele>
        <time>2026-05-11T23:47:24.550Z</time>
      </trkpt>
      <trkpt lat="43.803531" lon="7.425201">
        <ele>912.575666</ele>
        <time>2026-05-11T23:47:29.715Z</time>
      </trkpt>
      <trkpt lat="43.803557" lon="7.425101">
        <ele>912.995170</ele>
        <time>2026-05-11T23:47:33.020Z</time>
      </trkpt>
      <trkpt lat="43.803559" lon="7.424642">
        <ele>914.758799</ele>
        <time>2026-05-11T23:47:47.420Z</time>
      </trkpt>
      <trkpt lat="43.803506" lon="7.424327">
        <ele>916.001566</ele>
        <time>2026-05-11T23:47:57.716Z</time>
      </trkpt>
      <trkpt lat="43.803432" lon="7.424082">
        <ele>917.022033</ele>
        <time>2026-05-11T23:48:05.382Z</time>
      </trkpt>
      <trkpt lat="43.803191" lon="7.423743">
        <ele>918.850352</ele>
        <time>2026-05-11T23:48:19.305Z</time>
      </trkpt>
      <trkpt lat="43.803121" lon="7.423494">
        <ele>919.877099</ele>
        <time>2026-05-11T23:48:26.803Z</time>
      </trkpt>
      <trkpt lat="43.803095" lon="7.423205">
        <ele>920.996114</ele>
        <time>2026-05-11T23:48:33.037Z</time>
      </trkpt>
      <trkpt lat="43.803131" lon="7.423254">
        <ele>921.264774</ele>
        <time>2026-05-11T23:48:34.817Z</time>
      </trkpt>
      <trkpt lat="43.803199" lon="7.423256">
        <ele>921.626872</ele>
        <time>2026-05-11T23:48:37.584Z</time>
      </trkpt>
      <trkpt lat="43.803131" lon="7.423254">
        <ele>921.988970</ele>
        <time>2026-05-11T23:48:40.093Z</time>
      </trkpt>
      <trkpt lat="43.803095" lon="7.423205">
        <ele>922.118654</ele>
        <time>2026-05-11T23:48:41.672Z</time>
      </trkpt>
      <trkpt lat="43.803063" lon="7.422939">
        <ele>921.494082</ele>
        <time>2026-05-11T23:48:44.082Z</time>
      </trkpt>
      <trkpt lat="43.803012" lon="7.422738">
        <ele>921.000622</ele>
        <time>2026-05-11T23:48:45.861Z</time>
      </trkpt>
      <trkpt lat="43.803007" lon="7.422600">
        <ele>920.680602</ele>
        <time>2026-05-11T23:48:46.948Z</time>
      </trkpt>
      <trkpt lat="43.803028" lon="7.422529">
        <ele>920.502888</ele>
        <time>2026-05-11T23:48:47.649Z</time>
      </trkpt>
      <trkpt lat="43.803076" lon="7.422483">
        <ele>920.315598</ele>
        <time>2026-05-11T23:48:48.300Z</time>
      </trkpt>
      <trkpt lat="43.803245" lon="7.422462">
        <ele>919.771088</ele>
        <time>2026-05-11T23:48:50.114Z</time>
      </trkpt>
      <trkpt lat="43.803436" lon="7.422380">
        <ele>919.129406</ele>
        <time>2026-05-11T23:48:52.075Z</time>
      </trkpt>
      <trkpt lat="43.803568" lon="7.422178">
        <ele>918.498288</ele>
        <time>2026-05-11T23:48:53.999Z</time>
      </trkpt>
      <trkpt lat="43.803614" lon="7.422046">
        <ele>918.158797</ele>
        <time>2026-05-11T23:48:55.011Z</time>
      </trkpt>
      <trkpt lat="43.803663" lon="7.421375">
        <ele>916.596798</ele>
        <time>2026-05-11T23:48:59.364Z</time>
      </trkpt>
      <trkpt lat="43.803469" lon="7.420716">
        <ele>913.592172</ele>
        <time>2026-05-11T23:49:04.157Z</time>
      </trkpt>
      <trkpt lat="43.803348" lon="7.420422">
        <ele>912.075391</ele>
        <time>2026-05-11T23:49:06.657Z</time>
      </trkpt>
      <trkpt lat="43.803320" lon="7.419975">
        <ele>910.064569</ele>
        <time>2026-05-11T23:49:09.787Z</time>
      </trkpt>
      <trkpt lat="43.803327" lon="7.419575">
        <ele>908.271387</ele>
        <time>2026-05-11T23:49:12.441Z</time>
      </trkpt>
      <trkpt lat="43.803399" lon="7.419315">
        <ele>907.023332</ele>
        <time>2026-05-11T23:49:14.223Z</time>
      </trkpt>
      <trkpt lat="43.803483" lon="7.418836">
        <ele>904.663644</ele>
        <time>2026-05-11T23:49:17.320Z</time>
      </trkpt>
      <trkpt lat="43.803604" lon="7.418598">
        <ele>902.886631</ele>
        <time>2026-05-11T23:49:19.131Z</time>
      </trkpt>
      <trkpt lat="43.803795" lon="7.417876">
        <ele>898.192821</ele>
        <time>2026-05-11T23:49:23.920Z</time>
      </trkpt>
      <trkpt lat="43.803849" lon="7.417322">
        <ele>894.780520</ele>
        <time>2026-05-11T23:49:27.471Z</time>
      </trkpt>
      <trkpt lat="43.803927" lon="7.416886">
        <ele>892.038647</ele>
        <time>2026-05-11T23:49:30.358Z</time>
      </trkpt>
      <trkpt lat="43.803946" lon="7.416579">
        <ele>890.157854</ele>
        <time>2026-05-11T23:49:32.352Z</time>
      </trkpt>
      <trkpt lat="43.804046" lon="7.416052">
        <ele>886.533678</ele>
        <time>2026-05-11T23:49:35.867Z</time>
      </trkpt>
      <trkpt lat="43.804078" lon="7.415762">
        <ele>884.575433</ele>
        <time>2026-05-11T23:49:37.738Z</time>
      </trkpt>
      <trkpt lat="43.804086" lon="7.415628">
        <ele>883.677929</ele>
        <time>2026-05-11T23:49:38.587Z</time>
      </trkpt>
      <trkpt lat="43.804031" lon="7.415195">
        <ele>880.743232</ele>
        <time>2026-05-11T23:49:41.341Z</time>
      </trkpt>
      <trkpt lat="43.804005" lon="7.414646">
        <ele>877.070774</ele>
        <time>2026-05-11T23:49:44.729Z</time>
      </trkpt>
      <trkpt lat="43.804033" lon="7.414080">
        <ele>873.283448</ele>
        <time>2026-05-11T23:49:48.232Z</time>
      </trkpt>
      <trkpt lat="43.803961" lon="7.413377">
        <ele>868.524256</ele>
        <time>2026-05-11T23:49:52.632Z</time>
      </trkpt>
      <trkpt lat="43.804003" lon="7.413396">
        <ele>868.113931</ele>
        <time>2026-05-11T23:49:53.173Z</time>
      </trkpt>
      <trkpt lat="43.804163" lon="7.413690">
        <ele>865.645885</ele>
        <time>2026-05-11T23:49:56.408Z</time>
      </trkpt>
      <trkpt lat="43.804224" lon="7.414118">
        <ele>862.721745</ele>
        <time>2026-05-11T23:50:00.249Z</time>
      </trkpt>
      <trkpt lat="43.804223" lon="7.414492">
        <ele>860.214936</ele>
        <time>2026-05-11T23:50:03.588Z</time>
      </trkpt>
      <trkpt lat="43.804267" lon="7.414590">
        <ele>859.441341</ele>
        <time>2026-05-11T23:50:04.630Z</time>
      </trkpt>
      <trkpt lat="43.804431" lon="7.414795">
        <ele>857.390044</ele>
        <time>2026-05-11T23:50:07.472Z</time>
      </trkpt>
      <trkpt lat="43.804686" lon="7.415257">
        <ele>853.419800</ele>
        <time>2026-05-11T23:50:12.927Z</time>
      </trkpt>
      <trkpt lat="43.804741" lon="7.415396">
        <ele>852.333344</ele>
        <time>2026-05-11T23:50:14.380Z</time>
      </trkpt>
      <trkpt lat="43.804765" lon="7.415856">
        <ele>849.172406</ele>
        <time>2026-05-11T23:50:18.533Z</time>
      </trkpt>
      <trkpt lat="43.804812" lon="7.416041">
        <ele>847.828202</ele>
        <time>2026-05-11T23:50:20.286Z</time>
      </trkpt>
      <trkpt lat="43.804791" lon="7.416361">
        <ele>845.625966</ele>
        <time>2026-05-11T23:50:23.127Z</time>
      </trkpt>
      <trkpt lat="43.804803" lon="7.416624">
        <ele>843.819840</ele>
        <time>2026-05-11T23:50:25.420Z</time>
      </trkpt>
      <trkpt lat="43.804845" lon="7.416821">
        <ele>842.411978</ele>
        <time>2026-05-11T23:50:27.210Z</time>
      </trkpt>
      <trkpt lat="43.805100" lon="7.417489">
        <ele>836.289264</ele>
        <time>2026-05-11T23:50:33.714Z</time>
      </trkpt>
      <trkpt lat="43.805207" lon="7.417646">
        <ele>834.218716</ele>
        <time>2026-05-11T23:50:35.560Z</time>
      </trkpt>
      <trkpt lat="43.805254" lon="7.417674">
        <ele>833.539004</ele>
        <time>2026-05-11T23:50:36.158Z</time>
      </trkpt>
      <trkpt lat="43.805452" lon="7.417921">
        <ele>829.999328</ele>
        <time>2026-05-11T23:50:58.375Z</time>
      </trkpt>
      <trkpt lat="43.805824" lon="7.418159">
        <ele>824.555521</ele>
        <time>2026-05-11T23:51:32.287Z</time>
      </trkpt>
      <trkpt lat="43.805858" lon="7.418216">
        <ele>823.846466</ele>
        <time>2026-05-11T23:51:33.536Z</time>
      </trkpt>
      <trkpt lat="43.805885" lon="7.418201">
        <ele>823.459985</ele>
        <time>2026-05-11T23:51:34.203Z</time>
      </trkpt>
      <trkpt lat="43.805959" lon="7.418329">
        <ele>821.887437</ele>
        <time>2026-05-11T23:51:36.961Z</time>
      </trkpt>
      <trkpt lat="43.806002" lon="7.418337">
        <ele>821.311011</ele>
        <time>2026-05-11T23:51:37.971Z</time>
      </trkpt>
      <trkpt lat="43.806043" lon="7.418245">
        <ele>820.274248</ele>
        <time>2026-05-11T23:51:39.776Z</time>
      </trkpt>
      <trkpt lat="43.806053" lon="7.418038">
        <ele>818.285018</ele>
        <time>2026-05-11T23:51:43.318Z</time>
      </trkpt>
      <trkpt lat="43.806418" lon="7.417742">
        <ele>813.702779</ele>
        <time>2026-05-11T23:51:53.474Z</time>
      </trkpt>
      <trkpt lat="43.806487" lon="7.417507">
        <ele>812.101305</ele>
        <time>2026-05-11T23:51:57.948Z</time>
      </trkpt>
      <trkpt lat="43.806551" lon="7.417444">
        <ele>811.414639</ele>
        <time>2026-05-11T23:51:59.901Z</time>
      </trkpt>
      <trkpt lat="43.806567" lon="7.417291">
        <ele>810.438765</ele>
        <time>2026-05-11T23:52:02.646Z</time>
      </trkpt>
      <trkpt lat="43.806635" lon="7.417216">
        <ele>809.678574</ele>
        <time>2026-05-11T23:52:04.765Z</time>
      </trkpt>
      <trkpt lat="43.806631" lon="7.417061">
        <ele>808.699539</ele>
        <time>2026-05-11T23:52:07.490Z</time>
      </trkpt>
      <trkpt lat="43.806719" lon="7.416871">
        <ele>807.274452</ele>
        <time>2026-05-11T23:52:11.501Z</time>
      </trkpt>
      <trkpt lat="43.806866" lon="7.416660">
        <ele>805.423197</ele>
        <time>2026-05-11T23:52:16.806Z</time>
      </trkpt>
      <trkpt lat="43.807068" lon="7.416431">
        <ele>803.140388</ele>
        <time>2026-05-11T23:52:23.500Z</time>
      </trkpt>
      <trkpt lat="43.807196" lon="7.416412">
        <ele>802.014404</ele>
        <time>2026-05-11T23:52:26.865Z</time>
      </trkpt>
      <trkpt lat="43.807392" lon="7.416312">
        <ele>800.187533</ele>
        <time>2026-05-11T23:52:32.518Z</time>
      </trkpt>
      <trkpt lat="43.807650" lon="7.416027">
        <ele>798.625757</ele>
        <time>2026-05-11T23:52:41.940Z</time>
      </trkpt>
      <trkpt lat="43.807812" lon="7.415690">
        <ele>797.339118</ele>
        <time>2026-05-11T23:52:50.636Z</time>
      </trkpt>
      <trkpt lat="43.807957" lon="7.415614">
        <ele>796.656534</ele>
        <time>2026-05-11T23:52:55.237Z</time>
      </trkpt>
      <trkpt lat="43.808116" lon="7.415573">
        <ele>795.944436</ele>
        <time>2026-05-11T23:53:00.023Z</time>
      </trkpt>
      <trkpt lat="43.808201" lon="7.415296">
        <ele>794.988006</ele>
        <time>2026-05-11T23:53:06.433Z</time>
      </trkpt>
      <trkpt lat="43.808436" lon="7.415129">
        <ele>793.825164</ele>
        <time>2026-05-11T23:53:13.999Z</time>
      </trkpt>
      <trkpt lat="43.808561" lon="7.415102">
        <ele>793.268140</ele>
        <time>2026-05-11T23:53:17.554Z</time>
      </trkpt>
      <trkpt lat="43.808625" lon="7.415058">
        <ele>792.953570</ele>
        <time>2026-05-11T23:53:19.562Z</time>
      </trkpt>
      <trkpt lat="43.808695" lon="7.414149">
        <ele>787.991915</ele>
        <time>2026-05-11T23:53:37.192Z</time>
      </trkpt>
      <trkpt lat="43.808685" lon="7.413145">
        <ele>781.519665</ele>
        <time>2026-05-11T23:53:55.329Z</time>
      </trkpt>
      <trkpt lat="43.808666" lon="7.412897">
        <ele>779.912111</ele>
        <time>2026-05-11T23:53:57.492Z</time>
      </trkpt>
      <trkpt lat="43.808652" lon="7.412809">
        <ele>779.331256</ele>
        <time>2026-05-11T23:53:58.274Z</time>
      </trkpt>
      <trkpt lat="43.808555" lon="7.412189">
        <ele>775.175620</ele>
        <time>2026-05-11T23:54:03.698Z</time>
      </trkpt>
      <trkpt lat="43.808537" lon="7.411998">
        <ele>773.822812</ele>
        <time>2026-05-11T23:54:05.351Z</time>
      </trkpt>
      <trkpt lat="43.808508" lon="7.411914">
        <ele>773.168836</ele>
        <time>2026-05-11T23:54:06.141Z</time>
      </trkpt>
      <trkpt lat="43.808171" lon="7.411202">
        <ele>767.188779</ele>
        <time>2026-05-11T23:54:13.625Z</time>
      </trkpt>
      <trkpt lat="43.808145" lon="7.410975">
        <ele>765.574563</ele>
        <time>2026-05-11T23:54:15.720Z</time>
      </trkpt>
      <trkpt lat="43.808163" lon="7.410674">
        <ele>763.453341</ele>
        <time>2026-05-11T23:54:18.521Z</time>
      </trkpt>
      <trkpt lat="43.808231" lon="7.410413">
        <ele>761.504494</ele>
        <time>2026-05-11T23:54:21.021Z</time>
      </trkpt>
      <trkpt lat="43.808291" lon="7.410310">
        <ele>760.574845</ele>
        <time>2026-05-11T23:54:22.208Z</time>
      </trkpt>
      <trkpt lat="43.808643" lon="7.410079">
        <ele>755.974219</ele>
        <time>2026-05-11T23:54:27.035Z</time>
      </trkpt>
      <trkpt lat="43.808840" lon="7.409803">
        <ele>751.944082</ele>
        <time>2026-05-11T23:54:30.488Z</time>
      </trkpt>
      <trkpt lat="43.808902" lon="7.409633">
        <ele>749.966619</ele>
        <time>2026-05-11T23:54:32.158Z</time>
      </trkpt>
      <trkpt lat="43.808898" lon="7.409146">
        <ele>744.910414</ele>
        <time>2026-05-11T23:54:36.348Z</time>
      </trkpt>
      <trkpt lat="43.808941" lon="7.408956">
        <ele>742.843172</ele>
        <time>2026-05-11T23:54:38.028Z</time>
      </trkpt>
      <trkpt lat="43.808894" lon="7.408743">
        <ele>740.530814</ele>
        <time>2026-05-11T23:54:39.885Z</time>
      </trkpt>
      <trkpt lat="43.808889" lon="7.408245">
        <ele>735.360237</ele>
        <time>2026-05-11T23:54:43.993Z</time>
      </trkpt>
      <trkpt lat="43.808739" lon="7.407312">
        <ele>724.273353</ele>
        <time>2026-05-11T23:54:51.836Z</time>
      </trkpt>
      <trkpt lat="43.808684" lon="7.407186">
        <ele>722.496429</ele>
        <time>2026-05-11T23:54:52.707Z</time>
      </trkpt>
      <trkpt lat="43.808429" lon="7.406859">
        <ele>716.686910</ele>
        <time>2026-05-11T23:54:55.568Z</time>
      </trkpt>
      <trkpt lat="43.808267" lon="7.406587">
        <ele>712.431263</ele>
        <time>2026-05-11T23:54:57.681Z</time>
      </trkpt>
      <trkpt lat="43.808210" lon="7.406563">
        <ele>711.435133</ele>
        <time>2026-05-11T23:54:58.179Z</time>
      </trkpt>
      <trkpt lat="43.808124" lon="7.406364">
        <ele>708.636162</ele>
        <time>2026-05-11T23:54:59.571Z</time>
      </trkpt>
      <trkpt lat="43.807982" lon="7.406175">
        <ele>705.343876</ele>
        <time>2026-05-11T23:55:01.221Z</time>
      </trkpt>
      <trkpt lat="43.807841" lon="7.405863">
        <ele>701.251838</ele>
        <time>2026-05-11T23:55:03.442Z</time>
      </trkpt>
      <trkpt lat="43.807575" lon="7.405624">
        <ele>697.092027</ele>
        <time>2026-05-11T23:55:06.120Z</time>
      </trkpt>
      <trkpt lat="43.807409" lon="7.405436">
        <ele>694.278920</ele>
        <time>2026-05-11T23:55:07.972Z</time>
      </trkpt>
      <trkpt lat="43.807263" lon="7.405394">
        <ele>692.322347</ele>
        <time>2026-05-11T23:55:09.243Z</time>
      </trkpt>
      <trkpt lat="43.806989" lon="7.405504">
        <ele>688.579231</ele>
        <time>2026-05-11T23:55:11.636Z</time>
      </trkpt>
      <trkpt lat="43.806796" lon="7.405501">
        <ele>686.046642</ele>
        <time>2026-05-11T23:55:13.241Z</time>
      </trkpt>
      <trkpt lat="43.806689" lon="7.405411">
        <ele>684.404230</ele>
        <time>2026-05-11T23:55:14.274Z</time>
      </trkpt>
      <trkpt lat="43.806651" lon="7.405311">
        <ele>683.334034</ele>
        <time>2026-05-11T23:55:14.960Z</time>
      </trkpt>
      <trkpt lat="43.806578" lon="7.405127">
        <ele>681.345721</ele>
        <time>2026-05-11T23:55:16.215Z</time>
      </trkpt>
      <trkpt lat="43.806531" lon="7.405092">
        <ele>680.645597</ele>
        <time>2026-05-11T23:55:16.659Z</time>
      </trkpt>
      <trkpt lat="43.806320" lon="7.405052">
        <ele>677.951472</ele>
        <time>2026-05-11T23:55:18.427Z</time>
      </trkpt>
      <trkpt lat="43.806156" lon="7.404954">
        <ele>675.826328</ele>
        <time>2026-05-11T23:55:19.935Z</time>
      </trkpt>
      <trkpt lat="43.806021" lon="7.404781">
        <ele>673.638325</ele>
        <time>2026-05-11T23:55:21.493Z</time>
      </trkpt>
      <trkpt lat="43.805682" lon="7.404469">
        <ele>668.795884</ele>
        <time>2026-05-11T23:55:24.904Z</time>
      </trkpt>
      <trkpt lat="43.805240" lon="7.404044">
        <ele>662.394314</ele>
        <time>2026-05-11T23:55:29.461Z</time>
      </trkpt>
      <trkpt lat="43.805129" lon="7.403892">
        <ele>660.537376</ele>
        <time>2026-05-11T23:55:30.800Z</time>
      </trkpt>
      <trkpt lat="43.804883" lon="7.403791">
        <ele>657.501588</ele>
        <time>2026-05-11T23:55:33.010Z</time>
      </trkpt>
      <trkpt lat="43.804804" lon="7.403721">
        <ele>656.849668</ele>
        <time>2026-05-11T23:55:33.837Z</time>
      </trkpt>
      <trkpt lat="43.804598" lon="7.403413">
        <ele>654.742726</ele>
        <time>2026-05-11T23:55:36.470Z</time>
      </trkpt>
      <trkpt lat="43.804561" lon="7.403428">
        <ele>654.474711</ele>
        <time>2026-05-11T23:55:36.802Z</time>
      </trkpt>
      <trkpt lat="43.804449" lon="7.403323">
        <ele>653.534585</ele>
        <time>2026-05-11T23:55:37.987Z</time>
      </trkpt>
      <trkpt lat="43.804092" lon="7.403193">
        <ele>650.968375</ele>
        <time>2026-05-11T23:55:41.216Z</time>
      </trkpt>
      <trkpt lat="43.803945" lon="7.403042">
        <ele>649.696195</ele>
        <time>2026-05-11T23:55:42.906Z</time>
      </trkpt>
      <trkpt lat="43.803820" lon="7.402816">
        <ele>648.267542</ele>
        <time>2026-05-11T23:55:44.906Z</time>
      </trkpt>
      <trkpt lat="43.803515" lon="7.401931">
        <ele>643.363571</ele>
        <time>2026-05-11T23:55:51.792Z</time>
      </trkpt>
      <trkpt lat="43.803492" lon="7.401774">
        <ele>642.567828</ele>
        <time>2026-05-11T23:55:52.927Z</time>
      </trkpt>
      <trkpt lat="43.803534" lon="7.401311">
        <ele>640.249951</ele>
        <time>2026-05-11T23:55:56.119Z</time>
      </trkpt>
      <trkpt lat="43.803531" lon="7.400965">
        <ele>638.531200</ele>
        <time>2026-05-11T23:55:58.380Z</time>
      </trkpt>
      <trkpt lat="43.803494" lon="7.400801">
        <ele>637.677716</ele>
        <time>2026-05-11T23:55:59.480Z</time>
      </trkpt>
      <trkpt lat="43.803401" lon="7.400536">
        <ele>636.214056</ele>
        <time>2026-05-11T23:56:01.338Z</time>
      </trkpt>
      <trkpt lat="43.802973" lon="7.399610">
        <ele>630.652819</ele>
        <time>2026-05-11T23:56:08.219Z</time>
      </trkpt>
      <trkpt lat="43.802871" lon="7.399375">
        <ele>629.219164</ele>
        <time>2026-05-11T23:56:09.919Z</time>
      </trkpt>
      <trkpt lat="43.802682" lon="7.399089">
        <ele>627.191829</ele>
        <time>2026-05-11T23:56:12.360Z</time>
      </trkpt>
      <trkpt lat="43.802657" lon="7.399008">
        <ele>626.731258</ele>
        <time>2026-05-11T23:56:12.918Z</time>
      </trkpt>
      <trkpt lat="43.802637" lon="7.398796">
        <ele>625.613478</ele>
        <time>2026-05-11T23:56:14.307Z</time>
      </trkpt>
      <trkpt lat="43.802622" lon="7.398521">
        <ele>624.171658</ele>
        <time>2026-05-11T23:56:16.151Z</time>
      </trkpt>
      <trkpt lat="43.802635" lon="7.398377">
        <ele>623.412948</ele>
        <time>2026-05-11T23:56:17.107Z</time>
      </trkpt>
      <trkpt lat="43.802593" lon="7.398321">
        <ele>622.990719</ele>
        <time>2026-05-11T23:56:17.661Z</time>
      </trkpt>
      <trkpt lat="43.802568" lon="7.398330">
        <ele>622.803610</ele>
        <time>2026-05-11T23:56:17.902Z</time>
      </trkpt>
      <trkpt lat="43.802547" lon="7.398415">
        <ele>622.333908</ele>
        <time>2026-05-11T23:56:18.496Z</time>
      </trkpt>
      <trkpt lat="43.802547" lon="7.398879">
        <ele>619.908078</ele>
        <time>2026-05-11T23:56:21.674Z</time>
      </trkpt>
      <trkpt lat="43.802686" lon="7.399317">
        <ele>617.651565</ele>
        <time>2026-05-11T23:56:24.988Z</time>
      </trkpt>
      <trkpt lat="43.802738" lon="7.399489">
        <ele>616.784869</ele>
        <time>2026-05-11T23:56:26.231Z</time>
      </trkpt>
      <trkpt lat="43.802744" lon="7.399532">
        <ele>616.581320</ele>
        <time>2026-05-11T23:56:26.525Z</time>
      </trkpt>
      <trkpt lat="43.802720" lon="7.399577">
        <ele>616.321268</ele>
        <time>2026-05-11T23:56:26.883Z</time>
      </trkpt>
      <trkpt lat="43.802671" lon="7.399561">
        <ele>615.997083</ele>
        <time>2026-05-11T23:56:27.345Z</time>
      </trkpt>
      <trkpt lat="43.802632" lon="7.399470">
        <ele>615.505201</ele>
        <time>2026-05-11T23:56:28.045Z</time>
      </trkpt>
      <trkpt lat="43.802463" lon="7.398945">
        <ele>612.833484</ele>
        <time>2026-05-11T23:56:31.832Z</time>
      </trkpt>
      <trkpt lat="43.802424" lon="7.398573">
        <ele>611.086408</ele>
        <time>2026-05-11T23:56:34.239Z</time>
      </trkpt>
      <trkpt lat="43.802413" lon="7.398017">
        <ele>608.501337</ele>
        <time>2026-05-11T23:56:37.765Z</time>
      </trkpt>
      <trkpt lat="43.802384" lon="7.397859">
        <ele>607.738464</ele>
        <time>2026-05-11T23:56:38.825Z</time>
      </trkpt>
      <trkpt lat="43.802189" lon="7.397359">
        <ele>605.049495</ele>
        <time>2026-05-11T23:56:42.590Z</time>
      </trkpt>
      <trkpt lat="43.802156" lon="7.397170">
        <ele>604.129471</ele>
        <time>2026-05-11T23:56:43.842Z</time>
      </trkpt>
      <trkpt lat="43.802132" lon="7.396586">
        <ele>601.361879</ele>
        <time>2026-05-11T23:56:47.600Z</time>
      </trkpt>
      <trkpt lat="43.802244" lon="7.395943">
        <ele>598.232269</ele>
        <time>2026-05-11T23:56:51.921Z</time>
      </trkpt>
      <trkpt lat="43.802199" lon="7.395860">
        <ele>597.741106</ele>
        <time>2026-05-11T23:56:52.618Z</time>
      </trkpt>
      <trkpt lat="43.802157" lon="7.395916">
        <ele>597.358994</ele>
        <time>2026-05-11T23:56:53.160Z</time>
      </trkpt>
      <trkpt lat="43.802125" lon="7.396199">
        <ele>596.040531</ele>
        <time>2026-05-11T23:56:55.140Z</time>
      </trkpt>
      <trkpt lat="43.802009" lon="7.396586">
        <ele>594.367628</ele>
        <time>2026-05-11T23:56:58.020Z</time>
      </trkpt>
      <trkpt lat="43.801966" lon="7.396828">
        <ele>593.372678</ele>
        <time>2026-05-11T23:56:59.718Z</time>
      </trkpt>
      <trkpt lat="43.801939" lon="7.397156">
        <ele>592.054760</ele>
        <time>2026-05-11T23:57:01.900Z</time>
      </trkpt>
      <trkpt lat="43.802060" lon="7.398143">
        <ele>588.058062</ele>
        <time>2026-05-11T23:57:08.632Z</time>
      </trkpt>
      <trkpt lat="43.802053" lon="7.398434">
        <ele>586.895700</ele>
        <time>2026-05-11T23:57:10.598Z</time>
      </trkpt>
      <trkpt lat="43.801985" lon="7.399106">
        <ele>583.592011</ele>
        <time>2026-05-11T23:57:15.059Z</time>
      </trkpt>
      <trkpt lat="43.802017" lon="7.399578">
        <ele>581.164431</ele>
        <time>2026-05-11T23:57:18.151Z</time>
      </trkpt>
      <trkpt lat="43.802056" lon="7.400048">
        <ele>578.741880</ele>
        <time>2026-05-11T23:57:21.165Z</time>
      </trkpt>
      <trkpt lat="43.802067" lon="7.400162">
        <ele>578.152934</ele>
        <time>2026-05-11T23:57:21.883Z</time>
      </trkpt>
      <trkpt lat="43.802214" lon="7.400561">
        <ele>575.859004</ele>
        <time>2026-05-11T23:57:24.697Z</time>
      </trkpt>
      <trkpt lat="43.802217" lon="7.400645">
        <ele>575.428346</ele>
        <time>2026-05-11T23:57:25.236Z</time>
      </trkpt>
      <trkpt lat="43.802179" lon="7.400683">
        <ele>575.095856</ele>
        <time>2026-05-11T23:57:25.648Z</time>
      </trkpt>
      <trkpt lat="43.802159" lon="7.400667">
        <ele>574.932004</ele>
        <time>2026-05-11T23:57:25.855Z</time>
      </trkpt>
      <trkpt lat="43.802096" lon="7.400438">
        <ele>573.677080</ele>
        <time>2026-05-11T23:57:27.442Z</time>
      </trkpt>
      <trkpt lat="43.801730" lon="7.399873">
        <ele>569.618254</ele>
        <time>2026-05-11T23:57:32.563Z</time>
      </trkpt>
      <trkpt lat="43.801671" lon="7.399752">
        <ele>568.836270</ele>
        <time>2026-05-11T23:57:33.552Z</time>
      </trkpt>
      <trkpt lat="43.801654" lon="7.399573">
        <ele>567.869442</ele>
        <time>2026-05-11T23:57:34.744Z</time>
      </trkpt>
      <trkpt lat="43.801662" lon="7.398961">
        <ele>564.591578</ele>
        <time>2026-05-11T23:57:38.651Z</time>
      </trkpt>
      <trkpt lat="43.801638" lon="7.398821">
        <ele>563.821005</ele>
        <time>2026-05-11T23:57:39.567Z</time>
      </trkpt>
      <trkpt lat="43.801533" lon="7.398526">
        <ele>562.059588</ele>
        <time>2026-05-11T23:57:41.653Z</time>
      </trkpt>
      <trkpt lat="43.801108" lon="7.397754">
        <ele>556.349256</ele>
        <time>2026-05-11T23:57:47.788Z</time>
      </trkpt>
      <trkpt lat="43.800923" lon="7.397363">
        <ele>553.460826</ele>
        <time>2026-05-11T23:57:50.670Z</time>
      </trkpt>
      <trkpt lat="43.800894" lon="7.397135">
        <ele>552.030512</ele>
        <time>2026-05-11T23:57:52.094Z</time>
      </trkpt>
      <trkpt lat="43.800927" lon="7.396757">
        <ele>549.678165</ele>
        <time>2026-05-11T23:57:54.461Z</time>
      </trkpt>
      <trkpt lat="43.801001" lon="7.396273">
        <ele>546.621609</ele>
        <time>2026-05-11T23:57:57.627Z</time>
      </trkpt>
      <trkpt lat="43.800980" lon="7.396227">
        <ele>546.285337</ele>
        <time>2026-05-11T23:57:57.989Z</time>
      </trkpt>
      <trkpt lat="43.800941" lon="7.396223">
        <ele>545.950587</ele>
        <time>2026-05-11T23:57:58.348Z</time>
      </trkpt>
      <trkpt lat="43.800901" lon="7.396268">
        <ele>545.509535</ele>
        <time>2026-05-11T23:57:58.828Z</time>
      </trkpt>
      <trkpt lat="43.800873" lon="7.396347">
        <ele>544.965790</ele>
        <time>2026-05-11T23:57:59.422Z</time>
      </trkpt>
      <trkpt lat="43.800674" lon="7.397190">
        <ele>540.876363</ele>
        <time>2026-05-11T23:58:05.447Z</time>
      </trkpt>
      <trkpt lat="43.800669" lon="7.397443">
        <ele>539.722734</ele>
        <time>2026-05-11T23:58:07.151Z</time>
      </trkpt>
      <trkpt lat="43.800680" lon="7.397487">
        <ele>539.510488</ele>
        <time>2026-05-11T23:58:07.463Z</time>
      </trkpt>
      <trkpt lat="43.800750" lon="7.397783">
        <ele>538.090717</ele>
        <time>2026-05-11T23:58:09.535Z</time>
      </trkpt>
      <trkpt lat="43.800765" lon="7.398251">
        <ele>535.955432</ele>
        <time>2026-05-11T23:58:12.586Z</time>
      </trkpt>
      <trkpt lat="43.800795" lon="7.398404">
        <ele>535.232769</ele>
        <time>2026-05-11T23:58:13.596Z</time>
      </trkpt>
      <trkpt lat="43.800919" lon="7.398729">
        <ele>533.557146</ele>
        <time>2026-05-11T23:58:15.974Z</time>
      </trkpt>
      <trkpt lat="43.800949" lon="7.398934">
        <ele>532.246012</ele>
        <time>2026-05-11T23:58:17.348Z</time>
      </trkpt>
      <trkpt lat="43.800955" lon="7.399771">
        <ele>526.776657</ele>
        <time>2026-05-11T23:58:22.704Z</time>
      </trkpt>
      <trkpt lat="43.800893" lon="7.399772">
        <ele>526.215319</ele>
        <time>2026-05-11T23:58:23.244Z</time>
      </trkpt>
      <trkpt lat="43.800877" lon="7.399719">
        <ele>525.839936</ele>
        <time>2026-05-11T23:58:23.608Z</time>
      </trkpt>
      <trkpt lat="43.800879" lon="7.399499">
        <ele>524.402306</ele>
        <time>2026-05-11T23:58:24.984Z</time>
      </trkpt>
      <trkpt lat="43.800842" lon="7.399213">
        <ele>522.503752</ele>
        <time>2026-05-11T23:58:26.796Z</time>
      </trkpt>
      <trkpt lat="43.800721" lon="7.398870">
        <ele>520.009147</ele>
        <time>2026-05-11T23:58:29.153Z</time>
      </trkpt>
      <trkpt lat="43.800599" lon="7.398664">
        <ele>518.267959</ele>
        <time>2026-05-11T23:58:30.791Z</time>
      </trkpt>
      <trkpt lat="43.800273" lon="7.398336">
        <ele>514.924097</ele>
        <time>2026-05-11T23:58:34.240Z</time>
      </trkpt>
      <trkpt lat="43.800215" lon="7.398243">
        <ele>514.217549</ele>
        <time>2026-05-11T23:58:34.996Z</time>
      </trkpt>
      <trkpt lat="43.799959" lon="7.397522">
        <ele>509.598459</ele>
        <time>2026-05-11T23:58:39.951Z</time>
      </trkpt>
      <trkpt lat="43.799843" lon="7.396701">
        <ele>504.789292</ele>
        <time>2026-05-11T23:58:45.371Z</time>
      </trkpt>
      <trkpt lat="43.799838" lon="7.396441">
        <ele>503.294128</ele>
        <time>2026-05-11T23:58:47.260Z</time>
      </trkpt>
      <trkpt lat="43.799875" lon="7.396035">
        <ele>501.852145</ele>
        <time>2026-05-11T23:58:50.596Z</time>
      </trkpt>
      <trkpt lat="43.799925" lon="7.395765">
        <ele>501.026579</ele>
        <time>2026-05-11T23:58:52.994Z</time>
      </trkpt>
      <trkpt lat="43.800113" lon="7.395283">
        <ele>499.403920</ele>
        <time>2026-05-11T23:58:57.415Z</time>
      </trkpt>
      <trkpt lat="43.800282" lon="7.394916">
        <ele>498.114590</ele>
        <time>2026-05-11T23:59:00.632Z</time>
      </trkpt>
      <trkpt lat="43.800325" lon="7.394764">
        <ele>497.631067</ele>
        <time>2026-05-11T23:59:01.773Z</time>
      </trkpt>
      <trkpt lat="43.800337" lon="7.394550">
        <ele>496.995354</ele>
        <time>2026-05-11T23:59:03.239Z</time>
      </trkpt>
      <trkpt lat="43.800313" lon="7.394211">
        <ele>495.986520</ele>
        <time>2026-05-11T23:59:05.493Z</time>
      </trkpt>
      <trkpt lat="43.800142" lon="7.393474">
        <ele>491.992384</ele>
        <time>2026-05-11T23:59:10.438Z</time>
      </trkpt>
      <trkpt lat="43.800108" lon="7.393246">
        <ele>490.630706</ele>
        <time>2026-05-11T23:59:11.897Z</time>
      </trkpt>
      <trkpt lat="43.800098" lon="7.392903">
        <ele>488.622951</ele>
        <time>2026-05-11T23:59:14.051Z</time>
      </trkpt>
      <trkpt lat="43.800118" lon="7.392156">
        <ele>484.250934</ele>
        <time>2026-05-11T23:59:18.799Z</time>
      </trkpt>
      <trkpt lat="43.800165" lon="7.391858">
        <ele>482.466881</ele>
        <time>2026-05-11T23:59:20.740Z</time>
      </trkpt>
      <trkpt lat="43.800361" lon="7.391124">
        <ele>477.725977</ele>
        <time>2026-05-11T23:59:25.702Z</time>
      </trkpt>
      <trkpt lat="43.800516" lon="7.390838">
        <ele>475.519148</ele>
        <time>2026-05-11T23:59:27.951Z</time>
      </trkpt>
      <trkpt lat="43.800581" lon="7.390784">
        <ele>474.871222</ele>
        <time>2026-05-11T23:59:28.609Z</time>
      </trkpt>
      <trkpt lat="43.800585" lon="7.390676">
        <ele>474.203953</ele>
        <time>2026-05-11T23:59:29.285Z</time>
      </trkpt>
      <trkpt lat="43.800534" lon="7.390644">
        <ele>473.725326</ele>
        <time>2026-05-11T23:59:29.770Z</time>
      </trkpt>
      <trkpt lat="43.800496" lon="7.390668">
        <ele>473.368302</ele>
        <time>2026-05-11T23:59:30.125Z</time>
      </trkpt>
      <trkpt lat="43.799875" lon="7.391860">
        <ele>464.697539</ele>
        <time>2026-05-11T23:59:39.383Z</time>
      </trkpt>
      <trkpt lat="43.799802" lon="7.392062">
        <ele>463.772427</ele>
        <time>2026-05-11T23:59:40.862Z</time>
      </trkpt>
      <trkpt lat="43.799568" lon="7.393165">
        <ele>459.064423</ele>
        <time>2026-05-11T23:59:48.606Z</time>
      </trkpt>
      <trkpt lat="43.799533" lon="7.393216">
        <ele>458.776232</ele>
        <time>2026-05-11T23:59:49.100Z</time>
      </trkpt>
      <trkpt lat="43.799496" lon="7.393220">
        <ele>458.565665</ele>
        <time>2026-05-11T23:59:49.462Z</time>
      </trkpt>
      <trkpt lat="43.799471" lon="7.393184">
        <ele>458.361082</ele>
        <time>2026-05-11T23:59:49.814Z</time>
      </trkpt>
      <trkpt lat="43.799465" lon="7.393093">
        <ele>457.986873</ele>
        <time>2026-05-11T23:59:50.465Z</time>
      </trkpt>
      <trkpt lat="43.799631" lon="7.391760">
        <ele>451.852577</ele>
        <time>2026-05-11T23:59:59.819Z</time>
      </trkpt>
      <trkpt lat="43.799626" lon="7.391643">
        <ele>451.271892</ele>
        <time>2026-05-12T00:00:00.609Z</time>
      </trkpt>
      <trkpt lat="43.799552" lon="7.391345">
        <ele>449.710528</ele>
        <time>2026-05-12T00:00:02.678Z</time>
      </trkpt>
      <trkpt lat="43.799572" lon="7.391258">
        <ele>449.258156</ele>
        <time>2026-05-12T00:00:03.275Z</time>
      </trkpt>
      <trkpt lat="43.800047" lon="7.390414">
        <ele>443.955653</ele>
        <time>2026-05-12T00:00:10.058Z</time>
      </trkpt>
      <trkpt lat="43.800311" lon="7.389882">
        <ele>440.303600</ele>
        <time>2026-05-12T00:00:14.125Z</time>
      </trkpt>
      <trkpt lat="43.800462" lon="7.389645">
        <ele>438.411374</ele>
        <time>2026-05-12T00:00:16.123Z</time>
      </trkpt>
      <trkpt lat="43.800460" lon="7.389551">
        <ele>437.848486</ele>
        <time>2026-05-12T00:00:16.720Z</time>
      </trkpt>
      <trkpt lat="43.800394" lon="7.389541">
        <ele>437.297880</ele>
        <time>2026-05-12T00:00:17.297Z</time>
      </trkpt>
      <trkpt lat="43.800296" lon="7.389716">
        <ele>435.972088</ele>
        <time>2026-05-12T00:00:18.687Z</time>
      </trkpt>
      <trkpt lat="43.800068" lon="7.389986">
        <ele>433.484715</ele>
        <time>2026-05-12T00:00:21.294Z</time>
      </trkpt>
      <trkpt lat="43.799999" lon="7.390036">
        <ele>432.838953</ele>
        <time>2026-05-12T00:00:21.984Z</time>
      </trkpt>
      <trkpt lat="43.799571" lon="7.390162">
        <ele>429.210273</ele>
        <time>2026-05-12T00:00:25.832Z</time>
      </trkpt>
      <trkpt lat="43.799161" lon="7.390389">
        <ele>425.999826</ele>
        <time>2026-05-12T00:00:29.857Z</time>
      </trkpt>
      <trkpt lat="43.798869" lon="7.390462">
        <ele>423.988482</ele>
        <time>2026-05-12T00:00:32.560Z</time>
      </trkpt>
      <trkpt lat="43.798733" lon="7.390543">
        <ele>422.985005</ele>
        <time>2026-05-12T00:00:33.899Z</time>
      </trkpt>
      <trkpt lat="43.798638" lon="7.390667">
        <ele>422.100255</ele>
        <time>2026-05-12T00:00:35.076Z</time>
      </trkpt>
      <trkpt lat="43.798613" lon="7.390893">
        <ele>420.981592</ele>
        <time>2026-05-12T00:00:36.565Z</time>
      </trkpt>
      <trkpt lat="43.798635" lon="7.391028">
        <ele>420.304451</ele>
        <time>2026-05-12T00:00:37.475Z</time>
      </trkpt>
      <trkpt lat="43.798789" lon="7.391371">
        <ele>418.328064</ele>
        <time>2026-05-12T00:00:40.145Z</time>
      </trkpt>
      <trkpt lat="43.798832" lon="7.391556">
        <ele>417.377140</ele>
        <time>2026-05-12T00:00:41.443Z</time>
      </trkpt>
      <trkpt lat="43.798853" lon="7.391799">
        <ele>416.179726</ele>
        <time>2026-05-12T00:00:43.061Z</time>
      </trkpt>
      <trkpt lat="43.798825" lon="7.392032">
        <ele>414.149082</ele>
        <time>2026-05-12T00:00:44.602Z</time>
      </trkpt>
      <trkpt lat="43.798585" lon="7.392423">
        <ele>408.900765</ele>
        <time>2026-05-12T00:00:47.864Z</time>
      </trkpt>
      <trkpt lat="43.798518" lon="7.392434">
        <ele>407.944949</ele>
        <time>2026-05-12T00:00:48.445Z</time>
      </trkpt>
      <trkpt lat="43.798488" lon="7.392367">
        <ele>407.138734</ele>
        <time>2026-05-12T00:00:48.925Z</time>
      </trkpt>
      <trkpt lat="43.798508" lon="7.392289">
        <ele>406.292328</ele>
        <time>2026-05-12T00:00:49.434Z</time>
      </trkpt>
      <trkpt lat="43.798596" lon="7.392171">
        <ele>404.557379</ele>
        <time>2026-05-12T00:00:50.455Z</time>
      </trkpt>
      <trkpt lat="43.798653" lon="7.392028">
        <ele>402.887008</ele>
        <time>2026-05-12T00:00:51.437Z</time>
      </trkpt>
      <trkpt lat="43.798644" lon="7.391852">
        <ele>401.082851</ele>
        <time>2026-05-12T00:00:52.487Z</time>
      </trkpt>
      <trkpt lat="43.798567" lon="7.391663">
        <ele>398.863664</ele>
        <time>2026-05-12T00:00:53.779Z</time>
      </trkpt>
      <trkpt lat="43.798477" lon="7.391590">
        <ele>397.386221</ele>
        <time>2026-05-12T00:00:54.634Z</time>
      </trkpt>
      <trkpt lat="43.798383" lon="7.391582">
        <ele>396.052031</ele>
        <time>2026-05-12T00:00:55.403Z</time>
      </trkpt>
      <trkpt lat="43.798258" lon="7.391641">
        <ele>394.181236</ele>
        <time>2026-05-12T00:00:56.480Z</time>
      </trkpt>
      <trkpt lat="43.797812" lon="7.391935">
        <ele>387.210945</ele>
        <time>2026-05-12T00:01:00.515Z</time>
      </trkpt>
      <trkpt lat="43.797678" lon="7.391932">
        <ele>385.328456</ele>
        <time>2026-05-12T00:01:01.608Z</time>
      </trkpt>
      <trkpt lat="43.797565" lon="7.391835">
        <ele>383.461216</ele>
        <time>2026-05-12T00:01:02.688Z</time>
      </trkpt>
      <trkpt lat="43.797498" lon="7.391736">
        <ele>382.085285</ele>
        <time>2026-05-12T00:01:03.488Z</time>
      </trkpt>
      <trkpt lat="43.797425" lon="7.391343">
        <ele>377.970949</ele>
        <time>2026-05-12T00:01:05.884Z</time>
      </trkpt>
      <trkpt lat="43.797259" lon="7.390064">
        <ele>364.993303</ele>
        <time>2026-05-12T00:01:13.946Z</time>
      </trkpt>
      <trkpt lat="43.797265" lon="7.389890">
        <ele>364.450713</ele>
        <time>2026-05-12T00:01:15.207Z</time>
      </trkpt>
      <trkpt lat="43.797306" lon="7.389769">
        <ele>364.034361</ele>
        <time>2026-05-12T00:01:16.215Z</time>
      </trkpt>
      <trkpt lat="43.797405" lon="7.389721">
        <ele>363.581737</ele>
        <time>2026-05-12T00:01:17.322Z</time>
      </trkpt>
      <trkpt lat="43.797776" lon="7.389678">
        <ele>361.975154</ele>
        <time>2026-05-12T00:01:21.209Z</time>
      </trkpt>
      <trkpt lat="43.797907" lon="7.389595">
        <ele>361.353536</ele>
        <time>2026-05-12T00:01:22.700Z</time>
      </trkpt>
      <trkpt lat="43.797987" lon="7.389495">
        <ele>360.888565</ele>
        <time>2026-05-12T00:01:23.822Z</time>
      </trkpt>
      <trkpt lat="43.798016" lon="7.389373">
        <ele>360.488490</ele>
        <time>2026-05-12T00:01:24.800Z</time>
      </trkpt>
      <trkpt lat="43.797991" lon="7.389133">
        <ele>359.733207</ele>
        <time>2026-05-12T00:01:26.671Z</time>
      </trkpt>
      <trkpt lat="43.798020" lon="7.389008">
        <ele>359.324246</ele>
        <time>2026-05-12T00:01:27.662Z</time>
      </trkpt>
      <trkpt lat="43.798090" lon="7.388893">
        <ele>358.855682</ele>
        <time>2026-05-12T00:01:28.773Z</time>
      </trkpt>
      <trkpt lat="43.798274" lon="7.388798">
        <ele>358.008317</ele>
        <time>2026-05-12T00:01:30.743Z</time>
      </trkpt>
      <trkpt lat="43.798457" lon="7.388768">
        <ele>357.102776</ele>
        <time>2026-05-12T00:01:32.525Z</time>
      </trkpt>
      <trkpt lat="43.798504" lon="7.388735">
        <ele>356.639056</ele>
        <time>2026-05-12T00:01:33.026Z</time>
      </trkpt>
      <trkpt lat="43.798506" lon="7.388664">
        <ele>356.187706</ele>
        <time>2026-05-12T00:01:33.507Z</time>
      </trkpt>
      <trkpt lat="43.798465" lon="7.388629">
        <ele>355.763880</ele>
        <time>2026-05-12T00:01:33.956Z</time>
      </trkpt>
      <trkpt lat="43.798207" lon="7.388617">
        <ele>353.492005</ele>
        <time>2026-05-12T00:01:36.292Z</time>
      </trkpt>
      <trkpt lat="43.797973" lon="7.388497">
        <ele>351.296079</ele>
        <time>2026-05-12T00:01:38.461Z</time>
      </trkpt>
      <trkpt lat="43.797857" lon="7.388494">
        <ele>350.275013</ele>
        <time>2026-05-12T00:01:39.447Z</time>
      </trkpt>
      <trkpt lat="43.797792" lon="7.388523">
        <ele>349.674033</ele>
        <time>2026-05-12T00:01:40.030Z</time>
      </trkpt>
      <trkpt lat="43.797700" lon="7.388703">
        <ele>348.272979</ele>
        <time>2026-05-12T00:01:41.379Z</time>
      </trkpt>
      <trkpt lat="43.797658" lon="7.389169">
        <ele>345.289826</ele>
        <time>2026-05-12T00:01:44.239Z</time>
      </trkpt>
      <trkpt lat="43.797608" lon="7.389236">
        <ele>344.677639</ele>
        <time>2026-05-12T00:01:44.828Z</time>
      </trkpt>
      <trkpt lat="43.797540" lon="7.389238">
        <ele>344.079053</ele>
        <time>2026-05-12T00:01:45.405Z</time>
      </trkpt>
      <trkpt lat="43.797074" lon="7.388945">
        <ele>339.450884</ele>
        <time>2026-05-12T00:01:49.917Z</time>
      </trkpt>
      <trkpt lat="43.796791" lon="7.388871">
        <ele>336.751562</ele>
        <time>2026-05-12T00:01:52.464Z</time>
      </trkpt>
      <trkpt lat="43.796758" lon="7.388811">
        <ele>336.241235</ele>
        <time>2026-05-12T00:01:52.941Z</time>
      </trkpt>
      <trkpt lat="43.796769" lon="7.388747">
        <ele>335.796153</ele>
        <time>2026-05-12T00:01:53.351Z</time>
      </trkpt>
      <trkpt lat="43.796823" lon="7.388715">
        <ele>335.245668</ele>
        <time>2026-05-12T00:01:53.860Z</time>
      </trkpt>
      <trkpt lat="43.797097" lon="7.388751">
        <ele>332.666009</ele>
        <time>2026-05-12T00:01:56.215Z</time>
      </trkpt>
      <trkpt lat="43.797291" lon="7.388698">
        <ele>330.812679</ele>
        <time>2026-05-12T00:01:57.923Z</time>
      </trkpt>
      <trkpt lat="43.797337" lon="7.388623">
        <ele>330.146847</ele>
        <time>2026-05-12T00:01:58.526Z</time>
      </trkpt>
      <trkpt lat="43.797347" lon="7.388528">
        <ele>329.497356</ele>
        <time>2026-05-12T00:01:59.120Z</time>
      </trkpt>
      <trkpt lat="43.797326" lon="7.388424">
        <ele>328.766764</ele>
        <time>2026-05-12T00:01:59.796Z</time>
      </trkpt>
      <trkpt lat="43.797211" lon="7.388128">
        <ele>326.492606</ele>
        <time>2026-05-12T00:02:01.900Z</time>
      </trkpt>
      <trkpt lat="43.797187" lon="7.387868">
        <ele>324.719328</ele>
        <time>2026-05-12T00:02:03.553Z</time>
      </trkpt>
      <trkpt lat="43.797130" lon="7.387626">
        <ele>323.679981</ele>
        <time>2026-05-12T00:02:05.172Z</time>
      </trkpt>
      <trkpt lat="43.796780" lon="7.387175">
        <ele>321.071572</ele>
        <time>2026-05-12T00:02:09.302Z</time>
      </trkpt>
      <trkpt lat="43.796746" lon="7.387054">
        <ele>320.560120</ele>
        <time>2026-05-12T00:02:10.110Z</time>
      </trkpt>
      <trkpt lat="43.796760" lon="7.386884">
        <ele>319.886159</ele>
        <time>2026-05-12T00:02:11.207Z</time>
      </trkpt>
      <trkpt lat="43.796859" lon="7.386629">
        <ele>318.745658</ele>
        <time>2026-05-12T00:02:13.129Z</time>
      </trkpt>
      <trkpt lat="43.796972" lon="7.386425">
        <ele>317.732775</ele>
        <time>2026-05-12T00:02:15.007Z</time>
      </trkpt>
      <trkpt lat="43.797046" lon="7.386413">
        <ele>317.326194</ele>
        <time>2026-05-12T00:02:15.897Z</time>
      </trkpt>
      <trkpt lat="43.797194" lon="7.386450">
        <ele>316.505500</ele>
        <time>2026-05-12T00:02:18.300Z</time>
      </trkpt>
      <trkpt lat="43.797656" lon="7.386887">
        <ele>312.897664</ele>
        <time>2026-05-12T00:02:27.551Z</time>
      </trkpt>
      <trkpt lat="43.797959" lon="7.386976">
        <ele>310.519249</ele>
        <time>2026-05-12T00:02:31.047Z</time>
      </trkpt>
      <trkpt lat="43.798059" lon="7.387036">
        <ele>309.682446</ele>
        <time>2026-05-12T00:02:32.111Z</time>
      </trkpt>
      <trkpt lat="43.798152" lon="7.387146">
        <ele>308.743462</ele>
        <time>2026-05-12T00:02:33.265Z</time>
      </trkpt>
      <trkpt lat="43.798204" lon="7.387178">
        <ele>308.306544</ele>
        <time>2026-05-12T00:02:33.796Z</time>
      </trkpt>
      <trkpt lat="43.798233" lon="7.387156">
        <ele>308.052658</ele>
        <time>2026-05-12T00:02:34.091Z</time>
      </trkpt>
      <trkpt lat="43.798240" lon="7.387099">
        <ele>307.732198</ele>
        <time>2026-05-12T00:02:34.459Z</time>
      </trkpt>
      <trkpt lat="43.798207" lon="7.387021">
        <ele>307.231092</ele>
        <time>2026-05-12T00:02:35.043Z</time>
      </trkpt>
      <trkpt lat="43.798088" lon="7.386826">
        <ele>305.815784</ele>
        <time>2026-05-12T00:02:36.646Z</time>
      </trkpt>
      <trkpt lat="43.797867" lon="7.386335">
        <ele>302.608645</ele>
        <time>2026-05-12T00:02:40.154Z</time>
      </trkpt>
      <trkpt lat="43.797760" lon="7.386169">
        <ele>301.375116</ele>
        <time>2026-05-12T00:02:41.482Z</time>
      </trkpt>
      <trkpt lat="43.797523" lon="7.385947">
        <ele>298.181607</ele>
        <time>2026-05-12T00:02:43.834Z</time>
      </trkpt>
      <trkpt lat="43.797229" lon="7.385559">
        <ele>293.362154</ele>
        <time>2026-05-12T00:02:47.188Z</time>
      </trkpt>
      <trkpt lat="43.797045" lon="7.385395">
        <ele>290.765250</ele>
        <time>2026-05-12T00:02:49.003Z</time>
      </trkpt>
      <trkpt lat="43.796921" lon="7.385335">
        <ele>289.206253</ele>
        <time>2026-05-12T00:02:50.091Z</time>
      </trkpt>
      <trkpt lat="43.796797" lon="7.385320">
        <ele>287.728840</ele>
        <time>2026-05-12T00:02:51.134Z</time>
      </trkpt>
      <trkpt lat="43.796507" lon="7.385388">
        <ele>284.237744</ele>
        <time>2026-05-12T00:02:53.650Z</time>
      </trkpt>
      <trkpt lat="43.796295" lon="7.385527">
        <ele>281.453849</ele>
        <time>2026-05-12T00:02:55.726Z</time>
      </trkpt>
      <trkpt lat="43.796192" lon="7.385660">
        <ele>279.782613</ele>
        <time>2026-05-12T00:02:57.038Z</time>
      </trkpt>
      <trkpt lat="43.796012" lon="7.385986">
        <ele>279.545833</ele>
        <time>2026-05-12T00:03:00.054Z</time>
      </trkpt>
      <trkpt lat="43.795755" lon="7.386609">
        <ele>279.346512</ele>
        <time>2026-05-12T00:03:08.215Z</time>
      </trkpt>
      <trkpt lat="43.795521" lon="7.386957">
        <ele>279.214401</ele>
        <time>2026-05-12T00:03:16.885Z</time>
      </trkpt>
      <trkpt lat="43.795495" lon="7.387088">
        <ele>279.176662</ele>
        <time>2026-05-12T00:03:19.617Z</time>
      </trkpt>
      <trkpt lat="43.795528" lon="7.387290">
        <ele>279.119132</ele>
        <time>2026-05-12T00:03:23.956Z</time>
      </trkpt>
      <trkpt lat="43.795504" lon="7.387383">
        <ele>279.091698</ele>
        <time>2026-05-12T00:03:26.059Z</time>
      </trkpt>
      <trkpt lat="43.795393" lon="7.387561">
        <ele>279.026357</ele>
        <time>2026-05-12T00:03:30.256Z</time>
      </trkpt>
      <trkpt lat="43.795337" lon="7.387577">
        <ele>279.004353</ele>
        <time>2026-05-12T00:03:31.458Z</time>
      </trkpt>
      <trkpt lat="43.795286" lon="7.387509">
        <ele>278.977114</ele>
        <time>2026-05-12T00:03:32.818Z</time>
      </trkpt>
      <trkpt lat="43.795115" lon="7.386948">
        <ele>277.702348</ele>
        <time>2026-05-12T00:03:38.003Z</time>
      </trkpt>
      <trkpt lat="43.795047" lon="7.386623">
        <ele>276.940492</ele>
        <time>2026-05-12T00:03:40.370Z</time>
      </trkpt>
      <trkpt lat="43.795060" lon="7.386478">
        <ele>276.611517</ele>
        <time>2026-05-12T00:03:41.356Z</time>
      </trkpt>
      <trkpt lat="43.795221" lon="7.386006">
        <ele>275.436131</ele>
        <time>2026-05-12T00:03:44.839Z</time>
      </trkpt>
      <trkpt lat="43.795235" lon="7.385843">
        <ele>275.066550</ele>
        <time>2026-05-12T00:03:45.941Z</time>
      </trkpt>
      <trkpt lat="43.795153" lon="7.385450">
        <ele>274.145489</ele>
        <time>2026-05-12T00:03:48.756Z</time>
      </trkpt>
      <trkpt lat="43.794958" lon="7.384939">
        <ele>272.690200</ele>
        <time>2026-05-12T00:03:53.139Z</time>
      </trkpt>
      <trkpt lat="43.794390" lon="7.383624">
        <ele>268.197012</ele>
        <time>2026-05-12T00:04:05.012Z</time>
      </trkpt>
      <trkpt lat="43.794342" lon="7.383483">
        <ele>267.739927</ele>
        <time>2026-05-12T00:04:06.187Z</time>
      </trkpt>
      <trkpt lat="43.794340" lon="7.383402">
        <ele>267.502293</ele>
        <time>2026-05-12T00:04:06.798Z</time>
      </trkpt>
      <trkpt lat="43.794540" lon="7.383166">
        <ele>266.435156</ele>
        <time>2026-05-12T00:04:09.228Z</time>
      </trkpt>
      <trkpt lat="43.794583" lon="7.383026">
        <ele>265.889458</ele>
        <time>2026-05-12T00:04:10.208Z</time>
      </trkpt>
      <trkpt lat="43.794624" lon="7.382811">
        <ele>264.121586</ele>
        <time>2026-05-12T00:04:11.610Z</time>
      </trkpt>
      <trkpt lat="43.794693" lon="7.382155">
        <ele>258.851376</ele>
        <time>2026-05-12T00:04:15.647Z</time>
      </trkpt>
      <trkpt lat="43.794727" lon="7.381336">
        <ele>252.329657</ele>
        <time>2026-05-12T00:04:20.600Z</time>
      </trkpt>
      <trkpt lat="43.794705" lon="7.381138">
        <ele>250.737040</ele>
        <time>2026-05-12T00:04:21.834Z</time>
      </trkpt>
      <trkpt lat="43.794645" lon="7.381005">
        <ele>249.490189</ele>
        <time>2026-05-12T00:04:22.802Z</time>
      </trkpt>
      <trkpt lat="43.794529" lon="7.380834">
        <ele>247.624641</ele>
        <time>2026-05-12T00:04:24.242Z</time>
      </trkpt>
      <trkpt lat="43.794169" lon="7.380481">
        <ele>243.466823</ele>
        <time>2026-05-12T00:04:27.998Z</time>
      </trkpt>
      <trkpt lat="43.794095" lon="7.380408">
        <ele>242.668027</ele>
        <time>2026-05-12T00:04:28.786Z</time>
      </trkpt>
      <trkpt lat="43.793909" lon="7.380285">
        <ele>240.855743</ele>
        <time>2026-05-12T00:04:30.586Z</time>
      </trkpt>
      <trkpt lat="43.793755" lon="7.380263">
        <ele>239.494432</ele>
        <time>2026-05-12T00:04:31.954Z</time>
      </trkpt>
      <trkpt lat="43.793701" lon="7.380223">
        <ele>238.955993</ele>
        <time>2026-05-12T00:04:32.499Z</time>
      </trkpt>
      <trkpt lat="43.793684" lon="7.380237">
        <ele>238.782094</ele>
        <time>2026-05-12T00:04:32.688Z</time>
      </trkpt>
      <trkpt lat="43.793573" lon="7.380110">
        <ele>237.516230</ele>
        <time>2026-05-12T00:04:33.976Z</time>
      </trkpt>
      <trkpt lat="43.792916" lon="7.379583">
        <ele>230.840677</ele>
        <time>2026-05-12T00:04:40.730Z</time>
      </trkpt>
      <trkpt lat="43.792878" lon="7.379518">
        <ele>230.318975</ele>
        <time>2026-05-12T00:04:41.255Z</time>
      </trkpt>
      <trkpt lat="43.792852" lon="7.379438">
        <ele>229.807720</ele>
        <time>2026-05-12T00:04:41.805Z</time>
      </trkpt>
      <trkpt lat="43.792851" lon="7.378763">
        <ele>225.874282</ele>
        <time>2026-05-12T00:04:45.999Z</time>
      </trkpt>
      <trkpt lat="43.792805" lon="7.378557">
        <ele>224.617732</ele>
        <time>2026-05-12T00:04:47.363Z</time>
      </trkpt>
      <trkpt lat="43.792752" lon="7.378436">
        <ele>223.792969</ele>
        <time>2026-05-12T00:04:48.271Z</time>
      </trkpt>
      <trkpt lat="43.792441" lon="7.378000">
        <ele>220.221064</ele>
        <time>2026-05-12T00:04:52.232Z</time>
      </trkpt>
      <trkpt lat="43.792305" lon="7.377821">
        <ele>218.706657</ele>
        <time>2026-05-12T00:04:53.884Z</time>
      </trkpt>
      <trkpt lat="43.792223" lon="7.377762">
        <ele>217.960729</ele>
        <time>2026-05-12T00:04:54.697Z</time>
      </trkpt>
      <trkpt lat="43.792111" lon="7.377749">
        <ele>217.053411</ele>
        <time>2026-05-12T00:04:55.684Z</time>
      </trkpt>
      <trkpt lat="43.791882" lon="7.377847">
        <ele>215.161248</ele>
        <time>2026-05-12T00:04:57.802Z</time>
      </trkpt>
      <trkpt lat="43.791754" lon="7.377808">
        <ele>214.160894</ele>
        <time>2026-05-12T00:04:58.970Z</time>
      </trkpt>
      <trkpt lat="43.791561" lon="7.377459">
        <ele>211.738537</ele>
        <time>2026-05-12T00:05:01.859Z</time>
      </trkpt>
      <trkpt lat="43.791559" lon="7.377322">
        <ele>210.983533</ele>
        <time>2026-05-12T00:05:02.763Z</time>
      </trkpt>
      <trkpt lat="43.791597" lon="7.377070">
        <ele>209.565080</ele>
        <time>2026-05-12T00:05:04.489Z</time>
      </trkpt>
      <trkpt lat="43.791584" lon="7.376951">
        <ele>208.901942</ele>
        <time>2026-05-12T00:05:05.270Z</time>
      </trkpt>
      <trkpt lat="43.791543" lon="7.376839">
        <ele>208.210023</ele>
        <time>2026-05-12T00:05:06.081Z</time>
      </trkpt>
      <trkpt lat="43.791468" lon="7.376771">
        <ele>207.525851</ele>
        <time>2026-05-12T00:05:06.861Z</time>
      </trkpt>
      <trkpt lat="43.791223" lon="7.376639">
        <ele>205.519354</ele>
        <time>2026-05-12T00:05:09.130Z</time>
      </trkpt>
      <trkpt lat="43.791136" lon="7.376538">
        <ele>204.652947</ele>
        <time>2026-05-12T00:05:10.107Z</time>
      </trkpt>
      <trkpt lat="43.790787" lon="7.376136">
        <ele>201.610500</ele>
        <time>2026-05-12T00:05:14.057Z</time>
      </trkpt>
      <trkpt lat="43.790772" lon="7.376086">
        <ele>201.439993</ele>
        <time>2026-05-12T00:05:14.405Z</time>
      </trkpt>
      <trkpt lat="43.790779" lon="7.376029">
        <ele>201.257920</ele>
        <time>2026-05-12T00:05:14.779Z</time>
      </trkpt>
      <trkpt lat="43.790756" lon="7.375909">
        <ele>200.866943</ele>
        <time>2026-05-12T00:05:15.609Z</time>
      </trkpt>
      <trkpt lat="43.790764" lon="7.375369">
        <ele>199.166110</ele>
        <time>2026-05-12T00:05:19.270Z</time>
      </trkpt>
      <trkpt lat="43.790777" lon="7.375242">
        <ele>198.762183</ele>
        <time>2026-05-12T00:05:20.158Z</time>
      </trkpt>
      <trkpt lat="43.790599" lon="7.375000">
        <ele>197.674211</ele>
        <time>2026-05-12T00:05:22.560Z</time>
      </trkpt>
      <trkpt lat="43.790196" lon="7.374752">
        <ele>195.750542</ele>
        <time>2026-05-12T00:05:27.111Z</time>
      </trkpt>
      <trkpt lat="43.789628" lon="7.374510">
        <ele>193.968701</ele>
        <time>2026-05-12T00:05:34.463Z</time>
      </trkpt>
      <trkpt lat="43.788237" lon="7.373939">
        <ele>192.028136</ele>
        <time>2026-05-12T00:05:50.826Z</time>
      </trkpt>
      <trkpt lat="43.787839" lon="7.373776">
        <ele>192.002157</ele>
        <time>2026-05-12T00:05:56.824Z</time>
      </trkpt>
      <trkpt lat="43.786895" lon="7.373427">
        <ele>192.237980</ele>
        <time>2026-05-12T00:06:15.959Z</time>
      </trkpt>
      <trkpt lat="43.786479" lon="7.373421">
        <ele>192.338393</ele>
        <time>2026-05-12T00:06:23.224Z</time>
      </trkpt>
      <trkpt lat="43.786144" lon="7.373477">
        <ele>191.893649</ele>
        <time>2026-05-12T00:06:27.359Z</time>
      </trkpt>
      <trkpt lat="43.786012" lon="7.373547">
        <ele>191.649201</ele>
        <time>2026-05-12T00:06:28.949Z</time>
      </trkpt>
      <trkpt lat="43.785765" lon="7.373783">
        <ele>191.130255</ele>
        <time>2026-05-12T00:06:32.173Z</time>
      </trkpt>
      <trkpt lat="43.785663" lon="7.373843">
        <ele>190.938602</ele>
        <time>2026-05-12T00:06:33.324Z</time>
      </trkpt>
      <trkpt lat="43.785529" lon="7.373897">
        <ele>190.697246</ele>
        <time>2026-05-12T00:06:34.752Z</time>
      </trkpt>
      <trkpt lat="43.785234" lon="7.373933">
        <ele>190.185077</ele>
        <time>2026-05-12T00:06:37.851Z</time>
      </trkpt>
      <trkpt lat="43.785105" lon="7.373918">
        <ele>189.961191</ele>
        <time>2026-05-12T00:06:39.231Z</time>
      </trkpt>
      <trkpt lat="43.784929" lon="7.373849">
        <ele>189.644848</ele>
        <time>2026-05-12T00:06:41.195Z</time>
      </trkpt>
      <trkpt lat="43.784513" lon="7.373626">
        <ele>189.149629</ele>
        <time>2026-05-12T00:06:46.187Z</time>
      </trkpt>
      <trkpt lat="43.784476" lon="7.373606">
        <ele>189.132040</ele>
        <time>2026-05-12T00:06:46.721Z</time>
      </trkpt>
      <trkpt lat="43.784053" lon="7.373411">
        <ele>188.934620</ele>
        <time>2026-05-12T00:06:52.711Z</time>
      </trkpt>
      <trkpt lat="43.783493" lon="7.373220">
        <ele>188.679226</ele>
        <time>2026-05-12T00:07:01.550Z</time>
      </trkpt>
      <trkpt lat="43.783379" lon="7.373147">
        <ele>188.623609</ele>
        <time>2026-05-12T00:07:03.689Z</time>
      </trkpt>
      <trkpt lat="43.783204" lon="7.372974">
        <ele>188.528400</ele>
        <time>2026-05-12T00:07:07.073Z</time>
      </trkpt>
      <trkpt lat="43.783156" lon="7.372914">
        <ele>188.499768</ele>
        <time>2026-05-12T00:07:07.916Z</time>
      </trkpt>
      <trkpt lat="43.783122" lon="7.372864">
        <ele>188.477809</ele>
        <time>2026-05-12T00:07:08.558Z</time>
      </trkpt>
      <trkpt lat="43.782904" lon="7.372617">
        <ele>188.648476</ele>
        <time>2026-05-12T00:07:12.081Z</time>
      </trkpt>
      <trkpt lat="43.782635" lon="7.372456">
        <ele>188.921703</ele>
        <time>2026-05-12T00:07:16.170Z</time>
      </trkpt>
      <trkpt lat="43.782293" lon="7.372257">
        <ele>189.267575</ele>
        <time>2026-05-12T00:07:23.962Z</time>
      </trkpt>
      <trkpt lat="43.781959" lon="7.372114">
        <ele>189.593532</ele>
        <time>2026-05-12T00:07:32.470Z</time>
      </trkpt>
      <trkpt lat="43.781672" lon="7.372151">
        <ele>189.862284</ele>
        <time>2026-05-12T00:07:38.596Z</time>
      </trkpt>
      <trkpt lat="43.781200" lon="7.372382">
        <ele>189.941850</ele>
        <time>2026-05-12T00:07:47.689Z</time>
      </trkpt>
      <trkpt lat="43.781046" lon="7.372459">
        <ele>189.804477</ele>
        <time>2026-05-12T00:07:50.320Z</time>
      </trkpt>
      <trkpt lat="43.780715" lon="7.372584">
        <ele>189.516619</ele>
        <time>2026-05-12T00:07:55.673Z</time>
      </trkpt>
      <trkpt lat="43.780579" lon="7.372584">
        <ele>189.402511</ele>
        <time>2026-05-12T00:07:57.585Z</time>
      </trkpt>
      <trkpt lat="43.780319" lon="7.372517">
        <ele>189.180618</ele>
        <time>2026-05-12T00:08:00.713Z</time>
      </trkpt>
      <trkpt lat="43.780196" lon="7.372424">
        <ele>189.063041</ele>
        <time>2026-05-12T00:08:02.171Z</time>
      </trkpt>
      <trkpt lat="43.779989" lon="7.372204">
        <ele>188.844121</ele>
        <time>2026-05-12T00:08:04.791Z</time>
      </trkpt>
      <trkpt lat="43.779676" lon="7.371786">
        <ele>188.559412</ele>
        <time>2026-05-12T00:08:09.397Z</time>
      </trkpt>
      <trkpt lat="43.779429" lon="7.371547">
        <ele>188.454625</ele>
        <time>2026-05-12T00:08:12.995Z</time>
      </trkpt>
      <trkpt lat="43.779294" lon="7.371454">
        <ele>188.402188</ele>
        <time>2026-05-12T00:08:15.069Z</time>
      </trkpt>
      <trkpt lat="43.778860" lon="7.371250">
        <ele>188.242798</ele>
        <time>2026-05-12T00:08:22.561Z</time>
      </trkpt>
      <trkpt lat="43.778507" lon="7.370993">
        <ele>188.104105</ele>
        <time>2026-05-12T00:08:29.249Z</time>
      </trkpt>
      <trkpt lat="43.778386" lon="7.370943">
        <ele>188.060191</ele>
        <time>2026-05-12T00:08:31.278Z</time>
      </trkpt>
      <trkpt lat="43.778256" lon="7.370919">
        <ele>188.014580</ele>
        <time>2026-05-12T00:08:33.635Z</time>
      </trkpt>
      <trkpt lat="43.777922" lon="7.370941">
        <ele>187.482873</ele>
        <time>2026-05-12T00:08:39.920Z</time>
      </trkpt>
      <trkpt lat="43.777357" lon="7.371260">
        <ele>186.315676</ele>
        <time>2026-05-12T00:08:47.856Z</time>
      </trkpt>
      <trkpt lat="43.777077" lon="7.371325">
        <ele>185.772567</ele>
        <time>2026-05-12T00:08:50.796Z</time>
      </trkpt>
      <trkpt lat="43.776435" lon="7.371503">
        <ele>184.502473</ele>
        <time>2026-05-12T00:08:57.125Z</time>
      </trkpt>
      <trkpt lat="43.776291" lon="7.371491">
        <ele>184.063357</ele>
        <time>2026-05-12T00:08:58.540Z</time>
      </trkpt>
      <trkpt lat="43.776210" lon="7.371427">
        <ele>183.779498</ele>
        <time>2026-05-12T00:08:59.477Z</time>
      </trkpt>
      <trkpt lat="43.775944" lon="7.371036">
        <ele>182.598787</ele>
        <time>2026-05-12T00:09:03.283Z</time>
      </trkpt>
      <trkpt lat="43.775864" lon="7.370973">
        <ele>182.318660</ele>
        <time>2026-05-12T00:09:04.227Z</time>
      </trkpt>
      <trkpt lat="43.775135" lon="7.370606">
        <ele>179.957594</ele>
        <time>2026-05-12T00:09:12.416Z</time>
      </trkpt>
      <trkpt lat="43.774779" lon="7.370572">
        <ele>178.787022</ele>
        <time>2026-05-12T00:09:16.362Z</time>
      </trkpt>
      <trkpt lat="43.774608" lon="7.370623">
        <ele>178.033864</ele>
        <time>2026-05-12T00:09:18.253Z</time>
      </trkpt>
      <trkpt lat="43.774482" lon="7.370716">
        <ele>177.419103</ele>
        <time>2026-05-12T00:09:19.749Z</time>
      </trkpt>
      <trkpt lat="43.774068" lon="7.371389">
        <ele>174.670356</ele>
        <time>2026-05-12T00:09:25.988Z</time>
      </trkpt>
      <trkpt lat="43.773811" lon="7.371699">
        <ele>173.202901</ele>
        <time>2026-05-12T00:09:29.080Z</time>
      </trkpt>
      <trkpt lat="43.773559" lon="7.372199">
        <ele>171.316889</ele>
        <time>2026-05-12T00:09:33.158Z</time>
      </trkpt>
      <trkpt lat="43.773223" lon="7.372457">
        <ele>170.354238</ele>
        <time>2026-05-12T00:09:36.768Z</time>
      </trkpt>
      <trkpt lat="43.773150" lon="7.372510">
        <ele>170.147713</ele>
        <time>2026-05-12T00:09:37.550Z</time>
      </trkpt>
      <trkpt lat="43.772765" lon="7.372841">
        <ele>169.012257</ele>
        <time>2026-05-12T00:09:41.952Z</time>
      </trkpt>
      <trkpt lat="43.772648" lon="7.372903">
        <ele>168.698366</ele>
        <time>2026-05-12T00:09:43.204Z</time>
      </trkpt>
      <trkpt lat="43.772475" lon="7.372939">
        <ele>168.260021</ele>
        <time>2026-05-12T00:09:45.018Z</time>
      </trkpt>
      <trkpt lat="43.772279" lon="7.372922">
        <ele>167.767950</ele>
        <time>2026-05-12T00:09:47.375Z</time>
      </trkpt>
      <trkpt lat="43.771850" lon="7.372685">
        <ele>167.173914</ele>
        <time>2026-05-12T00:09:56.818Z</time>
      </trkpt>
      <trkpt lat="43.771651" lon="7.372566">
        <ele>168.066921</ele>
        <time>2026-05-12T00:10:02.272Z</time>
      </trkpt>
      <trkpt lat="43.771421" lon="7.372427">
        <ele>169.100773</ele>
        <time>2026-05-12T00:10:09.397Z</time>
      </trkpt>
      <trkpt lat="43.771344" lon="7.372372">
        <ele>169.457708</ele>
        <time>2026-05-12T00:10:12.227Z</time>
      </trkpt>
      <trkpt lat="43.770926" lon="7.372110">
        <ele>171.347961</ele>
        <time>2026-05-12T00:10:30.470Z</time>
      </trkpt>
      <trkpt lat="43.770201" lon="7.371643">
        <ele>173.981068</ele>
        <time>2026-05-12T00:11:01.789Z</time>
      </trkpt>
      <trkpt lat="43.770069" lon="7.371512">
        <ele>173.567203</ele>
        <time>2026-05-12T00:11:05.561Z</time>
      </trkpt>
      <trkpt lat="43.769966" lon="7.371353">
        <ele>173.174110</ele>
        <time>2026-05-12T00:11:07.864Z</time>
      </trkpt>
      <trkpt lat="43.769853" lon="7.370986">
        <ele>172.439883</ele>
        <time>2026-05-12T00:11:11.308Z</time>
      </trkpt>
      <trkpt lat="43.769763" lon="7.370498">
        <ele>171.512982</ele>
        <time>2026-05-12T00:11:15.115Z</time>
      </trkpt>
      <trkpt lat="43.769773" lon="7.370192">
        <ele>170.949268</ele>
        <time>2026-05-12T00:11:17.225Z</time>
      </trkpt>
      <trkpt lat="43.769813" lon="7.370008">
        <ele>170.595639</ele>
        <time>2026-05-12T00:11:18.478Z</time>
      </trkpt>
      <trkpt lat="43.769862" lon="7.369925">
        <ele>170.398344</ele>
        <time>2026-05-12T00:11:19.170Z</time>
      </trkpt>
      <trkpt lat="43.769852" lon="7.369768">
        <ele>170.108293</ele>
        <time>2026-05-12T00:11:20.162Z</time>
      </trkpt>
      <trkpt lat="43.769838" lon="7.369532">
        <ele>169.672515</ele>
        <time>2026-05-12T00:11:21.649Z</time>
      </trkpt>
      <trkpt lat="43.769886" lon="7.369060">
        <ele>167.461563</ele>
        <time>2026-05-12T00:11:24.662Z</time>
      </trkpt>
      <trkpt lat="43.769985" lon="7.368509">
        <ele>164.785832</ele>
        <time>2026-05-12T00:11:28.311Z</time>
      </trkpt>
      <trkpt lat="43.770077" lon="7.368154">
        <ele>163.008443</ele>
        <time>2026-05-12T00:11:30.807Z</time>
      </trkpt>
      <trkpt lat="43.770471" lon="7.367030">
        <ele>157.549176</ele>
        <time>2026-05-12T00:11:39.107Z</time>
      </trkpt>
      <trkpt lat="43.770603" lon="7.366517">
        <ele>156.372152</ele>
        <time>2026-05-12T00:11:42.928Z</time>
      </trkpt>
      <trkpt lat="43.770626" lon="7.366281">
        <ele>155.857465</ele>
        <time>2026-05-12T00:11:44.645Z</time>
      </trkpt>
      <trkpt lat="43.770621" lon="7.366018">
        <ele>155.288851</ele>
        <time>2026-05-12T00:11:46.591Z</time>
      </trkpt>
      <trkpt lat="43.770533" lon="7.365577">
        <ele>154.300003</ele>
        <time>2026-05-12T00:11:50.103Z</time>
      </trkpt>
      <trkpt lat="43.770308" lon="7.365067">
        <ele>153.008310</ele>
        <time>2026-05-12T00:11:54.956Z</time>
      </trkpt>
      <trkpt lat="43.767843" lon="7.360835">
        <ele>150.911651</ele>
        <time>2026-05-12T00:12:44.701Z</time>
      </trkpt>
      <trkpt lat="43.767537" lon="7.360389">
        <ele>152.865911</ele>
        <time>2026-05-12T00:12:55.778Z</time>
      </trkpt>
      <trkpt lat="43.767051" lon="7.359878">
        <ele>155.550201</ele>
        <time>2026-05-12T00:13:17.103Z</time>
      </trkpt>
      <trkpt lat="43.766553" lon="7.359311">
        <ele>158.535949</ele>
        <time>2026-05-12T00:13:45.340Z</time>
      </trkpt>
      <trkpt lat="43.766484" lon="7.359237">
        <ele>159.108087</ele>
        <time>2026-05-12T00:13:49.521Z</time>
      </trkpt>
      <trkpt lat="43.766292" lon="7.358962">
        <ele>160.918958</ele>
        <time>2026-05-12T00:14:02.537Z</time>
      </trkpt>
      <trkpt lat="43.766079" lon="7.358501">
        <ele>163.509915</ele>
        <time>2026-05-12T00:14:20.899Z</time>
      </trkpt>
      <trkpt lat="43.765851" lon="7.357569">
        <ele>168.168547</ele>
        <time>2026-05-12T00:14:50.479Z</time>
      </trkpt>
      <trkpt lat="43.765825" lon="7.357266">
        <ele>169.613126</ele>
        <time>2026-05-12T00:14:58.843Z</time>
      </trkpt>
      <trkpt lat="43.765827" lon="7.356773">
        <ele>169.442519</ele>
        <time>2026-05-12T00:15:11.101Z</time>
      </trkpt>
      <trkpt lat="43.766055" lon="7.355589">
        <ele>168.241478</ele>
        <time>2026-05-12T00:15:23.590Z</time>
      </trkpt>
      <trkpt lat="43.766156" lon="7.355381">
        <ele>167.995808</ele>
        <time>2026-05-12T00:15:25.324Z</time>
      </trkpt>
      <trkpt lat="43.766440" lon="7.355036">
        <ele>167.483054</ele>
        <time>2026-05-12T00:15:28.709Z</time>
      </trkpt>
      <trkpt lat="43.766630" lon="7.354895">
        <ele>166.133355</ele>
        <time>2026-05-12T00:15:30.585Z</time>
      </trkpt>
      <trkpt lat="43.766727" lon="7.354867">
        <ele>165.407710</ele>
        <time>2026-05-12T00:15:31.442Z</time>
      </trkpt>
      <trkpt lat="43.766965" lon="7.354876">
        <ele>163.664078</ele>
        <time>2026-05-12T00:15:33.501Z</time>
      </trkpt>
      <trkpt lat="43.767488" lon="7.355020">
        <ele>159.758934</ele>
        <time>2026-05-12T00:15:38.156Z</time>
      </trkpt>
      <trkpt lat="43.767722" lon="7.355050">
        <ele>158.037918</ele>
        <time>2026-05-12T00:15:40.270Z</time>
      </trkpt>
      <trkpt lat="43.767827" lon="7.355017">
        <ele>157.249399</ele>
        <time>2026-05-12T00:15:41.245Z</time>
      </trkpt>
      <trkpt lat="43.767972" lon="7.354921">
        <ele>156.072369</ele>
        <time>2026-05-12T00:15:42.725Z</time>
      </trkpt>
      <trkpt lat="43.768125" lon="7.354706">
        <ele>154.476006</ele>
        <time>2026-05-12T00:15:44.743Z</time>
      </trkpt>
      <trkpt lat="43.768203" lon="7.354476">
        <ele>153.236135</ele>
        <time>2026-05-12T00:15:46.481Z</time>
      </trkpt>
      <trkpt lat="43.768261" lon="7.354162">
        <ele>151.680235</ele>
        <time>2026-05-12T00:15:48.760Z</time>
      </trkpt>
      <trkpt lat="43.768264" lon="7.353861">
        <ele>150.235134</ele>
        <time>2026-05-12T00:15:50.844Z</time>
      </trkpt>
      <trkpt lat="43.768140" lon="7.353155">
        <ele>146.747146</ele>
        <time>2026-05-12T00:15:55.561Z</time>
      </trkpt>
      <trkpt lat="43.767977" lon="7.352712">
        <ele>144.360361</ele>
        <time>2026-05-12T00:15:58.702Z</time>
      </trkpt>
      <trkpt lat="43.767827" lon="7.352382">
        <ele>142.488477</ele>
        <time>2026-05-12T00:16:01.171Z</time>
      </trkpt>
      <trkpt lat="43.767692" lon="7.351925">
        <ele>141.087190</ele>
        <time>2026-05-12T00:16:04.322Z</time>
      </trkpt>
      <trkpt lat="43.767600" lon="7.351744">
        <ele>140.496124</ele>
        <time>2026-05-12T00:16:05.784Z</time>
      </trkpt>
      <trkpt lat="43.767469" lon="7.351546">
        <ele>139.779026</ele>
        <time>2026-05-12T00:16:07.647Z</time>
      </trkpt>
      <trkpt lat="43.767297" lon="7.351423">
        <ele>139.063189</ele>
        <time>2026-05-12T00:16:09.566Z</time>
      </trkpt>
      <trkpt lat="43.767109" lon="7.351222">
        <ele>138.184892</ele>
        <time>2026-05-12T00:16:12.054Z</time>
      </trkpt>
      <trkpt lat="43.766893" lon="7.350724">
        <ele>136.633585</ele>
        <time>2026-05-12T00:16:17.015Z</time>
      </trkpt>
      <trkpt lat="43.766797" lon="7.350611">
        <ele>136.167667</ele>
        <time>2026-05-12T00:16:18.748Z</time>
      </trkpt>
      <trkpt lat="43.766375" lon="7.350562">
        <ele>135.247402</ele>
        <time>2026-05-12T00:16:24.552Z</time>
      </trkpt>
      <trkpt lat="43.765720" lon="7.350276">
        <ele>134.270775</ele>
        <time>2026-05-12T00:16:33.471Z</time>
      </trkpt>
      <trkpt lat="43.765605" lon="7.350186">
        <ele>134.082933</ele>
        <time>2026-05-12T00:16:34.843Z</time>
      </trkpt>
      <trkpt lat="43.765497" lon="7.349985">
        <ele>133.825652</ele>
        <time>2026-05-12T00:16:36.721Z</time>
      </trkpt>
      <trkpt lat="43.765407" lon="7.349563">
        <ele>133.373779</ele>
        <time>2026-05-12T00:16:40.026Z</time>
      </trkpt>
      <trkpt lat="43.765411" lon="7.349337">
        <ele>133.141620</ele>
        <time>2026-05-12T00:16:41.770Z</time>
      </trkpt>
      <trkpt lat="43.765570" lon="7.348766">
        <ele>132.312839</ele>
        <time>2026-05-12T00:16:46.851Z</time>
      </trkpt>
      <trkpt lat="43.765611" lon="7.347767">
        <ele>130.930381</ele>
        <time>2026-05-12T00:16:55.027Z</time>
      </trkpt>
      <trkpt lat="43.765569" lon="7.347427">
        <ele>130.453810</ele>
        <time>2026-05-12T00:16:57.713Z</time>
      </trkpt>
      <trkpt lat="43.765506" lon="7.347218">
        <ele>130.140908</ele>
        <time>2026-05-12T00:16:59.484Z</time>
      </trkpt>
      <trkpt lat="43.765331" lon="7.346903">
        <ele>129.593356</ele>
        <time>2026-05-12T00:17:02.624Z</time>
      </trkpt>
      <trkpt lat="43.765063" lon="7.346608">
        <ele>128.955035</ele>
        <time>2026-05-12T00:17:06.419Z</time>
      </trkpt>
      <trkpt lat="43.764984" lon="7.346423">
        <ele>128.665646</ele>
        <time>2026-05-12T00:17:08.153Z</time>
      </trkpt>
      <trkpt lat="43.764956" lon="7.346198">
        <ele>128.358222</ele>
        <time>2026-05-12T00:17:09.981Z</time>
      </trkpt>
      <trkpt lat="43.765076" lon="7.345529">
        <ele>127.430055</ele>
        <time>2026-05-12T00:17:15.400Z</time>
      </trkpt>
      <trkpt lat="43.765132" lon="7.345372">
        <ele>127.194278</ele>
        <time>2026-05-12T00:17:16.755Z</time>
      </trkpt>
      <trkpt lat="43.765242" lon="7.345219">
        <ele>126.903584</ele>
        <time>2026-05-12T00:17:18.435Z</time>
      </trkpt>
      <trkpt lat="43.765575" lon="7.344944">
        <ele>126.229422</ele>
        <time>2026-05-12T00:17:22.824Z</time>
      </trkpt>
      <trkpt lat="43.765670" lon="7.344788">
        <ele>126.068196</ele>
        <time>2026-05-12T00:17:24.607Z</time>
      </trkpt>
      <trkpt lat="43.765708" lon="7.344585">
        <ele>125.902507</ele>
        <time>2026-05-12T00:17:26.501Z</time>
      </trkpt>
      <trkpt lat="43.765707" lon="7.343994">
        <ele>125.435564</ele>
        <time>2026-05-12T00:17:32.062Z</time>
      </trkpt>
      <trkpt lat="43.765725" lon="7.343811">
        <ele>125.289643</ele>
        <time>2026-05-12T00:17:33.751Z</time>
      </trkpt>
      <trkpt lat="43.765817" lon="7.343601">
        <ele>125.095582</ele>
        <time>2026-05-12T00:17:35.951Z</time>
      </trkpt>
      <trkpt lat="43.766252" lon="7.343307">
        <ele>124.566012</ele>
        <time>2026-05-12T00:17:41.624Z</time>
      </trkpt>
      <trkpt lat="43.766392" lon="7.343183">
        <ele>124.384193</ele>
        <time>2026-05-12T00:17:43.579Z</time>
      </trkpt>
      <trkpt lat="43.766587" lon="7.342836">
        <ele>124.092694</ele>
        <time>2026-05-12T00:17:47.614Z</time>
      </trkpt>
      <trkpt lat="43.766656" lon="7.342645">
        <ele>123.956031</ele>
        <time>2026-05-12T00:17:49.552Z</time>
      </trkpt>
      <trkpt lat="43.766679" lon="7.342316">
        <ele>123.744516</ele>
        <time>2026-05-12T00:17:52.271Z</time>
      </trkpt>
      <trkpt lat="43.766578" lon="7.341971">
        <ele>123.506296</ele>
        <time>2026-05-12T00:17:55.184Z</time>
      </trkpt>
      <trkpt lat="43.766539" lon="7.341856">
        <ele>123.424995</ele>
        <time>2026-05-12T00:17:56.262Z</time>
      </trkpt>
      <trkpt lat="43.766369" lon="7.341353">
        <ele>123.069613</ele>
        <time>2026-05-12T00:18:01.771Z</time>
      </trkpt>
      <trkpt lat="43.766244" lon="7.340989">
        <ele>122.811690</ele>
        <time>2026-05-12T00:18:06.278Z</time>
      </trkpt>
      <trkpt lat="43.766222" lon="7.340923">
        <ele>122.765173</ele>
        <time>2026-05-12T00:18:07.050Z</time>
      </trkpt>
      <trkpt lat="43.766134" lon="7.340649">
        <ele>122.550429</ele>
        <time>2026-05-12T00:18:10.311Z</time>
      </trkpt>
      <trkpt lat="43.766086" lon="7.340391">
        <ele>122.356154</ele>
        <time>2026-05-12T00:18:13.058Z</time>
      </trkpt>
      <trkpt lat="43.766111" lon="7.340164">
        <ele>122.188712</ele>
        <time>2026-05-12T00:18:15.260Z</time>
      </trkpt>
      <trkpt lat="43.766253" lon="7.339619">
        <ele>121.766227</ele>
        <time>2026-05-12T00:18:20.324Z</time>
      </trkpt>
      <trkpt lat="43.766258" lon="7.339332">
        <ele>121.556887</ele>
        <time>2026-05-12T00:18:23.062Z</time>
      </trkpt>
      <trkpt lat="43.766227" lon="7.339005">
        <ele>121.316395</ele>
        <time>2026-05-12T00:18:26.048Z</time>
      </trkpt>
      <trkpt lat="43.766176" lon="7.338795">
        <ele>121.154837</ele>
        <time>2026-05-12T00:18:27.853Z</time>
      </trkpt>
      <trkpt lat="43.765906" lon="7.338309">
        <ele>120.549481</ele>
        <time>2026-05-12T00:18:32.476Z</time>
      </trkpt>
      <trkpt lat="43.765834" lon="7.338117">
        <ele>120.274637</ele>
        <time>2026-05-12T00:18:34.118Z</time>
      </trkpt>
      <trkpt lat="43.765768" lon="7.337861">
        <ele>119.929308</ele>
        <time>2026-05-12T00:18:36.244Z</time>
      </trkpt>
      <trkpt lat="43.765751" lon="7.337607">
        <ele>119.605240</ele>
        <time>2026-05-12T00:18:38.406Z</time>
      </trkpt>
      <trkpt lat="43.765807" lon="7.337399">
        <ele>119.323227</ele>
        <time>2026-05-12T00:18:40.306Z</time>
      </trkpt>
      <trkpt lat="43.766453" lon="7.336499">
        <ele>117.726003</ele>
        <time>2026-05-12T00:18:50.696Z</time>
      </trkpt>
      <trkpt lat="43.766526" lon="7.336396">
        <ele>117.602235</ele>
        <time>2026-05-12T00:18:51.865Z</time>
      </trkpt>
      <trkpt lat="43.766806" lon="7.335637">
        <ele>116.871292</ele>
        <time>2026-05-12T00:18:58.946Z</time>
      </trkpt>
      <trkpt lat="43.767054" lon="7.335250">
        <ele>116.427564</ele>
        <time>2026-05-12T00:19:03.253Z</time>
      </trkpt>
      <trkpt lat="43.767676" lon="7.334399">
        <ele>115.429223</ele>
        <time>2026-05-12T00:19:14.352Z</time>
      </trkpt>
      <trkpt lat="43.767786" lon="7.334150">
        <ele>115.222180</ele>
        <time>2026-05-12T00:19:17.441Z</time>
      </trkpt>
      <trkpt lat="43.768070" lon="7.333300">
        <ele>114.557868</ele>
        <time>2026-05-12T00:19:26.961Z</time>
      </trkpt>
      <trkpt lat="43.768151" lon="7.332772">
        <ele>114.175000</ele>
        <time>2026-05-12T00:19:31.533Z</time>
      </trkpt>
      <trkpt lat="43.768115" lon="7.332312">
        <ele>113.836702</ele>
        <time>2026-05-12T00:19:35.168Z</time>
      </trkpt>
      <trkpt lat="43.768125" lon="7.332109">
        <ele>113.493889</ele>
        <time>2026-05-12T00:19:36.748Z</time>
      </trkpt>
      <trkpt lat="43.768146" lon="7.332021">
        <ele>113.337739</ele>
        <time>2026-05-12T00:19:37.466Z</time>
      </trkpt>
      <trkpt lat="43.768230" lon="7.331891">
        <ele>113.043834</ele>
        <time>2026-05-12T00:19:38.812Z</time>
      </trkpt>
      <trkpt lat="43.768328" lon="7.331797">
        <ele>112.765700</ele>
        <time>2026-05-12T00:19:40.067Z</time>
      </trkpt>
      <trkpt lat="43.768380" lon="7.331743">
        <ele>112.614056</ele>
        <time>2026-05-12T00:19:40.754Z</time>
      </trkpt>
      <trkpt lat="43.768458" lon="7.331657">
        <ele>112.381438</ele>
        <time>2026-05-12T00:19:41.803Z</time>
      </trkpt>
      <trkpt lat="43.768490" lon="7.331642">
        <ele>112.302618</ele>
        <time>2026-05-12T00:19:42.155Z</time>
      </trkpt>
      <trkpt lat="43.768533" lon="7.331584">
        <ele>112.162570</ele>
        <time>2026-05-12T00:19:42.776Z</time>
      </trkpt>
      <trkpt lat="43.768546" lon="7.331503">
        <ele>112.022771</ele>
        <time>2026-05-12T00:19:43.395Z</time>
      </trkpt>
      <trkpt lat="43.768506" lon="7.331396">
        <ele>111.819773</ele>
        <time>2026-05-12T00:19:44.289Z</time>
      </trkpt>
      <trkpt lat="43.768422" lon="7.331366">
        <ele>111.617381</ele>
        <time>2026-05-12T00:19:45.186Z</time>
      </trkpt>
      <trkpt lat="43.768174" lon="7.331347">
        <ele>111.037893</ele>
        <time>2026-05-12T00:19:47.729Z</time>
      </trkpt>
      <trkpt lat="43.768075" lon="7.331307">
        <ele>110.797288</ele>
        <time>2026-05-12T00:19:48.791Z</time>
      </trkpt>
      <trkpt lat="43.767755" lon="7.331058">
        <ele>109.940908</ele>
        <time>2026-05-12T00:19:52.681Z</time>
      </trkpt>
      <trkpt lat="43.767536" lon="7.330879">
        <ele>109.547905</ele>
        <time>2026-05-12T00:19:55.484Z</time>
      </trkpt>
      <trkpt lat="43.766519" lon="7.330090">
        <ele>108.584455</ele>
        <time>2026-05-12T00:20:10.278Z</time>
      </trkpt>
      <trkpt lat="43.766037" lon="7.329719">
        <ele>108.113170</ele>
        <time>2026-05-12T00:20:18.796Z</time>
      </trkpt>
      <trkpt lat="43.765970" lon="7.329667">
        <ele>108.026550</ele>
        <time>2026-05-12T00:20:19.849Z</time>
      </trkpt>
      <trkpt lat="43.765559" lon="7.329332">
        <ele>107.488698</ele>
        <time>2026-05-12T00:20:25.989Z</time>
      </trkpt>
      <trkpt lat="43.765587" lon="7.329285">
        <ele>107.439075</ele>
        <time>2026-05-12T00:20:26.739Z</time>
      </trkpt>
      <trkpt lat="43.765726" lon="7.329293">
        <ele>107.282180</ele>
        <time>2026-05-12T00:20:29.121Z</time>
      </trkpt>
      <trkpt lat="43.765739" lon="7.329223">
        <ele>107.223314</ele>
        <time>2026-05-12T00:20:29.990Z</time>
      </trkpt>
      <trkpt lat="43.765635" lon="7.328484">
        <ele>106.610117</ele>
        <time>2026-05-12T00:20:38.984Z</time>
      </trkpt>
      <trkpt lat="43.765525" lon="7.327697">
        <ele>106.137225</ele>
        <time>2026-05-12T00:20:48.016Z</time>
      </trkpt>
      <trkpt lat="43.765259" lon="7.326404">
        <ele>106.104300</ele>
        <time>2026-05-12T00:21:04.612Z</time>
      </trkpt>
      <trkpt lat="43.765162" lon="7.326117">
        <ele>106.096540</ele>
        <time>2026-05-12T00:21:10.140Z</time>
      </trkpt>
      <trkpt lat="43.765051" lon="7.325873">
        <ele>106.089478</ele>
        <time>2026-05-12T00:21:16.277Z</time>
      </trkpt>
      <trkpt lat="43.764662" lon="7.325277">
        <ele>106.825114</ele>
        <time>2026-05-12T00:21:34.354Z</time>
      </trkpt>
      <trkpt lat="43.764608" lon="7.325123">
        <ele>107.084659</ele>
        <time>2026-05-12T00:21:38.259Z</time>
      </trkpt>
      <trkpt lat="43.764565" lon="7.325037">
        <ele>107.243243</ele>
        <time>2026-05-12T00:21:40.710Z</time>
      </trkpt>
      <trkpt lat="43.764540" lon="7.324914">
        <ele>107.436968</ele>
        <time>2026-05-12T00:21:43.062Z</time>
      </trkpt>
      <trkpt lat="43.764487" lon="7.324592">
        <ele>107.937672</ele>
        <time>2026-05-12T00:21:49.185Z</time>
      </trkpt>
      <trkpt lat="43.764510" lon="7.323639">
        <ele>109.383323</ele>
        <time>2026-05-12T00:22:04.798Z</time>
      </trkpt>
      <trkpt lat="43.764495" lon="7.323422">
        <ele>109.713820</ele>
        <time>2026-05-12T00:22:08.040Z</time>
      </trkpt>
      <trkpt lat="43.764460" lon="7.323186">
        <ele>110.001635</ele>
        <time>2026-05-12T00:22:11.312Z</time>
      </trkpt>
      <trkpt lat="43.764355" lon="7.322785">
        <ele>110.422050</ele>
        <time>2026-05-12T00:22:16.928Z</time>
      </trkpt>
      <trkpt lat="43.764228" lon="7.322471">
        <ele>110.776770</ele>
        <time>2026-05-12T00:22:22.465Z</time>
      </trkpt>
      <trkpt lat="43.764123" lon="7.322325">
        <ele>110.979855</ele>
        <time>2026-05-12T00:22:26.023Z</time>
      </trkpt>
      <trkpt lat="43.763950" lon="7.322207">
        <ele>111.243054</ele>
        <time>2026-05-12T00:22:30.785Z</time>
      </trkpt>
      <trkpt lat="43.762972" lon="7.321872">
        <ele>111.493583</ele>
        <time>2026-05-12T00:22:52.133Z</time>
      </trkpt>
      <trkpt lat="43.762299" lon="7.321455">
        <ele>108.796794</ele>
        <time>2026-05-12T00:22:59.887Z</time>
      </trkpt>
      <trkpt lat="43.761956" lon="7.321116">
        <ele>107.255421</ele>
        <time>2026-05-12T00:23:03.737Z</time>
      </trkpt>
      <trkpt lat="43.761899" lon="7.321062">
        <ele>107.002809</ele>
        <time>2026-05-12T00:23:04.353Z</time>
      </trkpt>
      <trkpt lat="43.761636" lon="7.320783">
        <ele>105.790982</ele>
        <time>2026-05-12T00:23:07.326Z</time>
      </trkpt>
      <trkpt lat="43.761451" lon="7.320524">
        <ele>104.459425</ele>
        <time>2026-05-12T00:23:09.693Z</time>
      </trkpt>
      <trkpt lat="43.761259" lon="7.320453">
        <ele>103.435966</ele>
        <time>2026-05-12T00:23:11.488Z</time>
      </trkpt>
      <trkpt lat="43.761224" lon="7.320417">
        <ele>103.211423</ele>
        <time>2026-05-12T00:23:11.874Z</time>
      </trkpt>
      <trkpt lat="43.760801" lon="7.319948">
        <ele>100.420590</ele>
        <time>2026-05-12T00:23:16.798Z</time>
      </trkpt>
      <trkpt lat="43.760568" lon="7.319737">
        <ele>98.986776</ele>
        <time>2026-05-12T00:23:19.549Z</time>
      </trkpt>
      <trkpt lat="43.760446" lon="7.319689">
        <ele>98.333601</ele>
        <time>2026-05-12T00:23:20.886Z</time>
      </trkpt>
      <trkpt lat="43.760206" lon="7.319740">
        <ele>97.083126</ele>
        <time>2026-05-12T00:23:23.358Z</time>
      </trkpt>
      <trkpt lat="43.760055" lon="7.319697">
        <ele>96.399003</ele>
        <time>2026-05-12T00:23:24.917Z</time>
      </trkpt>
      <trkpt lat="43.760038" lon="7.319679">
        <ele>96.355452</ele>
        <time>2026-05-12T00:23:25.133Z</time>
      </trkpt>
      <trkpt lat="43.759979" lon="7.319699">
        <ele>96.231841</ele>
        <time>2026-05-12T00:23:25.751Z</time>
      </trkpt>
      <trkpt lat="43.759970" lon="7.319726">
        <ele>96.188135</ele>
        <time>2026-05-12T00:23:25.979Z</time>
      </trkpt>
      <trkpt lat="43.759846" lon="7.319875">
        <ele>95.854018</ele>
        <time>2026-05-12T00:23:27.666Z</time>
      </trkpt>
      <trkpt lat="43.758941" lon="7.320293">
        <ele>93.912577</ele>
        <time>2026-05-12T00:23:38.131Z</time>
      </trkpt>
      <trkpt lat="43.758677" lon="7.320379">
        <ele>93.360669</ele>
        <time>2026-05-12T00:23:41.210Z</time>
      </trkpt>
      <trkpt lat="43.757149" lon="7.320612">
        <ele>91.383071</ele>
        <time>2026-05-12T00:23:59.470Z</time>
      </trkpt>
      <trkpt lat="43.756691" lon="7.320594">
        <ele>90.866823</ele>
        <time>2026-05-12T00:24:05.177Z</time>
      </trkpt>
      <trkpt lat="43.755349" lon="7.320417">
        <ele>89.568328</ele>
        <time>2026-05-12T00:24:22.268Z</time>
      </trkpt>
      <trkpt lat="43.754989" lon="7.320325">
        <ele>89.219165</ele>
        <time>2026-05-12T00:24:26.644Z</time>
      </trkpt>
      <trkpt lat="43.754953" lon="7.320238">
        <ele>89.150090</ele>
        <time>2026-05-12T00:24:27.471Z</time>
      </trkpt>
      <trkpt lat="43.754889" lon="7.320260">
        <ele>89.087195</ele>
        <time>2026-05-12T00:24:28.247Z</time>
      </trkpt>
      <trkpt lat="43.754875" lon="7.320309">
        <ele>89.046804</ele>
        <time>2026-05-12T00:24:28.727Z</time>
      </trkpt>
      <trkpt lat="43.754449" lon="7.320293">
        <ele>88.545490</ele>
        <time>2026-05-12T00:24:33.687Z</time>
      </trkpt>
      <trkpt lat="43.754114" lon="7.320402">
        <ele>88.140672</ele>
        <time>2026-05-12T00:24:37.673Z</time>
      </trkpt>
      <trkpt lat="43.753786" lon="7.320614">
        <ele>87.714848</ele>
        <time>2026-05-12T00:24:41.849Z</time>
      </trkpt>
      <trkpt lat="43.753715" lon="7.320656">
        <ele>87.624021</ele>
        <time>2026-05-12T00:24:42.753Z</time>
      </trkpt>
      <trkpt lat="43.753413" lon="7.320803">
        <ele>87.247442</ele>
        <time>2026-05-12T00:24:46.559Z</time>
      </trkpt>
      <trkpt lat="43.753081" lon="7.320893">
        <ele>86.951978</ele>
        <time>2026-05-12T00:24:50.848Z</time>
      </trkpt>
      <trkpt lat="43.752821" lon="7.320909">
        <ele>86.950238</ele>
        <time>2026-05-12T00:24:54.401Z</time>
      </trkpt>
      <trkpt lat="43.752540" lon="7.320849">
        <ele>86.948337</ele>
        <time>2026-05-12T00:24:58.452Z</time>
      </trkpt>
      <trkpt lat="43.751796" lon="7.320483">
        <ele>86.943059</ele>
        <time>2026-05-12T00:25:11.079Z</time>
      </trkpt>
      <trkpt lat="43.751472" lon="7.320318">
        <ele>86.940752</ele>
        <time>2026-05-12T00:25:16.749Z</time>
      </trkpt>
      <trkpt lat="43.751026" lon="7.319924">
        <ele>87.109197</ele>
        <time>2026-05-12T00:25:25.166Z</time>
      </trkpt>
      <trkpt lat="43.750860" lon="7.319873">
        <ele>87.166848</ele>
        <time>2026-05-12T00:25:27.734Z</time>
      </trkpt>
      <trkpt lat="43.750220" lon="7.319849">
        <ele>87.383916</ele>
        <time>2026-05-12T00:25:37.208Z</time>
      </trkpt>
      <trkpt lat="43.749650" lon="7.320130">
        <ele>87.952365</ele>
        <time>2026-05-12T00:25:45.804Z</time>
      </trkpt>
      <trkpt lat="43.749512" lon="7.320201">
        <ele>88.470888</ele>
        <time>2026-05-12T00:25:48.872Z</time>
      </trkpt>
      <trkpt lat="43.749260" lon="7.320336">
        <ele>89.422581</ele>
        <time>2026-05-12T00:25:56.268Z</time>
      </trkpt>
      <trkpt lat="43.749004" lon="7.320474">
        <ele>90.390171</ele>
        <time>2026-05-12T00:26:05.693Z</time>
      </trkpt>
      <trkpt lat="43.748877" lon="7.320561">
        <ele>90.889241</ele>
        <time>2026-05-12T00:26:10.991Z</time>
      </trkpt>
      <trkpt lat="43.748722" lon="7.320663">
        <ele>91.493700</ele>
        <time>2026-05-12T00:26:17.821Z</time>
      </trkpt>
      <trkpt lat="43.748195" lon="7.321005">
        <ele>93.543648</ele>
        <time>2026-05-12T00:26:37.195Z</time>
      </trkpt>
      <trkpt lat="43.748108" lon="7.321036">
        <ele>93.860053</ele>
        <time>2026-05-12T00:26:39.791Z</time>
      </trkpt>
      <trkpt lat="43.747931" lon="7.321037">
        <ele>93.933777</ele>
        <time>2026-05-12T00:26:44.631Z</time>
      </trkpt>
      <trkpt lat="43.747812" lon="7.320984">
        <ele>93.969495</ele>
        <time>2026-05-12T00:26:48.190Z</time>
      </trkpt>
      <trkpt lat="43.747692" lon="7.320880">
        <ele>94.009949</ele>
        <time>2026-05-12T00:26:52.130Z</time>
      </trkpt>
      <trkpt lat="43.747310" lon="7.320368">
        <ele>94.161878</ele>
        <time>2026-05-12T00:27:02.142Z</time>
      </trkpt>
      <trkpt lat="43.747113" lon="7.320207">
        <ele>94.227245</ele>
        <time>2026-05-12T00:27:04.775Z</time>
      </trkpt>
      <trkpt lat="43.746624" lon="7.319959">
        <ele>94.376051</ele>
        <time>2026-05-12T00:27:10.095Z</time>
      </trkpt>
      <trkpt lat="43.746314" lon="7.319762">
        <ele>93.907719</ele>
        <time>2026-05-12T00:27:13.853Z</time>
      </trkpt>
      <trkpt lat="43.746083" lon="7.319483">
        <ele>93.328619</ele>
        <time>2026-05-12T00:27:17.623Z</time>
      </trkpt>
      <trkpt lat="43.745910" lon="7.319133">
        <ele>92.749906</ele>
        <time>2026-05-12T00:27:21.230Z</time>
      </trkpt>
      <trkpt lat="43.745843" lon="7.318906">
        <ele>92.415280</ele>
        <time>2026-05-12T00:27:23.188Z</time>
      </trkpt>
      <trkpt lat="43.745794" lon="7.318582">
        <ele>91.963559</ele>
        <time>2026-05-12T00:27:25.801Z</time>
      </trkpt>
      <trkpt lat="43.745776" lon="7.318080">
        <ele>91.277676</ele>
        <time>2026-05-12T00:27:29.782Z</time>
      </trkpt>
      <trkpt lat="43.745734" lon="7.317931">
        <ele>91.059417</ele>
        <time>2026-05-12T00:27:31.064Z</time>
      </trkpt>
      <trkpt lat="43.745646" lon="7.317788">
        <ele>90.730370</ele>
        <time>2026-05-12T00:27:32.550Z</time>
      </trkpt>
      <trkpt lat="43.745509" lon="7.317570">
        <ele>90.191670</ele>
        <time>2026-05-12T00:27:34.787Z</time>
      </trkpt>
      <trkpt lat="43.745477" lon="7.317466">
        <ele>89.980918</ele>
        <time>2026-05-12T00:27:35.645Z</time>
      </trkpt>
      <trkpt lat="43.745441" lon="7.317047">
        <ele>89.194233</ele>
        <time>2026-05-12T00:27:38.811Z</time>
      </trkpt>
      <trkpt lat="43.745421" lon="7.316461">
        <ele>88.100480</ele>
        <time>2026-05-12T00:27:43.211Z</time>
      </trkpt>
      <trkpt lat="43.745498" lon="7.315974">
        <ele>87.171029</ele>
        <time>2026-05-12T00:27:47.041Z</time>
      </trkpt>
      <trkpt lat="43.745438" lon="7.315706">
        <ele>86.647928</ele>
        <time>2026-05-12T00:27:49.244Z</time>
      </trkpt>
      <trkpt lat="43.745312" lon="7.315488">
        <ele>86.043004</ele>
        <time>2026-05-12T00:27:51.325Z</time>
      </trkpt>
      <trkpt lat="43.744949" lon="7.315098">
        <ele>84.426193</ele>
        <time>2026-05-12T00:27:55.940Z</time>
      </trkpt>
      <trkpt lat="43.744680" lon="7.314763">
        <ele>83.153023</ele>
        <time>2026-05-12T00:27:59.568Z</time>
      </trkpt>
      <trkpt lat="43.744573" lon="7.314531">
        <ele>82.453370</ele>
        <time>2026-05-12T00:28:01.578Z</time>
      </trkpt>
      <trkpt lat="43.744570" lon="7.314464">
        <ele>82.282736</ele>
        <time>2026-05-12T00:28:02.064Z</time>
      </trkpt>
      <trkpt lat="43.744532" lon="7.314401">
        <ele>82.074116</ele>
        <time>2026-05-12T00:28:02.655Z</time>
      </trkpt>
      <trkpt lat="43.744483" lon="7.314385">
        <ele>81.896975</ele>
        <time>2026-05-12T00:28:03.157Z</time>
      </trkpt>
      <trkpt lat="43.744435" lon="7.314409">
        <ele>81.717404</ele>
        <time>2026-05-12T00:28:03.658Z</time>
      </trkpt>
      <trkpt lat="43.744324" lon="7.314407">
        <ele>81.326811</ele>
        <time>2026-05-12T00:28:04.758Z</time>
      </trkpt>
      <trkpt lat="43.744053" lon="7.314203">
        <ele>80.241401</ele>
        <time>2026-05-12T00:28:07.742Z</time>
      </trkpt>
      <trkpt lat="43.743736" lon="7.313867">
        <ele>78.775551</ele>
        <time>2026-05-12T00:28:11.542Z</time>
      </trkpt>
      <trkpt lat="43.742983" lon="7.312991">
        <ele>75.137809</ele>
        <time>2026-05-12T00:28:21.158Z</time>
      </trkpt>
      <trkpt lat="43.742723" lon="7.312689">
        <ele>73.882553</ele>
        <time>2026-05-12T00:28:24.573Z</time>
      </trkpt>
      <trkpt lat="43.742494" lon="7.312424">
        <ele>73.027121</ele>
        <time>2026-05-12T00:28:27.700Z</time>
      </trkpt>
      <trkpt lat="43.742428" lon="7.312347">
        <ele>72.839973</ele>
        <time>2026-05-12T00:28:28.637Z</time>
      </trkpt>
      <trkpt lat="43.741439" lon="7.311209">
        <ele>70.051497</ele>
        <time>2026-05-12T00:28:43.043Z</time>
      </trkpt>
      <trkpt lat="43.741267" lon="7.311084">
        <ele>69.630296</ele>
        <time>2026-05-12T00:28:45.051Z</time>
      </trkpt>
      <trkpt lat="43.741173" lon="7.310932">
        <ele>69.420695</ele>
        <time>2026-05-12T00:28:46.519Z</time>
      </trkpt>
      <trkpt lat="43.741096" lon="7.310509">
        <ele>69.173749</ele>
        <time>2026-05-12T00:28:49.858Z</time>
      </trkpt>
      <trkpt lat="43.741087" lon="7.310347">
        <ele>69.081770</ele>
        <time>2026-05-12T00:28:51.193Z</time>
      </trkpt>
      <trkpt lat="43.741088" lon="7.310065">
        <ele>68.922127</ele>
        <time>2026-05-12T00:28:53.632Z</time>
      </trkpt>
      <trkpt lat="43.741088" lon="7.309592">
        <ele>68.654361</ele>
        <time>2026-05-12T00:28:58.072Z</time>
      </trkpt>
      <trkpt lat="43.741087" lon="7.309348">
        <ele>68.516229</ele>
        <time>2026-05-12T00:29:00.705Z</time>
      </trkpt>
      <trkpt lat="43.741059" lon="7.308921">
        <ele>68.273510</ele>
        <time>2026-05-12T00:29:06.121Z</time>
      </trkpt>
      <trkpt lat="43.741060" lon="7.308704">
        <ele>68.150663</ele>
        <time>2026-05-12T00:29:08.676Z</time>
      </trkpt>
      <trkpt lat="43.741043" lon="7.308429">
        <ele>68.013773</ele>
        <time>2026-05-12T00:29:11.744Z</time>
      </trkpt>
      <trkpt lat="43.740771" lon="7.308028">
        <ele>67.782045</ele>
        <time>2026-05-12T00:29:17.962Z</time>
      </trkpt>
      <trkpt lat="43.740615" lon="7.307816">
        <ele>67.654560</ele>
        <time>2026-05-12T00:29:21.893Z</time>
      </trkpt>
      <trkpt lat="43.740184" lon="7.307230">
        <ele>67.302259</ele>
        <time>2026-05-12T00:29:29.717Z</time>
      </trkpt>
      <trkpt lat="43.739864" lon="7.306793">
        <ele>67.040121</ele>
        <time>2026-05-12T00:29:34.694Z</time>
      </trkpt>
      <trkpt lat="43.739622" lon="7.306471">
        <ele>66.419117</ele>
        <time>2026-05-12T00:29:38.397Z</time>
      </trkpt>
      <trkpt lat="43.739547" lon="7.306369">
        <ele>66.210390</ele>
        <time>2026-05-12T00:29:39.571Z</time>
      </trkpt>
      <trkpt lat="43.739340" lon="7.306090">
        <ele>65.636830</ele>
        <time>2026-05-12T00:29:42.899Z</time>
      </trkpt>
      <trkpt lat="43.738909" lon="7.305504">
        <ele>64.437500</ele>
        <time>2026-05-12T00:29:49.599Z</time>
      </trkpt>
      <trkpt lat="43.738636" lon="7.305129">
        <ele>63.673979</ele>
        <time>2026-05-12T00:29:53.640Z</time>
      </trkpt>
      <trkpt lat="43.738553" lon="7.304994">
        <ele>63.427853</ele>
        <time>2026-05-12T00:29:55.012Z</time>
      </trkpt>
      <trkpt lat="43.737876" lon="7.305347">
        <ele>62.367425</ele>
        <time>2026-05-12T00:30:02.720Z</time>
      </trkpt>
      <trkpt lat="43.737603" lon="7.304790">
        <ele>61.654610</ele>
        <time>2026-05-12T00:30:08.444Z</time>
      </trkpt>
      <trkpt lat="43.737290" lon="7.304190">
        <ele>60.870855</ele>
        <time>2026-05-12T00:30:15.838Z</time>
      </trkpt>
      <trkpt lat="43.736958" lon="7.303537">
        <ele>60.376928</ele>
        <time>2026-05-12T00:30:23.269Z</time>
      </trkpt>
      <trkpt lat="43.736925" lon="7.303478">
        <ele>60.333129</ele>
        <time>2026-05-12T00:30:24.002Z</time>
      </trkpt>
      <trkpt lat="43.736744" lon="7.303126">
        <ele>60.079509</ele>
        <time>2026-05-12T00:30:28.042Z</time>
      </trkpt>
      <trkpt lat="43.736607" lon="7.302860">
        <ele>59.887748</ele>
        <time>2026-05-12T00:30:31.125Z</time>
      </trkpt>
      <trkpt lat="43.736470" lon="7.302599">
        <ele>59.698369</ele>
        <time>2026-05-12T00:30:34.203Z</time>
      </trkpt>
      <trkpt lat="43.736433" lon="7.302526">
        <ele>59.646024</ele>
        <time>2026-05-12T00:30:35.005Z</time>
      </trkpt>
      <trkpt lat="43.736083" lon="7.301852">
        <ele>58.881273</ele>
        <time>2026-05-12T00:30:41.997Z</time>
      </trkpt>
      <trkpt lat="43.735785" lon="7.301356">
        <ele>57.961432</ele>
        <time>2026-05-12T00:30:47.184Z</time>
      </trkpt>
      <trkpt lat="43.735675" lon="7.301157">
        <ele>57.604151</ele>
        <time>2026-05-12T00:30:49.176Z</time>
      </trkpt>
      <trkpt lat="43.735579" lon="7.300929">
        <ele>57.227859</ele>
        <time>2026-05-12T00:30:51.230Z</time>
      </trkpt>
      <trkpt lat="43.735293" lon="7.300491">
        <ele>56.386033</ele>
        <time>2026-05-12T00:30:55.812Z</time>
      </trkpt>
      <trkpt lat="43.735260" lon="7.300488">
        <ele>56.320766</ele>
        <time>2026-05-12T00:30:56.152Z</time>
      </trkpt>
      <trkpt lat="43.735156" lon="7.300312">
        <ele>55.996556</ele>
        <time>2026-05-12T00:30:57.892Z</time>
      </trkpt>
      <trkpt lat="43.735120" lon="7.300189">
        <ele>55.807319</ele>
        <time>2026-05-12T00:30:58.917Z</time>
      </trkpt>
      <trkpt lat="43.735052" lon="7.299692">
        <ele>55.068416</ele>
        <time>2026-05-12T00:31:02.778Z</time>
      </trkpt>
      <trkpt lat="43.734853" lon="7.298075">
        <ele>52.672012</ele>
        <time>2026-05-12T00:31:15.809Z</time>
      </trkpt>
      <trkpt lat="43.734678" lon="7.296673">
        <ele>51.055252</ele>
        <time>2026-05-12T00:31:27.565Z</time>
      </trkpt>
      <trkpt lat="43.734603" lon="7.296084">
        <ele>50.438021</ele>
        <time>2026-05-12T00:31:32.529Z</time>
      </trkpt>
      <trkpt lat="43.734511" lon="7.295369">
        <ele>49.688511</ele>
        <time>2026-05-12T00:31:38.720Z</time>
      </trkpt>
      <trkpt lat="43.734377" lon="7.294292">
        <ele>48.816147</ele>
        <time>2026-05-12T00:31:48.407Z</time>
      </trkpt>
      <trkpt lat="43.734253" lon="7.293282">
        <ele>48.019399</ele>
        <time>2026-05-12T00:31:57.196Z</time>
      </trkpt>
      <trkpt lat="43.734106" lon="7.292173">
        <ele>47.501167</ele>
        <time>2026-05-12T00:32:07.304Z</time>
      </trkpt>
      <trkpt lat="43.734030" lon="7.291685">
        <ele>47.381229</ele>
        <time>2026-05-12T00:32:11.999Z</time>
      </trkpt>
      <trkpt lat="43.733829" lon="7.290729">
        <ele>47.142016</ele>
        <time>2026-05-12T00:32:23.295Z</time>
      </trkpt>
      <trkpt lat="43.733806" lon="7.290634">
        <ele>47.117944</ele>
        <time>2026-05-12T00:32:24.508Z</time>
      </trkpt>
      <trkpt lat="43.733772" lon="7.290496">
        <ele>47.082914</ele>
        <time>2026-05-12T00:32:26.145Z</time>
      </trkpt>
      <trkpt lat="43.733748" lon="7.290399">
        <ele>47.048722</ele>
        <time>2026-05-12T00:32:27.245Z</time>
      </trkpt>
      <trkpt lat="43.733702" lon="7.290211">
        <ele>46.912400</ele>
        <time>2026-05-12T00:32:29.346Z</time>
      </trkpt>
      <trkpt lat="43.733487" lon="7.289463">
        <ele>46.359511</ele>
        <time>2026-05-12T00:32:37.198Z</time>
      </trkpt>
      <trkpt lat="43.733326" lon="7.289007">
        <ele>46.010936</ele>
        <time>2026-05-12T00:32:41.653Z</time>
      </trkpt>
      <trkpt lat="43.732715" lon="7.287280">
        <ele>44.452280</ele>
        <time>2026-05-12T00:32:57.188Z</time>
      </trkpt>
      <trkpt lat="43.732529" lon="7.286758">
        <ele>43.909169</ele>
        <time>2026-05-12T00:33:02.346Z</time>
      </trkpt>
      <trkpt lat="43.732367" lon="7.286110">
        <ele>43.269316</ele>
        <time>2026-05-12T00:33:08.737Z</time>
      </trkpt>
      <trkpt lat="43.732327" lon="7.285792">
        <ele>42.954186</ele>
        <time>2026-05-12T00:33:11.615Z</time>
      </trkpt>
      <trkpt lat="43.732242" lon="7.285310">
        <ele>42.388632</ele>
        <time>2026-05-12T00:33:15.831Z</time>
      </trkpt>
      <trkpt lat="43.732231" lon="7.285131">
        <ele>42.183854</ele>
        <time>2026-05-12T00:33:17.345Z</time>
      </trkpt>
      <trkpt lat="43.732242" lon="7.284813">
        <ele>41.820953</ele>
        <time>2026-05-12T00:33:19.929Z</time>
      </trkpt>
      <trkpt lat="43.732246" lon="7.284714">
        <ele>41.707928</ele>
        <time>2026-05-12T00:33:20.720Z</time>
      </trkpt>
      <trkpt lat="43.732146" lon="7.284667">
        <ele>41.541325</ele>
        <time>2026-05-12T00:33:21.877Z</time>
      </trkpt>
      <trkpt lat="43.731910" lon="7.284552">
        <ele>41.146623</ele>
        <time>2026-05-12T00:33:24.614Z</time>
      </trkpt>
      <trkpt lat="43.731665" lon="7.284407">
        <ele>40.726267</ele>
        <time>2026-05-12T00:33:27.548Z</time>
      </trkpt>
      <trkpt lat="43.731344" lon="7.284078">
        <ele>40.163788</ele>
        <time>2026-05-12T00:33:31.992Z</time>
      </trkpt>
      <trkpt lat="43.730938" lon="7.283467">
        <ele>39.874804</ele>
        <time>2026-05-12T00:33:39.166Z</time>
      </trkpt>
      <trkpt lat="43.730916" lon="7.283435">
        <ele>39.859426</ele>
        <time>2026-05-12T00:33:39.562Z</time>
      </trkpt>
      <trkpt lat="43.730426" lon="7.282703">
        <ele>39.512036</ele>
        <time>2026-05-12T00:33:49.637Z</time>
      </trkpt>
      <trkpt lat="43.730244" lon="7.282454">
        <ele>39.388731</ele>
        <time>2026-05-12T00:33:54.049Z</time>
      </trkpt>
      <trkpt lat="43.730077" lon="7.282301">
        <ele>39.361077</ele>
        <time>2026-05-12T00:33:57.550Z</time>
      </trkpt>
      <trkpt lat="43.729844" lon="7.282158">
        <ele>39.481788</ele>
        <time>2026-05-12T00:34:01.942Z</time>
      </trkpt>
      <trkpt lat="43.729614" lon="7.282058">
        <ele>39.595963</ele>
        <time>2026-05-12T00:34:06.083Z</time>
      </trkpt>
      <trkpt lat="43.729360" lon="7.282005">
        <ele>39.717614</ele>
        <time>2026-05-12T00:34:10.476Z</time>
      </trkpt>
      <trkpt lat="43.728223" lon="7.282151">
        <ele>40.084982</ele>
        <time>2026-05-12T00:34:30.170Z</time>
      </trkpt>
      <trkpt lat="43.727903" lon="7.282240">
        <ele>39.902913</ele>
        <time>2026-05-12T00:34:34.340Z</time>
      </trkpt>
      <trkpt lat="43.727648" lon="7.282352">
        <ele>39.753679</ele>
        <time>2026-05-12T00:34:37.782Z</time>
      </trkpt>
      <trkpt lat="43.727431" lon="7.282495">
        <ele>39.619609</ele>
        <time>2026-05-12T00:34:40.911Z</time>
      </trkpt>
      <trkpt lat="43.727227" lon="7.282674">
        <ele>39.484868</ele>
        <time>2026-05-12T00:34:43.967Z</time>
      </trkpt>
      <trkpt lat="43.726942" lon="7.282978">
        <ele>39.284145</ele>
        <time>2026-05-12T00:34:48.529Z</time>
      </trkpt>
      <trkpt lat="43.726629" lon="7.283349">
        <ele>38.907132</ele>
        <time>2026-05-12T00:34:53.574Z</time>
      </trkpt>
      <trkpt lat="43.726342" lon="7.283713">
        <ele>38.426381</ele>
        <time>2026-05-12T00:34:58.256Z</time>
      </trkpt>
      <trkpt lat="43.726042" lon="7.284164">
        <ele>37.879367</ele>
        <time>2026-05-12T00:35:03.471Z</time>
      </trkpt>
      <trkpt lat="43.725809" lon="7.284545">
        <ele>37.433958</ele>
        <time>2026-05-12T00:35:07.527Z</time>
      </trkpt>
      <trkpt lat="43.725455" lon="7.285200">
        <ele>36.827952</ele>
        <time>2026-05-12T00:35:14.398Z</time>
      </trkpt>
      <trkpt lat="43.725226" lon="7.285641">
        <ele>36.583225</ele>
        <time>2026-05-12T00:35:19.200Z</time>
      </trkpt>
      <trkpt lat="43.724335" lon="7.284783">
        <ele>35.906287</ele>
        <time>2026-05-12T00:35:33.692Z</time>
      </trkpt>
      <trkpt lat="43.724217" lon="7.284728">
        <ele>35.827672</ele>
        <time>2026-05-12T00:35:35.770Z</time>
      </trkpt>
      <trkpt lat="43.723462" lon="7.284363">
        <ele>35.210228</ele>
        <time>2026-05-12T00:35:48.417Z</time>
      </trkpt>
      <trkpt lat="43.723402" lon="7.284333">
        <ele>35.160974</ele>
        <time>2026-05-12T00:35:49.254Z</time>
      </trkpt>
      <trkpt lat="43.722992" lon="7.284147">
        <ele>34.827858</ele>
        <time>2026-05-12T00:35:54.489Z</time>
      </trkpt>
      <trkpt lat="43.722639" lon="7.284028">
        <ele>34.547355</ele>
        <time>2026-05-12T00:35:58.620Z</time>
      </trkpt>
      <trkpt lat="43.722150" lon="7.283901">
        <ele>33.630396</ele>
        <time>2026-05-12T00:36:04.053Z</time>
      </trkpt>
      <trkpt lat="43.721531" lon="7.283822">
        <ele>32.239906</ele>
        <time>2026-05-12T00:36:10.783Z</time>
      </trkpt>
      <trkpt lat="43.721495" lon="7.283817">
        <ele>32.158974</ele>
        <time>2026-05-12T00:36:11.189Z</time>
      </trkpt>
      <trkpt lat="43.720749" lon="7.283717">
        <ele>30.482468</ele>
        <time>2026-05-12T00:36:19.284Z</time>
      </trkpt>
      <trkpt lat="43.720351" lon="7.283656">
        <ele>29.284054</ele>
        <time>2026-05-12T00:36:23.318Z</time>
      </trkpt>
      <trkpt lat="43.719892" lon="7.283592">
        <ele>27.877609</ele>
        <time>2026-05-12T00:36:28.026Z</time>
      </trkpt>
      <trkpt lat="43.719729" lon="7.283564">
        <ele>27.376854</ele>
        <time>2026-05-12T00:36:29.698Z</time>
      </trkpt>
      <trkpt lat="43.719389" lon="7.283603">
        <ele>26.336736</ele>
        <time>2026-05-12T00:36:33.128Z</time>
      </trkpt>
      <trkpt lat="43.719179" lon="7.283302">
        <ele>25.414911</ele>
        <time>2026-05-12T00:36:36.099Z</time>
      </trkpt>
      <trkpt lat="43.718951" lon="7.282984">
        <ele>24.787329</ele>
        <time>2026-05-12T00:36:39.352Z</time>
      </trkpt>
      <trkpt lat="43.718681" lon="7.282642">
        <ele>24.458872</ele>
        <time>2026-05-12T00:36:43.330Z</time>
      </trkpt>
      <trkpt lat="43.718406" lon="7.282354">
        <ele>24.149403</ele>
        <time>2026-05-12T00:36:47.715Z</time>
      </trkpt>
      <trkpt lat="43.718080" lon="7.282066">
        <ele>23.802345</ele>
        <time>2026-05-12T00:36:52.913Z</time>
      </trkpt>
      <trkpt lat="43.717715" lon="7.281796">
        <ele>23.430966</ele>
        <time>2026-05-12T00:36:59.907Z</time>
      </trkpt>
      <trkpt lat="43.717163" lon="7.281485">
        <ele>23.809855</ele>
        <time>2026-05-12T00:37:10.648Z</time>
      </trkpt>
      <trkpt lat="43.716976" lon="7.281370">
        <ele>24.019003</ele>
        <time>2026-05-12T00:37:14.770Z</time>
      </trkpt>
      <trkpt lat="43.716863" lon="7.281309">
        <ele>24.142971</ele>
        <time>2026-05-12T00:37:17.267Z</time>
      </trkpt>
      <trkpt lat="43.716808" lon="7.281296">
        <ele>24.199997</ele>
        <time>2026-05-12T00:37:18.530Z</time>
      </trkpt>
      <trkpt lat="43.716676" lon="7.281283">
        <ele>24.335246</ele>
        <time>2026-05-12T00:37:21.417Z</time>
      </trkpt>
      <trkpt lat="43.716571" lon="7.281277">
        <ele>24.442651</ele>
        <time>2026-05-12T00:37:23.722Z</time>
      </trkpt>
      <trkpt lat="43.716458" lon="7.281275">
        <ele>24.558150</ele>
        <time>2026-05-12T00:37:26.246Z</time>
      </trkpt>
      <trkpt lat="43.716282" lon="7.281273">
        <ele>24.738033</ele>
        <time>2026-05-12T00:37:29.958Z</time>
      </trkpt>
      <trkpt lat="43.716249" lon="7.281275">
        <ele>24.771792</ele>
        <time>2026-05-12T00:37:30.640Z</time>
      </trkpt>
      <trkpt lat="43.715775" lon="7.281291">
        <ele>25.081875</ele>
        <time>2026-05-12T00:37:39.244Z</time>
      </trkpt>
      <trkpt lat="43.715360" lon="7.281371">
        <ele>24.721746</ele>
        <time>2026-05-12T00:37:45.117Z</time>
      </trkpt>
      <trkpt lat="43.715076" lon="7.281477">
        <ele>24.468928</ele>
        <time>2026-05-12T00:37:49.171Z</time>
      </trkpt>
      <trkpt lat="43.714673" lon="7.281733">
        <ele>24.087794</ele>
        <time>2026-05-12T00:37:54.517Z</time>
      </trkpt>
      <trkpt lat="43.714164" lon="7.282114">
        <ele>23.555568</ele>
        <time>2026-05-12T00:38:00.844Z</time>
      </trkpt>
      <trkpt lat="43.714130" lon="7.282140">
        <ele>23.476212</ele>
        <time>2026-05-12T00:38:01.263Z</time>
      </trkpt>
      <trkpt lat="43.714005" lon="7.282234">
        <ele>23.185588</ele>
        <time>2026-05-12T00:38:02.790Z</time>
      </trkpt>
      <trkpt lat="43.713713" lon="7.282462">
        <ele>22.500670</ele>
        <time>2026-05-12T00:38:06.406Z</time>
      </trkpt>
      <trkpt lat="43.713623" lon="7.282495">
        <ele>22.310476</ele>
        <time>2026-05-12T00:38:07.430Z</time>
      </trkpt>
      <trkpt lat="43.712844" lon="7.282647">
        <ele>20.703437</ele>
        <time>2026-05-12T00:38:16.039Z</time>
      </trkpt>
      <trkpt lat="43.712737" lon="7.282663">
        <ele>20.483591</ele>
        <time>2026-05-12T00:38:17.220Z</time>
      </trkpt>
      <trkpt lat="43.712643" lon="7.282678">
        <ele>20.290301</ele>
        <time>2026-05-12T00:38:18.237Z</time>
      </trkpt>
      <trkpt lat="43.711973" lon="7.282807">
        <ele>19.684935</ele>
        <time>2026-05-12T00:38:25.634Z</time>
      </trkpt>
      <trkpt lat="43.711726" lon="7.282850">
        <ele>19.558618</ele>
        <time>2026-05-12T00:38:28.571Z</time>
      </trkpt>
      <trkpt lat="43.711466" lon="7.282894">
        <ele>19.425710</ele>
        <time>2026-05-12T00:38:31.850Z</time>
      </trkpt>
      <trkpt lat="43.710920" lon="7.282806">
        <ele>19.146795</ele>
        <time>2026-05-12T00:38:40.131Z</time>
      </trkpt>
      <trkpt lat="43.710001" lon="7.282506">
        <ele>19.770935</ele>
        <time>2026-05-12T00:39:01.064Z</time>
      </trkpt>
      <trkpt lat="43.709891" lon="7.282468">
        <ele>19.889111</ele>
        <time>2026-05-12T00:39:03.976Z</time>
      </trkpt>
      <trkpt lat="43.709836" lon="7.282449">
        <ele>19.948199</ele>
        <time>2026-05-12T00:39:05.402Z</time>
      </trkpt>
      <trkpt lat="43.708693" lon="7.282068">
        <ele>20.577974</ele>
        <time>2026-05-12T00:39:26.767Z</time>
      </trkpt>
      <trkpt lat="43.708539" lon="7.282013">
        <ele>20.377992</ele>
        <time>2026-05-12T00:39:28.470Z</time>
      </trkpt>
      <trkpt lat="43.708456" lon="7.281984">
        <ele>20.270354</ele>
        <time>2026-05-12T00:39:29.376Z</time>
      </trkpt>
      <trkpt lat="43.707937" lon="7.281801">
        <ele>19.596921</ele>
        <time>2026-05-12T00:39:35.022Z</time>
      </trkpt>
      <trkpt lat="43.707735" lon="7.281730">
        <ele>19.334864</ele>
        <time>2026-05-12T00:39:37.234Z</time>
      </trkpt>
      <trkpt lat="43.707626" lon="7.281693">
        <ele>19.193746</ele>
        <time>2026-05-12T00:39:38.443Z</time>
      </trkpt>
      <trkpt lat="43.707589" lon="7.281682">
        <ele>19.146162</ele>
        <time>2026-05-12T00:39:38.862Z</time>
      </trkpt>
      <trkpt lat="43.707452" lon="7.281641">
        <ele>18.969919</ele>
        <time>2026-05-12T00:39:40.419Z</time>
      </trkpt>
      <trkpt lat="43.707212" lon="7.281577">
        <ele>18.662597</ele>
        <time>2026-05-12T00:39:43.231Z</time>
      </trkpt>
      <trkpt lat="43.706689" lon="7.281433">
        <ele>18.770498</ele>
        <time>2026-05-12T00:39:51.754Z</time>
      </trkpt>
      <trkpt lat="43.706617" lon="7.281516">
        <ele>18.793769</ele>
        <time>2026-05-12T00:39:53.708Z</time>
      </trkpt>
      <trkpt lat="43.706420" lon="7.281424">
        <ele>18.845395</ele>
        <time>2026-05-12T00:39:58.446Z</time>
      </trkpt>
      <trkpt lat="43.705715" lon="7.281021">
        <ele>19.034801</ele>
        <time>2026-05-12T00:40:14.090Z</time>
      </trkpt>
      <trkpt lat="43.703557" lon="7.279444">
        <ele>16.187300</ele>
        <time>2026-05-12T00:40:41.384Z</time>
      </trkpt>
      <trkpt lat="43.703203" lon="7.279177">
        <ele>16.005657</ele>
        <time>2026-05-12T00:40:47.203Z</time>
      </trkpt>
      <trkpt lat="43.703114" lon="7.279184">
        <ele>15.965497</ele>
        <time>2026-05-12T00:40:48.549Z</time>
      </trkpt>
      <trkpt lat="43.703078" lon="7.279159">
        <ele>15.947350</ele>
        <time>2026-05-12T00:40:49.114Z</time>
      </trkpt>
      <trkpt lat="43.703119" lon="7.279043">
        <ele>15.905298</ele>
        <time>2026-05-12T00:40:50.355Z</time>
      </trkpt>
      <trkpt lat="43.703136" lon="7.278928">
        <ele>15.867070</ele>
        <time>2026-05-12T00:40:51.417Z</time>
      </trkpt>
      <trkpt lat="43.703122" lon="7.278486">
        <ele>15.722982</ele>
        <time>2026-05-12T00:40:55.655Z</time>
      </trkpt>
      <trkpt lat="43.703046" lon="7.278128">
        <ele>15.601465</ele>
        <time>2026-05-12T00:40:59.926Z</time>
      </trkpt>
      <trkpt lat="43.703038" lon="7.278501">
        <ele>15.650607</ele>
        <time>2026-05-12T00:41:04.763Z</time>
      </trkpt>
      <trkpt lat="43.703037" lon="7.278666">
        <ele>15.700569</ele>
        <time>2026-05-12T00:41:07.068Z</time>
      </trkpt>
      <trkpt lat="43.703036" lon="7.278911">
        <ele>15.774755</ele>
        <time>2026-05-12T00:41:10.671Z</time>
      </trkpt>
      <trkpt lat="43.703029" lon="7.278973">
        <ele>15.793756</ele>
        <time>2026-05-12T00:41:11.665Z</time>
      </trkpt>
      <trkpt lat="43.702912" lon="7.278880">
        <ele>15.850275</ele>
        <time>2026-05-12T00:41:14.368Z</time>
      </trkpt>
      <trkpt lat="43.702085" lon="7.278314">
        <ele>16.236738</ele>
        <time>2026-05-12T00:41:29.843Z</time>
      </trkpt>
      <trkpt lat="43.701629" lon="7.277993">
        <ele>15.791393</ele>
        <time>2026-05-12T00:41:37.316Z</time>
      </trkpt>
      <trkpt lat="43.701586" lon="7.278053">
        <ele>15.686478</ele>
        <time>2026-05-12T00:41:38.031Z</time>
      </trkpt>
      <trkpt lat="43.701565" lon="7.278039">
        <ele>15.646435</ele>
        <time>2026-05-12T00:41:38.313Z</time>
      </trkpt>
      <trkpt lat="43.701523" lon="7.278011">
        <ele>15.566349</ele>
        <time>2026-05-12T00:41:38.862Z</time>
      </trkpt>
      <trkpt lat="43.700579" lon="7.277373">
        <ele>13.761613</ele>
        <time>2026-05-12T00:41:49.985Z</time>
      </trkpt>
      <trkpt lat="43.700468" lon="7.277299">
        <ele>13.549956</ele>
        <time>2026-05-12T00:41:51.254Z</time>
      </trkpt>
      <trkpt lat="43.700394" lon="7.277250">
        <ele>13.409030</ele>
        <time>2026-05-12T00:41:52.107Z</time>
      </trkpt>
      <trkpt lat="43.700229" lon="7.277137">
        <ele>13.175381</ele>
        <time>2026-05-12T00:41:54.075Z</time>
      </trkpt>
      <trkpt lat="43.699706" lon="7.276790">
        <ele>12.769508</ele>
        <time>2026-05-12T00:42:00.863Z</time>
      </trkpt>
      <trkpt lat="43.699378" lon="7.276563">
        <ele>12.512877</ele>
        <time>2026-05-12T00:42:06.446Z</time>
      </trkpt>
      <trkpt lat="43.699008" lon="7.276201">
        <ele>12.195762</ele>
        <time>2026-05-12T00:42:14.257Z</time>
      </trkpt>
      <trkpt lat="43.698901" lon="7.276049">
        <ele>12.088440</ele>
        <time>2026-05-12T00:42:16.535Z</time>
      </trkpt>
      <trkpt lat="43.698772" lon="7.275773">
        <ele>11.882314</ele>
        <time>2026-05-12T00:42:19.746Z</time>
      </trkpt>
      <trkpt lat="43.698603" lon="7.275157">
        <ele>11.290724</ele>
        <time>2026-05-12T00:42:25.567Z</time>
      </trkpt>
      <trkpt lat="43.698366" lon="7.274204">
        <ele>10.385816</ele>
        <time>2026-05-12T00:42:33.871Z</time>
      </trkpt>
      <trkpt lat="43.698017" lon="7.272802">
        <ele>9.250953</ele>
        <time>2026-05-12T00:42:45.995Z</time>
      </trkpt>
      <trkpt lat="43.697998" lon="7.272710">
        <ele>9.189676</ele>
        <time>2026-05-12T00:42:46.817Z</time>
      </trkpt>
      <trkpt lat="43.697816" lon="7.271968">
        <ele>8.687861</ele>
        <time>2026-05-12T00:42:53.920Z</time>
      </trkpt>
      <trkpt lat="43.697744" lon="7.271680">
        <ele>8.492696</ele>
        <time>2026-05-12T00:42:56.821Z</time>
      </trkpt>
      <trkpt lat="43.697791" lon="7.271659">
        <ele>8.448943</ele>
        <time>2026-05-12T00:42:57.581Z</time>
      </trkpt>
      <trkpt lat="43.697644" lon="7.271083">
        <ele>8.155896</ele>
        <time>2026-05-12T00:43:04.299Z</time>
      </trkpt>
      <trkpt lat="43.697511" lon="7.270564">
        <ele>8.193058</ele>
        <time>2026-05-12T00:43:10.239Z</time>
      </trkpt>
      <trkpt lat="43.697460" lon="7.270414">
        <ele>8.204244</ele>
        <time>2026-05-12T00:43:14.652Z</time>
      </trkpt>
      <trkpt lat="43.697232" lon="7.269724">
        <ele>8.255444</ele>
        <time>2026-05-12T00:43:35.312Z</time>
      </trkpt>
      <trkpt lat="43.697171" lon="7.269548">
        <ele>8.268617</ele>
        <time>2026-05-12T00:43:40.883Z</time>
      </trkpt>
      <trkpt lat="43.696966" lon="7.269067">
        <ele>8.306299</ele>
        <time>2026-05-12T00:43:47.520Z</time>
      </trkpt>
      <trkpt lat="43.696800" lon="7.268693">
        <ele>8.062067</ele>
        <time>2026-05-12T00:43:52.271Z</time>
      </trkpt>
      <trkpt lat="43.696722" lon="7.268508">
        <ele>7.892285</ele>
        <time>2026-05-12T00:43:54.279Z</time>
      </trkpt>
      <trkpt lat="43.696367" lon="7.267662">
        <ele>7.116807</ele>
        <time>2026-05-12T00:44:03.099Z</time>
      </trkpt>
      <trkpt lat="43.696343" lon="7.267602">
        <ele>7.062445</ele>
        <time>2026-05-12T00:44:03.691Z</time>
      </trkpt>
      <trkpt lat="43.696201" lon="7.267249">
        <ele>6.742190</ele>
        <time>2026-05-12T00:44:07.165Z</time>
      </trkpt>
      <trkpt lat="43.696003" lon="7.266900">
        <ele>6.390491</ele>
        <time>2026-05-12T00:44:10.732Z</time>
      </trkpt>
      <trkpt lat="43.695882" lon="7.266776">
        <ele>6.122298</ele>
        <time>2026-05-12T00:44:12.282Z</time>
      </trkpt>
      <trkpt lat="43.695301" lon="7.266387">
        <ele>4.790116</ele>
        <time>2026-05-12T00:44:18.876Z</time>
      </trkpt>
      <trkpt lat="43.695142" lon="7.266368">
        <ele>4.460747</ele>
        <time>2026-05-12T00:44:20.566Z</time>
      </trkpt>
      <trkpt lat="43.695034" lon="7.266374">
        <ele>4.237675</ele>
        <time>2026-05-12T00:44:21.711Z</time>
      </trkpt>
      <trkpt lat="43.694939" lon="7.266401">
        <ele>4.037517</ele>
        <time>2026-05-12T00:44:22.730Z</time>
      </trkpt>
      <trkpt lat="43.694915" lon="7.266443">
        <ele>3.957634</ele>
        <time>2026-05-12T00:44:23.155Z</time>
      </trkpt>
      <trkpt lat="43.694917" lon="7.266476">
        <ele>3.908219</ele>
        <time>2026-05-12T00:44:23.432Z</time>
      </trkpt>
      <trkpt lat="43.694841" lon="7.266482">
        <ele>3.751114</ele>
        <time>2026-05-12T00:44:24.225Z</time>
      </trkpt>
      <trkpt lat="43.694842" lon="7.266534">
        <ele>3.673493</ele>
        <time>2026-05-12T00:44:24.631Z</time>
      </trkpt>
      <trkpt lat="43.694894" lon="7.267849">
        <ele>2.920231</ele>
        <time>2026-05-12T00:44:35.976Z</time>
      </trkpt>
      <trkpt lat="43.694927" lon="7.268926">
        <ele>3.426450</ele>
        <time>2026-05-12T00:44:52.521Z</time>
      </trkpt>
      <trkpt lat="43.695023" lon="7.269285">
        <ele>3.606199</ele>
        <time>2026-05-12T00:44:58.155Z</time>
      </trkpt>
      <trkpt lat="43.695027" lon="7.269736">
        <ele>3.795926</ele>
        <time>2026-05-12T00:45:04.614Z</time>
      </trkpt>
      <trkpt lat="43.695039" lon="7.270935">
        <ele>3.726627</ele>
        <time>2026-05-12T00:45:21.117Z</time>
      </trkpt>
      <trkpt lat="43.695027" lon="7.271141">
        <ele>3.714684</ele>
        <time>2026-05-12T00:45:23.297Z</time>
      </trkpt>
      <trkpt lat="43.695047" lon="7.271327">
        <ele>3.703816</ele>
        <time>2026-05-12T00:45:25.044Z</time>
      </trkpt>
      <trkpt lat="43.695059" lon="7.272146">
        <ele>3.656476</ele>
        <time>2026-05-12T00:45:31.694Z</time>
      </trkpt>
      <trkpt lat="43.695068" lon="7.272745">
        <ele>3.276693</ele>
        <time>2026-05-12T00:45:36.600Z</time>
      </trkpt>
      <trkpt lat="43.695057" lon="7.272742">
        <ele>3.266347</ele>
        <time>2026-05-12T00:45:37.373Z</time>
      </trkpt>
      <trkpt lat="43.694964" lon="7.272760">
        <ele>3.179685</ele>
        <time>2026-05-12T00:45:43.874Z</time>
      </trkpt>
      <trkpt lat="43.694839" lon="7.272785">
        <ele>3.063128</ele>
        <time>2026-05-12T00:45:52.658Z</time>
      </trkpt>
      <trkpt lat="43.694852" lon="7.273646">
        <ele>2.488498</ele>
        <time>2026-05-12T00:46:39.838Z</time>
      </trkpt>
      <trkpt lat="43.694839" lon="7.272785">
        <ele>1.995659</ele>
        <time>2026-05-12T00:47:28.673Z</time>
      </trkpt>
      <trkpt lat="43.694964" lon="7.272760">
        <ele>1.997056</ele>
        <time>2026-05-12T00:47:37.456Z</time>
      </trkpt>
      <trkpt lat="43.695057" lon="7.272742">
        <ele>1.998094</ele>
        <time>2026-05-12T00:47:43.956Z</time>
      </trkpt>
      <trkpt lat="43.695068" lon="7.272745">
        <ele>1.998218</ele>
        <time>2026-05-12T00:47:44.729Z</time>
      </trkpt>
      <trkpt lat="43.695075" lon="7.273418">
        <ele>2.003597</ele>
        <time>2026-05-12T00:47:52.967Z</time>
      </trkpt>
      <trkpt lat="43.695070" lon="7.274043">
        <ele>2.008592</ele>
        <time>2026-05-12T00:48:00.201Z</time>
      </trkpt>
      <trkpt lat="43.695008" lon="7.275222">
        <ele>2.185533</ele>
        <time>2026-05-12T00:48:10.932Z</time>
      </trkpt>
      <trkpt lat="43.694861" lon="7.276816">
        <ele>2.818871</ele>
        <time>2026-05-12T00:48:29.439Z</time>
      </trkpt>
      <trkpt lat="43.694750" lon="7.277633">
        <ele>3.311621</ele>
        <time>2026-05-12T00:48:44.076Z</time>
      </trkpt>
      <trkpt lat="43.694740" lon="7.277883">
        <ele>3.517871</ele>
        <time>2026-05-12T00:48:49.052Z</time>
      </trkpt>
      <trkpt lat="43.694690" lon="7.278106">
        <ele>3.710196</ele>
        <time>2026-05-12T00:48:53.308Z</time>
      </trkpt>
      <trkpt lat="43.694591" lon="7.278383">
        <ele>3.964727</ele>
        <time>2026-05-12T00:48:58.369Z</time>
      </trkpt>
      <trkpt lat="43.694340" lon="7.278785">
        <ele>4.402256</ele>
        <time>2026-05-12T00:49:05.383Z</time>
      </trkpt>
      <trkpt lat="43.694271" lon="7.278880">
        <ele>4.513178</ele>
        <time>2026-05-12T00:49:07.150Z</time>
      </trkpt>
      <trkpt lat="43.694110" lon="7.279003">
        <ele>4.722727</ele>
        <time>2026-05-12T00:49:10.235Z</time>
      </trkpt>
      <trkpt lat="43.693759" lon="7.279053">
        <ele>4.962689</ele>
        <time>2026-05-12T00:49:15.414Z</time>
      </trkpt>
      <trkpt lat="43.693666" lon="7.279093">
        <ele>4.850335</ele>
        <time>2026-05-12T00:49:16.754Z</time>
      </trkpt>
      <trkpt lat="43.693601" lon="7.279178">
        <ele>4.747140</ele>
        <time>2026-05-12T00:49:17.864Z</time>
      </trkpt>
      <trkpt lat="43.693563" lon="7.279281">
        <ele>4.650689</ele>
        <time>2026-05-12T00:49:18.903Z</time>
      </trkpt>
      <trkpt lat="43.693439" lon="7.279760">
        <ele>4.226315</ele>
        <time>2026-05-12T00:49:22.932Z</time>
      </trkpt>
      <trkpt lat="43.693112" lon="7.280690">
        <ele>3.363732</ele>
        <time>2026-05-12T00:49:31.081Z</time>
      </trkpt>
      <trkpt lat="43.693084" lon="7.280818">
        <ele>3.252186</ele>
        <time>2026-05-12T00:49:32.316Z</time>
      </trkpt>
      <trkpt lat="43.693073" lon="7.281046">
        <ele>3.061585</ele>
        <time>2026-05-12T00:49:34.576Z</time>
      </trkpt>
      <trkpt lat="43.693115" lon="7.281307">
        <ele>2.940742</ele>
        <time>2026-05-12T00:49:37.425Z</time>
      </trkpt>
      <trkpt lat="43.693345" lon="7.282001">
        <ele>2.801681</ele>
        <time>2026-05-12T00:49:45.834Z</time>
      </trkpt>
      <trkpt lat="43.693467" lon="7.282250">
        <ele>2.746892</ele>
        <time>2026-05-12T00:49:48.822Z</time>
      </trkpt>
      <trkpt lat="43.693628" lon="7.282484">
        <ele>2.688055</ele>
        <time>2026-05-12T00:49:52.101Z</time>
      </trkpt>
      <trkpt lat="43.693924" lon="7.282763">
        <ele>2.597814</ele>
        <time>2026-05-12T00:49:57.163Z</time>
      </trkpt>
      <trkpt lat="43.694216" lon="7.282945">
        <ele>2.517127</ele>
        <time>2026-05-12T00:50:01.810Z</time>
      </trkpt>
      <trkpt lat="43.695042" lon="7.283252">
        <ele>2.377115</ele>
        <time>2026-05-12T00:50:13.269Z</time>
      </trkpt>
      <trkpt lat="43.695582" lon="7.283407">
        <ele>2.287051</ele>
        <time>2026-05-12T00:50:21.107Z</time>
      </trkpt>
      <trkpt lat="43.696223" lon="7.283543">
        <ele>2.224873</ele>
        <time>2026-05-12T00:50:31.453Z</time>
      </trkpt>
      <trkpt lat="43.696732" lon="7.283604">
        <ele>2.229783</ele>
        <time>2026-05-12T00:50:39.287Z</time>
      </trkpt>
      <trkpt lat="43.697029" lon="7.283621">
        <ele>2.232639</ele>
        <time>2026-05-12T00:50:43.725Z</time>
      </trkpt>
      <trkpt lat="43.697460" lon="7.283694">
        <ele>2.236811</ele>
        <time>2026-05-12T00:50:50.338Z</time>
      </trkpt>
      <trkpt lat="43.698147" lon="7.283808">
        <ele>2.819427</ele>
        <time>2026-05-12T00:50:59.746Z</time>
      </trkpt>
      <trkpt lat="43.698327" lon="7.283866">
        <ele>3.095182</ele>
        <time>2026-05-12T00:51:02.223Z</time>
      </trkpt>
      <trkpt lat="43.698412" lon="7.283935">
        <ele>3.242232</ele>
        <time>2026-05-12T00:51:03.542Z</time>
      </trkpt>
      <trkpt lat="43.698457" lon="7.283968">
        <ele>3.318226</ele>
        <time>2026-05-12T00:51:04.268Z</time>
      </trkpt>
      <trkpt lat="43.698518" lon="7.284156">
        <ele>3.540510</ele>
        <time>2026-05-12T00:51:06.514Z</time>
      </trkpt>
      <trkpt lat="43.698448" lon="7.285110">
        <ele>4.574885</ele>
        <time>2026-05-12T00:51:22.779Z</time>
      </trkpt>
      <trkpt lat="43.698407" lon="7.285529">
        <ele>5.334106</ele>
        <time>2026-05-12T00:51:32.603Z</time>
      </trkpt>
      <trkpt lat="43.698325" lon="7.286282">
        <ele>8.468595</ele>
        <time>2026-05-12T00:51:51.953Z</time>
      </trkpt>
      <trkpt lat="43.698336" lon="7.286386">
        <ele>8.901241</ele>
        <time>2026-05-12T00:51:54.820Z</time>
      </trkpt>
      <trkpt lat="43.698313" lon="7.286555">
        <ele>9.609103</ele>
        <time>2026-05-12T00:51:59.400Z</time>
      </trkpt>
      <trkpt lat="43.698272" lon="7.287002">
        <ele>11.463812</ele>
        <time>2026-05-12T00:52:11.972Z</time>
      </trkpt>
      <trkpt lat="43.698263" lon="7.287109">
        <ele>11.907221</ele>
        <time>2026-05-12T00:52:15.190Z</time>
      </trkpt>
      <trkpt lat="43.698255" lon="7.287195">
        <ele>12.264136</ele>
        <time>2026-05-12T00:52:18.039Z</time>
      </trkpt>
      <trkpt lat="43.698242" lon="7.287321">
        <ele>12.788037</ele>
        <time>2026-05-12T00:52:22.024Z</time>
      </trkpt>
      <trkpt lat="43.698121" lon="7.288324">
        <ele>17.252382</ele>
        <time>2026-05-12T00:52:53.868Z</time>
      </trkpt>
      <trkpt lat="43.698035" lon="7.288588">
        <ele>18.627789</ele>
        <time>2026-05-12T00:53:01.834Z</time>
      </trkpt>
      <trkpt lat="43.697955" lon="7.288709">
        <ele>19.406625</ele>
        <time>2026-05-12T00:53:06.316Z</time>
      </trkpt>
      <trkpt lat="43.697842" lon="7.288798">
        <ele>20.260952</ele>
        <time>2026-05-12T00:53:11.362Z</time>
      </trkpt>
      <trkpt lat="43.697696" lon="7.288853">
        <ele>21.255100</ele>
        <time>2026-05-12T00:53:17.446Z</time>
      </trkpt>
      <trkpt lat="43.697120" lon="7.288906">
        <ele>25.047735</ele>
        <time>2026-05-12T00:53:42.741Z</time>
      </trkpt>
      <trkpt lat="43.696924" lon="7.289026">
        <ele>26.455957</ele>
        <time>2026-05-12T00:53:51.935Z</time>
      </trkpt>
      <trkpt lat="43.696813" lon="7.289176">
        <ele>27.373836</ele>
        <time>2026-05-12T00:53:58.055Z</time>
      </trkpt>
      <trkpt lat="43.696750" lon="7.289328">
        <ele>28.035086</ele>
        <time>2026-05-12T00:54:02.750Z</time>
      </trkpt>
      <trkpt lat="43.696702" lon="7.289571">
        <ele>28.985819</ele>
        <time>2026-05-12T00:54:09.094Z</time>
      </trkpt>
      <trkpt lat="43.696691" lon="7.289808">
        <ele>29.882137</ele>
        <time>2026-05-12T00:54:15.224Z</time>
      </trkpt>
      <trkpt lat="43.696679" lon="7.290381">
        <ele>32.045639</ele>
        <time>2026-05-12T00:54:30.710Z</time>
      </trkpt>
      <trkpt lat="43.696664" lon="7.291187">
        <ele>35.088622</ele>
        <time>2026-05-12T00:54:50.841Z</time>
      </trkpt>
      <trkpt lat="43.696638" lon="7.291465">
        <ele>36.146581</ele>
        <time>2026-05-12T00:54:57.079Z</time>
      </trkpt>
      <trkpt lat="43.696533" lon="7.291827">
        <ele>37.311833</ele>
        <time>2026-05-12T00:55:06.072Z</time>
      </trkpt>
      <trkpt lat="43.696464" lon="7.291982">
        <ele>37.830047</ele>
        <time>2026-05-12T00:55:10.332Z</time>
      </trkpt>
      <trkpt lat="43.696327" lon="7.292169">
        <ele>38.587966</ele>
        <time>2026-05-12T00:55:16.058Z</time>
      </trkpt>
      <trkpt lat="43.695732" lon="7.292861">
        <ele>41.649089</ele>
        <time>2026-05-12T00:55:37.401Z</time>
      </trkpt>
      <trkpt lat="43.695580" lon="7.293005">
        <ele>42.374554</ele>
        <time>2026-05-12T00:55:43.196Z</time>
      </trkpt>
      <trkpt lat="43.695290" lon="7.293206">
        <ele>43.466914</ele>
        <time>2026-05-12T00:55:55.387Z</time>
      </trkpt>
      <trkpt lat="43.695024" lon="7.293348">
        <ele>43.550117</ele>
        <time>2026-05-12T00:56:05.344Z</time>
      </trkpt>
      <trkpt lat="43.694859" lon="7.293416">
        <ele>43.600358</ele>
        <time>2026-05-12T00:56:10.243Z</time>
      </trkpt>
      <trkpt lat="43.694738" lon="7.293462">
        <ele>43.636977</ele>
        <time>2026-05-12T00:56:13.522Z</time>
      </trkpt>
      <trkpt lat="43.694437" lon="7.293568">
        <ele>43.727614</ele>
        <time>2026-05-12T00:56:19.775Z</time>
      </trkpt>
      <trkpt lat="43.694226" lon="7.293562">
        <ele>43.789199</ele>
        <time>2026-05-12T00:56:22.742Z</time>
      </trkpt>
      <trkpt lat="43.694132" lon="7.293535">
        <ele>43.817214</ele>
        <time>2026-05-12T00:56:23.947Z</time>
      </trkpt>
      <trkpt lat="43.693497" lon="7.293187">
        <ele>43.785960</ele>
        <time>2026-05-12T00:56:30.693Z</time>
      </trkpt>
      <trkpt lat="43.693196" lon="7.293100">
        <ele>43.352628</ele>
        <time>2026-05-12T00:56:33.453Z</time>
      </trkpt>
      <trkpt lat="43.692967" lon="7.293119">
        <ele>43.029343</ele>
        <time>2026-05-12T00:56:35.604Z</time>
      </trkpt>
      <trkpt lat="43.692338" lon="7.293308">
        <ele>42.122281</ele>
        <time>2026-05-12T00:56:42.613Z</time>
      </trkpt>
      <trkpt lat="43.692202" lon="7.293443">
        <ele>41.886375</ele>
        <time>2026-05-12T00:56:46.229Z</time>
      </trkpt>
      <trkpt lat="43.692103" lon="7.293643">
        <ele>41.639409</ele>
        <time>2026-05-12T00:56:51.064Z</time>
      </trkpt>
      <trkpt lat="43.691890" lon="7.294340">
        <ele>43.301966</ele>
        <time>2026-05-12T00:57:09.408Z</time>
      </trkpt>
      <trkpt lat="43.691773" lon="7.294600">
        <ele>44.312987</ele>
        <time>2026-05-12T00:57:18.341Z</time>
      </trkpt>
      <trkpt lat="43.691612" lon="7.294836">
        <ele>45.384163</ele>
        <time>2026-05-12T00:57:27.702Z</time>
      </trkpt>
      <trkpt lat="43.691333" lon="7.295078">
        <ele>46.887843</ele>
        <time>2026-05-12T00:57:38.825Z</time>
      </trkpt>
      <trkpt lat="43.691222" lon="7.295140">
        <ele>47.434425</ele>
        <time>2026-05-12T00:57:42.423Z</time>
      </trkpt>
      <trkpt lat="43.690090" lon="7.295461">
        <ele>53.151288</ele>
        <time>2026-05-12T00:58:19.562Z</time>
      </trkpt>
      <trkpt lat="43.689751" lon="7.295500">
        <ele>54.928498</ele>
        <time>2026-05-12T00:58:33.932Z</time>
      </trkpt>
      <trkpt lat="43.688543" lon="7.295649">
        <ele>58.730669</ele>
        <time>2026-05-12T00:59:19.170Z</time>
      </trkpt>
      <trkpt lat="43.688433" lon="7.295655">
        <ele>58.647268</ele>
        <time>2026-05-12T00:59:21.766Z</time>
      </trkpt>
      <trkpt lat="43.688287" lon="7.295708">
        <ele>58.532911</ele>
        <time>2026-05-12T00:59:24.832Z</time>
      </trkpt>
      <trkpt lat="43.688245" lon="7.295738">
        <ele>58.497098</ele>
        <time>2026-05-12T00:59:25.699Z</time>
      </trkpt>
      <trkpt lat="43.688216" lon="7.295768">
        <ele>58.469661</ele>
        <time>2026-05-12T00:59:26.246Z</time>
      </trkpt>
      <trkpt lat="43.688180" lon="7.295812">
        <ele>58.433262</ele>
        <time>2026-05-12T00:59:26.986Z</time>
      </trkpt>
      <trkpt lat="43.688137" lon="7.295876">
        <ele>58.385403</ele>
        <time>2026-05-12T00:59:27.838Z</time>
      </trkpt>
      <trkpt lat="43.688059" lon="7.296026">
        <ele>58.284187</ele>
        <time>2026-05-12T00:59:29.343Z</time>
      </trkpt>
      <trkpt lat="43.688032" lon="7.296132">
        <ele>58.222620</ele>
        <time>2026-05-12T00:59:30.171Z</time>
      </trkpt>
      <trkpt lat="43.687959" lon="7.296390">
        <ele>58.070844</ele>
        <time>2026-05-12T00:59:32.090Z</time>
      </trkpt>
      <trkpt lat="43.687890" lon="7.296700">
        <ele>57.893153</ele>
        <time>2026-05-12T00:59:34.227Z</time>
      </trkpt>
      <trkpt lat="43.687846" lon="7.296904">
        <ele>57.776530</ele>
        <time>2026-05-12T00:59:35.620Z</time>
      </trkpt>
      <trkpt lat="43.687777" lon="7.297225">
        <ele>57.145774</ele>
        <time>2026-05-12T00:59:37.857Z</time>
      </trkpt>
      <trkpt lat="43.687623" lon="7.297950">
        <ele>54.800358</ele>
        <time>2026-05-12T00:59:42.951Z</time>
      </trkpt>
      <trkpt lat="43.687492" lon="7.298563">
        <ele>52.816305</ele>
        <time>2026-05-12T00:59:47.363Z</time>
      </trkpt>
      <trkpt lat="43.687429" lon="7.298858">
        <ele>51.861550</ele>
        <time>2026-05-12T00:59:49.540Z</time>
      </trkpt>
      <trkpt lat="43.687410" lon="7.298947">
        <ele>51.573514</ele>
        <time>2026-05-12T00:59:50.201Z</time>
      </trkpt>
      <trkpt lat="43.687395" lon="7.299022">
        <ele>51.331979</ele>
        <time>2026-05-12T00:59:50.779Z</time>
      </trkpt>
      <trkpt lat="43.687313" lon="7.299404">
        <ele>50.095138</ele>
        <time>2026-05-12T00:59:53.888Z</time>
      </trkpt>
      <trkpt lat="43.687222" lon="7.299821">
        <ele>48.545516</ele>
        <time>2026-05-12T00:59:57.539Z</time>
      </trkpt>
      <trkpt lat="43.687122" lon="7.300290">
        <ele>46.783009</ele>
        <time>2026-05-12T01:00:01.222Z</time>
      </trkpt>
      <trkpt lat="43.686934" lon="7.301173">
        <ele>43.465064</ele>
        <time>2026-05-12T01:00:07.680Z</time>
      </trkpt>
      <trkpt lat="43.686743" lon="7.302116">
        <ele>40.263486</ele>
        <time>2026-05-12T01:00:13.808Z</time>
      </trkpt>
      <trkpt lat="43.686600" lon="7.302581">
        <ele>39.002352</ele>
        <time>2026-05-12T01:00:17.039Z</time>
      </trkpt>
      <trkpt lat="43.686387" lon="7.303010">
        <ele>37.703567</ele>
        <time>2026-05-12T01:00:20.581Z</time>
      </trkpt>
      <trkpt lat="43.686318" lon="7.303185">
        <ele>37.206094</ele>
        <time>2026-05-12T01:00:21.980Z</time>
      </trkpt>
      <trkpt lat="43.686297" lon="7.303269">
        <ele>36.984271</ele>
        <time>2026-05-12T01:00:22.588Z</time>
      </trkpt>
      <trkpt lat="43.686227" lon="7.303649">
        <ele>36.005572</ele>
        <time>2026-05-12T01:00:25.671Z</time>
      </trkpt>
      <trkpt lat="43.686229" lon="7.304100">
        <ele>34.879937</ele>
        <time>2026-05-12T01:00:31.998Z</time>
      </trkpt>
      <trkpt lat="43.686268" lon="7.304543">
        <ele>36.663355</ele>
        <time>2026-05-12T01:00:43.812Z</time>
      </trkpt>
      <trkpt lat="43.686351" lon="7.304855">
        <ele>38.170498</ele>
        <time>2026-05-12T01:00:57.013Z</time>
      </trkpt>
      <trkpt lat="43.686464" lon="7.305097">
        <ele>39.476460</ele>
        <time>2026-05-12T01:01:08.924Z</time>
      </trkpt>
      <trkpt lat="43.686621" lon="7.305273">
        <ele>40.743526</ele>
        <time>2026-05-12T01:01:18.515Z</time>
      </trkpt>
      <trkpt lat="43.686749" lon="7.305396">
        <ele>41.720717</ele>
        <time>2026-05-12T01:01:25.135Z</time>
      </trkpt>
      <trkpt lat="43.686962" lon="7.305593">
        <ele>43.327211</ele>
        <time>2026-05-12T01:01:35.561Z</time>
      </trkpt>
      <trkpt lat="43.687523" lon="7.306132">
        <ele>47.053388</ele>
        <time>2026-05-12T01:02:02.585Z</time>
      </trkpt>
      <trkpt lat="43.688006" lon="7.306548">
        <ele>49.330734</ele>
        <time>2026-05-12T01:02:19.345Z</time>
      </trkpt>
      <trkpt lat="43.688181" lon="7.306663">
        <ele>50.106182</ele>
        <time>2026-05-12T01:02:24.942Z</time>
      </trkpt>
      <trkpt lat="43.688856" lon="7.306976">
        <ele>52.955525</ele>
        <time>2026-05-12T01:02:46.033Z</time>
      </trkpt>
      <trkpt lat="43.689104" lon="7.307045">
        <ele>53.477314</ele>
        <time>2026-05-12T01:02:52.701Z</time>
      </trkpt>
      <trkpt lat="43.689337" lon="7.307054">
        <ele>53.754700</ele>
        <time>2026-05-12T01:02:58.486Z</time>
      </trkpt>
      <trkpt lat="43.689899" lon="7.306999">
        <ele>54.425170</ele>
        <time>2026-05-12T01:03:10.842Z</time>
      </trkpt>
      <trkpt lat="43.689923" lon="7.306999">
        <ele>54.453731</ele>
        <time>2026-05-12T01:03:11.322Z</time>
      </trkpt>
      <trkpt lat="43.690070" lon="7.307001">
        <ele>54.628674</ele>
        <time>2026-05-12T01:03:14.171Z</time>
      </trkpt>
      <trkpt lat="43.691201" lon="7.307043">
        <ele>55.370641</ele>
        <time>2026-05-12T01:03:29.121Z</time>
      </trkpt>
      <trkpt lat="43.691857" lon="7.307063">
        <ele>55.316064</ele>
        <time>2026-05-12T01:03:37.438Z</time>
      </trkpt>
      <trkpt lat="43.692454" lon="7.307045">
        <ele>55.266396</ele>
        <time>2026-05-12T01:03:45.276Z</time>
      </trkpt>
      <trkpt lat="43.693112" lon="7.306963">
        <ele>58.280692</ele>
        <time>2026-05-12T01:04:01.793Z</time>
      </trkpt>
      <trkpt lat="43.693469" lon="7.306807">
        <ele>60.196983</ele>
        <time>2026-05-12T01:04:16.210Z</time>
      </trkpt>
      <trkpt lat="43.693723" lon="7.306596">
        <ele>61.713533</ele>
        <time>2026-05-12T01:04:29.516Z</time>
      </trkpt>
      <trkpt lat="43.694121" lon="7.306084">
        <ele>64.491567</ele>
        <time>2026-05-12T01:04:54.630Z</time>
      </trkpt>
      <trkpt lat="43.694394" lon="7.305713">
        <ele>66.175916</ele>
        <time>2026-05-12T01:05:11.364Z</time>
      </trkpt>
      <trkpt lat="43.694580" lon="7.305534">
        <ele>67.173133</ele>
        <time>2026-05-12T01:05:20.446Z</time>
      </trkpt>
      <trkpt lat="43.695707" lon="7.304979">
        <ele>72.335244</ele>
        <time>2026-05-12T01:05:56.001Z</time>
      </trkpt>
      <trkpt lat="43.696075" lon="7.304802">
        <ele>70.891518</ele>
        <time>2026-05-12T01:06:01.227Z</time>
      </trkpt>
      <trkpt lat="43.696402" lon="7.304700">
        <ele>69.649385</ele>
        <time>2026-05-12T01:06:05.309Z</time>
      </trkpt>
      <trkpt lat="43.696984" lon="7.304713">
        <ele>67.492501</ele>
        <time>2026-05-12T01:06:11.601Z</time>
      </trkpt>
      <trkpt lat="43.697808" lon="7.304533">
        <ele>62.147421</ele>
        <time>2026-05-12T01:06:18.691Z</time>
      </trkpt>
      <trkpt lat="43.698066" lon="7.304560">
        <ele>59.546582</ele>
        <time>2026-05-12T01:06:20.893Z</time>
      </trkpt>
      <trkpt lat="43.698269" lon="7.304705">
        <ele>57.249982</ele>
        <time>2026-05-12T01:06:22.823Z</time>
      </trkpt>
      <trkpt lat="43.698404" lon="7.304826">
        <ele>55.632946</ele>
        <time>2026-05-12T01:06:24.181Z</time>
      </trkpt>
      <trkpt lat="43.698565" lon="7.304975">
        <ele>53.685712</ele>
        <time>2026-05-12T01:06:25.834Z</time>
      </trkpt>
      <trkpt lat="43.698855" lon="7.305184">
        <ele>50.398645</ele>
        <time>2026-05-12T01:06:28.610Z</time>
      </trkpt>
      <trkpt lat="43.699076" lon="7.305303">
        <ele>48.014744</ele>
        <time>2026-05-12T01:06:30.632Z</time>
      </trkpt>
      <trkpt lat="43.700015" lon="7.305560">
        <ele>45.241637</ele>
        <time>2026-05-12T01:06:40.367Z</time>
      </trkpt>
      <trkpt lat="43.700378" lon="7.305664">
        <ele>44.275983</ele>
        <time>2026-05-12T01:06:44.924Z</time>
      </trkpt>
      <trkpt lat="43.700571" lon="7.305732">
        <ele>43.757181</ele>
        <time>2026-05-12T01:06:47.509Z</time>
      </trkpt>
      <trkpt lat="43.700839" lon="7.305891">
        <ele>42.997556</ele>
        <time>2026-05-12T01:06:52.160Z</time>
      </trkpt>
      <trkpt lat="43.701036" lon="7.306051">
        <ele>43.142689</ele>
        <time>2026-05-12T01:06:56.520Z</time>
      </trkpt>
      <trkpt lat="43.701224" lon="7.306251">
        <ele>43.357156</ele>
        <time>2026-05-12T01:07:01.267Z</time>
      </trkpt>
      <trkpt lat="43.701426" lon="7.306579">
        <ele>43.638837</ele>
        <time>2026-05-12T01:07:06.550Z</time>
      </trkpt>
      <trkpt lat="43.701572" lon="7.306827">
        <ele>43.847919</ele>
        <time>2026-05-12T01:07:10.484Z</time>
      </trkpt>
      <trkpt lat="43.701901" lon="7.307381">
        <ele>44.316615</ele>
        <time>2026-05-12T01:07:20.032Z</time>
      </trkpt>
      <trkpt lat="43.701927" lon="7.307423">
        <ele>44.352763</ele>
        <time>2026-05-12T01:07:20.868Z</time>
      </trkpt>
      <trkpt lat="43.701957" lon="7.307471">
        <ele>44.394243</ele>
        <time>2026-05-12T01:07:21.852Z</time>
      </trkpt>
      <trkpt lat="43.702443" lon="7.308267">
        <ele>45.307120</ele>
        <time>2026-05-12T01:07:38.598Z</time>
      </trkpt>
      <trkpt lat="43.702592" lon="7.308472">
        <ele>45.585778</ele>
        <time>2026-05-12T01:07:43.006Z</time>
      </trkpt>
      <trkpt lat="43.702689" lon="7.308599">
        <ele>45.762876</ele>
        <time>2026-05-12T01:07:45.667Z</time>
      </trkpt>
      <trkpt lat="43.702759" lon="7.308690">
        <ele>45.890252</ele>
        <time>2026-05-12T01:07:47.397Z</time>
      </trkpt>
      <trkpt lat="43.702921" lon="7.308873">
        <ele>46.167587</ele>
        <time>2026-05-12T01:07:51.301Z</time>
      </trkpt>
      <trkpt lat="43.703055" lon="7.308968">
        <ele>46.367245</ele>
        <time>2026-05-12T01:07:54.069Z</time>
      </trkpt>
      <trkpt lat="43.703614" lon="7.309170">
        <ele>47.306167</ele>
        <time>2026-05-12T01:08:04.652Z</time>
      </trkpt>
      <trkpt lat="43.703753" lon="7.309219">
        <ele>47.689746</ele>
        <time>2026-05-12T01:08:07.553Z</time>
      </trkpt>
      <trkpt lat="43.704026" lon="7.309317">
        <ele>48.443953</ele>
        <time>2026-05-12T01:08:13.931Z</time>
      </trkpt>
      <trkpt lat="43.704061" lon="7.309328">
        <ele>48.539931</ele>
        <time>2026-05-12T01:08:14.818Z</time>
      </trkpt>
      <trkpt lat="43.704310" lon="7.309399">
        <ele>49.219778</ele>
        <time>2026-05-12T01:08:21.089Z</time>
      </trkpt>
      <trkpt lat="43.704603" lon="7.309474">
        <ele>50.016588</ele>
        <time>2026-05-12T01:08:28.730Z</time>
      </trkpt>
      <trkpt lat="43.704666" lon="7.309487">
        <ele>50.186919</ele>
        <time>2026-05-12T01:08:30.400Z</time>
      </trkpt>
      <trkpt lat="43.705173" lon="7.309490">
        <ele>51.542694</ele>
        <time>2026-05-12T01:08:44.156Z</time>
      </trkpt>
      <trkpt lat="43.705730" lon="7.309627">
        <ele>53.844820</ele>
        <time>2026-05-12T01:09:04.496Z</time>
      </trkpt>
      <trkpt lat="43.705827" lon="7.309686">
        <ele>54.302567</ele>
        <time>2026-05-12T01:09:08.107Z</time>
      </trkpt>
      <trkpt lat="43.705898" lon="7.309787">
        <ele>54.742514</ele>
        <time>2026-05-12T01:09:11.771Z</time>
      </trkpt>
      <trkpt lat="43.705924" lon="7.309899">
        <ele>55.109863</ele>
        <time>2026-05-12T01:09:14.822Z</time>
      </trkpt>
      <trkpt lat="43.705891" lon="7.310357">
        <ele>56.547206</ele>
        <time>2026-05-12T01:09:25.920Z</time>
      </trkpt>
      <trkpt lat="43.705873" lon="7.310739">
        <ele>57.742659</ele>
        <time>2026-05-12T01:09:34.650Z</time>
      </trkpt>
      <trkpt lat="43.705902" lon="7.310960">
        <ele>58.444083</ele>
        <time>2026-05-12T01:09:39.659Z</time>
      </trkpt>
      <trkpt lat="43.705935" lon="7.311039">
        <ele>58.729013</ele>
        <time>2026-05-12T01:09:41.532Z</time>
      </trkpt>
      <trkpt lat="43.706396" lon="7.311652">
        <ele>60.048532</ele>
        <time>2026-05-12T01:10:00.956Z</time>
      </trkpt>
      <trkpt lat="43.706552" lon="7.311829">
        <ele>60.274675</ele>
        <time>2026-05-12T01:10:05.386Z</time>
      </trkpt>
      <trkpt lat="43.706784" lon="7.312027">
        <ele>60.580218</ele>
        <time>2026-05-12T01:10:10.886Z</time>
      </trkpt>
      <trkpt lat="43.706977" lon="7.312173">
        <ele>60.826773</ele>
        <time>2026-05-12T01:10:14.923Z</time>
      </trkpt>
      <trkpt lat="43.707429" lon="7.312377">
        <ele>61.359677</ele>
        <time>2026-05-12T01:10:21.541Z</time>
      </trkpt>
      <trkpt lat="43.707886" lon="7.312717">
        <ele>59.893904</ele>
        <time>2026-05-12T01:10:27.369Z</time>
      </trkpt>
      <trkpt lat="43.707991" lon="7.312868">
        <ele>59.154435</ele>
        <time>2026-05-12T01:10:28.937Z</time>
      </trkpt>
      <trkpt lat="43.708039" lon="7.312988">
        <ele>58.670403</ele>
        <time>2026-05-12T01:10:29.938Z</time>
      </trkpt>
      <trkpt lat="43.708254" lon="7.313704">
        <ele>55.934077</ele>
        <time>2026-05-12T01:10:35.428Z</time>
      </trkpt>
      <trkpt lat="43.708281" lon="7.313829">
        <ele>55.473643</ele>
        <time>2026-05-12T01:10:36.327Z</time>
      </trkpt>
      <trkpt lat="43.708273" lon="7.314063">
        <ele>54.646867</ele>
        <time>2026-05-12T01:10:37.934Z</time>
      </trkpt>
      <trkpt lat="43.708035" lon="7.315404">
        <ele>48.130994</ele>
        <time>2026-05-12T01:10:46.507Z</time>
      </trkpt>
      <trkpt lat="43.707992" lon="7.315488">
        <ele>47.569089</ele>
        <time>2026-05-12T01:10:47.144Z</time>
      </trkpt>
      <trkpt lat="43.707704" lon="7.315824">
        <ele>44.723907</ele>
        <time>2026-05-12T01:10:50.406Z</time>
      </trkpt>
      <trkpt lat="43.707595" lon="7.316015">
        <ele>43.395440</ele>
        <time>2026-05-12T01:10:51.995Z</time>
      </trkpt>
      <trkpt lat="43.707406" lon="7.316385">
        <ele>40.922137</ele>
        <time>2026-05-12T01:10:55.062Z</time>
      </trkpt>
      <trkpt lat="43.707221" lon="7.316765">
        <ele>38.988588</ele>
        <time>2026-05-12T01:10:58.243Z</time>
      </trkpt>
      <trkpt lat="43.707163" lon="7.316957">
        <ele>38.686618</ele>
        <time>2026-05-12T01:10:59.735Z</time>
      </trkpt>
      <trkpt lat="43.707169" lon="7.317214">
        <ele>38.313478</ele>
        <time>2026-05-12T01:11:01.741Z</time>
      </trkpt>
      <trkpt lat="43.707237" lon="7.317624">
        <ele>37.703048</ele>
        <time>2026-05-12T01:11:05.655Z</time>
      </trkpt>
      <trkpt lat="43.707222" lon="7.317882">
        <ele>37.327442</ele>
        <time>2026-05-12T01:11:10.199Z</time>
      </trkpt>
      <trkpt lat="43.706849" lon="7.318678">
        <ele>35.950863</ele>
        <time>2026-05-12T01:11:20.881Z</time>
      </trkpt>
      <trkpt lat="43.706724" lon="7.318929">
        <ele>35.442279</ele>
        <time>2026-05-12T01:11:22.976Z</time>
      </trkpt>
      <trkpt lat="43.706615" lon="7.319088">
        <ele>34.842640</ele>
        <time>2026-05-12T01:11:24.413Z</time>
      </trkpt>
      <trkpt lat="43.706346" lon="7.319448">
        <ele>33.425802</ele>
        <time>2026-05-12T01:11:27.717Z</time>
      </trkpt>
      <trkpt lat="43.705733" lon="7.320080">
        <ele>30.531695</ele>
        <time>2026-05-12T01:11:35.226Z</time>
      </trkpt>
      <trkpt lat="43.705634" lon="7.320213">
        <ele>30.009284</ele>
        <time>2026-05-12T01:11:36.652Z</time>
      </trkpt>
      <trkpt lat="43.705193" lon="7.320959">
        <ele>29.076004</ele>
        <time>2026-05-12T01:11:44.037Z</time>
      </trkpt>
      <trkpt lat="43.705069" lon="7.321131">
        <ele>29.218854</ele>
        <time>2026-05-12T01:11:46.765Z</time>
      </trkpt>
      <trkpt lat="43.704801" lon="7.321394">
        <ele>29.486158</ele>
        <time>2026-05-12T01:11:55.981Z</time>
      </trkpt>
      <trkpt lat="43.704371" lon="7.321675">
        <ele>29.873027</ele>
        <time>2026-05-12T01:12:09.521Z</time>
      </trkpt>
      <trkpt lat="43.704208" lon="7.321814">
        <ele>30.028797</ele>
        <time>2026-05-12T01:12:13.669Z</time>
      </trkpt>
      <trkpt lat="43.704036" lon="7.322063">
        <ele>30.231332</ele>
        <time>2026-05-12T01:12:18.171Z</time>
      </trkpt>
      <trkpt lat="43.703697" lon="7.322635">
        <ele>29.594862</ele>
        <time>2026-05-12T01:12:25.663Z</time>
      </trkpt>
      <trkpt lat="43.703091" lon="7.323999">
        <ele>28.182225</ele>
        <time>2026-05-12T01:12:38.929Z</time>
      </trkpt>
      <trkpt lat="43.702769" lon="7.324519">
        <ele>26.947784</ele>
        <time>2026-05-12T01:12:43.906Z</time>
      </trkpt>
      <trkpt lat="43.702485" lon="7.324890">
        <ele>25.823918</ele>
        <time>2026-05-12T01:12:47.673Z</time>
      </trkpt>
      <trkpt lat="43.702035" lon="7.325485">
        <ele>24.032901</ele>
        <time>2026-05-12T01:12:54.256Z</time>
      </trkpt>
      <trkpt lat="43.701901" lon="7.325624">
        <ele>23.551013</ele>
        <time>2026-05-12T01:12:56.214Z</time>
      </trkpt>
      <trkpt lat="43.701831" lon="7.325754">
        <ele>23.213859</ele>
        <time>2026-05-12T01:12:57.523Z</time>
      </trkpt>
      <trkpt lat="43.701798" lon="7.325903">
        <ele>22.889730</ele>
        <time>2026-05-12T01:12:58.762Z</time>
      </trkpt>
      <trkpt lat="43.701774" lon="7.326041">
        <ele>22.401400</ele>
        <time>2026-05-12T01:12:59.860Z</time>
      </trkpt>
      <trkpt lat="43.701693" lon="7.326497">
        <ele>20.734377</ele>
        <time>2026-05-12T01:13:03.251Z</time>
      </trkpt>
      <trkpt lat="43.701660" lon="7.326563">
        <ele>20.449487</ele>
        <time>2026-05-12T01:13:03.801Z</time>
      </trkpt>
      <trkpt lat="43.701523" lon="7.326631">
        <ele>19.734721</ele>
        <time>2026-05-12T01:13:05.184Z</time>
      </trkpt>
      <trkpt lat="43.701475" lon="7.326636">
        <ele>19.498341</ele>
        <time>2026-05-12T01:13:05.646Z</time>
      </trkpt>
      <trkpt lat="43.701553" lon="7.326929">
        <ele>18.389860</ele>
        <time>2026-05-12T01:13:07.776Z</time>
      </trkpt>
      <trkpt lat="43.701939" lon="7.328006">
        <ele>14.122271</ele>
        <time>2026-05-12T01:13:15.780Z</time>
      </trkpt>
      <trkpt lat="43.702317" lon="7.329098">
        <ele>9.689695</ele>
        <time>2026-05-12T01:13:23.608Z</time>
      </trkpt>
      <trkpt lat="43.702962" lon="7.329616">
        <ele>5.910324</ele>
        <time>2026-05-12T01:13:30.867Z</time>
      </trkpt>
      <trkpt lat="43.703093" lon="7.329771">
        <ele>5.036781</ele>
        <time>2026-05-12T01:13:32.664Z</time>
      </trkpt>
      <trkpt lat="43.703301" lon="7.330078">
        <ele>4.764970</ele>
        <time>2026-05-12T01:13:35.966Z</time>
      </trkpt>
      <trkpt lat="43.703933" lon="7.331094">
        <ele>4.228179</ele>
        <time>2026-05-12T01:13:47.116Z</time>
      </trkpt>
      <trkpt lat="43.703958" lon="7.331149">
        <ele>4.202160</ele>
        <time>2026-05-12T01:13:47.754Z</time>
      </trkpt>
      <trkpt lat="43.704126" lon="7.331613">
        <ele>3.994332</ele>
        <time>2026-05-12T01:13:55.034Z</time>
      </trkpt>
      <trkpt lat="43.704197" lon="7.331878">
        <ele>4.228635</ele>
        <time>2026-05-12T01:14:00.538Z</time>
      </trkpt>
      <trkpt lat="43.704225" lon="7.332103">
        <ele>4.872141</ele>
        <time>2026-05-12T01:14:05.420Z</time>
      </trkpt>
      <trkpt lat="43.704241" lon="7.332261">
        <ele>5.321823</ele>
        <time>2026-05-12T01:14:09.026Z</time>
      </trkpt>
      <trkpt lat="43.704292" lon="7.332506">
        <ele>6.040431</ele>
        <time>2026-05-12T01:14:15.171Z</time>
      </trkpt>
      <trkpt lat="43.704366" lon="7.332629">
        <ele>6.491465</ele>
        <time>2026-05-12T01:14:19.232Z</time>
      </trkpt>
      <trkpt lat="43.704678" lon="7.333013">
        <ele>8.119712</ele>
        <time>2026-05-12T01:14:33.954Z</time>
      </trkpt>
      <trkpt lat="43.705149" lon="7.333661">
        <ele>10.709705</ele>
        <time>2026-05-12T01:14:57.605Z</time>
      </trkpt>
      <trkpt lat="43.705290" lon="7.333770">
        <ele>10.791191</ele>
        <time>2026-05-12T01:15:02.287Z</time>
      </trkpt>
      <trkpt lat="43.705305" lon="7.333900">
        <ele>10.656650</ele>
        <time>2026-05-12T01:15:04.420Z</time>
      </trkpt>
      <trkpt lat="43.705370" lon="7.334060">
        <ele>10.469080</ele>
        <time>2026-05-12T01:15:06.782Z</time>
      </trkpt>
      <trkpt lat="43.705560" lon="7.334278">
        <ele>10.120099</ele>
        <time>2026-05-12T01:15:10.184Z</time>
      </trkpt>
      <trkpt lat="43.705609" lon="7.334340">
        <ele>10.026218</ele>
        <time>2026-05-12T01:15:10.961Z</time>
      </trkpt>
      <trkpt lat="43.705652" lon="7.334394">
        <ele>9.944113</ele>
        <time>2026-05-12T01:15:11.723Z</time>
      </trkpt>
      <trkpt lat="43.705881" lon="7.334737">
        <ele>9.466945</ele>
        <time>2026-05-12T01:15:15.358Z</time>
      </trkpt>
      <trkpt lat="43.705902" lon="7.334789">
        <ele>9.406072</ele>
        <time>2026-05-12T01:15:15.781Z</time>
      </trkpt>
      <trkpt lat="43.705968" lon="7.334960">
        <ele>9.207964</ele>
        <time>2026-05-12T01:15:17.171Z</time>
      </trkpt>
      <trkpt lat="43.706106" lon="7.335155">
        <ele>8.929079</ele>
        <time>2026-05-12T01:15:19.092Z</time>
      </trkpt>
      <trkpt lat="43.706220" lon="7.335213">
        <ele>8.757359</ele>
        <time>2026-05-12T01:15:20.280Z</time>
      </trkpt>
      <trkpt lat="43.706422" lon="7.335195">
        <ele>8.471193</ele>
        <time>2026-05-12T01:15:22.245Z</time>
      </trkpt>
      <trkpt lat="43.706650" lon="7.335119">
        <ele>7.862652</ele>
        <time>2026-05-12T01:15:24.503Z</time>
      </trkpt>
      <trkpt lat="43.707024" lon="7.334838">
        <ele>6.606516</ele>
        <time>2026-05-12T01:15:28.588Z</time>
      </trkpt>
      <trkpt lat="43.707134" lon="7.334750">
        <ele>6.231479</ele>
        <time>2026-05-12T01:15:29.857Z</time>
      </trkpt>
      <trkpt lat="43.707528" lon="7.334437">
        <ele>4.890511</ele>
        <time>2026-05-12T01:15:34.484Z</time>
      </trkpt>
      <trkpt lat="43.707756" lon="7.334353">
        <ele>4.194130</ele>
        <time>2026-05-12T01:15:36.998Z</time>
      </trkpt>
      <trkpt lat="43.707889" lon="7.334410">
        <ele>3.783185</ele>
        <time>2026-05-12T01:15:38.551Z</time>
      </trkpt>
      <trkpt lat="43.708372" lon="7.334602">
        <ele>3.089937</ele>
        <time>2026-05-12T01:15:44.756Z</time>
      </trkpt>
      <trkpt lat="43.709019" lon="7.334726">
        <ele>3.100262</ele>
        <time>2026-05-12T01:15:53.494Z</time>
      </trkpt>
      <trkpt lat="43.709234" lon="7.334818">
        <ele>3.103819</ele>
        <time>2026-05-12T01:15:57.122Z</time>
      </trkpt>
      <trkpt lat="43.709698" lon="7.335177">
        <ele>3.112222</ele>
        <time>2026-05-12T01:16:07.332Z</time>
      </trkpt>
      <trkpt lat="43.709784" lon="7.335244">
        <ele>3.113782</ele>
        <time>2026-05-12T01:16:09.239Z</time>
      </trkpt>
      <trkpt lat="43.709976" lon="7.335327">
        <ele>3.337706</ele>
        <time>2026-05-12T01:16:13.074Z</time>
      </trkpt>
      <trkpt lat="43.710156" lon="7.335388">
        <ele>3.571351</ele>
        <time>2026-05-12T01:16:16.419Z</time>
      </trkpt>
      <trkpt lat="43.710591" lon="7.335407">
        <ele>4.120050</ele>
        <time>2026-05-12T01:16:24.686Z</time>
      </trkpt>
      <trkpt lat="43.710895" lon="7.335521">
        <ele>4.517149</ele>
        <time>2026-05-12T01:16:31.513Z</time>
      </trkpt>
      <trkpt lat="43.711473" lon="7.335904">
        <ele>5.325138</ele>
        <time>2026-05-12T01:16:44.975Z</time>
      </trkpt>
      <trkpt lat="43.711940" lon="7.336270">
        <ele>6.329031</ele>
        <time>2026-05-12T01:16:54.323Z</time>
      </trkpt>
      <trkpt lat="43.712066" lon="7.336430">
        <ele>6.658452</ele>
        <time>2026-05-12T01:16:58.172Z</time>
      </trkpt>
      <trkpt lat="43.712211" lon="7.336648">
        <ele>7.070903</ele>
        <time>2026-05-12T01:17:03.173Z</time>
      </trkpt>
      <trkpt lat="43.712410" lon="7.337032">
        <ele>7.728722</ele>
        <time>2026-05-12T01:17:11.868Z</time>
      </trkpt>
      <trkpt lat="43.712737" lon="7.337586">
        <ele>8.724502</ele>
        <time>2026-05-12T01:17:25.154Z</time>
      </trkpt>
      <trkpt lat="43.713195" lon="7.338704">
        <ele>9.462081</ele>
        <time>2026-05-12T01:17:45.564Z</time>
      </trkpt>
      <trkpt lat="43.713368" lon="7.339187">
        <ele>9.739288</ele>
        <time>2026-05-12T01:17:50.423Z</time>
      </trkpt>
      <trkpt lat="43.713414" lon="7.339459">
        <ele>9.882941</ele>
        <time>2026-05-12T01:17:52.840Z</time>
      </trkpt>
      <trkpt lat="43.713468" lon="7.340451">
        <ele>11.573130</ele>
        <time>2026-05-12T01:18:02.423Z</time>
      </trkpt>
      <trkpt lat="43.713681" lon="7.341012">
        <ele>13.328469</ele>
        <time>2026-05-12T01:18:13.726Z</time>
      </trkpt>
      <trkpt lat="43.713955" lon="7.342011">
        <ele>16.288254</ele>
        <time>2026-05-12T01:18:44.103Z</time>
      </trkpt>
      <trkpt lat="43.714043" lon="7.342751">
        <ele>18.145114</ele>
        <time>2026-05-12T01:19:09.304Z</time>
      </trkpt>
      <trkpt lat="43.714094" lon="7.343817">
        <ele>20.619871</ele>
        <time>2026-05-12T01:19:36.052Z</time>
      </trkpt>
      <trkpt lat="43.714076" lon="7.343950">
        <ele>20.933315</ele>
        <time>2026-05-12T01:19:38.106Z</time>
      </trkpt>
      <trkpt lat="43.714084" lon="7.344416">
        <ele>22.013093</ele>
        <time>2026-05-12T01:19:43.723Z</time>
      </trkpt>
      <trkpt lat="43.714165" lon="7.344922">
        <ele>22.393413</ele>
        <time>2026-05-12T01:19:47.896Z</time>
      </trkpt>
      <trkpt lat="43.714238" lon="7.345172">
        <ele>21.827600</ele>
        <time>2026-05-12T01:19:49.856Z</time>
      </trkpt>
      <trkpt lat="43.714320" lon="7.346009">
        <ele>20.055113</ele>
        <time>2026-05-12T01:19:55.765Z</time>
      </trkpt>
      <trkpt lat="43.714327" lon="7.346640">
        <ele>18.730818</ele>
        <time>2026-05-12T01:20:00.107Z</time>
      </trkpt>
      <trkpt lat="43.714427" lon="7.347865">
        <ele>16.690280</ele>
        <time>2026-05-12T01:20:10.294Z</time>
      </trkpt>
      <trkpt lat="43.714484" lon="7.348300">
        <ele>16.120203</ele>
        <time>2026-05-12T01:20:17.682Z</time>
      </trkpt>
      <trkpt lat="43.714561" lon="7.348528">
        <ele>15.795687</ele>
        <time>2026-05-12T01:20:20.295Z</time>
      </trkpt>
      <trkpt lat="43.714623" lon="7.348609">
        <ele>15.643553</ele>
        <time>2026-05-12T01:20:21.462Z</time>
      </trkpt>
      <trkpt lat="43.714822" lon="7.348964">
        <ele>15.064245</ele>
        <time>2026-05-12T01:20:24.771Z</time>
      </trkpt>
      <trkpt lat="43.714979" lon="7.349191">
        <ele>14.659107</ele>
        <time>2026-05-12T01:20:26.931Z</time>
      </trkpt>
      <trkpt lat="43.715009" lon="7.349278">
        <ele>14.534808</ele>
        <time>2026-05-12T01:20:27.580Z</time>
      </trkpt>
      <trkpt lat="43.715212" lon="7.350324">
        <ele>16.095193</ele>
        <time>2026-05-12T01:20:35.355Z</time>
      </trkpt>
      <trkpt lat="43.715404" lon="7.350720">
        <ele>16.977754</ele>
        <time>2026-05-12T01:20:40.221Z</time>
      </trkpt>
      <trkpt lat="43.715605" lon="7.350851">
        <ele>17.546705</ele>
        <time>2026-05-12T01:20:45.681Z</time>
      </trkpt>
      <trkpt lat="43.715758" lon="7.350858">
        <ele>17.938707</ele>
        <time>2026-05-12T01:20:51.865Z</time>
      </trkpt>
      <trkpt lat="43.715888" lon="7.350798">
        <ele>18.289633</ele>
        <time>2026-05-12T01:20:59.094Z</time>
      </trkpt>
      <trkpt lat="43.716022" lon="7.350674">
        <ele>18.702444</ele>
        <time>2026-05-12T01:21:09.416Z</time>
      </trkpt>
      <trkpt lat="43.716187" lon="7.350460">
        <ele>19.779389</ele>
        <time>2026-05-12T01:21:26.521Z</time>
      </trkpt>
      <trkpt lat="43.716760" lon="7.349695">
        <ele>24.957548</ele>
        <time>2026-05-12T01:22:22.950Z</time>
      </trkpt>
      <trkpt lat="43.716919" lon="7.349486">
        <ele>26.383762</ele>
        <time>2026-05-12T01:22:31.712Z</time>
      </trkpt>
      <trkpt lat="43.717152" lon="7.349242">
        <ele>28.284041</ele>
        <time>2026-05-12T01:22:39.389Z</time>
      </trkpt>
      <trkpt lat="43.717303" lon="7.349161">
        <ele>29.337215</ele>
        <time>2026-05-12T01:22:41.617Z</time>
      </trkpt>
      <trkpt lat="43.717435" lon="7.349138">
        <ele>30.202392</ele>
        <time>2026-05-12T01:22:43.009Z</time>
      </trkpt>
      <trkpt lat="43.717593" lon="7.349174">
        <ele>30.007849</ele>
        <time>2026-05-12T01:22:44.525Z</time>
      </trkpt>
      <trkpt lat="43.717736" lon="7.349257">
        <ele>28.899924</ele>
        <time>2026-05-12T01:22:45.912Z</time>
      </trkpt>
      <trkpt lat="43.717927" lon="7.349468">
        <ele>27.153710</ele>
        <time>2026-05-12T01:22:48.033Z</time>
      </trkpt>
      <trkpt lat="43.718670" lon="7.350661">
        <ele>19.021795</ele>
        <time>2026-05-12T01:22:57.926Z</time>
      </trkpt>
      <trkpt lat="43.718696" lon="7.350734">
        <ele>18.601563</ele>
        <time>2026-05-12T01:22:58.444Z</time>
      </trkpt>
      <trkpt lat="43.719286" lon="7.351672">
        <ele>15.060070</ele>
        <time>2026-05-12T01:23:06.936Z</time>
      </trkpt>
      <trkpt lat="43.719515" lon="7.352042">
        <ele>13.832617</ele>
        <time>2026-05-12T01:23:10.622Z</time>
      </trkpt>
      <trkpt lat="43.720002" lon="7.352840">
        <ele>11.604420</ele>
        <time>2026-05-12T01:23:19.188Z</time>
      </trkpt>
      <trkpt lat="43.720273" lon="7.353292">
        <ele>11.919973</ele>
        <time>2026-05-12T01:23:25.188Z</time>
      </trkpt>
      <trkpt lat="43.720844" lon="7.354217">
        <ele>12.573594</ele>
        <time>2026-05-12T01:23:39.518Z</time>
      </trkpt>
      <trkpt lat="43.721662" lon="7.355438">
        <ele>14.577940</ele>
        <time>2026-05-12T01:24:13.576Z</time>
      </trkpt>
      <trkpt lat="43.721755" lon="7.355614">
        <ele>14.912682</ele>
        <time>2026-05-12T01:24:17.351Z</time>
      </trkpt>
      <trkpt lat="43.721953" lon="7.355854">
        <ele>15.471888</ele>
        <time>2026-05-12T01:24:23.500Z</time>
      </trkpt>
      <trkpt lat="43.722224" lon="7.356096">
        <ele>16.157089</ele>
        <time>2026-05-12T01:24:30.946Z</time>
      </trkpt>
      <trkpt lat="43.722335" lon="7.356267">
        <ele>16.509982</ele>
        <time>2026-05-12T01:24:34.526Z</time>
      </trkpt>
      <trkpt lat="43.722544" lon="7.356729">
        <ele>16.215614</ele>
        <time>2026-05-12T01:24:40.643Z</time>
      </trkpt>
      <trkpt lat="43.722568" lon="7.356797">
        <ele>16.131157</ele>
        <time>2026-05-12T01:24:41.277Z</time>
      </trkpt>
      <trkpt lat="43.722601" lon="7.356887">
        <ele>16.018525</ele>
        <time>2026-05-12T01:24:42.113Z</time>
      </trkpt>
      <trkpt lat="43.722703" lon="7.357197">
        <ele>15.638383</ele>
        <time>2026-05-12T01:24:44.684Z</time>
      </trkpt>
      <trkpt lat="43.722767" lon="7.357484">
        <ele>15.303178</ele>
        <time>2026-05-12T01:24:46.898Z</time>
      </trkpt>
      <trkpt lat="43.722821" lon="7.357893">
        <ele>14.839164</ele>
        <time>2026-05-12T01:24:49.903Z</time>
      </trkpt>
      <trkpt lat="43.722831" lon="7.357994">
        <ele>14.725392</ele>
        <time>2026-05-12T01:24:50.632Z</time>
      </trkpt>
      <trkpt lat="43.722896" lon="7.358504">
        <ele>14.147431</ele>
        <time>2026-05-12T01:24:54.659Z</time>
      </trkpt>
      <trkpt lat="43.722988" lon="7.359263">
        <ele>14.410378</ele>
        <time>2026-05-12T01:25:01.528Z</time>
      </trkpt>
      <trkpt lat="43.723001" lon="7.359586">
        <ele>14.696728</ele>
        <time>2026-05-12T01:25:06.141Z</time>
      </trkpt>
      <trkpt lat="43.722913" lon="7.361216">
        <ele>16.083038</ele>
        <time>2026-05-12T01:25:37.746Z</time>
      </trkpt>
      <trkpt lat="43.722898" lon="7.361465">
        <ele>15.797018</ele>
        <time>2026-05-12T01:25:41.909Z</time>
      </trkpt>
      <trkpt lat="43.722811" lon="7.362901">
        <ele>14.147456</ele>
        <time>2026-05-12T01:25:53.456Z</time>
      </trkpt>
      <trkpt lat="43.722778" lon="7.363409">
        <ele>13.563601</ele>
        <time>2026-05-12T01:25:57.033Z</time>
      </trkpt>
      <trkpt lat="43.722674" lon="7.364077">
        <ele>13.161373</ele>
        <time>2026-05-12T01:26:01.960Z</time>
      </trkpt>
      <trkpt lat="43.722508" lon="7.364697">
        <ele>12.995269</ele>
        <time>2026-05-12T01:26:07.160Z</time>
      </trkpt>
      <trkpt lat="43.722363" lon="7.365082">
        <ele>12.886201</ele>
        <time>2026-05-12T01:26:11.842Z</time>
      </trkpt>
      <trkpt lat="43.722257" lon="7.365331">
        <ele>12.813600</ele>
        <time>2026-05-12T01:26:15.847Z</time>
      </trkpt>
      <trkpt lat="43.722077" lon="7.365650">
        <ele>12.711925</ele>
        <time>2026-05-12T01:26:22.501Z</time>
      </trkpt>
      <trkpt lat="43.721174" lon="7.366945">
        <ele>14.789141</ele>
        <time>2026-05-12T01:26:57.135Z</time>
      </trkpt>
      <trkpt lat="43.720946" lon="7.367319">
        <ele>15.477728</ele>
        <time>2026-05-12T01:27:03.061Z</time>
      </trkpt>
      <trkpt lat="43.720821" lon="7.367583">
        <ele>15.921899</ele>
        <time>2026-05-12T01:27:05.994Z</time>
      </trkpt>
      <trkpt lat="43.720610" lon="7.368164">
        <ele>16.606040</ele>
        <time>2026-05-12T01:27:14.680Z</time>
      </trkpt>
      <trkpt lat="43.720519" lon="7.368515">
        <ele>16.955579</ele>
        <time>2026-05-12T01:27:22.199Z</time>
      </trkpt>
      <trkpt lat="43.720478" lon="7.368540">
        <ele>17.013689</ele>
        <time>2026-05-12T01:27:22.965Z</time>
      </trkpt>
      <trkpt lat="43.720298" lon="7.369080">
        <ele>17.571103</ele>
        <time>2026-05-12T01:27:37.276Z</time>
      </trkpt>
      <trkpt lat="43.720214" lon="7.369585">
        <ele>18.056842</ele>
        <time>2026-05-12T01:27:42.627Z</time>
      </trkpt>
      <trkpt lat="43.720184" lon="7.369930">
        <ele>18.382561</ele>
        <time>2026-05-12T01:27:45.316Z</time>
      </trkpt>
      <trkpt lat="43.719981" lon="7.370361">
        <ele>18.331225</ele>
        <time>2026-05-12T01:27:51.235Z</time>
      </trkpt>
      <trkpt lat="43.719743" lon="7.370635">
        <ele>18.178510</ele>
        <time>2026-05-12T01:27:55.066Z</time>
      </trkpt>
      <trkpt lat="43.719577" lon="7.370772">
        <ele>18.083173</ele>
        <time>2026-05-12T01:27:57.010Z</time>
      </trkpt>
      <trkpt lat="43.719527" lon="7.370897">
        <ele>18.032243</ele>
        <time>2026-05-12T01:27:58.068Z</time>
      </trkpt>
      <trkpt lat="43.718735" lon="7.372389">
        <ele>20.160134</ele>
        <time>2026-05-12T01:28:16.884Z</time>
      </trkpt>
      <trkpt lat="43.718669" lon="7.372585">
        <ele>21.065463</ele>
        <time>2026-05-12T01:28:24.232Z</time>
      </trkpt>
      <trkpt lat="43.718626" lon="7.372869">
        <ele>22.280353</ele>
        <time>2026-05-12T01:28:34.846Z</time>
      </trkpt>
      <trkpt lat="43.718670" lon="7.373098">
        <ele>23.272455</ele>
        <time>2026-05-12T01:28:43.917Z</time>
      </trkpt>
      <trkpt lat="43.718973" lon="7.373748">
        <ele>26.510894</ele>
        <time>2026-05-12T01:29:12.514Z</time>
      </trkpt>
      <trkpt lat="43.719184" lon="7.374303">
        <ele>28.384661</ele>
        <time>2026-05-12T01:29:34.495Z</time>
      </trkpt>
      <trkpt lat="43.719652" lon="7.375168">
        <ele>29.887379</ele>
        <time>2026-05-12T01:29:52.631Z</time>
      </trkpt>
      <trkpt lat="43.719810" lon="7.375892">
        <ele>30.939162</ele>
        <time>2026-05-12T01:29:58.808Z</time>
      </trkpt>
      <trkpt lat="43.719888" lon="7.376099">
        <ele>31.263819</ele>
        <time>2026-05-12T01:30:00.817Z</time>
      </trkpt>
      <trkpt lat="43.720371" lon="7.376387">
        <ele>32.685696</ele>
        <time>2026-05-12T01:30:08.629Z</time>
      </trkpt>
      <trkpt lat="43.720478" lon="7.376737">
        <ele>33.483570</ele>
        <time>2026-05-12T01:30:14.539Z</time>
      </trkpt>
      <trkpt lat="43.720670" lon="7.377172">
        <ele>34.553713</ele>
        <time>2026-05-12T01:30:25.570Z</time>
      </trkpt>
      <trkpt lat="43.720765" lon="7.377329">
        <ele>34.983615</ele>
        <time>2026-05-12T01:30:30.841Z</time>
      </trkpt>
      <trkpt lat="43.721159" lon="7.377689">
        <ele>36.355234</ele>
        <time>2026-05-12T01:30:49.398Z</time>
      </trkpt>
      <trkpt lat="43.721570" lon="7.378193">
        <ele>38.416803</ele>
        <time>2026-05-12T01:31:07.391Z</time>
      </trkpt>
      <trkpt lat="43.721903" lon="7.378493">
        <ele>40.000394</ele>
        <time>2026-05-12T01:31:15.324Z</time>
      </trkpt>
      <trkpt lat="43.721989" lon="7.378600">
        <ele>40.461305</ele>
        <time>2026-05-12T01:31:18.123Z</time>
      </trkpt>
      <trkpt lat="43.722074" lon="7.378829">
        <ele>41.202765</ele>
        <time>2026-05-12T01:31:23.472Z</time>
      </trkpt>
      <trkpt lat="43.722117" lon="7.379166">
        <ele>42.188389</ele>
        <time>2026-05-12T01:31:31.357Z</time>
      </trkpt>
      <trkpt lat="43.722137" lon="7.379381">
        <ele>42.812730</ele>
        <time>2026-05-12T01:31:36.717Z</time>
      </trkpt>
      <trkpt lat="43.722181" lon="7.379567">
        <ele>43.376406</ele>
        <time>2026-05-12T01:31:41.501Z</time>
      </trkpt>
      <trkpt lat="43.722217" lon="7.379646">
        <ele>43.645394</ele>
        <time>2026-05-12T01:31:43.972Z</time>
      </trkpt>
      <trkpt lat="43.722320" lon="7.379754">
        <ele>44.519293</ele>
        <time>2026-05-12T01:31:48.477Z</time>
      </trkpt>
      <trkpt lat="43.722415" lon="7.379808">
        <ele>45.425752</ele>
        <time>2026-05-12T01:31:52.072Z</time>
      </trkpt>
      <trkpt lat="43.722852" lon="7.379905">
        <ele>49.332018</ele>
        <time>2026-05-12T01:32:08.720Z</time>
      </trkpt>
      <trkpt lat="43.723048" lon="7.379937">
        <ele>51.073910</ele>
        <time>2026-05-12T01:32:19.390Z</time>
      </trkpt>
      <trkpt lat="43.723315" lon="7.379983">
        <ele>53.448644</ele>
        <time>2026-05-12T01:32:37.687Z</time>
      </trkpt>
      <trkpt lat="43.723559" lon="7.380027">
        <ele>55.620394</ele>
        <time>2026-05-12T01:32:55.919Z</time>
      </trkpt>
      <trkpt lat="43.723910" lon="7.380072">
        <ele>58.731583</ele>
        <time>2026-05-12T01:33:17.982Z</time>
      </trkpt>
      <trkpt lat="43.724277" lon="7.379850">
        <ele>60.757518</ele>
        <time>2026-05-12T01:33:34.101Z</time>
      </trkpt>
      <trkpt lat="43.724549" lon="7.379709">
        <ele>61.790039</ele>
        <time>2026-05-12T01:33:43.853Z</time>
      </trkpt>
      <trkpt lat="43.724726" lon="7.379733">
        <ele>62.422249</ele>
        <time>2026-05-12T01:33:49.517Z</time>
      </trkpt>
      <trkpt lat="43.724835" lon="7.379786">
        <ele>62.832945</ele>
        <time>2026-05-12T01:33:53.114Z</time>
      </trkpt>
      <trkpt lat="43.725011" lon="7.379980">
        <ele>63.632820</ele>
        <time>2026-05-12T01:33:59.876Z</time>
      </trkpt>
      <trkpt lat="43.725260" lon="7.380562">
        <ele>65.370294</ele>
        <time>2026-05-12T01:34:10.699Z</time>
      </trkpt>
      <trkpt lat="43.725331" lon="7.380859">
        <ele>66.062776</ele>
        <time>2026-05-12T01:34:13.142Z</time>
      </trkpt>
      <trkpt lat="43.725329" lon="7.381104">
        <ele>64.959648</ele>
        <time>2026-05-12T01:34:14.946Z</time>
      </trkpt>
      <trkpt lat="43.725280" lon="7.381314">
        <ele>63.966108</ele>
        <time>2026-05-12T01:34:16.703Z</time>
      </trkpt>
      <trkpt lat="43.725135" lon="7.381497">
        <ele>62.743440</ele>
        <time>2026-05-12T01:34:19.554Z</time>
      </trkpt>
      <trkpt lat="43.724990" lon="7.381598">
        <ele>61.732077</ele>
        <time>2026-05-12T01:34:21.688Z</time>
      </trkpt>
      <trkpt lat="43.724016" lon="7.382064">
        <ele>55.311455</ele>
        <time>2026-05-12T01:34:30.735Z</time>
      </trkpt>
      <trkpt lat="43.723780" lon="7.382192">
        <ele>53.707286</ele>
        <time>2026-05-12T01:34:32.842Z</time>
      </trkpt>
      <trkpt lat="43.723630" lon="7.382326">
        <ele>52.571724</ele>
        <time>2026-05-12T01:34:34.324Z</time>
      </trkpt>
      <trkpt lat="43.723470" lon="7.382544">
        <ele>51.143588</ele>
        <time>2026-05-12T01:34:36.193Z</time>
      </trkpt>
      <trkpt lat="43.723394" lon="7.382702">
        <ele>50.271205</ele>
        <time>2026-05-12T01:34:37.341Z</time>
      </trkpt>
      <trkpt lat="43.723337" lon="7.382899">
        <ele>49.295842</ele>
        <time>2026-05-12T01:34:38.629Z</time>
      </trkpt>
      <trkpt lat="43.723320" lon="7.383104">
        <ele>48.347401</ele>
        <time>2026-05-12T01:34:39.890Z</time>
      </trkpt>
      <trkpt lat="43.723332" lon="7.383693">
        <ele>45.639058</ele>
        <time>2026-05-12T01:34:43.844Z</time>
      </trkpt>
      <trkpt lat="43.723363" lon="7.384024">
        <ele>44.104934</ele>
        <time>2026-05-12T01:34:52.125Z</time>
      </trkpt>
      <trkpt lat="43.723439" lon="7.384431">
        <ele>44.907317</ele>
        <time>2026-05-12T01:35:07.610Z</time>
      </trkpt>
      <trkpt lat="43.723528" lon="7.384655">
        <ele>46.174962</ele>
        <time>2026-05-12T01:35:18.537Z</time>
      </trkpt>
      <trkpt lat="43.723772" lon="7.385101">
        <ele>48.948977</ele>
        <time>2026-05-12T01:35:44.158Z</time>
      </trkpt>
      <trkpt lat="43.723819" lon="7.385290">
        <ele>49.940173</ele>
        <time>2026-05-12T01:35:52.684Z</time>
      </trkpt>
      <trkpt lat="43.723845" lon="7.385660">
        <ele>51.783670</ele>
        <time>2026-05-12T01:36:07.060Z</time>
      </trkpt>
      <trkpt lat="43.723808" lon="7.386072">
        <ele>53.842508</ele>
        <time>2026-05-12T01:36:20.534Z</time>
      </trkpt>
      <trkpt lat="43.723788" lon="7.386273">
        <ele>54.848678</ele>
        <time>2026-05-12T01:36:26.190Z</time>
      </trkpt>
      <trkpt lat="43.723618" lon="7.386957">
        <ele>56.283167</ele>
        <time>2026-05-12T01:36:32.989Z</time>
      </trkpt>
      <trkpt lat="43.723611" lon="7.387232">
        <ele>56.520294</ele>
        <time>2026-05-12T01:36:34.840Z</time>
      </trkpt>
      <trkpt lat="43.723648" lon="7.387708">
        <ele>56.932851</ele>
        <time>2026-05-12T01:36:38.123Z</time>
      </trkpt>
      <trkpt lat="43.723652" lon="7.387748">
        <ele>56.967649</ele>
        <time>2026-05-12T01:36:38.413Z</time>
      </trkpt>
      <trkpt lat="43.723669" lon="7.387944">
        <ele>57.137763</ele>
        <time>2026-05-12T01:36:39.883Z</time>
      </trkpt>
      <trkpt lat="43.723662" lon="7.388754">
        <ele>57.835827</ele>
        <time>2026-05-12T01:36:55.022Z</time>
      </trkpt>
      <trkpt lat="43.723773" lon="7.389224">
        <ele>60.079697</ele>
        <time>2026-05-12T01:37:14.175Z</time>
      </trkpt>
      <trkpt lat="43.723804" lon="7.389451">
        <ele>61.540908</ele>
        <time>2026-05-12T01:37:23.096Z</time>
      </trkpt>
      <trkpt lat="43.723819" lon="7.389895">
        <ele>64.352323</ele>
        <time>2026-05-12T01:37:41.273Z</time>
      </trkpt>
      <trkpt lat="43.723809" lon="7.390483">
        <ele>68.072515</ele>
        <time>2026-05-12T01:38:07.944Z</time>
      </trkpt>
      <trkpt lat="43.723729" lon="7.391095">
        <ele>72.006299</ele>
        <time>2026-05-12T01:38:34.909Z</time>
      </trkpt>
      <trkpt lat="43.723130" lon="7.393000">
        <ele>78.527916</ele>
        <time>2026-05-12T01:39:19.788Z</time>
      </trkpt>
      <trkpt lat="43.722794" lon="7.393822">
        <ele>80.477294</ele>
        <time>2026-05-12T01:39:34.620Z</time>
      </trkpt>
      <trkpt lat="43.722746" lon="7.394099">
        <ele>80.622851</ele>
        <time>2026-05-12T01:39:38.512Z</time>
      </trkpt>
      <trkpt lat="43.722795" lon="7.394487">
        <ele>80.824120</ele>
        <time>2026-05-12T01:39:43.671Z</time>
      </trkpt>
      <trkpt lat="43.722950" lon="7.395294">
        <ele>81.250805</ele>
        <time>2026-05-12T01:39:54.237Z</time>
      </trkpt>
      <trkpt lat="43.722916" lon="7.395369">
        <ele>81.296046</ele>
        <time>2026-05-12T01:39:55.039Z</time>
      </trkpt>
      <trkpt lat="43.722932" lon="7.395409">
        <ele>81.319407</ele>
        <time>2026-05-12T01:39:55.642Z</time>
      </trkpt>
      <trkpt lat="43.722981" lon="7.395421">
        <ele>81.354592</ele>
        <time>2026-05-12T01:39:56.748Z</time>
      </trkpt>
      <trkpt lat="43.723009" lon="7.395619">
        <ele>81.457687</ele>
        <time>2026-05-12T01:39:59.267Z</time>
      </trkpt>
      <trkpt lat="43.723033" lon="7.395758">
        <ele>81.530713</ele>
        <time>2026-05-12T01:40:00.779Z</time>
      </trkpt>
      <trkpt lat="43.723130" lon="7.396315">
        <ele>80.520421</ele>
        <time>2026-05-12T01:40:07.259Z</time>
      </trkpt>
      <trkpt lat="43.723137" lon="7.396357">
        <ele>80.404843</ele>
        <time>2026-05-12T01:40:07.608Z</time>
      </trkpt>
      <trkpt lat="43.723151" lon="7.396536">
        <ele>79.922056</ele>
        <time>2026-05-12T01:40:09.159Z</time>
      </trkpt>
      <trkpt lat="43.723152" lon="7.396613">
        <ele>79.715549</ele>
        <time>2026-05-12T01:40:09.770Z</time>
      </trkpt>
      <trkpt lat="43.723132" lon="7.396876">
        <ele>79.006426</ele>
        <time>2026-05-12T01:40:11.762Z</time>
      </trkpt>
      <trkpt lat="43.723127" lon="7.396922">
        <ele>78.881691</ele>
        <time>2026-05-12T01:40:12.107Z</time>
      </trkpt>
      <trkpt lat="43.723069" lon="7.397355">
        <ele>77.700835</ele>
        <time>2026-05-12T01:40:15.269Z</time>
      </trkpt>
      <trkpt lat="43.723055" lon="7.397422">
        <ele>77.513816</ele>
        <time>2026-05-12T01:40:15.753Z</time>
      </trkpt>
      <trkpt lat="43.723017" lon="7.397561">
        <ele>77.115313</ele>
        <time>2026-05-12T01:40:16.801Z</time>
      </trkpt>
      <trkpt lat="43.722946" lon="7.397714">
        <ele>76.627748</ele>
        <time>2026-05-12T01:40:18.054Z</time>
      </trkpt>
      <trkpt lat="43.722494" lon="7.397968">
        <ele>74.674205</ele>
        <time>2026-05-12T01:40:22.459Z</time>
      </trkpt>
      <trkpt lat="43.722123" lon="7.398294">
        <ele>71.151173</ele>
        <time>2026-05-12T01:40:26.296Z</time>
      </trkpt>
      <trkpt lat="43.721987" lon="7.398422">
        <ele>69.832669</ele>
        <time>2026-05-12T01:40:27.716Z</time>
      </trkpt>
      <trkpt lat="43.721765" lon="7.398733">
        <ele>67.300228</ele>
        <time>2026-05-12T01:40:30.470Z</time>
      </trkpt>
      <trkpt lat="43.721712" lon="7.398923">
        <ele>66.120337</ele>
        <time>2026-05-12T01:40:31.766Z</time>
      </trkpt>
      <trkpt lat="43.721712" lon="7.399017">
        <ele>65.575759</ele>
        <time>2026-05-12T01:40:32.360Z</time>
      </trkpt>
      <trkpt lat="43.721749" lon="7.399320">
        <ele>63.795482</ele>
        <time>2026-05-12T01:40:34.313Z</time>
      </trkpt>
      <trkpt lat="43.721925" lon="7.399681">
        <ele>61.272684</ele>
        <time>2026-05-12T01:40:37.071Z</time>
      </trkpt>
      <trkpt lat="43.722085" lon="7.400039">
        <ele>59.490588</ele>
        <time>2026-05-12T01:40:39.781Z</time>
      </trkpt>
      <trkpt lat="43.722110" lon="7.400158">
        <ele>59.051740</ele>
        <time>2026-05-12T01:40:40.593Z</time>
      </trkpt>
      <trkpt lat="43.722137" lon="7.400759">
        <ele>56.919366</ele>
        <time>2026-05-12T01:40:44.749Z</time>
      </trkpt>
      <trkpt lat="43.722147" lon="7.400957">
        <ele>56.216497</ele>
        <time>2026-05-12T01:40:46.168Z</time>
      </trkpt>
      <trkpt lat="43.722168" lon="7.401337">
        <ele>54.866910</ele>
        <time>2026-05-12T01:40:48.881Z</time>
      </trkpt>
      <trkpt lat="43.722182" lon="7.401778">
        <ele>53.303732</ele>
        <time>2026-05-12T01:40:51.919Z</time>
      </trkpt>
      <trkpt lat="43.722100" lon="7.402442">
        <ele>51.584766</ele>
        <time>2026-05-12T01:40:56.700Z</time>
      </trkpt>
      <trkpt lat="43.722042" lon="7.402640">
        <ele>51.465477</ele>
        <time>2026-05-12T01:40:58.242Z</time>
      </trkpt>
      <trkpt lat="43.721896" lon="7.402917">
        <ele>51.274052</ele>
        <time>2026-05-12T01:41:00.681Z</time>
      </trkpt>
      <trkpt lat="43.721866" lon="7.403046">
        <ele>51.198388</ele>
        <time>2026-05-12T01:41:01.697Z</time>
      </trkpt>
      <trkpt lat="43.721766" lon="7.404151">
        <ele>50.576594</ele>
        <time>2026-05-12T01:41:15.054Z</time>
      </trkpt>
      <trkpt lat="43.721726" lon="7.404376">
        <ele>50.447221</ele>
        <time>2026-05-12T01:41:18.647Z</time>
      </trkpt>
      <trkpt lat="43.721741" lon="7.404459">
        <ele>50.399451</ele>
        <time>2026-05-12T01:41:20.100Z</time>
      </trkpt>
      <trkpt lat="43.721754" lon="7.404469">
        <ele>50.387960</ele>
        <time>2026-05-12T01:41:20.547Z</time>
      </trkpt>
      <trkpt lat="43.721836" lon="7.404628">
        <ele>50.345270</ele>
        <time>2026-05-12T01:41:23.654Z</time>
      </trkpt>
      <trkpt lat="43.721950" lon="7.404795">
        <ele>50.424527</ele>
        <time>2026-05-12T01:41:27.643Z</time>
      </trkpt>
      <trkpt lat="43.722164" lon="7.405111">
        <ele>50.573939</ele>
        <time>2026-05-12T01:41:35.045Z</time>
      </trkpt>
      <trkpt lat="43.722267" lon="7.405336">
        <ele>50.665830</ele>
        <time>2026-05-12T01:41:39.447Z</time>
      </trkpt>
      <trkpt lat="43.722501" lon="7.406159">
        <ele>50.970962</ele>
        <time>2026-05-12T01:41:52.786Z</time>
      </trkpt>
      <trkpt lat="43.722552" lon="7.406488">
        <ele>51.087054</ele>
        <time>2026-05-12T01:41:55.357Z</time>
      </trkpt>
      <trkpt lat="43.722562" lon="7.406600">
        <ele>51.125989</ele>
        <time>2026-05-12T01:41:56.167Z</time>
      </trkpt>
      <trkpt lat="43.722559" lon="7.407009">
        <ele>50.975777</ele>
        <time>2026-05-12T01:41:59.140Z</time>
      </trkpt>
      <trkpt lat="43.722544" lon="7.407194">
        <ele>50.828616</ele>
        <time>2026-05-12T01:42:00.535Z</time>
      </trkpt>
      <trkpt lat="43.722491" lon="7.407908">
        <ele>50.261224</ele>
        <time>2026-05-12T01:42:06.130Z</time>
      </trkpt>
      <trkpt lat="43.722523" lon="7.408189">
        <ele>50.036350</ele>
        <time>2026-05-12T01:42:08.278Z</time>
      </trkpt>
      <trkpt lat="43.722561" lon="7.408281">
        <ele>49.952583</ele>
        <time>2026-05-12T01:42:09.103Z</time>
      </trkpt>
      <trkpt lat="43.722683" lon="7.408417">
        <ele>49.781217</ele>
        <time>2026-05-12T01:42:10.924Z</time>
      </trkpt>
      <trkpt lat="43.723011" lon="7.408662">
        <ele>49.373503</ele>
        <time>2026-05-12T01:42:16.885Z</time>
      </trkpt>
      <trkpt lat="43.723216" lon="7.408811">
        <ele>49.031202</ele>
        <time>2026-05-12T01:42:22.750Z</time>
      </trkpt>
      <trkpt lat="43.723424" lon="7.408945">
        <ele>48.534638</ele>
        <time>2026-05-12T01:42:29.553Z</time>
      </trkpt>
      <trkpt lat="43.723550" lon="7.408973">
        <ele>48.258448</ele>
        <time>2026-05-12T01:42:33.329Z</time>
      </trkpt>
      <trkpt lat="43.723659" lon="7.408963">
        <ele>48.022026</ele>
        <time>2026-05-12T01:42:36.349Z</time>
      </trkpt>
      <trkpt lat="43.724138" lon="7.408722">
        <ele>46.918946</ele>
        <time>2026-05-12T01:42:41.644Z</time>
      </trkpt>
      <trkpt lat="43.724410" lon="7.408735">
        <ele>46.329918</ele>
        <time>2026-05-12T01:42:44.276Z</time>
      </trkpt>
      <trkpt lat="43.724590" lon="7.408833">
        <ele>45.911282</ele>
        <time>2026-05-12T01:42:46.310Z</time>
      </trkpt>
      <trkpt lat="43.724670" lon="7.408915">
        <ele>45.695815</ele>
        <time>2026-05-12T01:42:47.342Z</time>
      </trkpt>
      <trkpt lat="43.724999" lon="7.409358">
        <ele>43.234380</ele>
        <time>2026-05-12T01:42:51.590Z</time>
      </trkpt>
      <trkpt lat="43.725187" lon="7.409579">
        <ele>41.428584</ele>
        <time>2026-05-12T01:42:53.694Z</time>
      </trkpt>
      <trkpt lat="43.725278" lon="7.409633">
        <ele>40.703758</ele>
        <time>2026-05-12T01:42:54.519Z</time>
      </trkpt>
      <trkpt lat="43.725555" lon="7.409712">
        <ele>38.633386</ele>
        <time>2026-05-12T01:42:56.891Z</time>
      </trkpt>
      <trkpt lat="43.725664" lon="7.409807">
        <ele>37.690383</ele>
        <time>2026-05-12T01:42:57.992Z</time>
      </trkpt>
      <trkpt lat="43.725749" lon="7.409970">
        <ele>36.627027</ele>
        <time>2026-05-12T01:42:59.275Z</time>
      </trkpt>
      <trkpt lat="43.725945" lon="7.410613">
        <ele>32.935250</ele>
        <time>2026-05-12T01:43:04.422Z</time>
      </trkpt>
      <trkpt lat="43.726038" lon="7.410757">
        <ele>32.031458</ele>
        <time>2026-05-12T01:43:05.801Z</time>
      </trkpt>
      <trkpt lat="43.726201" lon="7.410910">
        <ele>31.303495</ele>
        <time>2026-05-12T01:43:07.683Z</time>
      </trkpt>
      <trkpt lat="43.726616" lon="7.411147">
        <ele>29.644186</ele>
        <time>2026-05-12T01:43:11.793Z</time>
      </trkpt>
      <trkpt lat="43.726677" lon="7.411180">
        <ele>29.402116</ele>
        <time>2026-05-12T01:43:12.428Z</time>
      </trkpt>
      <trkpt lat="43.726924" lon="7.411314">
        <ele>28.421564</ele>
        <time>2026-05-12T01:43:15.108Z</time>
      </trkpt>
      <trkpt lat="43.727028" lon="7.411371">
        <ele>28.008133</ele>
        <time>2026-05-12T01:43:16.321Z</time>
      </trkpt>
      <trkpt lat="43.727205" lon="7.411471">
        <ele>27.301526</ele>
        <time>2026-05-12T01:43:18.458Z</time>
      </trkpt>
      <trkpt lat="43.727410" lon="7.411586">
        <ele>26.483964</ele>
        <time>2026-05-12T01:43:20.665Z</time>
      </trkpt>
      <trkpt lat="43.727604" lon="7.411694">
        <ele>25.711101</ele>
        <time>2026-05-12T01:43:22.733Z</time>
      </trkpt>
      <trkpt lat="43.727809" lon="7.411807">
        <ele>25.521141</ele>
        <time>2026-05-12T01:43:25.004Z</time>
      </trkpt>
      <trkpt lat="43.727887" lon="7.411941">
        <ele>25.534142</ele>
        <time>2026-05-12T01:43:26.282Z</time>
      </trkpt>
      <trkpt lat="43.727922" lon="7.412047">
        <ele>25.542947</ele>
        <time>2026-05-12T01:43:27.188Z</time>
      </trkpt>
      <trkpt lat="43.727907" lon="7.412093">
        <ele>25.546760</ele>
        <time>2026-05-12T01:43:27.581Z</time>
      </trkpt>
      <trkpt lat="43.727914" lon="7.412217">
        <ele>25.556157</ele>
        <time>2026-05-12T01:43:28.643Z</time>
      </trkpt>
      <trkpt lat="43.727978" lon="7.412304">
        <ele>25.565537</ele>
        <time>2026-05-12T01:43:29.658Z</time>
      </trkpt>
      <trkpt lat="43.728049" lon="7.412317">
        <ele>25.573025</ele>
        <time>2026-05-12T01:43:30.655Z</time>
      </trkpt>
      <trkpt lat="43.728123" lon="7.412261">
        <ele>25.581843</ele>
        <time>2026-05-12T01:43:31.756Z</time>
      </trkpt>
      <trkpt lat="43.728157" lon="7.412154">
        <ele>25.590675</ele>
        <time>2026-05-12T01:43:33.196Z</time>
      </trkpt>
      <trkpt lat="43.728278" lon="7.412094">
        <ele>25.604114</ele>
        <time>2026-05-12T01:43:35.982Z</time>
      </trkpt>
      <trkpt lat="43.728537" lon="7.412244">
        <ele>25.633469</ele>
        <time>2026-05-12T01:43:42.382Z</time>
      </trkpt>
      <trkpt lat="43.728589" lon="7.412401">
        <ele>25.646517</ele>
        <time>2026-05-12T01:43:44.679Z</time>
      </trkpt>
      <trkpt lat="43.728607" lon="7.412499">
        <ele>25.654157</ele>
        <time>2026-05-12T01:43:46.397Z</time>
      </trkpt>
      <trkpt lat="43.728654" lon="7.412537">
        <ele>25.659848</ele>
        <time>2026-05-12T01:43:47.626Z</time>
      </trkpt>
      <trkpt lat="43.728707" lon="7.412527">
        <ele>25.665441</ele>
        <time>2026-05-12T01:43:48.818Z</time>
      </trkpt>
      <trkpt lat="43.729045" lon="7.412688">
        <ele>25.721553</ele>
        <time>2026-05-12T01:43:57.501Z</time>
      </trkpt>
      <trkpt lat="43.729205" lon="7.412804">
        <ele>25.773117</ele>
        <time>2026-05-12T01:44:02.338Z</time>
      </trkpt>
      <trkpt lat="43.729310" lon="7.412870">
        <ele>25.806039</ele>
        <time>2026-05-12T01:44:04.706Z</time>
      </trkpt>
      <trkpt lat="43.729589" lon="7.412969">
        <ele>25.888262</ele>
        <time>2026-05-12T01:44:09.923Z</time>
      </trkpt>
      <trkpt lat="43.729853" lon="7.413032">
        <ele>25.964739</ele>
        <time>2026-05-12T01:44:13.366Z</time>
      </trkpt>
      <trkpt lat="43.729935" lon="7.413103">
        <ele>25.992352</ele>
        <time>2026-05-12T01:44:15.207Z</time>
      </trkpt>
      <trkpt lat="43.730080" lon="7.413306">
        <ele>26.051233</ele>
        <time>2026-05-12T01:44:17.738Z</time>
      </trkpt>
      <trkpt lat="43.730320" lon="7.414022">
        <ele>26.138611</ele>
        <time>2026-05-12T01:44:25.274Z</time>
      </trkpt>
      <trkpt lat="43.730392" lon="7.414267">
        <ele>25.714589</ele>
        <time>2026-05-12T01:44:27.637Z</time>
      </trkpt>
      <trkpt lat="43.730456" lon="7.414428">
        <ele>25.419997</ele>
        <time>2026-05-12T01:44:29.727Z</time>
      </trkpt>
      <trkpt lat="43.730661" lon="7.414784">
        <ele>24.690203</ele>
        <time>2026-05-12T01:44:33.250Z</time>
      </trkpt>
      <trkpt lat="43.730692" lon="7.414894">
        <ele>24.500916</ele>
        <time>2026-05-12T01:44:34.139Z</time>
      </trkpt>
      <trkpt lat="43.730933" lon="7.415370">
        <ele>23.569124</ele>
        <time>2026-05-12T01:44:38.403Z</time>
      </trkpt>
      <trkpt lat="43.731122" lon="7.415827">
        <ele>22.724963</ele>
        <time>2026-05-12T01:44:42.255Z</time>
      </trkpt>
      <trkpt lat="43.731490" lon="7.417092">
        <ele>23.162442</ele>
        <time>2026-05-12T01:44:52.696Z</time>
      </trkpt>
      <trkpt lat="43.731503" lon="7.417147">
        <ele>23.214887</ele>
        <time>2026-05-12T01:44:53.552Z</time>
      </trkpt>
      <trkpt lat="43.731476" lon="7.417189">
        <ele>23.265834</ele>
        <time>2026-05-12T01:44:54.315Z</time>
      </trkpt>
      <trkpt lat="43.731462" lon="7.417301">
        <ele>23.368845</ele>
        <time>2026-05-12T01:44:55.999Z</time>
      </trkpt>
      <trkpt lat="43.731491" lon="7.417377">
        <ele>23.446736</ele>
        <time>2026-05-12T01:44:57.455Z</time>
      </trkpt>
      <trkpt lat="43.731565" lon="7.417425">
        <ele>23.549237</ele>
        <time>2026-05-12T01:44:59.403Z</time>
      </trkpt>
      <trkpt lat="43.731643" lon="7.417390">
        <ele>23.652080</ele>
        <time>2026-05-12T01:45:01.583Z</time>
      </trkpt>
      <trkpt lat="43.731745" lon="7.417548">
        <ele>23.844095</ele>
        <time>2026-05-12T01:45:05.955Z</time>
      </trkpt>
      <trkpt lat="43.731812" lon="7.417695">
        <ele>24.001607</ele>
        <time>2026-05-12T01:45:09.931Z</time>
      </trkpt>
      <trkpt lat="43.731853" lon="7.417809">
        <ele>24.117012</ele>
        <time>2026-05-12T01:45:13.007Z</time>
      </trkpt>
      <trkpt lat="43.731856" lon="7.417941">
        <ele>24.236699</ele>
        <time>2026-05-12T01:45:16.461Z</time>
      </trkpt>
      <trkpt lat="43.731907" lon="7.418133">
        <ele>24.422089</ele>
        <time>2026-05-12T01:45:22.188Z</time>
      </trkpt>
      <trkpt lat="43.731923" lon="7.418329">
        <ele>24.855680</ele>
        <time>2026-05-12T01:45:28.139Z</time>
      </trkpt>
      <trkpt lat="43.731925" lon="7.418411">
        <ele>25.075737</ele>
        <time>2026-05-12T01:45:30.771Z</time>
      </trkpt>
      <trkpt lat="43.731965" lon="7.420016">
        <ele>29.383065</ele>
        <time>2026-05-12T01:46:16.691Z</time>
      </trkpt>
      <trkpt lat="43.732024" lon="7.420348">
        <ele>30.300056</ele>
        <time>2026-05-12T01:46:21.258Z</time>
      </trkpt>
      <trkpt lat="43.732128" lon="7.420657">
        <ele>30.991947</ele>
        <time>2026-05-12T01:46:24.682Z</time>
      </trkpt>
      <trkpt lat="43.732140" lon="7.420788">
        <ele>30.175320</ele>
        <time>2026-05-12T01:46:25.690Z</time>
      </trkpt>
      <trkpt lat="43.732097" lon="7.421061">
        <ele>28.447363</ele>
        <time>2026-05-12T01:46:27.692Z</time>
      </trkpt>
      <trkpt lat="43.732094" lon="7.421221">
        <ele>27.457542</ele>
        <time>2026-05-12T01:46:28.745Z</time>
      </trkpt>
      <trkpt lat="43.732058" lon="7.421461">
        <ele>25.941668</ele>
        <time>2026-05-12T01:46:30.348Z</time>
      </trkpt>
      <trkpt lat="43.732045" lon="7.421670">
        <ele>24.644369</ele>
        <time>2026-05-12T01:46:31.661Z</time>
      </trkpt>
      <trkpt lat="43.732087" lon="7.421992">
        <ele>22.620841</ele>
        <time>2026-05-12T01:46:33.650Z</time>
      </trkpt>
      <trkpt lat="43.732102" lon="7.422058">
        <ele>22.192963</ele>
        <time>2026-05-12T01:46:34.069Z</time>
      </trkpt>
      <trkpt lat="43.732207" lon="7.422273">
        <ele>20.588134</ele>
        <time>2026-05-12T01:46:35.645Z</time>
      </trkpt>
      <trkpt lat="43.732326" lon="7.422372">
        <ele>19.399799</ele>
        <time>2026-05-12T01:46:36.808Z</time>
      </trkpt>
      <trkpt lat="43.732478" lon="7.422417">
        <ele>18.069454</ele>
        <time>2026-05-12T01:46:38.126Z</time>
      </trkpt>
      <trkpt lat="43.732629" lon="7.422381">
        <ele>16.758064</ele>
        <time>2026-05-12T01:46:39.425Z</time>
      </trkpt>
      <trkpt lat="43.732762" lon="7.422284">
        <ele>15.545409</ele>
        <time>2026-05-12T01:46:40.706Z</time>
      </trkpt>
      <trkpt lat="43.732862" lon="7.422171">
        <ele>14.730824</ele>
        <time>2026-05-12T01:46:41.806Z</time>
      </trkpt>
      <trkpt lat="43.733210" lon="7.421874">
        <ele>12.151092</ele>
        <time>2026-05-12T01:46:45.293Z</time>
      </trkpt>
      <trkpt lat="43.733558" lon="7.421710">
        <ele>9.831494</ele>
        <time>2026-05-12T01:46:48.544Z</time>
      </trkpt>
      <trkpt lat="43.733601" lon="7.421693">
        <ele>9.549322</ele>
        <time>2026-05-12T01:46:48.944Z</time>
      </trkpt>
      <trkpt lat="43.734382" lon="7.421396">
        <ele>4.438780</ele>
        <time>2026-05-12T01:46:57.380Z</time>
      </trkpt>
      <trkpt lat="43.734428" lon="7.421385">
        <ele>4.395257</ele>
        <time>2026-05-12T01:46:58.004Z</time>
      </trkpt>
      <trkpt lat="43.734480" lon="7.421372">
        <ele>4.383813</ele>
        <time>2026-05-12T01:46:58.713Z</time>
      </trkpt>
      <trkpt lat="43.735402" lon="7.421223">
        <ele>4.182777</ele>
        <time>2026-05-12T01:47:13.113Z</time>
      </trkpt>
      <trkpt lat="43.735437" lon="7.421220">
        <ele>4.175183</ele>
        <time>2026-05-12T01:47:13.698Z</time>
      </trkpt>
      <trkpt lat="43.735996" lon="7.421232">
        <ele>4.054105</ele>
        <time>2026-05-12T01:47:21.846Z</time>
      </trkpt>
      <trkpt lat="43.736354" lon="7.421328">
        <ele>4.698657</ele>
        <time>2026-05-12T01:47:27.549Z</time>
      </trkpt>
      <trkpt lat="43.736558" lon="7.421417">
        <ele>5.500549</ele>
        <time>2026-05-12T01:47:30.904Z</time>
      </trkpt>
      <trkpt lat="43.736815" lon="7.421661">
        <ele>6.668943</ele>
        <time>2026-05-12T01:47:36.739Z</time>
      </trkpt>
      <trkpt lat="43.736831" lon="7.421693">
        <ele>6.774354</ele>
        <time>2026-05-12T01:47:37.335Z</time>
      </trkpt>
      <trkpt lat="43.736877" lon="7.421728">
        <ele>6.971149</ele>
        <time>2026-05-12T01:47:38.652Z</time>
      </trkpt>
      <trkpt lat="43.736907" lon="7.421768">
        <ele>7.127319</ele>
        <time>2026-05-12T01:47:39.627Z</time>
      </trkpt>
      <trkpt lat="43.736986" lon="7.421946">
        <ele>7.693172</ele>
        <time>2026-05-12T01:47:43.555Z</time>
      </trkpt>
      <trkpt lat="43.737022" lon="7.422117">
        <ele>8.175626</ele>
        <time>2026-05-12T01:47:47.716Z</time>
      </trkpt>
      <trkpt lat="43.737094" lon="7.422766">
        <ele>9.954189</ele>
        <time>2026-05-12T01:48:08.453Z</time>
      </trkpt>
      <trkpt lat="43.737240" lon="7.423497">
        <ele>12.810428</ele>
        <time>2026-05-12T01:48:34.131Z</time>
      </trkpt>
      <trkpt lat="43.737268" lon="7.423628">
        <ele>13.417715</ele>
        <time>2026-05-12T01:48:38.791Z</time>
      </trkpt>
      <trkpt lat="43.737348" lon="7.424014">
        <ele>15.202814</ele>
        <time>2026-05-12T01:48:51.392Z</time>
      </trkpt>
      <trkpt lat="43.737401" lon="7.424357">
        <ele>16.762042</ele>
        <time>2026-05-12T01:49:02.487Z</time>
      </trkpt>
      <trkpt lat="43.737440" lon="7.424868">
        <ele>19.046243</ele>
        <time>2026-05-12T01:49:19.263Z</time>
      </trkpt>
      <trkpt lat="43.737526" lon="7.425186">
        <ele>20.555637</ele>
        <time>2026-05-12T01:49:29.362Z</time>
      </trkpt>
      <trkpt lat="43.737753" lon="7.425840">
        <ele>23.230931</ele>
        <time>2026-05-12T01:49:39.497Z</time>
      </trkpt>
      <trkpt lat="43.737867" lon="7.426431">
        <ele>25.185865</ele>
        <time>2026-05-12T01:49:46.558Z</time>
      </trkpt>
      <trkpt lat="43.737939" lon="7.426675">
        <ele>26.028193</ele>
        <time>2026-05-12T01:49:50.714Z</time>
      </trkpt>
      <trkpt lat="43.737893" lon="7.426676">
        <ele>26.231691</ele>
        <time>2026-05-12T01:49:51.442Z</time>
      </trkpt>
      <trkpt lat="43.737915" lon="7.426900">
        <ele>26.954156</ele>
        <time>2026-05-12T01:50:02.837Z</time>
      </trkpt>
      <trkpt lat="43.737940" lon="7.427084">
        <ele>27.552509</ele>
        <time>2026-05-12T01:50:12.207Z</time>
      </trkpt>
      <trkpt lat="43.738003" lon="7.427312">
        <ele>28.332642</ele>
        <time>2026-05-12T01:50:24.505Z</time>
      </trkpt>
      <trkpt lat="43.738127" lon="7.427561">
        <ele>29.299133</ele>
        <time>2026-05-12T01:50:39.789Z</time>
      </trkpt>
      <trkpt lat="43.738331" lon="7.427804">
        <ele>30.979259</ele>
        <time>2026-05-12T01:50:58.560Z</time>
      </trkpt>
      <trkpt lat="43.738479" lon="7.427874">
        <ele>32.148378</ele>
        <time>2026-05-12T01:51:09.406Z</time>
      </trkpt>
      <trkpt lat="43.738614" lon="7.427862">
        <ele>33.159588</ele>
        <time>2026-05-12T01:51:18.830Z</time>
      </trkpt>
      <trkpt lat="43.738667" lon="7.427858">
        <ele>33.556355</ele>
        <time>2026-05-12T01:51:22.598Z</time>
      </trkpt>
      <trkpt lat="43.738667" lon="7.427765">
        <ele>34.058622</ele>
        <time>2026-05-12T01:51:32.167Z</time>
      </trkpt>
      <trkpt lat="43.738687" lon="7.427729">
        <ele>34.303881</ele>
        <time>2026-05-12T01:51:36.968Z</time>
      </trkpt>
      <trkpt lat="43.738794" lon="7.427723">
        <ele>35.104368</ele>
        <time>2026-05-12T01:51:53.342Z</time>
      </trkpt>
      <trkpt lat="43.738834" lon="7.427798">
        <ele>35.607826</ele>
        <time>2026-05-12T01:52:02.913Z</time>
      </trkpt>
      <trkpt lat="43.738981" lon="7.427707">
        <ele>36.811558</ele>
        <time>2026-05-12T01:52:14.148Z</time>
      </trkpt>
      <trkpt lat="43.739034" lon="7.427678">
        <ele>37.237570</ele>
        <time>2026-05-12T01:52:17.623Z</time>
      </trkpt>
      <trkpt lat="43.739075" lon="7.427690">
        <ele>37.550824</ele>
        <time>2026-05-12T01:52:19.641Z</time>
      </trkpt>
      <trkpt lat="43.739173" lon="7.427670">
        <ele>38.291300</ele>
        <time>2026-05-12T01:52:25.652Z</time>
      </trkpt>
      <trkpt lat="43.739351" lon="7.427396">
        <ele>40.281312</ele>
        <time>2026-05-12T01:52:39.995Z</time>
      </trkpt>
      <trkpt lat="43.739464" lon="7.427350">
        <ele>41.161768</ele>
        <time>2026-05-12T01:52:45.512Z</time>
      </trkpt>
      <trkpt lat="43.739590" lon="7.427401">
        <ele>42.143071</ele>
        <time>2026-05-12T01:52:50.389Z</time>
      </trkpt>
      <trkpt lat="43.739712" lon="7.427297">
        <ele>43.214114</ele>
        <time>2026-05-12T01:52:55.361Z</time>
      </trkpt>
      <trkpt lat="43.739815" lon="7.427402">
        <ele>43.907181</ele>
        <time>2026-05-12T01:52:58.404Z</time>
      </trkpt>
      <trkpt lat="43.739910" lon="7.427496">
        <ele>44.537123</ele>
        <time>2026-05-12T01:53:01.430Z</time>
      </trkpt>
      <trkpt lat="43.739929" lon="7.427515">
        <ele>44.663566</ele>
        <time>2026-05-12T01:53:01.937Z</time>
      </trkpt>
      <trkpt lat="43.740058" lon="7.427647">
        <ele>45.528946</ele>
        <time>2026-05-12T01:53:05.261Z</time>
      </trkpt>
      <trkpt lat="43.740167" lon="7.427754">
        <ele>46.249792</ele>
        <time>2026-05-12T01:53:08.274Z</time>
      </trkpt>
      <trkpt lat="43.740274" lon="7.427673">
        <ele>46.907671</ele>
        <time>2026-05-12T01:53:11.426Z</time>
      </trkpt>
      <trkpt lat="43.740430" lon="7.427481">
        <ele>48.033755</ele>
        <time>2026-05-12T01:53:17.712Z</time>
      </trkpt>
      <trkpt lat="43.740450" lon="7.427437">
        <ele>48.236350</ele>
        <time>2026-05-12T01:53:19.171Z</time>
      </trkpt>
      <trkpt lat="43.740592" lon="7.427104">
        <ele>49.743337</ele>
        <time>2026-05-12T01:53:31.637Z</time>
      </trkpt>
      <trkpt lat="43.740614" lon="7.427061">
        <ele>49.948685</ele>
        <time>2026-05-12T01:53:33.616Z</time>
      </trkpt>
      <trkpt lat="43.740698" lon="7.426922">
        <ele>50.654929</ele>
        <time>2026-05-12T01:53:40.006Z</time>
      </trkpt>
      <trkpt lat="43.740875" lon="7.426824">
        <ele>51.683278</ele>
        <time>2026-05-12T01:53:48.706Z</time>
      </trkpt>
      <trkpt lat="43.741096" lon="7.426867">
        <ele>52.887142</ele>
        <time>2026-05-12T01:53:58.507Z</time>
      </trkpt>
      <trkpt lat="43.741368" lon="7.427040">
        <ele>53.902693</ele>
        <time>2026-05-12T01:54:11.625Z</time>
      </trkpt>
      <trkpt lat="43.741487" lon="7.427023">
        <ele>54.302434</ele>
        <time>2026-05-12T01:54:16.520Z</time>
      </trkpt>
      <trkpt lat="43.741576" lon="7.426932">
        <ele>54.672161</ele>
        <time>2026-05-12T01:54:20.770Z</time>
      </trkpt>
      <trkpt lat="43.741602" lon="7.426873">
        <ele>54.838995</ele>
        <time>2026-05-12T01:54:22.558Z</time>
      </trkpt>
      <trkpt lat="43.741652" lon="7.426867">
        <ele>55.006693</ele>
        <time>2026-05-12T01:54:24.307Z</time>
      </trkpt>
      <trkpt lat="43.741723" lon="7.426979">
        <ele>55.366395</ele>
        <time>2026-05-12T01:54:27.701Z</time>
      </trkpt>
      <trkpt lat="43.742198" lon="7.427685">
        <ele>57.695304</ele>
        <time>2026-05-12T01:54:44.893Z</time>
      </trkpt>
      <trkpt lat="43.742366" lon="7.427884">
        <ele>58.434155</ele>
        <time>2026-05-12T01:54:47.911Z</time>
      </trkpt>
      <trkpt lat="43.742547" lon="7.428004">
        <ele>58.930151</ele>
        <time>2026-05-12T01:54:50.155Z</time>
      </trkpt>
      <trkpt lat="43.743209" lon="7.428316">
        <ele>58.828549</ele>
        <time>2026-05-12T01:54:59.802Z</time>
      </trkpt>
      <trkpt lat="43.743456" lon="7.428470">
        <ele>58.789191</ele>
        <time>2026-05-12T01:55:04.855Z</time>
      </trkpt>
      <trkpt lat="43.743548" lon="7.428522">
        <ele>58.774753</ele>
        <time>2026-05-12T01:55:06.532Z</time>
      </trkpt>
      <trkpt lat="43.743797" lon="7.428681">
        <ele>58.734913</ele>
        <time>2026-05-12T01:55:11.153Z</time>
      </trkpt>
      <trkpt lat="43.744301" lon="7.428940">
        <ele>58.381093</ele>
        <time>2026-05-12T01:55:17.971Z</time>
      </trkpt>
      <trkpt lat="43.744851" lon="7.429193">
        <ele>57.094138</ele>
        <time>2026-05-12T01:55:24.587Z</time>
      </trkpt>
      <trkpt lat="43.744959" lon="7.429242">
        <ele>56.841769</ele>
        <time>2026-05-12T01:55:25.814Z</time>
      </trkpt>
      <trkpt lat="43.744999" lon="7.429259">
        <ele>56.748856</ele>
        <time>2026-05-12T01:55:26.272Z</time>
      </trkpt>
      <trkpt lat="43.745046" lon="7.429285">
        <ele>56.636466</ele>
        <time>2026-05-12T01:55:26.798Z</time>
      </trkpt>
      <trkpt lat="43.745472" lon="7.429483">
        <ele>55.638625</ele>
        <time>2026-05-12T01:55:31.576Z</time>
      </trkpt>
      <trkpt lat="43.745590" lon="7.429580">
        <ele>55.333885</ele>
        <time>2026-05-12T01:55:32.983Z</time>
      </trkpt>
      <trkpt lat="43.745932" lon="7.430105">
        <ele>54.184294</ele>
        <time>2026-05-12T01:55:38.026Z</time>
      </trkpt>
      <trkpt lat="43.746225" lon="7.430298">
        <ele>53.440493</ele>
        <time>2026-05-12T01:55:41.136Z</time>
      </trkpt>
      <trkpt lat="43.746303" lon="7.430388">
        <ele>53.207726</ele>
        <time>2026-05-12T01:55:42.130Z</time>
      </trkpt>
      <trkpt lat="43.746803" lon="7.431199">
        <ele>51.442162</ele>
        <time>2026-05-12T01:55:51.302Z</time>
      </trkpt>
      <trkpt lat="43.746930" lon="7.431379">
        <ele>51.025514</ele>
        <time>2026-05-12T01:55:53.626Z</time>
      </trkpt>
      <trkpt lat="43.747026" lon="7.431511">
        <ele>50.715345</ele>
        <time>2026-05-12T01:55:55.105Z</time>
      </trkpt>
      <trkpt lat="43.747163" lon="7.431674">
        <ele>50.478252</ele>
        <time>2026-05-12T01:55:56.958Z</time>
      </trkpt>
      <trkpt lat="43.747277" lon="7.431744">
        <ele>50.388536</ele>
        <time>2026-05-12T01:55:58.258Z</time>
      </trkpt>
      <trkpt lat="43.747518" lon="7.431732">
        <ele>50.215054</ele>
        <time>2026-05-12T01:56:01.000Z</time>
      </trkpt>
      <trkpt lat="43.747549" lon="7.431735">
        <ele>50.192699</ele>
        <time>2026-05-12T01:56:01.389Z</time>
      </trkpt>
      <trkpt lat="43.747666" lon="7.431778">
        <ele>50.105616</ele>
        <time>2026-05-12T01:56:03.100Z</time>
      </trkpt>
      <trkpt lat="43.747717" lon="7.431825">
        <ele>50.061541</ele>
        <time>2026-05-12T01:56:03.937Z</time>
      </trkpt>
      <trkpt lat="43.747790" lon="7.431960">
        <ele>49.973907</ele>
        <time>2026-05-12T01:56:06.509Z</time>
      </trkpt>
      <trkpt lat="43.747850" lon="7.432139">
        <ele>49.871360</ele>
        <time>2026-05-12T01:56:09.989Z</time>
      </trkpt>
      <trkpt lat="43.747827" lon="7.432227">
        <ele>49.822727</ele>
        <time>2026-05-12T01:56:11.418Z</time>
      </trkpt>
      <trkpt lat="43.747863" lon="7.432307">
        <ele>49.773747</ele>
        <time>2026-05-12T01:56:13.590Z</time>
      </trkpt>
      <trkpt lat="43.747844" lon="7.432427">
        <ele>49.709906</ele>
        <time>2026-05-12T01:56:15.299Z</time>
      </trkpt>
      <trkpt lat="43.747893" lon="7.432645">
        <ele>49.591260</ele>
        <time>2026-05-12T01:56:18.557Z</time>
      </trkpt>
      <trkpt lat="43.748057" lon="7.432994">
        <ele>49.374899</ele>
        <time>2026-05-12T01:56:22.216Z</time>
      </trkpt>
      <trkpt lat="43.748442" lon="7.433498">
        <ele>47.227272</ele>
        <time>2026-05-12T01:56:27.591Z</time>
      </trkpt>
      <trkpt lat="43.748638" lon="7.433827">
        <ele>45.564299</ele>
        <time>2026-05-12T01:56:30.480Z</time>
      </trkpt>
      <trkpt lat="43.748926" lon="7.434332">
        <ele>43.055285</ele>
        <time>2026-05-12T01:56:34.735Z</time>
      </trkpt>
      <trkpt lat="43.749041" lon="7.434650">
        <ele>41.668513</ele>
        <time>2026-05-12T01:56:37.014Z</time>
      </trkpt>
      <trkpt lat="43.749069" lon="7.434869">
        <ele>40.801237</ele>
        <time>2026-05-12T01:56:38.419Z</time>
      </trkpt>
      <trkpt lat="43.749067" lon="7.435153">
        <ele>39.693711</ele>
        <time>2026-05-12T01:56:40.221Z</time>
      </trkpt>
      <trkpt lat="43.749072" lon="7.435705">
        <ele>39.548903</ele>
        <time>2026-05-12T01:56:43.786Z</time>
      </trkpt>
      <trkpt lat="43.749125" lon="7.436029">
        <ele>39.544471</ele>
        <time>2026-05-12T01:56:46.210Z</time>
      </trkpt>
      <trkpt lat="43.749190" lon="7.436231">
        <ele>39.541521</ele>
        <time>2026-05-12T01:56:48.231Z</time>
      </trkpt>
      <trkpt lat="43.749277" lon="7.436376">
        <ele>39.539007</ele>
        <time>2026-05-12T01:56:50.852Z</time>
      </trkpt>
      <trkpt lat="43.749669" lon="7.436761">
        <ele>39.530131</ele>
        <time>2026-05-12T01:57:05.361Z</time>
      </trkpt>
      <trkpt lat="43.749782" lon="7.436869">
        <ele>39.527595</ele>
        <time>2026-05-12T01:57:09.973Z</time>
      </trkpt>
      <trkpt lat="43.749842" lon="7.436956">
        <ele>39.525991</ele>
        <time>2026-05-12T01:57:12.775Z</time>
      </trkpt>
      <trkpt lat="43.749949" lon="7.437076">
        <ele>39.523448</ele>
        <time>2026-05-12T01:57:17.274Z</time>
      </trkpt>
      <trkpt lat="43.749991" lon="7.437116">
        <ele>39.541992</ele>
        <time>2026-05-12T01:57:19.187Z</time>
      </trkpt>
      <trkpt lat="43.750287" lon="7.437411">
        <ele>41.313686</ele>
        <time>2026-05-12T01:57:32.379Z</time>
      </trkpt>
      <trkpt lat="43.750308" lon="7.437464">
        <ele>41.525799</ele>
        <time>2026-05-12T01:57:34.075Z</time>
      </trkpt>
      <trkpt lat="43.750372" lon="7.437522">
        <ele>41.897375</ele>
        <time>2026-05-12T01:57:37.264Z</time>
      </trkpt>
      <trkpt lat="43.750860" lon="7.437968">
        <ele>44.737869</ele>
        <time>2026-05-12T01:57:58.804Z</time>
      </trkpt>
      <trkpt lat="43.751177" lon="7.438152">
        <ele>46.407597</ele>
        <time>2026-05-12T01:58:10.061Z</time>
      </trkpt>
      <trkpt lat="43.751289" lon="7.438218">
        <ele>46.998884</ele>
        <time>2026-05-12T01:58:14.061Z</time>
      </trkpt>
      <trkpt lat="43.751351" lon="7.438246">
        <ele>47.315675</ele>
        <time>2026-05-12T01:58:16.322Z</time>
      </trkpt>
      <trkpt lat="43.751684" lon="7.438444">
        <ele>48.570371</ele>
        <time>2026-05-12T01:58:27.597Z</time>
      </trkpt>
      <trkpt lat="43.751847" lon="7.438569">
        <ele>48.914844</ele>
        <time>2026-05-12T01:58:33.237Z</time>
      </trkpt>
      <trkpt lat="43.751934" lon="7.438722">
        <ele>49.174862</ele>
        <time>2026-05-12T01:58:37.660Z</time>
      </trkpt>
      <trkpt lat="43.751996" lon="7.438893">
        <ele>49.430358</ele>
        <time>2026-05-12T01:58:41.430Z</time>
      </trkpt>
      <trkpt lat="43.752116" lon="7.439041">
        <ele>49.727462</ele>
        <time>2026-05-12T01:58:45.065Z</time>
      </trkpt>
      <trkpt lat="43.752661" lon="7.439443">
        <ele>50.869059</ele>
        <time>2026-05-12T01:58:57.241Z</time>
      </trkpt>
      <trkpt lat="43.752772" lon="7.439561">
        <ele>51.127778</ele>
        <time>2026-05-12T01:58:59.694Z</time>
      </trkpt>
      <trkpt lat="43.752945" lon="7.439895">
        <ele>51.541814</ele>
        <time>2026-05-12T01:59:03.532Z</time>
      </trkpt>
      <trkpt lat="43.753136" lon="7.440305">
        <ele>51.237852</ele>
        <time>2026-05-12T01:59:07.813Z</time>
      </trkpt>
      <trkpt lat="43.753190" lon="7.440482">
        <ele>51.118143</ele>
        <time>2026-05-12T01:59:09.560Z</time>
      </trkpt>
      <trkpt lat="43.753408" lon="7.442307">
        <ele>49.937673</ele>
        <time>2026-05-12T01:59:26.265Z</time>
      </trkpt>
      <trkpt lat="43.753405" lon="7.442645">
        <ele>49.639897</ele>
        <time>2026-05-12T01:59:28.998Z</time>
      </trkpt>
      <trkpt lat="43.753350" lon="7.443300">
        <ele>49.059004</ele>
        <time>2026-05-12T01:59:34.060Z</time>
      </trkpt>
      <trkpt lat="43.753229" lon="7.444782">
        <ele>48.016768</ele>
        <time>2026-05-12T01:59:46.462Z</time>
      </trkpt>
      <trkpt lat="43.753192" lon="7.445260">
        <ele>48.809703</ele>
        <time>2026-05-12T01:59:54.047Z</time>
      </trkpt>
      <trkpt lat="43.753212" lon="7.445495">
        <ele>49.199997</ele>
        <time>2026-05-12T01:59:58.632Z</time>
      </trkpt>
      <trkpt lat="43.753637" lon="7.446332">
        <ele>50.887529</ele>
        <time>2026-05-12T02:00:23.596Z</time>
      </trkpt>
      <trkpt lat="43.753713" lon="7.446432">
        <ele>51.126952</ele>
        <time>2026-05-12T02:00:26.221Z</time>
      </trkpt>
      <trkpt lat="43.753804" lon="7.446491">
        <ele>51.356407</ele>
        <time>2026-05-12T02:00:27.867Z</time>
      </trkpt>
      <trkpt lat="43.754092" lon="7.446544">
        <ele>51.969671</ele>
        <time>2026-05-12T02:00:32.425Z</time>
      </trkpt>
      <trkpt lat="43.754284" lon="7.446681">
        <ele>52.123737</ele>
        <time>2026-05-12T02:00:37.004Z</time>
      </trkpt>
      <trkpt lat="43.754384" lon="7.446837">
        <ele>52.231194</ele>
        <time>2026-05-12T02:00:40.295Z</time>
      </trkpt>
      <trkpt lat="43.754528" lon="7.447240">
        <ele>52.462836</ele>
        <time>2026-05-12T02:00:47.214Z</time>
      </trkpt>
      <trkpt lat="43.754634" lon="7.447444">
        <ele>52.592305</ele>
        <time>2026-05-12T02:00:50.363Z</time>
      </trkpt>
      <trkpt lat="43.754746" lon="7.447551">
        <ele>52.689365</ele>
        <time>2026-05-12T02:00:52.424Z</time>
      </trkpt>
      <trkpt lat="43.755067" lon="7.447745">
        <ele>52.939188</ele>
        <time>2026-05-12T02:00:56.436Z</time>
      </trkpt>
      <trkpt lat="43.755482" lon="7.448049">
        <ele>53.353184</ele>
        <time>2026-05-12T02:01:01.764Z</time>
      </trkpt>
      <trkpt lat="43.755789" lon="7.448630">
        <ele>54.386669</ele>
        <time>2026-05-12T02:01:19.213Z</time>
      </trkpt>
      <trkpt lat="43.755888" lon="7.448793">
        <ele>54.692416</ele>
        <time>2026-05-12T02:01:23.925Z</time>
      </trkpt>
      <trkpt lat="43.756065" lon="7.448999">
        <ele>55.152017</ele>
        <time>2026-05-12T02:01:30.136Z</time>
      </trkpt>
      <trkpt lat="43.756193" lon="7.449053">
        <ele>55.417982</ele>
        <time>2026-05-12T02:01:33.206Z</time>
      </trkpt>
      <trkpt lat="43.756586" lon="7.448999">
        <ele>56.202956</ele>
        <time>2026-05-12T02:01:40.818Z</time>
      </trkpt>
      <trkpt lat="43.756779" lon="7.449053">
        <ele>56.594322</ele>
        <time>2026-05-12T02:01:44.869Z</time>
      </trkpt>
      <trkpt lat="43.757028" lon="7.449186">
        <ele>56.861161</ele>
        <time>2026-05-12T02:01:51.022Z</time>
      </trkpt>
      <trkpt lat="43.757294" lon="7.449491">
        <ele>56.982034</ele>
        <time>2026-05-12T02:01:57.823Z</time>
      </trkpt>
      <trkpt lat="43.757407" lon="7.449623">
        <ele>57.033777</ele>
        <time>2026-05-12T02:01:59.947Z</time>
      </trkpt>
      <trkpt lat="43.758074" lon="7.450121">
        <ele>57.298989</ele>
        <time>2026-05-12T02:02:09.077Z</time>
      </trkpt>
      <trkpt lat="43.758814" lon="7.450775">
        <ele>58.158272</ele>
        <time>2026-05-12T02:02:25.986Z</time>
      </trkpt>
      <trkpt lat="43.759000" lon="7.450957">
        <ele>58.493914</ele>
        <time>2026-05-12T02:02:31.341Z</time>
      </trkpt>
      <trkpt lat="43.759629" lon="7.451694">
        <ele>59.708210</ele>
        <time>2026-05-12T02:02:50.906Z</time>
      </trkpt>
      <trkpt lat="43.760073" lon="7.452223">
        <ele>60.908372</ele>
        <time>2026-05-12T02:03:01.201Z</time>
      </trkpt>
      <trkpt lat="43.760199" lon="7.452410">
        <ele>61.369080</ele>
        <time>2026-05-12T02:03:04.197Z</time>
      </trkpt>
      <trkpt lat="43.760197" lon="7.452535">
        <ele>61.594316</ele>
        <time>2026-05-12T02:03:05.765Z</time>
      </trkpt>
      <trkpt lat="43.760276" lon="7.452597">
        <ele>61.820815</ele>
        <time>2026-05-12T02:03:07.391Z</time>
      </trkpt>
      <trkpt lat="43.760346" lon="7.452545">
        <ele>62.018955</ele>
        <time>2026-05-12T02:03:09.435Z</time>
      </trkpt>
      <trkpt lat="43.760460" lon="7.452705">
        <ele>62.423836</ele>
        <time>2026-05-12T02:03:13.101Z</time>
      </trkpt>
      <trkpt lat="43.761022" lon="7.453722">
        <ele>65.014202</ele>
        <time>2026-05-12T02:03:38.358Z</time>
      </trkpt>
      <trkpt lat="43.761049" lon="7.453773">
        <ele>65.330611</ele>
        <time>2026-05-12T02:03:39.979Z</time>
      </trkpt>
      <trkpt lat="43.761157" lon="7.453944">
        <ele>66.467272</ele>
        <time>2026-05-12T02:03:46.404Z</time>
      </trkpt>
      <trkpt lat="43.761272" lon="7.454043">
        <ele>67.405458</ele>
        <time>2026-05-12T02:03:52.037Z</time>
      </trkpt>
      <trkpt lat="43.761523" lon="7.454170">
        <ele>69.256912</ele>
        <time>2026-05-12T02:04:04.097Z</time>
      </trkpt>
      <trkpt lat="43.761788" lon="7.454160">
        <ele>71.093569</ele>
        <time>2026-05-12T02:04:16.968Z</time>
      </trkpt>
      <trkpt lat="43.762431" lon="7.453993">
        <ele>75.626099</ele>
        <time>2026-05-12T02:04:51.249Z</time>
      </trkpt>
      <trkpt lat="43.762920" lon="7.453964">
        <ele>76.884513</ele>
        <time>2026-05-12T02:05:10.600Z</time>
      </trkpt>
      <trkpt lat="43.763075" lon="7.453981">
        <ele>76.804173</ele>
        <time>2026-05-12T02:05:15.075Z</time>
      </trkpt>
      <trkpt lat="43.763180" lon="7.454048">
        <ele>76.744436</ele>
        <time>2026-05-12T02:05:17.975Z</time>
      </trkpt>
      <trkpt lat="43.763243" lon="7.454144">
        <ele>76.696032</ele>
        <time>2026-05-12T02:05:20.093Z</time>
      </trkpt>
      <trkpt lat="43.763280" lon="7.454307">
        <ele>76.632273</ele>
        <time>2026-05-12T02:05:22.313Z</time>
      </trkpt>
      <trkpt lat="43.763263" lon="7.454539">
        <ele>76.545255</ele>
        <time>2026-05-12T02:05:24.599Z</time>
      </trkpt>
      <trkpt lat="43.763222" lon="7.454707">
        <ele>76.479081</ele>
        <time>2026-05-12T02:05:26.041Z</time>
      </trkpt>
      <trkpt lat="43.763170" lon="7.454855">
        <ele>76.417664</ele>
        <time>2026-05-12T02:05:27.272Z</time>
      </trkpt>
      <trkpt lat="43.763074" lon="7.455004">
        <ele>76.343152</ele>
        <time>2026-05-12T02:05:28.686Z</time>
      </trkpt>
      <trkpt lat="43.762961" lon="7.455074">
        <ele>76.279188</ele>
        <time>2026-05-12T02:05:29.858Z</time>
      </trkpt>
      <trkpt lat="43.762581" lon="7.455137">
        <ele>75.930541</ele>
        <time>2026-05-12T02:05:33.297Z</time>
      </trkpt>
      <trkpt lat="43.762251" lon="7.455333">
        <ele>74.456168</ele>
        <time>2026-05-12T02:05:36.459Z</time>
      </trkpt>
      <trkpt lat="43.761990" lon="7.455565">
        <ele>73.182680</ele>
        <time>2026-05-12T02:05:39.226Z</time>
      </trkpt>
      <trkpt lat="43.761789" lon="7.455810">
        <ele>72.083147</ele>
        <time>2026-05-12T02:05:41.711Z</time>
      </trkpt>
      <trkpt lat="43.761666" lon="7.456070">
        <ele>71.161451</ele>
        <time>2026-05-12T02:05:44.052Z</time>
      </trkpt>
      <trkpt lat="43.761636" lon="7.456239">
        <ele>70.645375</ele>
        <time>2026-05-12T02:05:45.570Z</time>
      </trkpt>
      <trkpt lat="43.761644" lon="7.456426">
        <ele>70.089866</ele>
        <time>2026-05-12T02:05:47.549Z</time>
      </trkpt>
      <trkpt lat="43.761755" lon="7.456998">
        <ele>68.715748</ele>
        <time>2026-05-12T02:05:53.230Z</time>
      </trkpt>
      <trkpt lat="43.761840" lon="7.457149">
        <ele>68.712489</ele>
        <time>2026-05-12T02:05:54.935Z</time>
      </trkpt>
      <trkpt lat="43.762048" lon="7.457303">
        <ele>68.706930</ele>
        <time>2026-05-12T02:05:58.010Z</time>
      </trkpt>
      <trkpt lat="43.762135" lon="7.457400">
        <ele>68.704297</ele>
        <time>2026-05-12T02:05:59.894Z</time>
      </trkpt>
      <trkpt lat="43.762213" lon="7.457554">
        <ele>68.701095</ele>
        <time>2026-05-12T02:06:02.524Z</time>
      </trkpt>
      <trkpt lat="43.762238" lon="7.457723">
        <ele>68.698159</ele>
        <time>2026-05-12T02:06:04.986Z</time>
      </trkpt>
      <trkpt lat="43.762166" lon="7.458258">
        <ele>68.688895</ele>
        <time>2026-05-12T02:06:12.588Z</time>
      </trkpt>
      <trkpt lat="43.762149" lon="7.458668">
        <ele>68.681905</ele>
        <time>2026-05-12T02:06:17.265Z</time>
      </trkpt>
      <trkpt lat="43.762180" lon="7.459070">
        <ele>68.709824</ele>
        <time>2026-05-12T02:06:20.468Z</time>
      </trkpt>
      <trkpt lat="43.762288" lon="7.459987">
        <ele>69.714500</ele>
        <time>2026-05-12T02:06:28.917Z</time>
      </trkpt>
      <trkpt lat="43.762403" lon="7.460338">
        <ele>70.131276</ele>
        <time>2026-05-12T02:06:35.430Z</time>
      </trkpt>
      <trkpt lat="43.762575" lon="7.460590">
        <ele>70.506205</ele>
        <time>2026-05-12T02:06:41.317Z</time>
      </trkpt>
      <trkpt lat="43.762683" lon="7.460763">
        <ele>70.753474</ele>
        <time>2026-05-12T02:06:45.638Z</time>
      </trkpt>
      <trkpt lat="43.762708" lon="7.460974">
        <ele>70.984683</ele>
        <time>2026-05-12T02:06:50.049Z</time>
      </trkpt>
      <trkpt lat="43.762626" lon="7.461838">
        <ele>72.133964</ele>
        <time>2026-05-12T02:07:10.079Z</time>
      </trkpt>
      <trkpt lat="43.762559" lon="7.462013">
        <ele>72.427528</ele>
        <time>2026-05-12T02:07:14.293Z</time>
      </trkpt>
      <trkpt lat="43.762243" lon="7.462464">
        <ele>73.358854</ele>
        <time>2026-05-12T02:07:26.001Z</time>
      </trkpt>
      <trkpt lat="43.762088" lon="7.462671">
        <ele>73.800794</ele>
        <time>2026-05-12T02:07:31.393Z</time>
      </trkpt>
      <trkpt lat="43.761504" lon="7.463385">
        <ele>75.499682</ele>
        <time>2026-05-12T02:07:41.588Z</time>
      </trkpt>
      <trkpt lat="43.761417" lon="7.463523">
        <ele>75.851103</ele>
        <time>2026-05-12T02:07:43.673Z</time>
      </trkpt>
      <trkpt lat="43.761083" lon="7.464063">
        <ele>77.215055</ele>
        <time>2026-05-12T02:07:55.231Z</time>
      </trkpt>
      <trkpt lat="43.760897" lon="7.464266">
        <ele>77.844164</ele>
        <time>2026-05-12T02:08:01.510Z</time>
      </trkpt>
      <trkpt lat="43.760821" lon="7.464319">
        <ele>78.070203</ele>
        <time>2026-05-12T02:08:04.478Z</time>
      </trkpt>
      <trkpt lat="43.760759" lon="7.464362">
        <ele>78.254400</ele>
        <time>2026-05-12T02:08:06.120Z</time>
      </trkpt>
      <trkpt lat="43.760755" lon="7.464444">
        <ele>78.412073</ele>
        <time>2026-05-12T02:08:08.367Z</time>
      </trkpt>
      <trkpt lat="43.760766" lon="7.464467">
        <ele>78.464996</ele>
        <time>2026-05-12T02:08:09.098Z</time>
      </trkpt>
      <trkpt lat="43.760737" lon="7.464551">
        <ele>78.643613</ele>
        <time>2026-05-12T02:08:10.862Z</time>
      </trkpt>
      <trkpt lat="43.760433" lon="7.464789">
        <ele>79.571279</ele>
        <time>2026-05-12T02:08:21.334Z</time>
      </trkpt>
      <trkpt lat="43.760306" lon="7.464969">
        <ele>80.111569</ele>
        <time>2026-05-12T02:08:27.467Z</time>
      </trkpt>
      <trkpt lat="43.760210" lon="7.465116">
        <ele>80.592796</ele>
        <time>2026-05-12T02:08:32.333Z</time>
      </trkpt>
      <trkpt lat="43.760084" lon="7.465363">
        <ele>81.327077</ele>
        <time>2026-05-12T02:08:41.472Z</time>
      </trkpt>
      <trkpt lat="43.759939" lon="7.465618">
        <ele>82.115144</ele>
        <time>2026-05-12T02:08:51.441Z</time>
      </trkpt>
      <trkpt lat="43.759308" lon="7.466685">
        <ele>85.463773</ele>
        <time>2026-05-12T02:09:14.471Z</time>
      </trkpt>
      <trkpt lat="43.759005" lon="7.467263">
        <ele>86.828965</ele>
        <time>2026-05-12T02:09:25.600Z</time>
      </trkpt>
      <trkpt lat="43.758522" lon="7.468387">
        <ele>89.112480</ele>
        <time>2026-05-12T02:09:47.824Z</time>
      </trkpt>
      <trkpt lat="43.758360" lon="7.468835">
        <ele>89.987226</ele>
        <time>2026-05-12T02:09:57.669Z</time>
      </trkpt>
      <trkpt lat="43.758324" lon="7.469003">
        <ele>90.301067</ele>
        <time>2026-05-12T02:10:01.197Z</time>
      </trkpt>
      <trkpt lat="43.758316" lon="7.469210">
        <ele>90.710038</ele>
        <time>2026-05-12T02:10:05.625Z</time>
      </trkpt>
      <trkpt lat="43.758343" lon="7.469359">
        <ele>91.013109</ele>
        <time>2026-05-12T02:10:09.031Z</time>
      </trkpt>
      <trkpt lat="43.758431" lon="7.469503">
        <ele>91.385251</ele>
        <time>2026-05-12T02:10:13.172Z</time>
      </trkpt>
      <trkpt lat="43.758434" lon="7.469604">
        <ele>91.584681</ele>
        <time>2026-05-12T02:10:15.129Z</time>
      </trkpt>
      <trkpt lat="43.758493" lon="7.469664">
        <ele>91.784643</ele>
        <time>2026-05-12T02:10:17.505Z</time>
      </trkpt>
      <trkpt lat="43.758562" lon="7.469757">
        <ele>92.047677</ele>
        <time>2026-05-12T02:10:20.164Z</time>
      </trkpt>
      <trkpt lat="43.758688" lon="7.469940">
        <ele>92.546478</ele>
        <time>2026-05-12T02:10:25.515Z</time>
      </trkpt>
      <trkpt lat="43.758793" lon="7.470035">
        <ele>92.889096</ele>
        <time>2026-05-12T02:10:29.159Z</time>
      </trkpt>
      <trkpt lat="43.759033" lon="7.470267">
        <ele>93.688635</ele>
        <time>2026-05-12T02:10:37.748Z</time>
      </trkpt>
      <trkpt lat="43.759371" lon="7.470526">
        <ele>94.743858</ele>
        <time>2026-05-12T02:10:47.177Z</time>
      </trkpt>
      <trkpt lat="43.759675" lon="7.470688">
        <ele>94.786784</ele>
        <time>2026-05-12T02:10:52.654Z</time>
      </trkpt>
      <trkpt lat="43.759861" lon="7.470755">
        <ele>94.400823</ele>
        <time>2026-05-12T02:10:55.449Z</time>
      </trkpt>
      <trkpt lat="43.760033" lon="7.470808">
        <ele>94.046960</ele>
        <time>2026-05-12T02:10:57.566Z</time>
      </trkpt>
      <trkpt lat="43.760520" lon="7.470842">
        <ele>93.067719</ele>
        <time>2026-05-12T02:11:02.748Z</time>
      </trkpt>
      <trkpt lat="43.760803" lon="7.470872">
        <ele>92.497732</ele>
        <time>2026-05-12T02:11:05.674Z</time>
      </trkpt>
      <trkpt lat="43.761214" lon="7.471024">
        <ele>91.643421</ele>
        <time>2026-05-12T02:11:09.937Z</time>
      </trkpt>
      <trkpt lat="43.761426" lon="7.471036">
        <ele>90.478078</ele>
        <time>2026-05-12T02:11:12.034Z</time>
      </trkpt>
      <trkpt lat="43.761996" lon="7.470767">
        <ele>86.441462</ele>
        <time>2026-05-12T02:11:17.630Z</time>
      </trkpt>
      <trkpt lat="43.762281" lon="7.470722">
        <ele>84.518691</ele>
        <time>2026-05-12T02:11:20.162Z</time>
      </trkpt>
      <trkpt lat="43.762385" lon="7.470779">
        <ele>83.768939</ele>
        <time>2026-05-12T02:11:21.156Z</time>
      </trkpt>
      <trkpt lat="43.762458" lon="7.470859">
        <ele>83.144894</ele>
        <time>2026-05-12T02:11:21.988Z</time>
      </trkpt>
      <trkpt lat="43.762539" lon="7.471010">
        <ele>82.234309</ele>
        <time>2026-05-12T02:11:23.205Z</time>
      </trkpt>
      <trkpt lat="43.762574" lon="7.471185">
        <ele>81.355235</ele>
        <time>2026-05-12T02:11:24.368Z</time>
      </trkpt>
      <trkpt lat="43.762579" lon="7.471596">
        <ele>79.330390</ele>
        <time>2026-05-12T02:11:26.982Z</time>
      </trkpt>
      <trkpt lat="43.762516" lon="7.471915">
        <ele>77.229598</ele>
        <time>2026-05-12T02:11:29.051Z</time>
      </trkpt>
      <trkpt lat="43.762493" lon="7.472041">
        <ele>76.404034</ele>
        <time>2026-05-12T02:11:29.861Z</time>
      </trkpt>
      <trkpt lat="43.762468" lon="7.472192">
        <ele>75.419950</ele>
        <time>2026-05-12T02:11:30.823Z</time>
      </trkpt>
      <trkpt lat="43.762399" lon="7.472530">
        <ele>73.188732</ele>
        <time>2026-05-12T02:11:32.996Z</time>
      </trkpt>
      <trkpt lat="43.762322" lon="7.472749">
        <ele>71.641468</ele>
        <time>2026-05-12T02:11:34.497Z</time>
      </trkpt>
      <trkpt lat="43.762210" lon="7.472949">
        <ele>70.033815</ele>
        <time>2026-05-12T02:11:36.074Z</time>
      </trkpt>
      <trkpt lat="43.762050" lon="7.473128">
        <ele>68.224548</ele>
        <time>2026-05-12T02:11:37.897Z</time>
      </trkpt>
      <trkpt lat="43.761729" lon="7.473297">
        <ele>65.203930</ele>
        <time>2026-05-12T02:11:40.958Z</time>
      </trkpt>
      <trkpt lat="43.761654" lon="7.473377">
        <ele>64.371205</ele>
        <time>2026-05-12T02:11:41.796Z</time>
      </trkpt>
      <trkpt lat="43.761556" lon="7.473531">
        <ele>63.151282</ele>
        <time>2026-05-12T02:11:43.111Z</time>
      </trkpt>
      <trkpt lat="43.761501" lon="7.473670">
        <ele>62.287819</ele>
        <time>2026-05-12T02:11:44.125Z</time>
      </trkpt>
      <trkpt lat="43.761433" lon="7.474071">
        <ele>60.043789</ele>
        <time>2026-05-12T02:11:46.774Z</time>
      </trkpt>
      <trkpt lat="43.761325" lon="7.474341">
        <ele>58.362313</ele>
        <time>2026-05-12T02:11:48.783Z</time>
      </trkpt>
      <trkpt lat="43.760929" lon="7.474891">
        <ele>54.131330</ele>
        <time>2026-05-12T02:11:53.875Z</time>
      </trkpt>
      <trkpt lat="43.760410" lon="7.475761">
        <ele>47.765500</ele>
        <time>2026-05-12T02:12:01.032Z</time>
      </trkpt>
      <trkpt lat="43.760248" lon="7.475941">
        <ele>46.036205</ele>
        <time>2026-05-12T02:12:02.817Z</time>
      </trkpt>
      <trkpt lat="43.759765" lon="7.476265">
        <ele>41.567957</ele>
        <time>2026-05-12T02:12:07.458Z</time>
      </trkpt>
      <trkpt lat="43.759599" lon="7.476433">
        <ele>39.856105</ele>
        <time>2026-05-12T02:12:09.251Z</time>
      </trkpt>
      <trkpt lat="43.759492" lon="7.476601">
        <ele>38.509246</ele>
        <time>2026-05-12T02:12:10.665Z</time>
      </trkpt>
      <trkpt lat="43.759454" lon="7.476756">
        <ele>37.524999</ele>
        <time>2026-05-12T02:12:11.703Z</time>
      </trkpt>
      <trkpt lat="43.759481" lon="7.476965">
        <ele>36.248335</ele>
        <time>2026-05-12T02:12:13.062Z</time>
      </trkpt>
      <trkpt lat="43.759600" lon="7.477156">
        <ele>34.941451</ele>
        <time>2026-05-12T02:12:14.701Z</time>
      </trkpt>
      <trkpt lat="43.759883" lon="7.477449">
        <ele>33.610943</ele>
        <time>2026-05-12T02:12:18.003Z</time>
      </trkpt>
      <trkpt lat="43.760974" lon="7.478350">
        <ele>28.827914</ele>
        <time>2026-05-12T02:12:31.105Z</time>
      </trkpt>
      <trkpt lat="43.761419" lon="7.478610">
        <ele>27.856172</ele>
        <time>2026-05-12T02:12:36.289Z</time>
      </trkpt>
      <trkpt lat="43.761617" lon="7.478627">
        <ele>27.583691</ele>
        <time>2026-05-12T02:12:38.377Z</time>
      </trkpt>
      <trkpt lat="43.762222" lon="7.478520">
        <ele>26.745955</ele>
        <time>2026-05-12T02:12:45.840Z</time>
      </trkpt>
      <trkpt lat="43.762400" lon="7.478569">
        <ele>26.496681</ele>
        <time>2026-05-12T02:12:48.276Z</time>
      </trkpt>
      <trkpt lat="43.762656" lon="7.478790">
        <ele>26.082315</ele>
        <time>2026-05-12T02:12:52.438Z</time>
      </trkpt>
      <trkpt lat="43.762821" lon="7.478985">
        <ele>25.711005</ele>
        <time>2026-05-12T02:12:55.469Z</time>
      </trkpt>
      <trkpt lat="43.762904" lon="7.479097">
        <ele>25.418625</ele>
        <time>2026-05-12T02:12:57.014Z</time>
      </trkpt>
      <trkpt lat="43.763668" lon="7.480236">
        <ele>22.586399</ele>
        <time>2026-05-12T02:13:09.499Z</time>
      </trkpt>
      <trkpt lat="43.763655" lon="7.480335">
        <ele>22.403068</ele>
        <time>2026-05-12T02:13:10.205Z</time>
      </trkpt>
      <trkpt lat="43.763674" lon="7.480380">
        <ele>22.308096</ele>
        <time>2026-05-12T02:13:10.562Z</time>
      </trkpt>
      <trkpt lat="43.763751" lon="7.480408">
        <ele>22.107253</ele>
        <time>2026-05-12T02:13:11.325Z</time>
      </trkpt>
      <trkpt lat="43.763787" lon="7.480378">
        <ele>22.001253</ele>
        <time>2026-05-12T02:13:11.722Z</time>
      </trkpt>
      <trkpt lat="43.764445" lon="7.481584">
        <ele>17.479891</ele>
        <time>2026-05-12T02:13:21.941Z</time>
      </trkpt>
      <trkpt lat="43.764589" lon="7.481863">
        <ele>16.325946</ele>
        <time>2026-05-12T02:13:24.255Z</time>
      </trkpt>
      <trkpt lat="43.764654" lon="7.481977">
        <ele>15.837192</ele>
        <time>2026-05-12T02:13:25.246Z</time>
      </trkpt>
      <trkpt lat="43.764816" lon="7.482448">
        <ele>14.081720</ele>
        <time>2026-05-12T02:13:28.842Z</time>
      </trkpt>
      <trkpt lat="43.764868" lon="7.482674">
        <ele>13.283573</ele>
        <time>2026-05-12T02:13:30.503Z</time>
      </trkpt>
      <trkpt lat="43.764952" lon="7.483314">
        <ele>12.121938</ele>
        <time>2026-05-12T02:13:35.200Z</time>
      </trkpt>
      <trkpt lat="43.764975" lon="7.483915">
        <ele>11.215778</ele>
        <time>2026-05-12T02:13:39.855Z</time>
      </trkpt>
      <trkpt lat="43.764982" lon="7.484230">
        <ele>10.741276</ele>
        <time>2026-05-12T02:13:42.617Z</time>
      </trkpt>
      <trkpt lat="43.764979" lon="7.484574">
        <ele>10.223298</ele>
        <time>2026-05-12T02:13:45.652Z</time>
      </trkpt>
      <trkpt lat="43.764979" lon="7.484803">
        <ele>9.878506</ele>
        <time>2026-05-12T02:13:47.659Z</time>
      </trkpt>
      <trkpt lat="43.764994" lon="7.485094">
        <ele>9.439250</ele>
        <time>2026-05-12T02:13:50.187Z</time>
      </trkpt>
      <trkpt lat="43.765073" lon="7.485658">
        <ele>8.503079</ele>
        <time>2026-05-12T02:13:55.149Z</time>
      </trkpt>
      <trkpt lat="43.765215" lon="7.486219">
        <ele>7.506872</ele>
        <time>2026-05-12T02:14:00.214Z</time>
      </trkpt>
      <trkpt lat="43.765329" lon="7.486575">
        <ele>6.854264</ele>
        <time>2026-05-12T02:14:03.251Z</time>
      </trkpt>
      <trkpt lat="43.765611" lon="7.487156">
        <ele>5.681150</ele>
        <time>2026-05-12T02:14:08.301Z</time>
      </trkpt>
      <trkpt lat="43.765755" lon="7.487413">
        <ele>5.136042</ele>
        <time>2026-05-12T02:14:10.631Z</time>
      </trkpt>
      <trkpt lat="43.765758" lon="7.487509">
        <ele>4.982550</ele>
        <time>2026-05-12T02:14:11.332Z</time>
      </trkpt>
      <trkpt lat="43.765590" lon="7.487696">
        <ele>4.550757</ele>
        <time>2026-05-12T02:14:13.481Z</time>
      </trkpt>
      <trkpt lat="43.765395" lon="7.488035">
        <ele>3.923775</ele>
        <time>2026-05-12T02:14:16.663Z</time>
      </trkpt>
      <trkpt lat="43.765474" lon="7.488127">
        <ele>3.716993</ele>
        <time>2026-05-12T02:14:17.727Z</time>
      </trkpt>
      <trkpt lat="43.767256" lon="7.489829">
        <ele>0.665268</ele>
        <time>2026-05-12T02:14:43.420Z</time>
      </trkpt>
      <trkpt lat="43.767324" lon="7.489892">
        <ele>0.604263</ele>
        <time>2026-05-12T02:14:44.566Z</time>
      </trkpt>
      <trkpt lat="43.767830" lon="7.490497">
        <ele>0.105791</ele>
        <time>2026-05-12T02:14:54.088Z</time>
      </trkpt>
      <trkpt lat="43.768624" lon="7.491615">
        <ele>0.230217</ele>
        <time>2026-05-12T02:15:11.174Z</time>
      </trkpt>
      <trkpt lat="43.768656" lon="7.491661">
        <ele>0.236237</ele>
        <time>2026-05-12T02:15:11.877Z</time>
      </trkpt>
      <trkpt lat="43.769505" lon="7.492880">
        <ele>0.511144</ele>
        <time>2026-05-12T02:15:31.438Z</time>
      </trkpt>
      <trkpt lat="43.769762" lon="7.493339">
        <ele>0.649810</ele>
        <time>2026-05-12T02:15:38.409Z</time>
      </trkpt>
      <trkpt lat="43.770057" lon="7.493895">
        <ele>0.814531</ele>
        <time>2026-05-12T02:15:46.399Z</time>
      </trkpt>
      <trkpt lat="43.770393" lon="7.494525">
        <ele>0.981224</ele>
        <time>2026-05-12T02:15:55.473Z</time>
      </trkpt>
      <trkpt lat="43.770499" lon="7.494725">
        <ele>1.026511</ele>
        <time>2026-05-12T02:15:58.363Z</time>
      </trkpt>
      <trkpt lat="43.770634" lon="7.494981">
        <ele>1.084377</ele>
        <time>2026-05-12T02:16:02.047Z</time>
      </trkpt>
      <trkpt lat="43.771263" lon="7.496176">
        <ele>1.354320</ele>
        <time>2026-05-12T02:16:18.722Z</time>
      </trkpt>
      <trkpt lat="43.771512" lon="7.496645">
        <ele>1.807703</ele>
        <time>2026-05-12T02:16:25.453Z</time>
      </trkpt>
      <trkpt lat="43.771639" lon="7.496880">
        <ele>2.066599</ele>
        <time>2026-05-12T02:16:28.810Z</time>
      </trkpt>
      <trkpt lat="43.771682" lon="7.496978">
        <ele>2.167744</ele>
        <time>2026-05-12T02:16:30.127Z</time>
      </trkpt>
      <trkpt lat="43.771728" lon="7.497083">
        <ele>2.276068</ele>
        <time>2026-05-12T02:16:31.671Z</time>
      </trkpt>
      <trkpt lat="43.772202" lon="7.498013">
        <ele>3.280093</ele>
        <time>2026-05-12T02:16:49.456Z</time>
      </trkpt>
      <trkpt lat="43.772253" lon="7.498190">
        <ele>3.448180</ele>
        <time>2026-05-12T02:16:52.690Z</time>
      </trkpt>
      <trkpt lat="43.772347" lon="7.498174">
        <ele>3.563862</ele>
        <time>2026-05-12T02:16:54.937Z</time>
      </trkpt>
      <trkpt lat="43.772636" lon="7.497947">
        <ele>4.241457</ele>
        <time>2026-05-12T02:17:02.755Z</time>
      </trkpt>
      <trkpt lat="43.772770" lon="7.498203">
        <ele>4.708530</ele>
        <time>2026-05-12T02:17:08.108Z</time>
      </trkpt>
      <trkpt lat="43.772821" lon="7.498362">
        <ele>4.965537</ele>
        <time>2026-05-12T02:17:11.119Z</time>
      </trkpt>
      <trkpt lat="43.772895" lon="7.498474">
        <ele>5.189792</ele>
        <time>2026-05-12T02:17:13.799Z</time>
      </trkpt>
      <trkpt lat="43.772926" lon="7.498525">
        <ele>5.288268</ele>
        <time>2026-05-12T02:17:14.945Z</time>
      </trkpt>
      <trkpt lat="43.773017" lon="7.498676">
        <ele>5.578805</ele>
        <time>2026-05-12T02:17:18.405Z</time>
      </trkpt>
      <trkpt lat="43.773105" lon="7.498854">
        <ele>5.897471</ele>
        <time>2026-05-12T02:17:22.334Z</time>
      </trkpt>
      <trkpt lat="43.773348" lon="7.499340">
        <ele>6.770703</ele>
        <time>2026-05-12T02:17:31.796Z</time>
      </trkpt>
      <trkpt lat="43.773371" lon="7.499386">
        <ele>6.853354</ele>
        <time>2026-05-12T02:17:32.650Z</time>
      </trkpt>
      <trkpt lat="43.773661" lon="7.499969">
        <ele>7.650663</ele>
        <time>2026-05-12T02:17:43.557Z</time>
      </trkpt>
      <trkpt lat="43.773865" lon="7.500370">
        <ele>8.099380</ele>
        <time>2026-05-12T02:17:51.179Z</time>
      </trkpt>
      <trkpt lat="43.773907" lon="7.500452">
        <ele>8.191346</ele>
        <time>2026-05-12T02:17:52.845Z</time>
      </trkpt>
      <trkpt lat="43.774243" lon="7.501042">
        <ele>8.878713</ele>
        <time>2026-05-12T02:18:03.889Z</time>
      </trkpt>
      <trkpt lat="43.774305" lon="7.501128">
        <ele>8.989880</ele>
        <time>2026-05-12T02:18:05.615Z</time>
      </trkpt>
      <trkpt lat="43.774285" lon="7.501171">
        <ele>9.036668</ele>
        <time>2026-05-12T02:18:06.238Z</time>
      </trkpt>
      <trkpt lat="43.774286" lon="7.501284">
        <ele>9.140044</ele>
        <time>2026-05-12T02:18:07.715Z</time>
      </trkpt>
      <trkpt lat="43.774355" lon="7.501353">
        <ele>9.247862</ele>
        <time>2026-05-12T02:18:09.183Z</time>
      </trkpt>
      <trkpt lat="43.774430" lon="7.501331">
        <ele>9.344984</ele>
        <time>2026-05-12T02:18:10.514Z</time>
      </trkpt>
      <trkpt lat="43.774553" lon="7.501527">
        <ele>9.525160</ele>
        <time>2026-05-12T02:18:13.571Z</time>
      </trkpt>
      <trkpt lat="43.774673" lon="7.502076">
        <ele>9.525160</ele>
        <time>2026-05-12T02:18:20.316Z</time>
      </trkpt>
      <trkpt lat="43.774805" lon="7.502789">
        <ele>9.525160</ele>
        <time>2026-05-12T02:18:28.677Z</time>
      </trkpt>
      <trkpt lat="43.774859" lon="7.503059">
        <ele>9.525160</ele>
        <time>2026-05-12T02:18:31.659Z</time>
      </trkpt>
      <trkpt lat="43.775232" lon="7.502967">
        <ele>9.525160</ele>
        <time>2026-05-12T02:18:37.468Z</time>
      </trkpt>
    </trkseg>
  </trk>
</gpx>