<?xml version='1.0' encoding='UTF-8'?>
<gpx version="1.1" creator="https://www.komoot.de" xmlns="http://www.topografix.com/GPX/1/1" xmlns:xsi="http://www.w3.org/2001/XMLSchema-instance" xsi:schemaLocation="http://www.topografix.com/GPX/1/1 http://www.topografix.com/GPX/1/1/gpx.xsd">
  <metadata>
    <name>Tour of Slovenia - T4</name>
    <author>
      <link href="https://www.komoot.de">
        <text>komoot</text>
        <type>text/html</type>
      </link>
    </author>
  </metadata>
  <wpt lat="46.486491" lon="13.804410">
    <name>Pista ciclabile su una vecchia linea ferroviaria</name>
    <sym>Flag, Blue</sym>
  </wpt>
  <trk>
    <name>Tour of Slovenia - T4</name>
    <type>racebike</type>
    <trkseg>
      <trkpt lat="46.371640" lon="14.110479">
        <ele>497.145669</ele>
        <time>2026-07-17T14:50:41.869Z</time>
      </trkpt>
      <trkpt lat="46.371498" lon="14.110333">
        <ele>497.145669</ele>
        <time>2026-07-17T14:50:43.572Z</time>
      </trkpt>
      <trkpt lat="46.371285" lon="14.110039">
        <ele>497.145669</ele>
        <time>2026-07-17T14:50:46.464Z</time>
      </trkpt>
      <trkpt lat="46.371200" lon="14.109910">
        <ele>497.145669</ele>
        <time>2026-07-17T14:50:47.672Z</time>
      </trkpt>
      <trkpt lat="46.371152" lon="14.109855">
        <ele>497.145669</ele>
        <time>2026-07-17T14:50:48.283Z</time>
      </trkpt>
      <trkpt lat="46.371053" lon="14.109766">
        <ele>497.145669</ele>
        <time>2026-07-17T14:50:49.423Z</time>
      </trkpt>
      <trkpt lat="46.370672" lon="14.109441">
        <ele>496.902417</ele>
        <time>2026-07-17T14:50:53.719Z</time>
      </trkpt>
      <trkpt lat="46.370583" lon="14.109635">
        <ele>496.777003</ele>
        <time>2026-07-17T14:50:55.298Z</time>
      </trkpt>
      <trkpt lat="46.370519" lon="14.109779">
        <ele>496.684793</ele>
        <time>2026-07-17T14:50:56.515Z</time>
      </trkpt>
      <trkpt lat="46.370300" lon="14.110286">
        <ele>496.362786</ele>
        <time>2026-07-17T14:51:01.283Z</time>
      </trkpt>
      <trkpt lat="46.370272" lon="14.110352">
        <ele>496.321077</ele>
        <time>2026-07-17T14:51:01.977Z</time>
      </trkpt>
      <trkpt lat="46.370048" lon="14.110873">
        <ele>495.990610</ele>
        <time>2026-07-17T14:51:09.645Z</time>
      </trkpt>
      <trkpt lat="46.369982" lon="14.111018">
        <ele>495.897096</ele>
        <time>2026-07-17T14:51:12.460Z</time>
      </trkpt>
      <trkpt lat="46.369768" lon="14.111498">
        <ele>496.405445</ele>
        <time>2026-07-17T14:51:22.439Z</time>
      </trkpt>
      <trkpt lat="46.369637" lon="14.111794">
        <ele>497.226342</ele>
        <time>2026-07-17T14:51:29.772Z</time>
      </trkpt>
      <trkpt lat="46.369517" lon="14.112073">
        <ele>497.993809</ele>
        <time>2026-07-17T14:51:37.213Z</time>
      </trkpt>
      <trkpt lat="46.369442" lon="14.112248">
        <ele>498.474715</ele>
        <time>2026-07-17T14:51:42.021Z</time>
      </trkpt>
      <trkpt lat="46.369225" lon="14.112865">
        <ele>500.091352</ele>
        <time>2026-07-17T14:51:58.055Z</time>
      </trkpt>
      <trkpt lat="46.369157" lon="14.112990">
        <ele>500.462934</ele>
        <time>2026-07-17T14:52:01.525Z</time>
      </trkpt>
      <trkpt lat="46.369105" lon="14.113039">
        <ele>500.672776</ele>
        <time>2026-07-17T14:52:03.444Z</time>
      </trkpt>
      <trkpt lat="46.368968" lon="14.113088">
        <ele>501.150175</ele>
        <time>2026-07-17T14:52:07.592Z</time>
      </trkpt>
      <trkpt lat="46.368460" lon="14.113095">
        <ele>501.327355</ele>
        <time>2026-07-17T14:52:19.516Z</time>
      </trkpt>
      <trkpt lat="46.368174" lon="14.113114">
        <ele>500.862228</ele>
        <time>2026-07-17T14:52:23.735Z</time>
      </trkpt>
      <trkpt lat="46.368064" lon="14.112706">
        <ele>500.371180</ele>
        <time>2026-07-17T14:52:27.179Z</time>
      </trkpt>
      <trkpt lat="46.368032" lon="14.112594">
        <ele>500.235288</ele>
        <time>2026-07-17T14:52:28.064Z</time>
      </trkpt>
      <trkpt lat="46.367757" lon="14.111742">
        <ele>499.180851</ele>
        <time>2026-07-17T14:52:34.508Z</time>
      </trkpt>
      <trkpt lat="46.367735" lon="14.111650">
        <ele>499.071699</ele>
        <time>2026-07-17T14:52:35.144Z</time>
      </trkpt>
      <trkpt lat="46.367718" lon="14.111583">
        <ele>498.991673</ele>
        <time>2026-07-17T14:52:35.614Z</time>
      </trkpt>
      <trkpt lat="46.367705" lon="14.111532">
        <ele>498.930725</ele>
        <time>2026-07-17T14:52:35.966Z</time>
      </trkpt>
      <trkpt lat="46.367295" lon="14.110225">
        <ele>494.328533</ele>
        <time>2026-07-17T14:52:45.286Z</time>
      </trkpt>
      <trkpt lat="46.367259" lon="14.110112">
        <ele>493.925416</ele>
        <time>2026-07-17T14:52:46.080Z</time>
      </trkpt>
      <trkpt lat="46.366935" lon="14.109049">
        <ele>490.409799</ele>
        <time>2026-07-17T14:52:53.588Z</time>
      </trkpt>
      <trkpt lat="46.366789" lon="14.108642">
        <ele>490.147998</ele>
        <time>2026-07-17T14:52:56.931Z</time>
      </trkpt>
      <trkpt lat="46.366710" lon="14.108474">
        <ele>490.031967</ele>
        <time>2026-07-17T14:52:58.534Z</time>
      </trkpt>
      <trkpt lat="46.366532" lon="14.108221">
        <ele>489.825751</ele>
        <time>2026-07-17T14:53:01.536Z</time>
      </trkpt>
      <trkpt lat="46.365928" lon="14.107811">
        <ele>489.274093</ele>
        <time>2026-07-17T14:53:12.132Z</time>
      </trkpt>
      <trkpt lat="46.365392" lon="14.107377">
        <ele>488.956734</ele>
        <time>2026-07-17T14:53:26.338Z</time>
      </trkpt>
      <trkpt lat="46.365381" lon="14.107366">
        <ele>488.955756</ele>
        <time>2026-07-17T14:53:26.572Z</time>
      </trkpt>
      <trkpt lat="46.364944" lon="14.106954">
        <ele>488.917577</ele>
        <time>2026-07-17T14:53:33.254Z</time>
      </trkpt>
      <trkpt lat="46.364799" lon="14.106759">
        <ele>488.903090</ele>
        <time>2026-07-17T14:53:35.409Z</time>
      </trkpt>
      <trkpt lat="46.364722" lon="14.106564">
        <ele>488.891737</ele>
        <time>2026-07-17T14:53:37.246Z</time>
      </trkpt>
      <trkpt lat="46.364529" lon="14.105894">
        <ele>488.855047</ele>
        <time>2026-07-17T14:53:44.387Z</time>
      </trkpt>
      <trkpt lat="46.364297" lon="14.105386">
        <ele>489.227883</ele>
        <time>2026-07-17T14:53:51.188Z</time>
      </trkpt>
      <trkpt lat="46.364179" lon="14.105154">
        <ele>489.518583</ele>
        <time>2026-07-17T14:53:54.582Z</time>
      </trkpt>
      <trkpt lat="46.364083" lon="14.104781">
        <ele>489.920125</ele>
        <time>2026-07-17T14:53:59.852Z</time>
      </trkpt>
      <trkpt lat="46.364001" lon="14.104092">
        <ele>490.625345</ele>
        <time>2026-07-17T14:54:12.072Z</time>
      </trkpt>
      <trkpt lat="46.363913" lon="14.103772">
        <ele>490.972799</ele>
        <time>2026-07-17T14:54:18.615Z</time>
      </trkpt>
      <trkpt lat="46.363336" lon="14.102356">
        <ele>490.898445</ele>
        <time>2026-07-17T14:54:40.923Z</time>
      </trkpt>
      <trkpt lat="46.363242" lon="14.102099">
        <ele>490.753120</ele>
        <time>2026-07-17T14:54:43.277Z</time>
      </trkpt>
      <trkpt lat="46.363218" lon="14.102032">
        <ele>490.715404</ele>
        <time>2026-07-17T14:54:43.865Z</time>
      </trkpt>
      <trkpt lat="46.362941" lon="14.101064">
        <ele>490.191830</ele>
        <time>2026-07-17T14:54:52.120Z</time>
      </trkpt>
      <trkpt lat="46.362842" lon="14.100641">
        <ele>489.022975</ele>
        <time>2026-07-17T14:54:55.087Z</time>
      </trkpt>
      <trkpt lat="46.362788" lon="14.100468">
        <ele>488.483138</ele>
        <time>2026-07-17T14:54:56.273Z</time>
      </trkpt>
      <trkpt lat="46.362673" lon="14.100138">
        <ele>487.432061</ele>
        <time>2026-07-17T14:54:58.597Z</time>
      </trkpt>
      <trkpt lat="46.362367" lon="14.099413">
        <ele>485.015816</ele>
        <time>2026-07-17T14:55:04.121Z</time>
      </trkpt>
      <trkpt lat="46.362236" lon="14.099251">
        <ele>484.306286</ele>
        <time>2026-07-17T14:55:05.873Z</time>
      </trkpt>
      <trkpt lat="46.362150" lon="14.099194">
        <ele>483.916667</ele>
        <time>2026-07-17T14:55:06.827Z</time>
      </trkpt>
      <trkpt lat="46.361989" lon="14.099160">
        <ele>483.246350</ele>
        <time>2026-07-17T14:55:08.471Z</time>
      </trkpt>
      <trkpt lat="46.361791" lon="14.099171">
        <ele>482.641483</ele>
        <time>2026-07-17T14:55:10.424Z</time>
      </trkpt>
      <trkpt lat="46.361272" lon="14.099458">
        <ele>481.819628</ele>
        <time>2026-07-17T14:55:16.384Z</time>
      </trkpt>
      <trkpt lat="46.360953" lon="14.099561">
        <ele>481.336104</ele>
        <time>2026-07-17T14:55:20.333Z</time>
      </trkpt>
      <trkpt lat="46.360575" lon="14.099630">
        <ele>480.772445</ele>
        <time>2026-07-17T14:55:25.439Z</time>
      </trkpt>
      <trkpt lat="46.360335" lon="14.099648">
        <ele>480.416898</ele>
        <time>2026-07-17T14:55:28.660Z</time>
      </trkpt>
      <trkpt lat="46.360089" lon="14.099548">
        <ele>480.074845</ele>
        <time>2026-07-17T14:55:32.033Z</time>
      </trkpt>
      <trkpt lat="46.360019" lon="14.099494">
        <ele>480.027756</ele>
        <time>2026-07-17T14:55:33.089Z</time>
      </trkpt>
      <trkpt lat="46.359901" lon="14.099335">
        <ele>479.932075</ele>
        <time>2026-07-17T14:55:35.129Z</time>
      </trkpt>
      <trkpt lat="46.359744" lon="14.099051">
        <ele>479.782959</ele>
        <time>2026-07-17T14:55:38.227Z</time>
      </trkpt>
      <trkpt lat="46.359690" lon="14.098939">
        <ele>479.726971</ele>
        <time>2026-07-17T14:55:39.361Z</time>
      </trkpt>
      <trkpt lat="46.359603" lon="14.098716">
        <ele>479.621996</ele>
        <time>2026-07-17T14:55:41.480Z</time>
      </trkpt>
      <trkpt lat="46.359540" lon="14.098392">
        <ele>479.484054</ele>
        <time>2026-07-17T14:55:44.378Z</time>
      </trkpt>
      <trkpt lat="46.359531" lon="14.098255">
        <ele>479.427658</ele>
        <time>2026-07-17T14:55:45.664Z</time>
      </trkpt>
      <trkpt lat="46.359520" lon="14.097129">
        <ele>479.241348</ele>
        <time>2026-07-17T14:55:56.442Z</time>
      </trkpt>
      <trkpt lat="46.359431" lon="14.096716">
        <ele>479.817628</ele>
        <time>2026-07-17T14:56:00.377Z</time>
      </trkpt>
      <trkpt lat="46.359381" lon="14.096576">
        <ele>480.027588</ele>
        <time>2026-07-17T14:56:01.915Z</time>
      </trkpt>
      <trkpt lat="46.359310" lon="14.096415">
        <ele>480.282070</ele>
        <time>2026-07-17T14:56:03.991Z</time>
      </trkpt>
      <trkpt lat="46.359018" lon="14.095967">
        <ele>481.102831</ele>
        <time>2026-07-17T14:56:12.868Z</time>
      </trkpt>
      <trkpt lat="46.358862" lon="14.095655">
        <ele>481.615998</ele>
        <time>2026-07-17T14:56:19.870Z</time>
      </trkpt>
      <trkpt lat="46.358745" lon="14.095248">
        <ele>482.203247</ele>
        <time>2026-07-17T14:56:28.861Z</time>
      </trkpt>
      <trkpt lat="46.358590" lon="14.094516">
        <ele>483.803703</ele>
        <time>2026-07-17T14:56:47.889Z</time>
      </trkpt>
      <trkpt lat="46.358503" lon="14.094240">
        <ele>484.533372</ele>
        <time>2026-07-17T14:56:55.647Z</time>
      </trkpt>
      <trkpt lat="46.358384" lon="14.093988">
        <ele>485.267657</ele>
        <time>2026-07-17T14:57:03.249Z</time>
      </trkpt>
      <trkpt lat="46.358122" lon="14.093570">
        <ele>486.625544</ele>
        <time>2026-07-17T14:57:16.174Z</time>
      </trkpt>
      <trkpt lat="46.357970" lon="14.093349">
        <ele>487.375852</ele>
        <time>2026-07-17T14:57:21.781Z</time>
      </trkpt>
      <trkpt lat="46.357736" lon="14.093087">
        <ele>488.406282</ele>
        <time>2026-07-17T14:57:28.046Z</time>
      </trkpt>
      <trkpt lat="46.357496" lon="14.092463">
        <ele>488.621035</ele>
        <time>2026-07-17T14:57:35.528Z</time>
      </trkpt>
      <trkpt lat="46.357477" lon="14.092382">
        <ele>488.598485</ele>
        <time>2026-07-17T14:57:36.203Z</time>
      </trkpt>
      <trkpt lat="46.357462" lon="14.092323">
        <ele>488.581912</ele>
        <time>2026-07-17T14:57:36.673Z</time>
      </trkpt>
      <trkpt lat="46.357191" lon="14.091191">
        <ele>488.266086</ele>
        <time>2026-07-17T14:57:45.846Z</time>
      </trkpt>
      <trkpt lat="46.357017" lon="14.090374">
        <ele>488.231424</ele>
        <time>2026-07-17T14:57:55.771Z</time>
      </trkpt>
      <trkpt lat="46.357011" lon="14.090199">
        <ele>488.395678</ele>
        <time>2026-07-17T14:57:58.042Z</time>
      </trkpt>
      <trkpt lat="46.357028" lon="14.090094">
        <ele>488.496781</ele>
        <time>2026-07-17T14:57:59.420Z</time>
      </trkpt>
      <trkpt lat="46.357175" lon="14.089706">
        <ele>488.911707</ele>
        <time>2026-07-17T14:58:05.432Z</time>
      </trkpt>
      <trkpt lat="46.357204" lon="14.089555">
        <ele>489.058638</ele>
        <time>2026-07-17T14:58:07.803Z</time>
      </trkpt>
      <trkpt lat="46.357203" lon="14.089355">
        <ele>489.246130</ele>
        <time>2026-07-17T14:58:11.020Z</time>
      </trkpt>
      <trkpt lat="46.356901" lon="14.088625">
        <ele>490.043985</ele>
        <time>2026-07-17T14:58:27.470Z</time>
      </trkpt>
      <trkpt lat="46.356854" lon="14.088440">
        <ele>490.228789</ele>
        <time>2026-07-17T14:58:30.804Z</time>
      </trkpt>
      <trkpt lat="46.356843" lon="14.088282">
        <ele>490.377656</ele>
        <time>2026-07-17T14:58:32.905Z</time>
      </trkpt>
      <trkpt lat="46.356874" lon="14.088133">
        <ele>490.523544</ele>
        <time>2026-07-17T14:58:34.502Z</time>
      </trkpt>
      <trkpt lat="46.356966" lon="14.087956">
        <ele>490.465783</ele>
        <time>2026-07-17T14:58:36.334Z</time>
      </trkpt>
      <trkpt lat="46.357109" lon="14.087789">
        <ele>490.393162</ele>
        <time>2026-07-17T14:58:38.395Z</time>
      </trkpt>
      <trkpt lat="46.357280" lon="14.087664">
        <ele>490.317432</ele>
        <time>2026-07-17T14:58:40.537Z</time>
      </trkpt>
      <trkpt lat="46.357354" lon="14.087644">
        <ele>490.287668</ele>
        <time>2026-07-17T14:58:41.379Z</time>
      </trkpt>
      <trkpt lat="46.357503" lon="14.087687">
        <ele>490.227596</ele>
        <time>2026-07-17T14:58:43.065Z</time>
      </trkpt>
      <trkpt lat="46.357804" lon="14.087831">
        <ele>490.102262</ele>
        <time>2026-07-17T14:58:46.713Z</time>
      </trkpt>
      <trkpt lat="46.357898" lon="14.087841">
        <ele>490.064995</ele>
        <time>2026-07-17T14:58:47.875Z</time>
      </trkpt>
      <trkpt lat="46.358096" lon="14.087754">
        <ele>489.983185</ele>
        <time>2026-07-17T14:58:50.655Z</time>
      </trkpt>
      <trkpt lat="46.358208" lon="14.087653">
        <ele>489.931025</ele>
        <time>2026-07-17T14:58:52.495Z</time>
      </trkpt>
      <trkpt lat="46.358347" lon="14.087360">
        <ele>489.834002</ele>
        <time>2026-07-17T14:58:56.458Z</time>
      </trkpt>
      <trkpt lat="46.358399" lon="14.087102">
        <ele>489.659388</ele>
        <time>2026-07-17T14:59:00.614Z</time>
      </trkpt>
      <trkpt lat="46.358415" lon="14.087006">
        <ele>489.581713</ele>
        <time>2026-07-17T14:59:02.207Z</time>
      </trkpt>
      <trkpt lat="46.358545" lon="14.086240">
        <ele>488.961301</ele>
        <time>2026-07-17T14:59:12.592Z</time>
      </trkpt>
      <trkpt lat="46.358558" lon="14.086163">
        <ele>488.898954</ele>
        <time>2026-07-17T14:59:13.254Z</time>
      </trkpt>
      <trkpt lat="46.358615" lon="14.085937">
        <ele>488.709706</ele>
        <time>2026-07-17T14:59:15.278Z</time>
      </trkpt>
      <trkpt lat="46.358644" lon="14.085819">
        <ele>488.611190</ele>
        <time>2026-07-17T14:59:16.300Z</time>
      </trkpt>
      <trkpt lat="46.358719" lon="14.085623">
        <ele>488.434925</ele>
        <time>2026-07-17T14:59:18.056Z</time>
      </trkpt>
      <trkpt lat="46.358853" lon="14.085392">
        <ele>488.197589</ele>
        <time>2026-07-17T14:59:20.357Z</time>
      </trkpt>
      <trkpt lat="46.358947" lon="14.085293">
        <ele>488.065156</ele>
        <time>2026-07-17T14:59:21.598Z</time>
      </trkpt>
      <trkpt lat="46.359122" lon="14.085211">
        <ele>487.855553</ele>
        <time>2026-07-17T14:59:23.465Z</time>
      </trkpt>
      <trkpt lat="46.359580" lon="14.085071">
        <ele>486.363061</ele>
        <time>2026-07-17T14:59:27.945Z</time>
      </trkpt>
      <trkpt lat="46.360011" lon="14.084760">
        <ele>484.625266</ele>
        <time>2026-07-17T14:59:32.264Z</time>
      </trkpt>
      <trkpt lat="46.360371" lon="14.084604">
        <ele>483.269079</ele>
        <time>2026-07-17T14:59:35.978Z</time>
      </trkpt>
      <trkpt lat="46.360662" lon="14.084582">
        <ele>482.217360</ele>
        <time>2026-07-17T14:59:39.235Z</time>
      </trkpt>
      <trkpt lat="46.361214" lon="14.084757">
        <ele>481.265796</ele>
        <time>2026-07-17T14:59:46.261Z</time>
      </trkpt>
      <trkpt lat="46.361585" lon="14.084773">
        <ele>481.257068</ele>
        <time>2026-07-17T14:59:51.312Z</time>
      </trkpt>
      <trkpt lat="46.361643" lon="14.084752">
        <ele>481.255662</ele>
        <time>2026-07-17T14:59:52.188Z</time>
      </trkpt>
      <trkpt lat="46.361740" lon="14.084695">
        <ele>481.253201</ele>
        <time>2026-07-17T14:59:53.861Z</time>
      </trkpt>
      <trkpt lat="46.361776" lon="14.084634">
        <ele>481.251898</ele>
        <time>2026-07-17T14:59:54.775Z</time>
      </trkpt>
      <trkpt lat="46.361769" lon="14.084448">
        <ele>481.248875</ele>
        <time>2026-07-17T14:59:57.129Z</time>
      </trkpt>
      <trkpt lat="46.361744" lon="14.084357">
        <ele>481.247286</ele>
        <time>2026-07-17T14:59:58.418Z</time>
      </trkpt>
      <trkpt lat="46.361519" lon="14.083916">
        <ele>481.238386</ele>
        <time>2026-07-17T15:00:05.785Z</time>
      </trkpt>
      <trkpt lat="46.361423" lon="14.083660">
        <ele>481.233658</ele>
        <time>2026-07-17T15:00:09.096Z</time>
      </trkpt>
      <trkpt lat="46.361374" lon="14.083420">
        <ele>481.255803</ele>
        <time>2026-07-17T15:00:11.629Z</time>
      </trkpt>
      <trkpt lat="46.361349" lon="14.082965">
        <ele>481.435319</ele>
        <time>2026-07-17T15:00:16.031Z</time>
      </trkpt>
      <trkpt lat="46.361357" lon="14.082783">
        <ele>481.507043</ele>
        <time>2026-07-17T15:00:17.891Z</time>
      </trkpt>
      <trkpt lat="46.361432" lon="14.082482">
        <ele>481.632905</ele>
        <time>2026-07-17T15:00:21.161Z</time>
      </trkpt>
      <trkpt lat="46.361671" lon="14.082194">
        <ele>481.810055</ele>
        <time>2026-07-17T15:00:26.274Z</time>
      </trkpt>
      <trkpt lat="46.361821" lon="14.082091">
        <ele>481.904653</ele>
        <time>2026-07-17T15:00:29.604Z</time>
      </trkpt>
      <trkpt lat="46.362076" lon="14.081899">
        <ele>482.068426</ele>
        <time>2026-07-17T15:00:34.305Z</time>
      </trkpt>
      <trkpt lat="46.362406" lon="14.081740">
        <ele>482.335893</ele>
        <time>2026-07-17T15:00:40.025Z</time>
      </trkpt>
      <trkpt lat="46.362522" lon="14.081716">
        <ele>482.825956</ele>
        <time>2026-07-17T15:00:42.152Z</time>
      </trkpt>
      <trkpt lat="46.362645" lon="14.081667">
        <ele>483.359460</ele>
        <time>2026-07-17T15:00:44.936Z</time>
      </trkpt>
      <trkpt lat="46.362727" lon="14.081657">
        <ele>483.703619</ele>
        <time>2026-07-17T15:00:47.119Z</time>
      </trkpt>
      <trkpt lat="46.362788" lon="14.081703">
        <ele>483.991214</ele>
        <time>2026-07-17T15:00:48.648Z</time>
      </trkpt>
      <trkpt lat="46.363054" lon="14.082062">
        <ele>485.511466</ele>
        <time>2026-07-17T15:00:59.192Z</time>
      </trkpt>
      <trkpt lat="46.363492" lon="14.082845">
        <ele>488.420492</ele>
        <time>2026-07-17T15:01:23.370Z</time>
      </trkpt>
      <trkpt lat="46.363642" lon="14.083001">
        <ele>489.192674</ele>
        <time>2026-07-17T15:01:29.721Z</time>
      </trkpt>
      <trkpt lat="46.363877" lon="14.083152">
        <ele>491.149604</ele>
        <time>2026-07-17T15:01:39.408Z</time>
      </trkpt>
      <trkpt lat="46.364142" lon="14.083423">
        <ele>494.948750</ele>
        <time>2026-07-17T15:01:54.838Z</time>
      </trkpt>
      <trkpt lat="46.364400" lon="14.083618">
        <ele>498.357155</ele>
        <time>2026-07-17T15:02:12.528Z</time>
      </trkpt>
      <trkpt lat="46.364809" lon="14.083855">
        <ele>503.516744</ele>
        <time>2026-07-17T15:02:45.512Z</time>
      </trkpt>
      <trkpt lat="46.364876" lon="14.083855">
        <ele>504.301541</ele>
        <time>2026-07-17T15:02:51.043Z</time>
      </trkpt>
      <trkpt lat="46.364948" lon="14.083804">
        <ele>505.240263</ele>
        <time>2026-07-17T15:02:57.598Z</time>
      </trkpt>
      <trkpt lat="46.364995" lon="14.083720">
        <ele>506.114381</ele>
        <time>2026-07-17T15:03:03.802Z</time>
      </trkpt>
      <trkpt lat="46.365581" lon="14.082625">
        <ele>513.473996</ele>
        <time>2026-07-17T15:04:08.673Z</time>
      </trkpt>
      <trkpt lat="46.365698" lon="14.082518">
        <ele>514.132298</ele>
        <time>2026-07-17T15:04:16.106Z</time>
      </trkpt>
      <trkpt lat="46.366004" lon="14.082333">
        <ele>515.709945</ele>
        <time>2026-07-17T15:04:28.426Z</time>
      </trkpt>
      <trkpt lat="46.366476" lon="14.082092">
        <ele>518.091157</ele>
        <time>2026-07-17T15:04:35.557Z</time>
      </trkpt>
      <trkpt lat="46.366579" lon="14.082083">
        <ele>518.582146</ele>
        <time>2026-07-17T15:04:36.552Z</time>
      </trkpt>
      <trkpt lat="46.366894" lon="14.082155">
        <ele>519.025036</ele>
        <time>2026-07-17T15:04:39.447Z</time>
      </trkpt>
      <trkpt lat="46.367435" lon="14.082210">
        <ele>517.615092</ele>
        <time>2026-07-17T15:04:44.499Z</time>
      </trkpt>
      <trkpt lat="46.367548" lon="14.082247">
        <ele>517.313911</ele>
        <time>2026-07-17T15:04:45.643Z</time>
      </trkpt>
      <trkpt lat="46.367660" lon="14.082375">
        <ele>516.943086</ele>
        <time>2026-07-17T15:04:47.113Z</time>
      </trkpt>
      <trkpt lat="46.368198" lon="14.082762">
        <ele>515.381578</ele>
        <time>2026-07-17T15:04:54.470Z</time>
      </trkpt>
      <trkpt lat="46.368328" lon="14.082851">
        <ele>515.007792</ele>
        <time>2026-07-17T15:04:56.446Z</time>
      </trkpt>
      <trkpt lat="46.368454" lon="14.082880">
        <ele>514.709324</ele>
        <time>2026-07-17T15:04:58.286Z</time>
      </trkpt>
      <trkpt lat="46.368733" lon="14.082873">
        <ele>514.443060</ele>
        <time>2026-07-17T15:05:02.334Z</time>
      </trkpt>
      <trkpt lat="46.368813" lon="14.082902">
        <ele>514.364371</ele>
        <time>2026-07-17T15:05:03.604Z</time>
      </trkpt>
      <trkpt lat="46.369486" lon="14.083426">
        <ele>513.635378</ele>
        <time>2026-07-17T15:05:13.834Z</time>
      </trkpt>
      <trkpt lat="46.370202" lon="14.083927">
        <ele>513.023082</ele>
        <time>2026-07-17T15:05:22.407Z</time>
      </trkpt>
      <trkpt lat="46.370812" lon="14.084337">
        <ele>513.074106</ele>
        <time>2026-07-17T15:05:30.660Z</time>
      </trkpt>
      <trkpt lat="46.371463" lon="14.084662">
        <ele>513.126353</ele>
        <time>2026-07-17T15:05:43.462Z</time>
      </trkpt>
      <trkpt lat="46.371749" lon="14.084790">
        <ele>513.161989</ele>
        <time>2026-07-17T15:05:49.388Z</time>
      </trkpt>
      <trkpt lat="46.372462" lon="14.084959">
        <ele>515.717585</ele>
        <time>2026-07-17T15:06:06.602Z</time>
      </trkpt>
      <trkpt lat="46.372684" lon="14.085144">
        <ele>516.623416</ele>
        <time>2026-07-17T15:06:14.036Z</time>
      </trkpt>
      <trkpt lat="46.372917" lon="14.085499">
        <ele>517.819226</ele>
        <time>2026-07-17T15:06:24.610Z</time>
      </trkpt>
      <trkpt lat="46.372951" lon="14.085455">
        <ele>517.980460</ele>
        <time>2026-07-17T15:06:26.136Z</time>
      </trkpt>
      <trkpt lat="46.373335" lon="14.085338">
        <ele>519.368471</ele>
        <time>2026-07-17T15:06:40.095Z</time>
      </trkpt>
      <trkpt lat="46.373557" lon="14.085281">
        <ele>520.124557</ele>
        <time>2026-07-17T15:06:48.914Z</time>
      </trkpt>
      <trkpt lat="46.373905" lon="14.085133">
        <ele>521.326294</ele>
        <time>2026-07-17T15:07:03.678Z</time>
      </trkpt>
      <trkpt lat="46.374157" lon="14.084926">
        <ele>522.286091</ele>
        <time>2026-07-17T15:07:13.784Z</time>
      </trkpt>
      <trkpt lat="46.374164" lon="14.084874">
        <ele>522.407214</ele>
        <time>2026-07-17T15:07:14.931Z</time>
      </trkpt>
      <trkpt lat="46.374199" lon="14.084517">
        <ele>523.231578</ele>
        <time>2026-07-17T15:07:21.427Z</time>
      </trkpt>
      <trkpt lat="46.374161" lon="14.084194">
        <ele>523.980672</ele>
        <time>2026-07-17T15:07:26.459Z</time>
      </trkpt>
      <trkpt lat="46.374156" lon="14.084081">
        <ele>524.239541</ele>
        <time>2026-07-17T15:07:28.086Z</time>
      </trkpt>
      <trkpt lat="46.374203" lon="14.084005">
        <ele>524.472871</ele>
        <time>2026-07-17T15:07:29.473Z</time>
      </trkpt>
      <trkpt lat="46.374298" lon="14.083987">
        <ele>524.790338</ele>
        <time>2026-07-17T15:07:31.265Z</time>
      </trkpt>
      <trkpt lat="46.374543" lon="14.084100">
        <ele>525.445223</ele>
        <time>2026-07-17T15:07:35.628Z</time>
      </trkpt>
      <trkpt lat="46.374862" lon="14.084070">
        <ele>525.285575</ele>
        <time>2026-07-17T15:07:39.974Z</time>
      </trkpt>
      <trkpt lat="46.375022" lon="14.084036">
        <ele>525.204815</ele>
        <time>2026-07-17T15:07:41.879Z</time>
      </trkpt>
      <trkpt lat="46.375279" lon="14.083975">
        <ele>525.074756</ele>
        <time>2026-07-17T15:07:44.774Z</time>
      </trkpt>
      <trkpt lat="46.376077" lon="14.083766">
        <ele>524.669771</ele>
        <time>2026-07-17T15:07:54.977Z</time>
      </trkpt>
      <trkpt lat="46.376811" lon="14.083682">
        <ele>524.701358</ele>
        <time>2026-07-17T15:08:06.320Z</time>
      </trkpt>
      <trkpt lat="46.377053" lon="14.083692">
        <ele>524.758791</ele>
        <time>2026-07-17T15:08:09.967Z</time>
      </trkpt>
      <trkpt lat="46.377602" lon="14.083824">
        <ele>524.890811</ele>
        <time>2026-07-17T15:08:18.406Z</time>
      </trkpt>
      <trkpt lat="46.378093" lon="14.084048">
        <ele>525.145900</ele>
        <time>2026-07-17T15:08:27.080Z</time>
      </trkpt>
      <trkpt lat="46.378308" lon="14.084183">
        <ele>525.750509</ele>
        <time>2026-07-17T15:08:31.178Z</time>
      </trkpt>
      <trkpt lat="46.378474" lon="14.084320">
        <ele>526.243425</ele>
        <time>2026-07-17T15:08:34.843Z</time>
      </trkpt>
      <trkpt lat="46.379131" lon="14.085021">
        <ele>528.348534</ele>
        <time>2026-07-17T15:08:54.705Z</time>
      </trkpt>
      <trkpt lat="46.379355" lon="14.084354">
        <ele>529.710586</ele>
        <time>2026-07-17T15:09:10.977Z</time>
      </trkpt>
      <trkpt lat="46.379534" lon="14.083201">
        <ele>534.884127</ele>
        <time>2026-07-17T15:09:41.112Z</time>
      </trkpt>
      <trkpt lat="46.379678" lon="14.082413">
        <ele>538.452598</ele>
        <time>2026-07-17T15:10:05.367Z</time>
      </trkpt>
      <trkpt lat="46.379835" lon="14.081846">
        <ele>541.147571</ele>
        <time>2026-07-17T15:10:24.609Z</time>
      </trkpt>
      <trkpt lat="46.380007" lon="14.081248">
        <ele>544.774873</ele>
        <time>2026-07-17T15:10:45.482Z</time>
      </trkpt>
      <trkpt lat="46.380160" lon="14.080230">
        <ele>550.607931</ele>
        <time>2026-07-17T15:11:19.909Z</time>
      </trkpt>
      <trkpt lat="46.380192" lon="14.080130">
        <ele>551.225088</ele>
        <time>2026-07-17T15:11:23.831Z</time>
      </trkpt>
      <trkpt lat="46.380330" lon="14.079980">
        <ele>552.624903</ele>
        <time>2026-07-17T15:11:32.563Z</time>
      </trkpt>
      <trkpt lat="46.380524" lon="14.079830">
        <ele>554.409266</ele>
        <time>2026-07-17T15:11:43.556Z</time>
      </trkpt>
      <trkpt lat="46.380797" lon="14.079716">
        <ele>556.318519</ele>
        <time>2026-07-17T15:11:57.295Z</time>
      </trkpt>
      <trkpt lat="46.380870" lon="14.079646">
        <ele>556.764308</ele>
        <time>2026-07-17T15:12:01.390Z</time>
      </trkpt>
      <trkpt lat="46.381083" lon="14.079327">
        <ele>558.324164</ele>
        <time>2026-07-17T15:12:14.607Z</time>
      </trkpt>
      <trkpt lat="46.381178" lon="14.078970">
        <ele>559.668592</ele>
        <time>2026-07-17T15:12:24.820Z</time>
      </trkpt>
      <trkpt lat="46.381233" lon="14.078859">
        <ele>560.148773</ele>
        <time>2026-07-17T15:12:28.220Z</time>
      </trkpt>
      <trkpt lat="46.381595" lon="14.078834">
        <ele>561.994592</ele>
        <time>2026-07-17T15:12:40.394Z</time>
      </trkpt>
      <trkpt lat="46.380820" lon="14.077986">
        <ele>565.535999</ele>
        <time>2026-07-17T15:13:03.682Z</time>
      </trkpt>
      <trkpt lat="46.380545" lon="14.077622">
        <ele>566.181649</ele>
        <time>2026-07-17T15:13:11.162Z</time>
      </trkpt>
      <trkpt lat="46.380482" lon="14.077494">
        <ele>566.369715</ele>
        <time>2026-07-17T15:13:13.354Z</time>
      </trkpt>
      <trkpt lat="46.380392" lon="14.077191">
        <ele>566.764285</ele>
        <time>2026-07-17T15:13:17.837Z</time>
      </trkpt>
      <trkpt lat="46.380350" lon="14.076447">
        <ele>567.657129</ele>
        <time>2026-07-17T15:13:28.075Z</time>
      </trkpt>
      <trkpt lat="46.380285" lon="14.076040">
        <ele>568.368523</ele>
        <time>2026-07-17T15:13:34.475Z</time>
      </trkpt>
      <trkpt lat="46.380061" lon="14.075227">
        <ele>570.392112</ele>
        <time>2026-07-17T15:13:49.056Z</time>
      </trkpt>
      <trkpt lat="46.379792" lon="14.074415">
        <ele>572.474257</ele>
        <time>2026-07-17T15:14:05.037Z</time>
      </trkpt>
      <trkpt lat="46.379661" lon="14.073838">
        <ele>573.878377</ele>
        <time>2026-07-17T15:14:19.295Z</time>
      </trkpt>
      <trkpt lat="46.379597" lon="14.073358">
        <ele>576.677261</ele>
        <time>2026-07-17T15:14:33.537Z</time>
      </trkpt>
      <trkpt lat="46.379583" lon="14.073102">
        <ele>578.212472</ele>
        <time>2026-07-17T15:14:41.640Z</time>
      </trkpt>
      <trkpt lat="46.379599" lon="14.072761">
        <ele>580.255735</ele>
        <time>2026-07-17T15:14:53.141Z</time>
      </trkpt>
      <trkpt lat="46.379749" lon="14.070820">
        <ele>592.094578</ele>
        <time>2026-07-17T15:16:07.493Z</time>
      </trkpt>
      <trkpt lat="46.379791" lon="14.070540">
        <ele>593.924195</ele>
        <time>2026-07-17T15:16:18.601Z</time>
      </trkpt>
      <trkpt lat="46.379991" lon="14.069767">
        <ele>599.195613</ele>
        <time>2026-07-17T15:16:50.059Z</time>
      </trkpt>
      <trkpt lat="46.380009" lon="14.069697">
        <ele>599.672611</ele>
        <time>2026-07-17T15:16:52.786Z</time>
      </trkpt>
      <trkpt lat="46.380207" lon="14.068858">
        <ele>605.334504</ele>
        <time>2026-07-17T15:17:22.791Z</time>
      </trkpt>
      <trkpt lat="46.380232" lon="14.068640">
        <ele>606.577272</ele>
        <time>2026-07-17T15:17:29.864Z</time>
      </trkpt>
      <trkpt lat="46.380212" lon="14.068375">
        <ele>607.763835</ele>
        <time>2026-07-17T15:17:38.223Z</time>
      </trkpt>
      <trkpt lat="46.380206" lon="14.067769">
        <ele>610.461443</ele>
        <time>2026-07-17T15:17:56.380Z</time>
      </trkpt>
      <trkpt lat="46.380204" lon="14.067493">
        <ele>611.689997</ele>
        <time>2026-07-17T15:18:04.223Z</time>
      </trkpt>
      <trkpt lat="46.380246" lon="14.066717">
        <ele>615.154617</ele>
        <time>2026-07-17T15:18:24.094Z</time>
      </trkpt>
      <trkpt lat="46.380324" lon="14.066176">
        <ele>617.614653</ele>
        <time>2026-07-17T15:18:37.285Z</time>
      </trkpt>
      <trkpt lat="46.380383" lon="14.065640">
        <ele>619.994453</ele>
        <time>2026-07-17T15:18:51.781Z</time>
      </trkpt>
      <trkpt lat="46.380372" lon="14.065159">
        <ele>622.101956</ele>
        <time>2026-07-17T15:19:05.478Z</time>
      </trkpt>
      <trkpt lat="46.380345" lon="14.064671">
        <ele>624.245818</ele>
        <time>2026-07-17T15:19:20.034Z</time>
      </trkpt>
      <trkpt lat="46.380330" lon="14.064450">
        <ele>625.218272</ele>
        <time>2026-07-17T15:19:26.714Z</time>
      </trkpt>
      <trkpt lat="46.380285" lon="14.063869">
        <ele>627.778516</ele>
        <time>2026-07-17T15:19:43.851Z</time>
      </trkpt>
      <trkpt lat="46.380145" lon="14.063140">
        <ele>630.051046</ele>
        <time>2026-07-17T15:20:05.654Z</time>
      </trkpt>
      <trkpt lat="46.379894" lon="14.062017">
        <ele>632.357606</ele>
        <time>2026-07-17T15:20:27.690Z</time>
      </trkpt>
      <trkpt lat="46.379675" lon="14.061532">
        <ele>633.490219</ele>
        <time>2026-07-17T15:20:34.518Z</time>
      </trkpt>
      <trkpt lat="46.379532" lon="14.061296">
        <ele>634.103966</ele>
        <time>2026-07-17T15:20:37.890Z</time>
      </trkpt>
      <trkpt lat="46.379255" lon="14.060942">
        <ele>634.552141</ele>
        <time>2026-07-17T15:20:43.359Z</time>
      </trkpt>
      <trkpt lat="46.378767" lon="14.060288">
        <ele>635.100434</ele>
        <time>2026-07-17T15:20:54.203Z</time>
      </trkpt>
      <trkpt lat="46.378531" lon="14.059943">
        <ele>635.376951</ele>
        <time>2026-07-17T15:21:01.084Z</time>
      </trkpt>
      <trkpt lat="46.378379" lon="14.059786">
        <ele>635.530928</ele>
        <time>2026-07-17T15:21:05.210Z</time>
      </trkpt>
      <trkpt lat="46.378229" lon="14.059683">
        <ele>635.667858</ele>
        <time>2026-07-17T15:21:08.843Z</time>
      </trkpt>
      <trkpt lat="46.377826" lon="14.059466">
        <ele>635.974559</ele>
        <time>2026-07-17T15:21:17.603Z</time>
      </trkpt>
      <trkpt lat="46.377598" lon="14.059332">
        <ele>636.135602</ele>
        <time>2026-07-17T15:21:22.085Z</time>
      </trkpt>
      <trkpt lat="46.377446" lon="14.059161">
        <ele>636.261548</ele>
        <time>2026-07-17T15:21:25.304Z</time>
      </trkpt>
      <trkpt lat="46.377346" lon="14.058905">
        <ele>636.394400</ele>
        <time>2026-07-17T15:21:28.480Z</time>
      </trkpt>
      <trkpt lat="46.377294" lon="14.058637">
        <ele>636.520122</ele>
        <time>2026-07-17T15:21:31.307Z</time>
      </trkpt>
      <trkpt lat="46.377244" lon="14.058258">
        <ele>636.694376</ele>
        <time>2026-07-17T15:21:35.422Z</time>
      </trkpt>
      <trkpt lat="46.377160" lon="14.057615">
        <ele>636.958222</ele>
        <time>2026-07-17T15:21:43.113Z</time>
      </trkpt>
      <trkpt lat="46.377031" lon="14.057071">
        <ele>636.848121</ele>
        <time>2026-07-17T15:21:50.153Z</time>
      </trkpt>
      <trkpt lat="46.376987" lon="14.056921">
        <ele>636.816924</ele>
        <time>2026-07-17T15:21:52.212Z</time>
      </trkpt>
      <trkpt lat="46.376931" lon="14.056768">
        <ele>636.783773</ele>
        <time>2026-07-17T15:21:54.441Z</time>
      </trkpt>
      <trkpt lat="46.376930" lon="14.056604">
        <ele>636.752382</ele>
        <time>2026-07-17T15:21:56.511Z</time>
      </trkpt>
      <trkpt lat="46.376862" lon="14.056384">
        <ele>636.706241</ele>
        <time>2026-07-17T15:21:59.501Z</time>
      </trkpt>
      <trkpt lat="46.376748" lon="14.056123">
        <ele>636.647115</ele>
        <time>2026-07-17T15:22:02.796Z</time>
      </trkpt>
      <trkpt lat="46.376631" lon="14.055938">
        <ele>636.599080</ele>
        <time>2026-07-17T15:22:05.210Z</time>
      </trkpt>
      <trkpt lat="46.376549" lon="14.055847">
        <ele>636.570428</ele>
        <time>2026-07-17T15:22:06.556Z</time>
      </trkpt>
      <trkpt lat="46.376102" lon="14.055495">
        <ele>635.717074</ele>
        <time>2026-07-17T15:22:12.275Z</time>
      </trkpt>
      <trkpt lat="46.375995" lon="14.055194">
        <ele>634.479539</ele>
        <time>2026-07-17T15:22:14.607Z</time>
      </trkpt>
      <trkpt lat="46.375987" lon="14.054995">
        <ele>633.751001</ele>
        <time>2026-07-17T15:22:15.933Z</time>
      </trkpt>
      <trkpt lat="46.376009" lon="14.054875">
        <ele>633.297205</ele>
        <time>2026-07-17T15:22:16.753Z</time>
      </trkpt>
      <trkpt lat="46.376095" lon="14.054737">
        <ele>632.617550</ele>
        <time>2026-07-17T15:22:17.956Z</time>
      </trkpt>
      <trkpt lat="46.376233" lon="14.054674">
        <ele>631.851105</ele>
        <time>2026-07-17T15:22:19.290Z</time>
      </trkpt>
      <trkpt lat="46.376731" lon="14.054677">
        <ele>629.212977</ele>
        <time>2026-07-17T15:22:23.740Z</time>
      </trkpt>
      <trkpt lat="46.377153" lon="14.054893">
        <ele>626.852622</ele>
        <time>2026-07-17T15:22:27.801Z</time>
      </trkpt>
      <trkpt lat="46.377285" lon="14.055005">
        <ele>626.128379</ele>
        <time>2026-07-17T15:22:29.170Z</time>
      </trkpt>
      <trkpt lat="46.377340" lon="14.055074">
        <ele>625.783950</ele>
        <time>2026-07-17T15:22:29.824Z</time>
      </trkpt>
      <trkpt lat="46.377515" lon="14.055151">
        <ele>624.917975</ele>
        <time>2026-07-17T15:22:31.463Z</time>
      </trkpt>
      <trkpt lat="46.377655" lon="14.055124">
        <ele>624.249223</ele>
        <time>2026-07-17T15:22:32.727Z</time>
      </trkpt>
      <trkpt lat="46.377737" lon="14.055038">
        <ele>623.769968</ele>
        <time>2026-07-17T15:22:33.635Z</time>
      </trkpt>
      <trkpt lat="46.377906" lon="14.054830">
        <ele>622.720180</ele>
        <time>2026-07-17T15:22:35.661Z</time>
      </trkpt>
      <trkpt lat="46.378105" lon="14.054594">
        <ele>621.502704</ele>
        <time>2026-07-17T15:22:38.068Z</time>
      </trkpt>
      <trkpt lat="46.378140" lon="14.054547">
        <ele>621.276787</ele>
        <time>2026-07-17T15:22:38.524Z</time>
      </trkpt>
      <trkpt lat="46.378257" lon="14.054418">
        <ele>620.580725</ele>
        <time>2026-07-17T15:22:39.965Z</time>
      </trkpt>
      <trkpt lat="46.378483" lon="14.054146">
        <ele>619.189799</ele>
        <time>2026-07-17T15:22:43.081Z</time>
      </trkpt>
      <trkpt lat="46.378532" lon="14.054078">
        <ele>618.868588</ele>
        <time>2026-07-17T15:22:43.892Z</time>
      </trkpt>
      <trkpt lat="46.378555" lon="14.053349">
        <ele>619.094330</ele>
        <time>2026-07-17T15:22:50.180Z</time>
      </trkpt>
      <trkpt lat="46.378903" lon="14.051942">
        <ele>620.782659</ele>
        <time>2026-07-17T15:23:15.720Z</time>
      </trkpt>
      <trkpt lat="46.379041" lon="14.051635">
        <ele>621.196546</ele>
        <time>2026-07-17T15:23:23.176Z</time>
      </trkpt>
      <trkpt lat="46.379167" lon="14.051432">
        <ele>621.535691</ele>
        <time>2026-07-17T15:23:28.666Z</time>
      </trkpt>
      <trkpt lat="46.379668" lon="14.050802">
        <ele>622.866315</ele>
        <time>2026-07-17T15:23:46.780Z</time>
      </trkpt>
      <trkpt lat="46.379824" lon="14.050705">
        <ele>623.206865</ele>
        <time>2026-07-17T15:23:50.863Z</time>
      </trkpt>
      <trkpt lat="46.380180" lon="14.050562">
        <ele>623.947996</ele>
        <time>2026-07-17T15:23:58.699Z</time>
      </trkpt>
      <trkpt lat="46.380405" lon="14.050332">
        <ele>624.500349</ele>
        <time>2026-07-17T15:24:03.814Z</time>
      </trkpt>
      <trkpt lat="46.380597" lon="14.050059">
        <ele>624.988912</ele>
        <time>2026-07-17T15:24:08.253Z</time>
      </trkpt>
      <trkpt lat="46.381224" lon="14.048752">
        <ele>625.400188</ele>
        <time>2026-07-17T15:24:26.110Z</time>
      </trkpt>
      <trkpt lat="46.381888" lon="14.047608">
        <ele>625.367278</ele>
        <time>2026-07-17T15:24:42.645Z</time>
      </trkpt>
      <trkpt lat="46.382091" lon="14.047043">
        <ele>625.023310</ele>
        <time>2026-07-17T15:24:48.717Z</time>
      </trkpt>
      <trkpt lat="46.382133" lon="14.046840">
        <ele>624.908877</ele>
        <time>2026-07-17T15:24:50.577Z</time>
      </trkpt>
      <trkpt lat="46.382141" lon="14.046475">
        <ele>624.711698</ele>
        <time>2026-07-17T15:24:53.548Z</time>
      </trkpt>
      <trkpt lat="46.382164" lon="14.046332">
        <ele>624.632414</ele>
        <time>2026-07-17T15:24:54.722Z</time>
      </trkpt>
      <trkpt lat="46.382374" lon="14.045857">
        <ele>624.327790</ele>
        <time>2026-07-17T15:24:58.985Z</time>
      </trkpt>
      <trkpt lat="46.382446" lon="14.045624">
        <ele>624.237221</ele>
        <time>2026-07-17T15:25:00.950Z</time>
      </trkpt>
      <trkpt lat="46.382495" lon="14.045310">
        <ele>624.218371</ele>
        <time>2026-07-17T15:25:03.429Z</time>
      </trkpt>
      <trkpt lat="46.382543" lon="14.045002">
        <ele>624.199883</ele>
        <time>2026-07-17T15:25:06.072Z</time>
      </trkpt>
      <trkpt lat="46.382646" lon="14.044606">
        <ele>624.175103</ele>
        <time>2026-07-17T15:25:10.213Z</time>
      </trkpt>
      <trkpt lat="46.383275" lon="14.043168">
        <ele>624.281675</ele>
        <time>2026-07-17T15:25:30.751Z</time>
      </trkpt>
      <trkpt lat="46.383531" lon="14.042582">
        <ele>624.803222</ele>
        <time>2026-07-17T15:25:40.718Z</time>
      </trkpt>
      <trkpt lat="46.384019" lon="14.041351">
        <ele>625.870778</ele>
        <time>2026-07-17T15:25:59.955Z</time>
      </trkpt>
      <trkpt lat="46.384116" lon="14.040866">
        <ele>626.191672</ele>
        <time>2026-07-17T15:26:06.201Z</time>
      </trkpt>
      <trkpt lat="46.384169" lon="14.040336">
        <ele>626.475750</ele>
        <time>2026-07-17T15:26:12.728Z</time>
      </trkpt>
      <trkpt lat="46.384248" lon="14.039997">
        <ele>626.665558</ele>
        <time>2026-07-17T15:26:17.073Z</time>
      </trkpt>
      <trkpt lat="46.384464" lon="14.039468">
        <ele>626.991639</ele>
        <time>2026-07-17T15:26:24.545Z</time>
      </trkpt>
      <trkpt lat="46.384790" lon="14.038794">
        <ele>627.428291</ele>
        <time>2026-07-17T15:26:34.824Z</time>
      </trkpt>
      <trkpt lat="46.385251" lon="14.038009">
        <ele>627.790034</ele>
        <time>2026-07-17T15:26:47.651Z</time>
      </trkpt>
      <trkpt lat="46.385344" lon="14.037789">
        <ele>627.880086</ele>
        <time>2026-07-17T15:26:50.732Z</time>
      </trkpt>
      <trkpt lat="46.385388" lon="14.037609">
        <ele>627.946736</ele>
        <time>2026-07-17T15:26:52.955Z</time>
      </trkpt>
      <trkpt lat="46.385401" lon="14.037391">
        <ele>628.023103</ele>
        <time>2026-07-17T15:26:55.456Z</time>
      </trkpt>
      <trkpt lat="46.385361" lon="14.037182">
        <ele>628.098801</ele>
        <time>2026-07-17T15:26:57.878Z</time>
      </trkpt>
      <trkpt lat="46.384805" lon="14.035810">
        <ele>628.946986</ele>
        <time>2026-07-17T15:27:14.435Z</time>
      </trkpt>
      <trkpt lat="46.384727" lon="14.035570">
        <ele>629.126989</ele>
        <time>2026-07-17T15:27:17.444Z</time>
      </trkpt>
      <trkpt lat="46.384705" lon="14.035431">
        <ele>629.223748</ele>
        <time>2026-07-17T15:27:19.143Z</time>
      </trkpt>
      <trkpt lat="46.384706" lon="14.035223">
        <ele>629.364875</ele>
        <time>2026-07-17T15:27:21.739Z</time>
      </trkpt>
      <trkpt lat="46.384777" lon="14.034754">
        <ele>629.690655</ele>
        <time>2026-07-17T15:27:28.291Z</time>
      </trkpt>
      <trkpt lat="46.384789" lon="14.034406">
        <ele>629.927060</ele>
        <time>2026-07-17T15:27:33.563Z</time>
      </trkpt>
      <trkpt lat="46.384757" lon="14.033512">
        <ele>631.483390</ele>
        <time>2026-07-17T15:27:48.935Z</time>
      </trkpt>
      <trkpt lat="46.384771" lon="14.032925">
        <ele>632.779339</ele>
        <time>2026-07-17T15:28:00.188Z</time>
      </trkpt>
      <trkpt lat="46.384813" lon="14.032649">
        <ele>633.402956</ele>
        <time>2026-07-17T15:28:05.812Z</time>
      </trkpt>
      <trkpt lat="46.384936" lon="14.032212">
        <ele>634.444342</ele>
        <time>2026-07-17T15:28:15.492Z</time>
      </trkpt>
      <trkpt lat="46.385064" lon="14.031496">
        <ele>636.073709</ele>
        <time>2026-07-17T15:28:30.929Z</time>
      </trkpt>
      <trkpt lat="46.385166" lon="14.031335">
        <ele>636.550012</ele>
        <time>2026-07-17T15:28:35.389Z</time>
      </trkpt>
      <trkpt lat="46.385464" lon="14.030983">
        <ele>637.764201</ele>
        <time>2026-07-17T15:28:46.527Z</time>
      </trkpt>
      <trkpt lat="46.385481" lon="14.030964">
        <ele>637.832004</ele>
        <time>2026-07-17T15:28:47.194Z</time>
      </trkpt>
      <trkpt lat="46.385920" lon="14.030584">
        <ele>639.447045</ele>
        <time>2026-07-17T15:29:00.518Z</time>
      </trkpt>
      <trkpt lat="46.386178" lon="14.030369">
        <ele>640.387031</ele>
        <time>2026-07-17T15:29:07.587Z</time>
      </trkpt>
      <trkpt lat="46.386323" lon="14.030163">
        <ele>641.028303</ele>
        <time>2026-07-17T15:29:12.307Z</time>
      </trkpt>
      <trkpt lat="46.386452" lon="14.029925">
        <ele>641.750710</ele>
        <time>2026-07-17T15:29:17.134Z</time>
      </trkpt>
      <trkpt lat="46.386734" lon="14.029031">
        <ele>644.853222</ele>
        <time>2026-07-17T15:29:39.423Z</time>
      </trkpt>
      <trkpt lat="46.386811" lon="14.028817">
        <ele>645.614975</ele>
        <time>2026-07-17T15:29:45.918Z</time>
      </trkpt>
      <trkpt lat="46.386898" lon="14.028685">
        <ele>646.191169</ele>
        <time>2026-07-17T15:29:50.641Z</time>
      </trkpt>
      <trkpt lat="46.387019" lon="14.028591">
        <ele>646.819265</ele>
        <time>2026-07-17T15:29:55.846Z</time>
      </trkpt>
      <trkpt lat="46.387523" lon="14.028411">
        <ele>649.194190</ele>
        <time>2026-07-17T15:30:14.803Z</time>
      </trkpt>
      <trkpt lat="46.387943" lon="14.028120">
        <ele>650.479530</ele>
        <time>2026-07-17T15:30:29.910Z</time>
      </trkpt>
      <trkpt lat="46.388179" lon="14.027838">
        <ele>651.114980</ele>
        <time>2026-07-17T15:30:38.370Z</time>
      </trkpt>
      <trkpt lat="46.388365" lon="14.027476">
        <ele>651.761915</ele>
        <time>2026-07-17T15:30:44.806Z</time>
      </trkpt>
      <trkpt lat="46.388426" lon="14.027082">
        <ele>652.340640</ele>
        <time>2026-07-17T15:30:49.035Z</time>
      </trkpt>
      <trkpt lat="46.388446" lon="14.026612">
        <ele>653.015517</ele>
        <time>2026-07-17T15:30:54.000Z</time>
      </trkpt>
      <trkpt lat="46.388501" lon="14.026385">
        <ele>653.360337</ele>
        <time>2026-07-17T15:30:56.801Z</time>
      </trkpt>
      <trkpt lat="46.388574" lon="14.026221">
        <ele>653.639636</ele>
        <time>2026-07-17T15:30:59.215Z</time>
      </trkpt>
      <trkpt lat="46.388680" lon="14.026029">
        <ele>653.990875</ele>
        <time>2026-07-17T15:31:02.520Z</time>
      </trkpt>
      <trkpt lat="46.389195" lon="14.025460">
        <ele>655.331593</ele>
        <time>2026-07-17T15:31:17.602Z</time>
      </trkpt>
      <trkpt lat="46.389492" lon="14.024845">
        <ele>656.403823</ele>
        <time>2026-07-17T15:31:31.121Z</time>
      </trkpt>
      <trkpt lat="46.389553" lon="14.024772">
        <ele>656.567601</ele>
        <time>2026-07-17T15:31:33.088Z</time>
      </trkpt>
      <trkpt lat="46.389686" lon="14.024661">
        <ele>656.885360</ele>
        <time>2026-07-17T15:31:36.836Z</time>
      </trkpt>
      <trkpt lat="46.389978" lon="14.024570">
        <ele>657.621126</ele>
        <time>2026-07-17T15:31:43.954Z</time>
      </trkpt>
      <trkpt lat="46.390089" lon="14.024494">
        <ele>657.987706</ele>
        <time>2026-07-17T15:31:46.788Z</time>
      </trkpt>
      <trkpt lat="46.390162" lon="14.024387">
        <ele>658.297700</ele>
        <time>2026-07-17T15:31:49.239Z</time>
      </trkpt>
      <trkpt lat="46.390805" lon="14.023231">
        <ele>661.356538</ele>
        <time>2026-07-17T15:32:16.739Z</time>
      </trkpt>
      <trkpt lat="46.391509" lon="14.021685">
        <ele>665.646424</ele>
        <time>2026-07-17T15:32:53.841Z</time>
      </trkpt>
      <trkpt lat="46.391747" lon="14.021224">
        <ele>667.051941</ele>
        <time>2026-07-17T15:33:05.685Z</time>
      </trkpt>
      <trkpt lat="46.392416" lon="14.020062">
        <ele>670.292018</ele>
        <time>2026-07-17T15:33:35.892Z</time>
      </trkpt>
      <trkpt lat="46.392584" lon="14.019834">
        <ele>670.897502</ele>
        <time>2026-07-17T15:33:41.945Z</time>
      </trkpt>
      <trkpt lat="46.392931" lon="14.019169">
        <ele>672.410801</ele>
        <time>2026-07-17T15:33:56.018Z</time>
      </trkpt>
      <trkpt lat="46.393344" lon="14.018169">
        <ele>674.154601</ele>
        <time>2026-07-17T15:34:14.048Z</time>
      </trkpt>
      <trkpt lat="46.393521" lon="14.017937">
        <ele>674.497569</ele>
        <time>2026-07-17T15:34:19.078Z</time>
      </trkpt>
      <trkpt lat="46.393930" lon="14.017501">
        <ele>675.227256</ele>
        <time>2026-07-17T15:34:30.010Z</time>
      </trkpt>
      <trkpt lat="46.394098" lon="14.017193">
        <ele>675.616543</ele>
        <time>2026-07-17T15:34:35.674Z</time>
      </trkpt>
      <trkpt lat="46.394267" lon="14.016716">
        <ele>676.148165</ele>
        <time>2026-07-17T15:34:43.087Z</time>
      </trkpt>
      <trkpt lat="46.394360" lon="14.015866">
        <ele>675.702892</ele>
        <time>2026-07-17T15:34:52.765Z</time>
      </trkpt>
      <trkpt lat="46.394480" lon="14.015173">
        <ele>675.113328</ele>
        <time>2026-07-17T15:34:58.936Z</time>
      </trkpt>
      <trkpt lat="46.394515" lon="14.014150">
        <ele>674.268181</ele>
        <time>2026-07-17T15:35:06.541Z</time>
      </trkpt>
      <trkpt lat="46.394595" lon="14.013222">
        <ele>673.255088</ele>
        <time>2026-07-17T15:35:12.983Z</time>
      </trkpt>
      <trkpt lat="46.394723" lon="14.012098">
        <ele>671.962901</ele>
        <time>2026-07-17T15:35:21.441Z</time>
      </trkpt>
      <trkpt lat="46.394738" lon="14.010538">
        <ele>671.974879</ele>
        <time>2026-07-17T15:35:40.236Z</time>
      </trkpt>
      <trkpt lat="46.394788" lon="14.010032">
        <ele>672.439024</ele>
        <time>2026-07-17T15:35:48.406Z</time>
      </trkpt>
      <trkpt lat="46.394868" lon="14.009548">
        <ele>672.890946</ele>
        <time>2026-07-17T15:35:55.797Z</time>
      </trkpt>
      <trkpt lat="46.394976" lon="14.007906">
        <ele>675.034019</ele>
        <time>2026-07-17T15:36:20.323Z</time>
      </trkpt>
      <trkpt lat="46.395013" lon="14.007627">
        <ele>675.490694</ele>
        <time>2026-07-17T15:36:25.125Z</time>
      </trkpt>
      <trkpt lat="46.395318" lon="14.006607">
        <ele>677.277680</ele>
        <time>2026-07-17T15:36:45.527Z</time>
      </trkpt>
      <trkpt lat="46.395426" lon="14.006156">
        <ele>677.776051</ele>
        <time>2026-07-17T15:36:54.272Z</time>
      </trkpt>
      <trkpt lat="46.395517" lon="14.005949">
        <ele>677.819563</ele>
        <time>2026-07-17T15:36:58.403Z</time>
      </trkpt>
      <trkpt lat="46.395875" lon="14.005483">
        <ele>677.943210</ele>
        <time>2026-07-17T15:37:08.525Z</time>
      </trkpt>
      <trkpt lat="46.396047" lon="14.005216">
        <ele>678.007971</ele>
        <time>2026-07-17T15:37:12.789Z</time>
      </trkpt>
      <trkpt lat="46.396308" lon="14.004495">
        <ele>678.152305</ele>
        <time>2026-07-17T15:37:19.901Z</time>
      </trkpt>
      <trkpt lat="46.396778" lon="14.003319">
        <ele>676.683816</ele>
        <time>2026-07-17T15:37:29.417Z</time>
      </trkpt>
      <trkpt lat="46.396849" lon="14.002881">
        <ele>676.039358</ele>
        <time>2026-07-17T15:37:32.584Z</time>
      </trkpt>
      <trkpt lat="46.396970" lon="14.002400">
        <ele>675.306006</ele>
        <time>2026-07-17T15:37:36.361Z</time>
      </trkpt>
      <trkpt lat="46.397053" lon="14.002251">
        <ele>675.031668</ele>
        <time>2026-07-17T15:37:37.878Z</time>
      </trkpt>
      <trkpt lat="46.397222" lon="14.002073">
        <ele>674.597852</ele>
        <time>2026-07-17T15:37:40.400Z</time>
      </trkpt>
      <trkpt lat="46.397817" lon="14.001464">
        <ele>675.178041</ele>
        <time>2026-07-17T15:37:52.766Z</time>
      </trkpt>
      <trkpt lat="46.397985" lon="14.001335">
        <ele>675.380162</ele>
        <time>2026-07-17T15:37:57.164Z</time>
      </trkpt>
      <trkpt lat="46.398219" lon="14.001201">
        <ele>675.647655</ele>
        <time>2026-07-17T15:38:03.449Z</time>
      </trkpt>
      <trkpt lat="46.398502" lon="14.001105">
        <ele>675.956670</ele>
        <time>2026-07-17T15:38:10.635Z</time>
      </trkpt>
      <trkpt lat="46.400068" lon="14.000962">
        <ele>677.026786</ele>
        <time>2026-07-17T15:38:39.688Z</time>
      </trkpt>
      <trkpt lat="46.400222" lon="14.001011">
        <ele>677.113757</ele>
        <time>2026-07-17T15:38:41.888Z</time>
      </trkpt>
      <trkpt lat="46.400409" lon="14.001172">
        <ele>677.233723</ele>
        <time>2026-07-17T15:38:44.816Z</time>
      </trkpt>
      <trkpt lat="46.400663" lon="14.001268">
        <ele>677.383630</ele>
        <time>2026-07-17T15:38:48.276Z</time>
      </trkpt>
      <trkpt lat="46.401182" lon="14.001299">
        <ele>677.992475</ele>
        <time>2026-07-17T15:38:55.482Z</time>
      </trkpt>
      <trkpt lat="46.401712" lon="14.001226">
        <ele>678.616494</ele>
        <time>2026-07-17T15:39:05.331Z</time>
      </trkpt>
      <trkpt lat="46.401954" lon="14.001366">
        <ele>678.921885</ele>
        <time>2026-07-17T15:39:11.286Z</time>
      </trkpt>
      <trkpt lat="46.402672" lon="14.001988">
        <ele>680.158625</ele>
        <time>2026-07-17T15:39:32.404Z</time>
      </trkpt>
      <trkpt lat="46.402813" lon="14.002079">
        <ele>680.449965</ele>
        <time>2026-07-17T15:39:36.510Z</time>
      </trkpt>
      <trkpt lat="46.402942" lon="14.002130">
        <ele>680.702369</ele>
        <time>2026-07-17T15:39:40.061Z</time>
      </trkpt>
      <trkpt lat="46.403191" lon="14.002107">
        <ele>681.173365</ele>
        <time>2026-07-17T15:39:46.436Z</time>
      </trkpt>
      <trkpt lat="46.403526" lon="14.001905">
        <ele>681.858243</ele>
        <time>2026-07-17T15:39:54.936Z</time>
      </trkpt>
      <trkpt lat="46.403959" lon="14.001523">
        <ele>682.815001</ele>
        <time>2026-07-17T15:40:05.286Z</time>
      </trkpt>
      <trkpt lat="46.405598" lon="13.999526">
        <ele>681.244670</ele>
        <time>2026-07-17T15:40:32.630Z</time>
      </trkpt>
      <trkpt lat="46.405806" lon="13.999353">
        <ele>680.804958</ele>
        <time>2026-07-17T15:40:35.071Z</time>
      </trkpt>
      <trkpt lat="46.406308" lon="13.999094">
        <ele>679.827864</ele>
        <time>2026-07-17T15:40:40.487Z</time>
      </trkpt>
      <trkpt lat="46.407022" lon="13.998626">
        <ele>678.552978</ele>
        <time>2026-07-17T15:40:48.971Z</time>
      </trkpt>
      <trkpt lat="46.408392" lon="13.997667">
        <ele>679.472920</ele>
        <time>2026-07-17T15:41:19.009Z</time>
      </trkpt>
      <trkpt lat="46.408770" lon="13.997385">
        <ele>679.643282</ele>
        <time>2026-07-17T15:41:26.413Z</time>
      </trkpt>
      <trkpt lat="46.408896" lon="13.997228">
        <ele>679.676468</ele>
        <time>2026-07-17T15:41:29.103Z</time>
      </trkpt>
      <trkpt lat="46.409184" lon="13.996655">
        <ele>679.774143</ele>
        <time>2026-07-17T15:41:36.636Z</time>
      </trkpt>
      <trkpt lat="46.409318" lon="13.996502">
        <ele>679.808214</ele>
        <time>2026-07-17T15:41:39.119Z</time>
      </trkpt>
      <trkpt lat="46.409490" lon="13.996381">
        <ele>679.846405</ele>
        <time>2026-07-17T15:41:41.803Z</time>
      </trkpt>
      <trkpt lat="46.410781" lon="13.995851">
        <ele>680.317529</ele>
        <time>2026-07-17T15:42:02.053Z</time>
      </trkpt>
      <trkpt lat="46.410944" lon="13.995745">
        <ele>680.400090</ele>
        <time>2026-07-17T15:42:04.887Z</time>
      </trkpt>
      <trkpt lat="46.411058" lon="13.995627">
        <ele>680.464821</ele>
        <time>2026-07-17T15:42:07.232Z</time>
      </trkpt>
      <trkpt lat="46.411148" lon="13.995522">
        <ele>680.518204</ele>
        <time>2026-07-17T15:42:09.266Z</time>
      </trkpt>
      <trkpt lat="46.411333" lon="13.995246">
        <ele>680.640867</ele>
        <time>2026-07-17T15:42:13.924Z</time>
      </trkpt>
      <trkpt lat="46.411575" lon="13.994936">
        <ele>680.790093</ele>
        <time>2026-07-17T15:42:19.940Z</time>
      </trkpt>
      <trkpt lat="46.411944" lon="13.994548">
        <ele>681.819385</ele>
        <time>2026-07-17T15:42:28.759Z</time>
      </trkpt>
      <trkpt lat="46.412317" lon="13.994238">
        <ele>682.794102</ele>
        <time>2026-07-17T15:42:37.717Z</time>
      </trkpt>
      <trkpt lat="46.412726" lon="13.993967">
        <ele>683.813622</ele>
        <time>2026-07-17T15:42:49.485Z</time>
      </trkpt>
      <trkpt lat="46.413052" lon="13.993661">
        <ele>684.694052</ele>
        <time>2026-07-17T15:43:00.432Z</time>
      </trkpt>
      <trkpt lat="46.413193" lon="13.993459">
        <ele>685.345847</ele>
        <time>2026-07-17T15:43:06.276Z</time>
      </trkpt>
      <trkpt lat="46.413534" lon="13.992865">
        <ele>687.446411</ele>
        <time>2026-07-17T15:43:22.722Z</time>
      </trkpt>
      <trkpt lat="46.413797" lon="13.992510">
        <ele>688.862518</ele>
        <time>2026-07-17T15:43:34.449Z</time>
      </trkpt>
      <trkpt lat="46.414406" lon="13.991836">
        <ele>691.881963</ele>
        <time>2026-07-17T15:43:59.154Z</time>
      </trkpt>
      <trkpt lat="46.414801" lon="13.991277">
        <ele>693.100069</ele>
        <time>2026-07-17T15:44:14.111Z</time>
      </trkpt>
      <trkpt lat="46.415065" lon="13.990985">
        <ele>693.811772</ele>
        <time>2026-07-17T15:44:21.784Z</time>
      </trkpt>
      <trkpt lat="46.415348" lon="13.990721">
        <ele>694.533073</ele>
        <time>2026-07-17T15:44:28.569Z</time>
      </trkpt>
      <trkpt lat="46.416443" lon="13.990155">
        <ele>697.154472</ele>
        <time>2026-07-17T15:44:51.035Z</time>
      </trkpt>
      <trkpt lat="46.416611" lon="13.990039">
        <ele>697.595996</ele>
        <time>2026-07-17T15:44:56.068Z</time>
      </trkpt>
      <trkpt lat="46.416700" lon="13.989956">
        <ele>697.847075</ele>
        <time>2026-07-17T15:44:58.929Z</time>
      </trkpt>
      <trkpt lat="46.416912" lon="13.989647">
        <ele>698.560251</ele>
        <time>2026-07-17T15:45:07.365Z</time>
      </trkpt>
      <trkpt lat="46.417327" lon="13.988979">
        <ele>700.031317</ele>
        <time>2026-07-17T15:45:23.661Z</time>
      </trkpt>
      <trkpt lat="46.417468" lon="13.988555">
        <ele>700.906971</ele>
        <time>2026-07-17T15:45:32.330Z</time>
      </trkpt>
      <trkpt lat="46.417702" lon="13.987442">
        <ele>703.090079</ele>
        <time>2026-07-17T15:45:52.697Z</time>
      </trkpt>
      <trkpt lat="46.417703" lon="13.987296">
        <ele>703.364010</ele>
        <time>2026-07-17T15:45:55.038Z</time>
      </trkpt>
      <trkpt lat="46.417834" lon="13.986352">
        <ele>705.105335</ele>
        <time>2026-07-17T15:46:12.181Z</time>
      </trkpt>
      <trkpt lat="46.418215" lon="13.984763">
        <ele>707.193771</ele>
        <time>2026-07-17T15:46:43.357Z</time>
      </trkpt>
      <trkpt lat="46.418388" lon="13.984141">
        <ele>708.026371</ele>
        <time>2026-07-17T15:46:50.499Z</time>
      </trkpt>
      <trkpt lat="46.418490" lon="13.983570">
        <ele>706.747914</ele>
        <time>2026-07-17T15:46:56.133Z</time>
      </trkpt>
      <trkpt lat="46.418604" lon="13.983388">
        <ele>705.921103</ele>
        <time>2026-07-17T15:46:58.597Z</time>
      </trkpt>
      <trkpt lat="46.418757" lon="13.982548">
        <ele>702.999849</ele>
        <time>2026-07-17T15:47:04.073Z</time>
      </trkpt>
      <trkpt lat="46.418917" lon="13.982018">
        <ele>701.054457</ele>
        <time>2026-07-17T15:47:07.620Z</time>
      </trkpt>
      <trkpt lat="46.418986" lon="13.982052">
        <ele>700.699039</ele>
        <time>2026-07-17T15:47:08.260Z</time>
      </trkpt>
      <trkpt lat="46.419100" lon="13.982126">
        <ele>700.089900</ele>
        <time>2026-07-17T15:47:09.376Z</time>
      </trkpt>
      <trkpt lat="46.419313" lon="13.982175">
        <ele>699.049032</ele>
        <time>2026-07-17T15:47:11.305Z</time>
      </trkpt>
      <trkpt lat="46.419448" lon="13.982121">
        <ele>698.384490</ele>
        <time>2026-07-17T15:47:12.565Z</time>
      </trkpt>
      <trkpt lat="46.420140" lon="13.981699">
        <ele>694.822280</ele>
        <time>2026-07-17T15:47:19.229Z</time>
      </trkpt>
      <trkpt lat="46.420229" lon="13.981670">
        <ele>694.389414</ele>
        <time>2026-07-17T15:47:20.064Z</time>
      </trkpt>
      <trkpt lat="46.420478" lon="13.981744">
        <ele>693.183262</ele>
        <time>2026-07-17T15:47:22.716Z</time>
      </trkpt>
      <trkpt lat="46.420481" lon="13.982209">
        <ele>691.662038</ele>
        <time>2026-07-17T15:47:26.696Z</time>
      </trkpt>
      <trkpt lat="46.420461" lon="13.982564">
        <ele>691.295098</ele>
        <time>2026-07-17T15:47:45.824Z</time>
      </trkpt>
      <trkpt lat="46.420481" lon="13.982209">
        <ele>692.388559</ele>
        <time>2026-07-17T15:48:05.726Z</time>
      </trkpt>
      <trkpt lat="46.420478" lon="13.981744">
        <ele>693.816142</ele>
        <time>2026-07-17T15:48:11.622Z</time>
      </trkpt>
      <trkpt lat="46.420229" lon="13.981670">
        <ele>694.948047</ele>
        <time>2026-07-17T15:48:18.191Z</time>
      </trkpt>
      <trkpt lat="46.420140" lon="13.981699">
        <ele>695.354268</ele>
        <time>2026-07-17T15:48:21.688Z</time>
      </trkpt>
      <trkpt lat="46.419448" lon="13.982121">
        <ele>698.697201</ele>
        <time>2026-07-17T15:48:59.219Z</time>
      </trkpt>
      <trkpt lat="46.419313" lon="13.982175">
        <ele>699.257860</ele>
        <time>2026-07-17T15:49:06.050Z</time>
      </trkpt>
      <trkpt lat="46.419100" lon="13.982126">
        <ele>700.067915</ele>
        <time>2026-07-17T15:49:17.048Z</time>
      </trkpt>
      <trkpt lat="46.418986" lon="13.982052">
        <ele>700.537033</ele>
        <time>2026-07-17T15:49:23.143Z</time>
      </trkpt>
      <trkpt lat="46.418917" lon="13.982018">
        <ele>700.810752</ele>
        <time>2026-07-17T15:49:26.383Z</time>
      </trkpt>
      <trkpt lat="46.419235" lon="13.980899">
        <ele>703.944829</ele>
        <time>2026-07-17T15:49:57.698Z</time>
      </trkpt>
      <trkpt lat="46.419672" lon="13.979001">
        <ele>702.574194</ele>
        <time>2026-07-17T15:50:11.089Z</time>
      </trkpt>
      <trkpt lat="46.420330" lon="13.977872">
        <ele>699.687629</ele>
        <time>2026-07-17T15:50:21.192Z</time>
      </trkpt>
      <trkpt lat="46.420808" lon="13.977168">
        <ele>700.083573</ele>
        <time>2026-07-17T15:50:29.871Z</time>
      </trkpt>
      <trkpt lat="46.422061" lon="13.975214">
        <ele>703.263409</ele>
        <time>2026-07-17T15:51:16.058Z</time>
      </trkpt>
      <trkpt lat="46.422537" lon="13.974523">
        <ele>705.304115</ele>
        <time>2026-07-17T15:51:35.907Z</time>
      </trkpt>
      <trkpt lat="46.422897" lon="13.974077">
        <ele>706.664605</ele>
        <time>2026-07-17T15:51:49.327Z</time>
      </trkpt>
      <trkpt lat="46.423176" lon="13.973828">
        <ele>707.541538</ele>
        <time>2026-07-17T15:51:58.157Z</time>
      </trkpt>
      <trkpt lat="46.425559" lon="13.972204">
        <ele>714.355046</ele>
        <time>2026-07-17T15:53:02.512Z</time>
      </trkpt>
      <trkpt lat="46.426113" lon="13.971791">
        <ele>715.659250</ele>
        <time>2026-07-17T15:53:19.108Z</time>
      </trkpt>
      <trkpt lat="46.426395" lon="13.971551">
        <ele>716.050195</ele>
        <time>2026-07-17T15:53:27.214Z</time>
      </trkpt>
      <trkpt lat="46.426653" lon="13.971277">
        <ele>716.432530</ele>
        <time>2026-07-17T15:53:34.167Z</time>
      </trkpt>
      <trkpt lat="46.426853" lon="13.970995">
        <ele>716.766023</ele>
        <time>2026-07-17T15:53:39.371Z</time>
      </trkpt>
      <trkpt lat="46.427064" lon="13.970519">
        <ele>717.232477</ele>
        <time>2026-07-17T15:53:45.323Z</time>
      </trkpt>
      <trkpt lat="46.427331" lon="13.970047">
        <ele>717.652173</ele>
        <time>2026-07-17T15:53:50.700Z</time>
      </trkpt>
      <trkpt lat="46.428384" lon="13.968736">
        <ele>718.444518</ele>
        <time>2026-07-17T15:54:10.712Z</time>
      </trkpt>
      <trkpt lat="46.428614" lon="13.968381">
        <ele>718.854397</ele>
        <time>2026-07-17T15:54:19.456Z</time>
      </trkpt>
      <trkpt lat="46.428900" lon="13.967868">
        <ele>720.809394</ele>
        <time>2026-07-17T15:54:32.714Z</time>
      </trkpt>
      <trkpt lat="46.429084" lon="13.967408">
        <ele>722.385254</ele>
        <time>2026-07-17T15:54:44.495Z</time>
      </trkpt>
      <trkpt lat="46.429353" lon="13.966560">
        <ele>725.151179</ele>
        <time>2026-07-17T15:55:06.421Z</time>
      </trkpt>
      <trkpt lat="46.429531" lon="13.965602">
        <ele>728.328240</ele>
        <time>2026-07-17T15:55:32.986Z</time>
      </trkpt>
      <trkpt lat="46.429530" lon="13.964571">
        <ele>731.795701</ele>
        <time>2026-07-17T15:55:58.772Z</time>
      </trkpt>
      <trkpt lat="46.429585" lon="13.964295">
        <ele>732.761961</ele>
        <time>2026-07-17T15:56:05.690Z</time>
      </trkpt>
      <trkpt lat="46.430032" lon="13.963220">
        <ele>735.325606</ele>
        <time>2026-07-17T15:56:32.928Z</time>
      </trkpt>
      <trkpt lat="46.430298" lon="13.962350">
        <ele>735.691619</ele>
        <time>2026-07-17T15:56:44.000Z</time>
      </trkpt>
      <trkpt lat="46.430338" lon="13.962053">
        <ele>735.807994</ele>
        <time>2026-07-17T15:56:46.567Z</time>
      </trkpt>
      <trkpt lat="46.430308" lon="13.961638">
        <ele>735.968464</ele>
        <time>2026-07-17T15:56:49.719Z</time>
      </trkpt>
      <trkpt lat="46.430348" lon="13.960589">
        <ele>736.433064</ele>
        <time>2026-07-17T15:56:57.816Z</time>
      </trkpt>
      <trkpt lat="46.430311" lon="13.960028">
        <ele>736.700779</ele>
        <time>2026-07-17T15:57:02.194Z</time>
      </trkpt>
      <trkpt lat="46.430241" lon="13.959733">
        <ele>736.848988</ele>
        <time>2026-07-17T15:57:04.900Z</time>
      </trkpt>
      <trkpt lat="46.429921" lon="13.958378">
        <ele>739.103151</ele>
        <time>2026-07-17T15:57:32.504Z</time>
      </trkpt>
      <trkpt lat="46.429648" lon="13.957800">
        <ele>742.434054</ele>
        <time>2026-07-17T15:57:53.290Z</time>
      </trkpt>
      <trkpt lat="46.429525" lon="13.957428">
        <ele>744.395405</ele>
        <time>2026-07-17T15:58:06.617Z</time>
      </trkpt>
      <trkpt lat="46.429479" lon="13.957010">
        <ele>746.407646</ele>
        <time>2026-07-17T15:58:21.368Z</time>
      </trkpt>
      <trkpt lat="46.429254" lon="13.956336">
        <ele>749.817550</ele>
        <time>2026-07-17T15:58:47.550Z</time>
      </trkpt>
      <trkpt lat="46.429173" lon="13.955770">
        <ele>750.579002</ele>
        <time>2026-07-17T15:59:04.728Z</time>
      </trkpt>
      <trkpt lat="46.429117" lon="13.955554">
        <ele>750.882986</ele>
        <time>2026-07-17T15:59:10.174Z</time>
      </trkpt>
      <trkpt lat="46.428989" lon="13.955287">
        <ele>751.311394</ele>
        <time>2026-07-17T15:59:16.379Z</time>
      </trkpt>
      <trkpt lat="46.428777" lon="13.954935">
        <ele>751.927135</ele>
        <time>2026-07-17T15:59:22.552Z</time>
      </trkpt>
      <trkpt lat="46.428706" lon="13.954573">
        <ele>752.422905</ele>
        <time>2026-07-17T15:59:25.830Z</time>
      </trkpt>
      <trkpt lat="46.428720" lon="13.954256">
        <ele>752.841327</ele>
        <time>2026-07-17T15:59:28.145Z</time>
      </trkpt>
      <trkpt lat="46.428835" lon="13.953911">
        <ele>752.901210</ele>
        <time>2026-07-17T15:59:30.725Z</time>
      </trkpt>
      <trkpt lat="46.428895" lon="13.953597">
        <ele>752.046560</ele>
        <time>2026-07-17T15:59:32.829Z</time>
      </trkpt>
      <trkpt lat="46.429003" lon="13.951318">
        <ele>746.555908</ele>
        <time>2026-07-17T15:59:47.922Z</time>
      </trkpt>
      <trkpt lat="46.429002" lon="13.950745">
        <ele>747.580252</ele>
        <time>2026-07-17T15:59:53.080Z</time>
      </trkpt>
      <trkpt lat="46.428878" lon="13.950092">
        <ele>748.791102</ele>
        <time>2026-07-17T16:00:02.561Z</time>
      </trkpt>
      <trkpt lat="46.428590" lon="13.948932">
        <ele>750.995253</ele>
        <time>2026-07-17T16:00:33.543Z</time>
      </trkpt>
      <trkpt lat="46.428439" lon="13.948513">
        <ele>753.199835</ele>
        <time>2026-07-17T16:00:49.868Z</time>
      </trkpt>
      <trkpt lat="46.428196" lon="13.948019">
        <ele>756.077639</ele>
        <time>2026-07-17T16:01:11.000Z</time>
      </trkpt>
      <trkpt lat="46.428165" lon="13.947813">
        <ele>757.077463</ele>
        <time>2026-07-17T16:01:18.065Z</time>
      </trkpt>
      <trkpt lat="46.428057" lon="13.947245">
        <ele>759.871419</ele>
        <time>2026-07-17T16:01:37.034Z</time>
      </trkpt>
      <trkpt lat="46.428039" lon="13.946587">
        <ele>762.993998</ele>
        <time>2026-07-17T16:01:54.887Z</time>
      </trkpt>
      <trkpt lat="46.427978" lon="13.945781">
        <ele>764.754096</ele>
        <time>2026-07-17T16:02:10.184Z</time>
      </trkpt>
      <trkpt lat="46.427877" lon="13.944929">
        <ele>766.374220</ele>
        <time>2026-07-17T16:02:21.056Z</time>
      </trkpt>
      <trkpt lat="46.427796" lon="13.944457">
        <ele>767.285773</ele>
        <time>2026-07-17T16:02:28.424Z</time>
      </trkpt>
      <trkpt lat="46.427781" lon="13.944204">
        <ele>767.761657</ele>
        <time>2026-07-17T16:02:32.947Z</time>
      </trkpt>
      <trkpt lat="46.427634" lon="13.943666">
        <ele>768.896032</ele>
        <time>2026-07-17T16:02:44.528Z</time>
      </trkpt>
      <trkpt lat="46.427481" lon="13.943372">
        <ele>769.647357</ele>
        <time>2026-07-17T16:02:52.611Z</time>
      </trkpt>
      <trkpt lat="46.427236" lon="13.943113">
        <ele>770.544332</ele>
        <time>2026-07-17T16:03:02.669Z</time>
      </trkpt>
      <trkpt lat="46.427139" lon="13.942906">
        <ele>771.054836</ele>
        <time>2026-07-17T16:03:08.457Z</time>
      </trkpt>
      <trkpt lat="46.426908" lon="13.942072">
        <ele>772.887993</ele>
        <time>2026-07-17T16:03:26.048Z</time>
      </trkpt>
      <trkpt lat="46.426619" lon="13.941393">
        <ele>773.439871</ele>
        <time>2026-07-17T16:03:34.751Z</time>
      </trkpt>
      <trkpt lat="46.426533" lon="13.940761">
        <ele>773.203131</ele>
        <time>2026-07-17T16:03:39.892Z</time>
      </trkpt>
      <trkpt lat="46.426470" lon="13.940514">
        <ele>773.106345</ele>
        <time>2026-07-17T16:03:41.904Z</time>
      </trkpt>
      <trkpt lat="46.426388" lon="13.940307">
        <ele>773.018605</ele>
        <time>2026-07-17T16:03:43.734Z</time>
      </trkpt>
      <trkpt lat="46.426273" lon="13.940105">
        <ele>772.922324</ele>
        <time>2026-07-17T16:03:45.791Z</time>
      </trkpt>
      <trkpt lat="46.426085" lon="13.939924">
        <ele>772.802027</ele>
        <time>2026-07-17T16:03:48.479Z</time>
      </trkpt>
      <trkpt lat="46.425655" lon="13.939742">
        <ele>772.934611</ele>
        <time>2026-07-17T16:03:54.508Z</time>
      </trkpt>
      <trkpt lat="46.425340" lon="13.939675">
        <ele>773.534267</ele>
        <time>2026-07-17T16:04:00.469Z</time>
      </trkpt>
      <trkpt lat="46.425021" lon="13.939375">
        <ele>774.250315</ele>
        <time>2026-07-17T16:04:09.793Z</time>
      </trkpt>
      <trkpt lat="46.424752" lon="13.939019">
        <ele>774.936135</ele>
        <time>2026-07-17T16:04:19.694Z</time>
      </trkpt>
      <trkpt lat="46.424541" lon="13.938839">
        <ele>775.397181</ele>
        <time>2026-07-17T16:04:26.651Z</time>
      </trkpt>
      <trkpt lat="46.423872" lon="13.938683">
        <ele>776.040675</ele>
        <time>2026-07-17T16:04:43.847Z</time>
      </trkpt>
      <trkpt lat="46.423804" lon="13.938612">
        <ele>776.042577</ele>
        <time>2026-07-17T16:04:45.285Z</time>
      </trkpt>
      <trkpt lat="46.423694" lon="13.938423">
        <ele>776.046448</ele>
        <time>2026-07-17T16:04:48.208Z</time>
      </trkpt>
      <trkpt lat="46.423507" lon="13.937980">
        <ele>776.054578</ele>
        <time>2026-07-17T16:04:53.591Z</time>
      </trkpt>
      <trkpt lat="46.423944" lon="13.937561">
        <ele>776.066471</ele>
        <time>2026-07-17T16:05:00.039Z</time>
      </trkpt>
      <trkpt lat="46.424226" lon="13.937235">
        <ele>776.022729</ele>
        <time>2026-07-17T16:05:04.073Z</time>
      </trkpt>
      <trkpt lat="46.424290" lon="13.937026">
        <ele>775.811868</ele>
        <time>2026-07-17T16:05:05.756Z</time>
      </trkpt>
      <trkpt lat="46.424193" lon="13.936589">
        <ele>775.388569</ele>
        <time>2026-07-17T16:05:09.096Z</time>
      </trkpt>
      <trkpt lat="46.424191" lon="13.936466">
        <ele>775.275129</ele>
        <time>2026-07-17T16:05:10.037Z</time>
      </trkpt>
      <trkpt lat="46.424255" lon="13.936260">
        <ele>775.066792</ele>
        <time>2026-07-17T16:05:11.873Z</time>
      </trkpt>
      <trkpt lat="46.424451" lon="13.935910">
        <ele>774.651013</ele>
        <time>2026-07-17T16:05:15.867Z</time>
      </trkpt>
      <trkpt lat="46.425277" lon="13.934925">
        <ele>773.605089</ele>
        <time>2026-07-17T16:05:28.843Z</time>
      </trkpt>
      <trkpt lat="46.425308" lon="13.934863">
        <ele>773.595163</ele>
        <time>2026-07-17T16:05:30.645Z</time>
      </trkpt>
      <trkpt lat="46.425531" lon="13.934479">
        <ele>773.530092</ele>
        <time>2026-07-17T16:05:34.921Z</time>
      </trkpt>
      <trkpt lat="46.425665" lon="13.934384">
        <ele>773.502052</ele>
        <time>2026-07-17T16:05:36.835Z</time>
      </trkpt>
      <trkpt lat="46.425868" lon="13.934340">
        <ele>773.463463</ele>
        <time>2026-07-17T16:05:39.522Z</time>
      </trkpt>
      <trkpt lat="46.426056" lon="13.934233">
        <ele>773.425495</ele>
        <time>2026-07-17T16:05:42.302Z</time>
      </trkpt>
      <trkpt lat="46.426772" lon="13.933430">
        <ele>774.603377</ele>
        <time>2026-07-17T16:05:59.059Z</time>
      </trkpt>
      <trkpt lat="46.426969" lon="13.933043">
        <ele>775.670211</ele>
        <time>2026-07-17T16:06:07.584Z</time>
      </trkpt>
      <trkpt lat="46.427417" lon="13.932438">
        <ele>777.639251</ele>
        <time>2026-07-17T16:06:25.804Z</time>
      </trkpt>
      <trkpt lat="46.428008" lon="13.931468">
        <ele>780.752246</ele>
        <time>2026-07-17T16:06:57.103Z</time>
      </trkpt>
      <trkpt lat="46.428394" lon="13.931192">
        <ele>782.377227</ele>
        <time>2026-07-17T16:07:12.991Z</time>
      </trkpt>
      <trkpt lat="46.428596" lon="13.930921">
        <ele>783.416132</ele>
        <time>2026-07-17T16:07:22.043Z</time>
      </trkpt>
      <trkpt lat="46.428958" lon="13.930441">
        <ele>785.267968</ele>
        <time>2026-07-17T16:07:34.371Z</time>
      </trkpt>
      <trkpt lat="46.429309" lon="13.930107">
        <ele>786.237505</ele>
        <time>2026-07-17T16:07:42.505Z</time>
      </trkpt>
      <trkpt lat="46.429398" lon="13.930062">
        <ele>786.361567</ele>
        <time>2026-07-17T16:07:44.038Z</time>
      </trkpt>
      <trkpt lat="46.429579" lon="13.929994">
        <ele>786.607678</ele>
        <time>2026-07-17T16:07:46.835Z</time>
      </trkpt>
      <trkpt lat="46.429738" lon="13.929955">
        <ele>786.819941</ele>
        <time>2026-07-17T16:07:49.072Z</time>
      </trkpt>
      <trkpt lat="46.430062" lon="13.929999">
        <ele>787.248291</ele>
        <time>2026-07-17T16:07:53.194Z</time>
      </trkpt>
      <trkpt lat="46.430502" lon="13.929979">
        <ele>787.827754</ele>
        <time>2026-07-17T16:07:58.855Z</time>
      </trkpt>
      <trkpt lat="46.430700" lon="13.929892">
        <ele>788.100073</ele>
        <time>2026-07-17T16:08:03.289Z</time>
      </trkpt>
      <trkpt lat="46.431178" lon="13.929495">
        <ele>793.472200</ele>
        <time>2026-07-17T16:08:23.688Z</time>
      </trkpt>
      <trkpt lat="46.431321" lon="13.929431">
        <ele>795.335491</ele>
        <time>2026-07-17T16:08:31.678Z</time>
      </trkpt>
      <trkpt lat="46.431495" lon="13.929399">
        <ele>797.519317</ele>
        <time>2026-07-17T16:08:42.419Z</time>
      </trkpt>
      <trkpt lat="46.431852" lon="13.929519">
        <ele>802.082087</ele>
        <time>2026-07-17T16:09:09.187Z</time>
      </trkpt>
      <trkpt lat="46.432067" lon="13.929521">
        <ele>804.759129</ele>
        <time>2026-07-17T16:09:26.788Z</time>
      </trkpt>
      <trkpt lat="46.432372" lon="13.929468">
        <ele>808.583854</ele>
        <time>2026-07-17T16:09:54.065Z</time>
      </trkpt>
      <trkpt lat="46.432652" lon="13.929467">
        <ele>812.270566</ele>
        <time>2026-07-17T16:10:20.319Z</time>
      </trkpt>
      <trkpt lat="46.432798" lon="13.929512">
        <ele>814.395116</ele>
        <time>2026-07-17T16:10:34.409Z</time>
      </trkpt>
      <trkpt lat="46.432987" lon="13.929599">
        <ele>817.217502</ele>
        <time>2026-07-17T16:10:52.573Z</time>
      </trkpt>
      <trkpt lat="46.433355" lon="13.929871">
        <ele>823.096138</ele>
        <time>2026-07-17T16:11:27.340Z</time>
      </trkpt>
      <trkpt lat="46.433511" lon="13.929894">
        <ele>825.328093</ele>
        <time>2026-07-17T16:11:39.129Z</time>
      </trkpt>
      <trkpt lat="46.433604" lon="13.929942">
        <ele>826.733120</ele>
        <time>2026-07-17T16:11:46.093Z</time>
      </trkpt>
      <trkpt lat="46.433877" lon="13.930158">
        <ele>831.159217</ele>
        <time>2026-07-17T16:12:05.655Z</time>
      </trkpt>
      <trkpt lat="46.433913" lon="13.930329">
        <ele>832.913250</ele>
        <time>2026-07-17T16:12:12.473Z</time>
      </trkpt>
      <trkpt lat="46.434493" lon="13.930692">
        <ele>838.365081</ele>
        <time>2026-07-17T16:12:42.167Z</time>
      </trkpt>
      <trkpt lat="46.435440" lon="13.931072">
        <ele>843.561100</ele>
        <time>2026-07-17T16:13:14.749Z</time>
      </trkpt>
      <trkpt lat="46.435875" lon="13.931073">
        <ele>845.822080</ele>
        <time>2026-07-17T16:13:26.652Z</time>
      </trkpt>
      <trkpt lat="46.436927" lon="13.930951">
        <ele>848.538276</ele>
        <time>2026-07-17T16:13:54.214Z</time>
      </trkpt>
      <trkpt lat="46.437095" lon="13.930969">
        <ele>848.971839</ele>
        <time>2026-07-17T16:13:58.718Z</time>
      </trkpt>
      <trkpt lat="46.437530" lon="13.931014">
        <ele>850.094252</ele>
        <time>2026-07-17T16:14:09.663Z</time>
      </trkpt>
      <trkpt lat="46.437994" lon="13.931148">
        <ele>849.750928</ele>
        <time>2026-07-17T16:14:19.252Z</time>
      </trkpt>
      <trkpt lat="46.438096" lon="13.931149">
        <ele>849.557107</ele>
        <time>2026-07-17T16:14:20.921Z</time>
      </trkpt>
      <trkpt lat="46.438584" lon="13.930835">
        <ele>848.542756</ele>
        <time>2026-07-17T16:14:27.642Z</time>
      </trkpt>
      <trkpt lat="46.438679" lon="13.930827">
        <ele>848.361937</ele>
        <time>2026-07-17T16:14:28.643Z</time>
      </trkpt>
      <trkpt lat="46.438939" lon="13.930960">
        <ele>847.838097</ele>
        <time>2026-07-17T16:14:31.399Z</time>
      </trkpt>
      <trkpt lat="46.439038" lon="13.931061">
        <ele>847.608143</ele>
        <time>2026-07-17T16:14:32.563Z</time>
      </trkpt>
      <trkpt lat="46.439351" lon="13.931662">
        <ele>845.662942</ele>
        <time>2026-07-17T16:14:37.377Z</time>
      </trkpt>
      <trkpt lat="46.439431" lon="13.931768">
        <ele>844.930078</ele>
        <time>2026-07-17T16:14:38.364Z</time>
      </trkpt>
      <trkpt lat="46.439554" lon="13.931818">
        <ele>844.065953</ele>
        <time>2026-07-17T16:14:39.520Z</time>
      </trkpt>
      <trkpt lat="46.440551" lon="13.932009">
        <ele>837.262746</ele>
        <time>2026-07-17T16:14:48.558Z</time>
      </trkpt>
      <trkpt lat="46.440716" lon="13.931989">
        <ele>836.142637</ele>
        <time>2026-07-17T16:14:50.041Z</time>
      </trkpt>
      <trkpt lat="46.441017" lon="13.931893">
        <ele>833.805774</ele>
        <time>2026-07-17T16:14:52.778Z</time>
      </trkpt>
      <trkpt lat="46.441263" lon="13.931885">
        <ele>831.596821</ele>
        <time>2026-07-17T16:14:54.948Z</time>
      </trkpt>
      <trkpt lat="46.441598" lon="13.931888">
        <ele>828.589391</ele>
        <time>2026-07-17T16:14:57.885Z</time>
      </trkpt>
      <trkpt lat="46.442637" lon="13.932010">
        <ele>819.231565</ele>
        <time>2026-07-17T16:15:06.889Z</time>
      </trkpt>
      <trkpt lat="46.442901" lon="13.932089">
        <ele>816.961625</ele>
        <time>2026-07-17T16:15:09.207Z</time>
      </trkpt>
      <trkpt lat="46.443348" lon="13.932354">
        <ele>812.974407</ele>
        <time>2026-07-17T16:15:13.416Z</time>
      </trkpt>
      <trkpt lat="46.443649" lon="13.932488">
        <ele>810.374580</ele>
        <time>2026-07-17T16:15:16.195Z</time>
      </trkpt>
      <trkpt lat="46.443869" lon="13.932535">
        <ele>808.538350</ele>
        <time>2026-07-17T16:15:18.167Z</time>
      </trkpt>
      <trkpt lat="46.444110" lon="13.932552">
        <ele>806.545941</ele>
        <time>2026-07-17T16:15:20.339Z</time>
      </trkpt>
      <trkpt lat="46.445274" lon="13.932406">
        <ele>795.856469</ele>
        <time>2026-07-17T16:15:30.743Z</time>
      </trkpt>
      <trkpt lat="46.446272" lon="13.932551">
        <ele>786.293284</ele>
        <time>2026-07-17T16:15:39.289Z</time>
      </trkpt>
      <trkpt lat="46.446764" lon="13.932524">
        <ele>781.211254</ele>
        <time>2026-07-17T16:15:43.440Z</time>
      </trkpt>
      <trkpt lat="46.447224" lon="13.932637">
        <ele>776.395621</ele>
        <time>2026-07-17T16:15:47.397Z</time>
      </trkpt>
      <trkpt lat="46.448539" lon="13.933077">
        <ele>764.128406</ele>
        <time>2026-07-17T16:15:59.191Z</time>
      </trkpt>
      <trkpt lat="46.448835" lon="13.933263">
        <ele>761.767803</ele>
        <time>2026-07-17T16:16:02.127Z</time>
      </trkpt>
      <trkpt lat="46.449071" lon="13.933484">
        <ele>759.712328</ele>
        <time>2026-07-17T16:16:04.691Z</time>
      </trkpt>
      <trkpt lat="46.449266" lon="13.933759">
        <ele>757.722476</ele>
        <time>2026-07-17T16:16:07.176Z</time>
      </trkpt>
      <trkpt lat="46.449585" lon="13.934626">
        <ele>752.749854</ele>
        <time>2026-07-17T16:16:13.260Z</time>
      </trkpt>
      <trkpt lat="46.449770" lon="13.934993">
        <ele>750.440037</ele>
        <time>2026-07-17T16:16:16.021Z</time>
      </trkpt>
      <trkpt lat="46.449903" lon="13.935169">
        <ele>749.113154</ele>
        <time>2026-07-17T16:16:17.600Z</time>
      </trkpt>
      <trkpt lat="46.450179" lon="13.935401">
        <ele>746.761787</ele>
        <time>2026-07-17T16:16:20.416Z</time>
      </trkpt>
      <trkpt lat="46.450440" lon="13.935488">
        <ele>744.787522</ele>
        <time>2026-07-17T16:16:22.818Z</time>
      </trkpt>
      <trkpt lat="46.450841" lon="13.935546">
        <ele>741.816583</ele>
        <time>2026-07-17T16:16:26.473Z</time>
      </trkpt>
      <trkpt lat="46.451029" lon="13.935638">
        <ele>740.483467</ele>
        <time>2026-07-17T16:16:28.237Z</time>
      </trkpt>
      <trkpt lat="46.451541" lon="13.936053">
        <ele>736.559812</ele>
        <time>2026-07-17T16:16:33.527Z</time>
      </trkpt>
      <trkpt lat="46.451677" lon="13.936126">
        <ele>735.589635</ele>
        <time>2026-07-17T16:16:34.848Z</time>
      </trkpt>
      <trkpt lat="46.452027" lon="13.936117">
        <ele>733.247491</ele>
        <time>2026-07-17T16:16:38.072Z</time>
      </trkpt>
      <trkpt lat="46.452775" lon="13.936018">
        <ele>727.260108</ele>
        <time>2026-07-17T16:16:44.891Z</time>
      </trkpt>
      <trkpt lat="46.452923" lon="13.936089">
        <ele>725.547855</ele>
        <time>2026-07-17T16:16:46.248Z</time>
      </trkpt>
      <trkpt lat="46.452982" lon="13.936260">
        <ele>724.100508</ele>
        <time>2026-07-17T16:16:47.396Z</time>
      </trkpt>
      <trkpt lat="46.452953" lon="13.936577">
        <ele>721.680391</ele>
        <time>2026-07-17T16:16:49.320Z</time>
      </trkpt>
      <trkpt lat="46.453023" lon="13.936936">
        <ele>718.856761</ele>
        <time>2026-07-17T16:16:51.540Z</time>
      </trkpt>
      <trkpt lat="46.454521" lon="13.938635">
        <ele>696.814836</ele>
        <time>2026-07-17T16:17:07.373Z</time>
      </trkpt>
      <trkpt lat="46.454635" lon="13.938671">
        <ele>695.409394</ele>
        <time>2026-07-17T16:17:08.352Z</time>
      </trkpt>
      <trkpt lat="46.454806" lon="13.938600">
        <ele>693.266799</ele>
        <time>2026-07-17T16:17:09.861Z</time>
      </trkpt>
      <trkpt lat="46.455066" lon="13.938396">
        <ele>689.706376</ele>
        <time>2026-07-17T16:17:12.412Z</time>
      </trkpt>
      <trkpt lat="46.455166" lon="13.938374">
        <ele>688.487954</ele>
        <time>2026-07-17T16:17:13.306Z</time>
      </trkpt>
      <trkpt lat="46.455326" lon="13.938451">
        <ele>687.831355</ele>
        <time>2026-07-17T16:17:14.831Z</time>
      </trkpt>
      <trkpt lat="46.455953" lon="13.939157">
        <ele>685.418036</ele>
        <time>2026-07-17T16:17:23.100Z</time>
      </trkpt>
      <trkpt lat="46.456197" lon="13.939383">
        <ele>684.537772</ele>
        <time>2026-07-17T16:17:28.238Z</time>
      </trkpt>
      <trkpt lat="46.456325" lon="13.939562">
        <ele>683.997230</ele>
        <time>2026-07-17T16:17:31.076Z</time>
      </trkpt>
      <trkpt lat="46.456582" lon="13.940126">
        <ele>682.374161</ele>
        <time>2026-07-17T16:17:36.527Z</time>
      </trkpt>
      <trkpt lat="46.456682" lon="13.940217">
        <ele>681.712706</ele>
        <time>2026-07-17T16:17:37.743Z</time>
      </trkpt>
      <trkpt lat="46.457287" lon="13.940459">
        <ele>678.195709</ele>
        <time>2026-07-17T16:17:43.687Z</time>
      </trkpt>
      <trkpt lat="46.457669" lon="13.940826">
        <ele>675.628437</ele>
        <time>2026-07-17T16:17:47.794Z</time>
      </trkpt>
      <trkpt lat="46.457785" lon="13.940899">
        <ele>674.919871</ele>
        <time>2026-07-17T16:17:48.909Z</time>
      </trkpt>
      <trkpt lat="46.458087" lon="13.940999">
        <ele>673.183888</ele>
        <time>2026-07-17T16:17:51.648Z</time>
      </trkpt>
      <trkpt lat="46.459076" lon="13.941760">
        <ele>665.467026</ele>
        <time>2026-07-17T16:18:01.603Z</time>
      </trkpt>
      <trkpt lat="46.459291" lon="13.941894">
        <ele>663.831270</ele>
        <time>2026-07-17T16:18:03.716Z</time>
      </trkpt>
      <trkpt lat="46.459657" lon="13.941987">
        <ele>661.233641</ele>
        <time>2026-07-17T16:18:07.109Z</time>
      </trkpt>
      <trkpt lat="46.459808" lon="13.942065">
        <ele>660.128959</ele>
        <time>2026-07-17T16:18:08.573Z</time>
      </trkpt>
      <trkpt lat="46.460583" lon="13.942749">
        <ele>655.531161</ele>
        <time>2026-07-17T16:18:16.950Z</time>
      </trkpt>
      <trkpt lat="46.460749" lon="13.943144">
        <ele>653.915398</ele>
        <time>2026-07-17T16:18:19.940Z</time>
      </trkpt>
      <trkpt lat="46.460784" lon="13.943174">
        <ele>653.709354</ele>
        <time>2026-07-17T16:18:20.314Z</time>
      </trkpt>
      <trkpt lat="46.460995" lon="13.943187">
        <ele>652.638773</ele>
        <time>2026-07-17T16:18:22.362Z</time>
      </trkpt>
      <trkpt lat="46.461075" lon="13.943143">
        <ele>652.205101</ele>
        <time>2026-07-17T16:18:23.187Z</time>
      </trkpt>
      <trkpt lat="46.461215" lon="13.943018">
        <ele>651.371914</ele>
        <time>2026-07-17T16:18:24.801Z</time>
      </trkpt>
      <trkpt lat="46.461412" lon="13.942690">
        <ele>650.554029</ele>
        <time>2026-07-17T16:18:27.774Z</time>
      </trkpt>
      <trkpt lat="46.461539" lon="13.942579">
        <ele>650.241795</ele>
        <time>2026-07-17T16:18:29.275Z</time>
      </trkpt>
      <trkpt lat="46.461348" lon="13.942072">
        <ele>649.403378</ele>
        <time>2026-07-17T16:18:33.580Z</time>
      </trkpt>
      <trkpt lat="46.461223" lon="13.941685">
        <ele>648.783224</ele>
        <time>2026-07-17T16:18:36.898Z</time>
      </trkpt>
      <trkpt lat="46.461213" lon="13.941548">
        <ele>648.583340</ele>
        <time>2026-07-17T16:18:37.984Z</time>
      </trkpt>
      <trkpt lat="46.461236" lon="13.941405">
        <ele>648.370282</ele>
        <time>2026-07-17T16:18:39.184Z</time>
      </trkpt>
      <trkpt lat="46.461273" lon="13.941326">
        <ele>648.231678</ele>
        <time>2026-07-17T16:18:39.968Z</time>
      </trkpt>
      <trkpt lat="46.461457" lon="13.941124">
        <ele>647.745787</ele>
        <time>2026-07-17T16:18:42.870Z</time>
      </trkpt>
      <trkpt lat="46.461629" lon="13.940967">
        <ele>647.317848</ele>
        <time>2026-07-17T16:18:45.394Z</time>
      </trkpt>
      <trkpt lat="46.461711" lon="13.941118">
        <ele>647.149733</ele>
        <time>2026-07-17T16:18:46.973Z</time>
      </trkpt>
      <trkpt lat="46.462230" lon="13.941951">
        <ele>646.321081</ele>
        <time>2026-07-17T16:18:56.079Z</time>
      </trkpt>
      <trkpt lat="46.462269" lon="13.942009">
        <ele>646.261284</ele>
        <time>2026-07-17T16:18:56.731Z</time>
      </trkpt>
      <trkpt lat="46.462467" lon="13.942275">
        <ele>645.972351</ele>
        <time>2026-07-17T16:18:59.883Z</time>
      </trkpt>
      <trkpt lat="46.462644" lon="13.942428">
        <ele>645.751719</ele>
        <time>2026-07-17T16:19:02.388Z</time>
      </trkpt>
      <trkpt lat="46.463046" lon="13.942589">
        <ele>645.337704</ele>
        <time>2026-07-17T16:19:07.663Z</time>
      </trkpt>
      <trkpt lat="46.463279" lon="13.942923">
        <ele>645.334240</ele>
        <time>2026-07-17T16:19:12.039Z</time>
      </trkpt>
      <trkpt lat="46.463341" lon="13.942961">
        <ele>645.333528</ele>
        <time>2026-07-17T16:19:12.970Z</time>
      </trkpt>
      <trkpt lat="46.463593" lon="13.942965">
        <ele>645.330861</ele>
        <time>2026-07-17T16:19:16.553Z</time>
      </trkpt>
      <trkpt lat="46.463641" lon="13.942961">
        <ele>645.330353</ele>
        <time>2026-07-17T16:19:17.256Z</time>
      </trkpt>
      <trkpt lat="46.463698" lon="13.942841">
        <ele>645.329290</ele>
        <time>2026-07-17T16:19:18.717Z</time>
      </trkpt>
      <trkpt lat="46.464500" lon="13.939031">
        <ele>646.192428</ele>
        <time>2026-07-17T16:20:03.100Z</time>
      </trkpt>
      <trkpt lat="46.464660" lon="13.937923">
        <ele>647.650745</ele>
        <time>2026-07-17T16:20:19.574Z</time>
      </trkpt>
      <trkpt lat="46.464876" lon="13.936857">
        <ele>649.120074</ele>
        <time>2026-07-17T16:20:39.510Z</time>
      </trkpt>
      <trkpt lat="46.464954" lon="13.936699">
        <ele>649.377120</ele>
        <time>2026-07-17T16:20:42.757Z</time>
      </trkpt>
      <trkpt lat="46.465090" lon="13.936557">
        <ele>649.679682</ele>
        <time>2026-07-17T16:20:46.788Z</time>
      </trkpt>
      <trkpt lat="46.465120" lon="13.936538">
        <ele>649.712591</ele>
        <time>2026-07-17T16:20:47.659Z</time>
      </trkpt>
      <trkpt lat="46.465128" lon="13.936379">
        <ele>649.823003</ele>
        <time>2026-07-17T16:20:50.097Z</time>
      </trkpt>
      <trkpt lat="46.465137" lon="13.936332">
        <ele>649.856788</ele>
        <time>2026-07-17T16:20:51.728Z</time>
      </trkpt>
      <trkpt lat="46.465590" lon="13.933734">
        <ele>651.654810</ele>
        <time>2026-07-17T16:21:23.982Z</time>
      </trkpt>
      <trkpt lat="46.465595" lon="13.933613">
        <ele>651.718927</ele>
        <time>2026-07-17T16:21:25.441Z</time>
      </trkpt>
      <trkpt lat="46.465418" lon="13.932897">
        <ele>652.121306</ele>
        <time>2026-07-17T16:21:35.024Z</time>
      </trkpt>
      <trkpt lat="46.465423" lon="13.932452">
        <ele>652.356718</ele>
        <time>2026-07-17T16:21:40.856Z</time>
      </trkpt>
      <trkpt lat="46.465449" lon="13.932273">
        <ele>652.453482</ele>
        <time>2026-07-17T16:21:43.239Z</time>
      </trkpt>
      <trkpt lat="46.465589" lon="13.931242">
        <ele>653.003589</ele>
        <time>2026-07-17T16:21:55.900Z</time>
      </trkpt>
      <trkpt lat="46.465621" lon="13.931194">
        <ele>653.037664</ele>
        <time>2026-07-17T16:21:56.686Z</time>
      </trkpt>
      <trkpt lat="46.466064" lon="13.931364">
        <ele>653.377001</ele>
        <time>2026-07-17T16:22:04.073Z</time>
      </trkpt>
      <trkpt lat="46.466130" lon="13.931353">
        <ele>653.426199</ele>
        <time>2026-07-17T16:22:05.161Z</time>
      </trkpt>
      <trkpt lat="46.466205" lon="13.931290">
        <ele>653.490368</ele>
        <time>2026-07-17T16:22:06.617Z</time>
      </trkpt>
      <trkpt lat="46.466240" lon="13.931142">
        <ele>653.570187</ele>
        <time>2026-07-17T16:22:08.427Z</time>
      </trkpt>
      <trkpt lat="46.466634" lon="13.929309">
        <ele>654.758115</ele>
        <time>2026-07-17T16:22:33.400Z</time>
      </trkpt>
      <trkpt lat="46.467436" lon="13.925502">
        <ele>658.136151</ele>
        <time>2026-07-17T16:23:27.409Z</time>
      </trkpt>
      <trkpt lat="46.467708" lon="13.924622">
        <ele>658.964513</ele>
        <time>2026-07-17T16:23:41.410Z</time>
      </trkpt>
      <trkpt lat="46.468003" lon="13.923885">
        <ele>659.661834</ele>
        <time>2026-07-17T16:23:53.418Z</time>
      </trkpt>
      <trkpt lat="46.468122" lon="13.923652">
        <ele>659.899124</ele>
        <time>2026-07-17T16:23:57.316Z</time>
      </trkpt>
      <trkpt lat="46.468685" lon="13.922713">
        <ele>660.933351</ele>
        <time>2026-07-17T16:24:12.543Z</time>
      </trkpt>
      <trkpt lat="46.469417" lon="13.921590">
        <ele>662.307974</ele>
        <time>2026-07-17T16:24:33.809Z</time>
      </trkpt>
      <trkpt lat="46.469731" lon="13.921042">
        <ele>662.941723</ele>
        <time>2026-07-17T16:24:44.215Z</time>
      </trkpt>
      <trkpt lat="46.469919" lon="13.920607">
        <ele>663.377075</ele>
        <time>2026-07-17T16:24:51.651Z</time>
      </trkpt>
      <trkpt lat="46.470098" lon="13.920136">
        <ele>663.825588</ele>
        <time>2026-07-17T16:24:59.657Z</time>
      </trkpt>
      <trkpt lat="46.470221" lon="13.919650">
        <ele>664.257280</ele>
        <time>2026-07-17T16:25:06.696Z</time>
      </trkpt>
      <trkpt lat="46.471634" lon="13.913948">
        <ele>668.482858</ele>
        <time>2026-07-17T16:26:46.163Z</time>
      </trkpt>
      <trkpt lat="46.471782" lon="13.913130">
        <ele>669.354006</ele>
        <time>2026-07-17T16:27:01.184Z</time>
      </trkpt>
      <trkpt lat="46.471912" lon="13.910866">
        <ele>672.221205</ele>
        <time>2026-07-17T16:27:44.834Z</time>
      </trkpt>
      <trkpt lat="46.472037" lon="13.908733">
        <ele>675.450631</ele>
        <time>2026-07-17T16:28:21.274Z</time>
      </trkpt>
      <trkpt lat="46.472107" lon="13.908103">
        <ele>676.190667</ele>
        <time>2026-07-17T16:28:30.292Z</time>
      </trkpt>
      <trkpt lat="46.472161" lon="13.907842">
        <ele>676.422187</ele>
        <time>2026-07-17T16:28:34.437Z</time>
      </trkpt>
      <trkpt lat="46.472359" lon="13.906838">
        <ele>677.309404</ele>
        <time>2026-07-17T16:28:53.032Z</time>
      </trkpt>
      <trkpt lat="46.472428" lon="13.906504">
        <ele>677.605640</ele>
        <time>2026-07-17T16:29:02.781Z</time>
      </trkpt>
      <trkpt lat="46.472440" lon="13.906443">
        <ele>677.659535</ele>
        <time>2026-07-17T16:29:03.579Z</time>
      </trkpt>
      <trkpt lat="46.472491" lon="13.906180">
        <ele>677.891650</ele>
        <time>2026-07-17T16:29:06.860Z</time>
      </trkpt>
      <trkpt lat="46.473522" lon="13.900879">
        <ele>680.066801</ele>
        <time>2026-07-17T16:30:10.047Z</time>
      </trkpt>
      <trkpt lat="46.473625" lon="13.900413">
        <ele>680.616456</ele>
        <time>2026-07-17T16:30:17.038Z</time>
      </trkpt>
      <trkpt lat="46.473836" lon="13.899758">
        <ele>681.428577</ele>
        <time>2026-07-17T16:30:27.995Z</time>
      </trkpt>
      <trkpt lat="46.473931" lon="13.899529">
        <ele>681.728821</ele>
        <time>2026-07-17T16:30:32.159Z</time>
      </trkpt>
      <trkpt lat="46.474097" lon="13.898969">
        <ele>682.413534</ele>
        <time>2026-07-17T16:30:43.997Z</time>
      </trkpt>
      <trkpt lat="46.474120" lon="13.898614">
        <ele>682.813988</ele>
        <time>2026-07-17T16:30:50.879Z</time>
      </trkpt>
      <trkpt lat="46.474251" lon="13.898311">
        <ele>683.152906</ele>
        <time>2026-07-17T16:30:57.666Z</time>
      </trkpt>
      <trkpt lat="46.474407" lon="13.897586">
        <ele>683.773696</ele>
        <time>2026-07-17T16:31:11.406Z</time>
      </trkpt>
      <trkpt lat="46.474731" lon="13.896417">
        <ele>684.803586</ele>
        <time>2026-07-17T16:31:32.363Z</time>
      </trkpt>
      <trkpt lat="46.475141" lon="13.894648">
        <ele>685.733758</ele>
        <time>2026-07-17T16:32:01.465Z</time>
      </trkpt>
      <trkpt lat="46.475208" lon="13.894118">
        <ele>685.957425</ele>
        <time>2026-07-17T16:32:09.645Z</time>
      </trkpt>
      <trkpt lat="46.475199" lon="13.893992">
        <ele>686.010006</ele>
        <time>2026-07-17T16:32:11.553Z</time>
      </trkpt>
      <trkpt lat="46.475127" lon="13.893785">
        <ele>686.106264</ele>
        <time>2026-07-17T16:32:15.054Z</time>
      </trkpt>
      <trkpt lat="46.474988" lon="13.893532">
        <ele>686.297622</ele>
        <time>2026-07-17T16:32:19.936Z</time>
      </trkpt>
      <trkpt lat="46.474961" lon="13.893423">
        <ele>686.419595</ele>
        <time>2026-07-17T16:32:21.674Z</time>
      </trkpt>
      <trkpt lat="46.474965" lon="13.893249">
        <ele>686.602915</ele>
        <time>2026-07-17T16:32:24.409Z</time>
      </trkpt>
      <trkpt lat="46.475025" lon="13.892697">
        <ele>687.191353</ele>
        <time>2026-07-17T16:32:33.888Z</time>
      </trkpt>
      <trkpt lat="46.475189" lon="13.892001">
        <ele>687.965933</ele>
        <time>2026-07-17T16:32:47.733Z</time>
      </trkpt>
      <trkpt lat="46.475198" lon="13.891861">
        <ele>688.113990</ele>
        <time>2026-07-17T16:32:50.403Z</time>
      </trkpt>
      <trkpt lat="46.475151" lon="13.891646">
        <ele>688.351511</ele>
        <time>2026-07-17T16:32:54.736Z</time>
      </trkpt>
      <trkpt lat="46.474959" lon="13.891024">
        <ele>689.130737</ele>
        <time>2026-07-17T16:33:08.154Z</time>
      </trkpt>
      <trkpt lat="46.474902" lon="13.890784">
        <ele>689.540227</ele>
        <time>2026-07-17T16:33:13.357Z</time>
      </trkpt>
      <trkpt lat="46.474826" lon="13.890466">
        <ele>690.083165</ele>
        <time>2026-07-17T16:33:20.447Z</time>
      </trkpt>
      <trkpt lat="46.474765" lon="13.889855">
        <ele>691.079002</ele>
        <time>2026-07-17T16:33:33.593Z</time>
      </trkpt>
      <trkpt lat="46.474776" lon="13.889459">
        <ele>691.718264</ele>
        <time>2026-07-17T16:33:41.647Z</time>
      </trkpt>
      <trkpt lat="46.474840" lon="13.888889">
        <ele>692.649806</ele>
        <time>2026-07-17T16:33:52.628Z</time>
      </trkpt>
      <trkpt lat="46.474910" lon="13.888523">
        <ele>693.262982</ele>
        <time>2026-07-17T16:34:00.120Z</time>
      </trkpt>
      <trkpt lat="46.475024" lon="13.888109">
        <ele>693.985751</ele>
        <time>2026-07-17T16:34:09.440Z</time>
      </trkpt>
      <trkpt lat="46.475221" lon="13.887571">
        <ele>694.973482</ele>
        <time>2026-07-17T16:34:22.674Z</time>
      </trkpt>
      <trkpt lat="46.475636" lon="13.886429">
        <ele>697.066618</ele>
        <time>2026-07-17T16:34:49.547Z</time>
      </trkpt>
      <trkpt lat="46.475811" lon="13.885843">
        <ele>697.741048</ele>
        <time>2026-07-17T16:35:02.278Z</time>
      </trkpt>
      <trkpt lat="46.476522" lon="13.882711">
        <ele>700.352385</ele>
        <time>2026-07-17T16:35:55.748Z</time>
      </trkpt>
      <trkpt lat="46.476711" lon="13.881718">
        <ele>701.177068</ele>
        <time>2026-07-17T16:36:13.012Z</time>
      </trkpt>
      <trkpt lat="46.476784" lon="13.880949">
        <ele>701.920052</ele>
        <time>2026-07-17T16:36:27.455Z</time>
      </trkpt>
      <trkpt lat="46.476781" lon="13.880068">
        <ele>702.966828</ele>
        <time>2026-07-17T16:36:44.852Z</time>
      </trkpt>
      <trkpt lat="46.476622" lon="13.878305">
        <ele>704.844805</ele>
        <time>2026-07-17T16:37:18.005Z</time>
      </trkpt>
      <trkpt lat="46.476597" lon="13.877839">
        <ele>705.096266</ele>
        <time>2026-07-17T16:37:25.577Z</time>
      </trkpt>
      <trkpt lat="46.476608" lon="13.877498">
        <ele>705.279920</ele>
        <time>2026-07-17T16:37:30.977Z</time>
      </trkpt>
      <trkpt lat="46.476697" lon="13.876647">
        <ele>705.742994</ele>
        <time>2026-07-17T16:37:43.918Z</time>
      </trkpt>
      <trkpt lat="46.476806" lon="13.876066">
        <ele>706.069434</ele>
        <time>2026-07-17T16:37:52.996Z</time>
      </trkpt>
      <trkpt lat="46.476924" lon="13.875658">
        <ele>706.360414</ele>
        <time>2026-07-17T16:37:59.989Z</time>
      </trkpt>
      <trkpt lat="46.477170" lon="13.875032">
        <ele>706.834342</ele>
        <time>2026-07-17T16:38:11.633Z</time>
      </trkpt>
      <trkpt lat="46.479001" lon="13.870954">
        <ele>710.260785</ele>
        <time>2026-07-17T16:39:35.239Z</time>
      </trkpt>
      <trkpt lat="46.479099" lon="13.870778">
        <ele>710.363383</ele>
        <time>2026-07-17T16:39:38.444Z</time>
      </trkpt>
      <trkpt lat="46.479345" lon="13.870214">
        <ele>710.666008</ele>
        <time>2026-07-17T16:39:55.780Z</time>
      </trkpt>
      <trkpt lat="46.479404" lon="13.870086">
        <ele>710.735827</ele>
        <time>2026-07-17T16:39:59.835Z</time>
      </trkpt>
      <trkpt lat="46.479489" lon="13.869835">
        <ele>710.862616</ele>
        <time>2026-07-17T16:40:02.958Z</time>
      </trkpt>
      <trkpt lat="46.479556" lon="13.869404">
        <ele>711.062900</ele>
        <time>2026-07-17T16:40:08.050Z</time>
      </trkpt>
      <trkpt lat="46.479678" lon="13.869019">
        <ele>711.301765</ele>
        <time>2026-07-17T16:40:13.510Z</time>
      </trkpt>
      <trkpt lat="46.479911" lon="13.867263">
        <ele>712.316387</ele>
        <time>2026-07-17T16:40:37.918Z</time>
      </trkpt>
      <trkpt lat="46.479984" lon="13.866558">
        <ele>712.600699</ele>
        <time>2026-07-17T16:40:45.378Z</time>
      </trkpt>
      <trkpt lat="46.480013" lon="13.865805">
        <ele>712.725582</ele>
        <time>2026-07-17T16:40:52.177Z</time>
      </trkpt>
      <trkpt lat="46.479963" lon="13.864432">
        <ele>712.953252</ele>
        <time>2026-07-17T16:41:05.939Z</time>
      </trkpt>
      <trkpt lat="46.479980" lon="13.862481">
        <ele>715.229711</ele>
        <time>2026-07-17T16:41:36.311Z</time>
      </trkpt>
      <trkpt lat="46.480004" lon="13.862341">
        <ele>715.413058</ele>
        <time>2026-07-17T16:41:38.770Z</time>
      </trkpt>
      <trkpt lat="46.480142" lon="13.861951">
        <ele>715.970287</ele>
        <time>2026-07-17T16:41:46.088Z</time>
      </trkpt>
      <trkpt lat="46.480288" lon="13.860899">
        <ele>717.337052</ele>
        <time>2026-07-17T16:42:03.391Z</time>
      </trkpt>
      <trkpt lat="46.480621" lon="13.850841">
        <ele>729.999087</ele>
        <time>2026-07-17T16:45:13.687Z</time>
      </trkpt>
      <trkpt lat="46.480680" lon="13.849891">
        <ele>731.035488</ele>
        <time>2026-07-17T16:45:31.292Z</time>
      </trkpt>
      <trkpt lat="46.480743" lon="13.849388">
        <ele>731.590983</ele>
        <time>2026-07-17T16:45:40.805Z</time>
      </trkpt>
      <trkpt lat="46.480909" lon="13.848545">
        <ele>732.470672</ele>
        <time>2026-07-17T16:45:56.606Z</time>
      </trkpt>
      <trkpt lat="46.481059" lon="13.847994">
        <ele>732.848644</ele>
        <time>2026-07-17T16:46:06.656Z</time>
      </trkpt>
      <trkpt lat="46.481345" lon="13.847184">
        <ele>733.429336</ele>
        <time>2026-07-17T16:46:21.805Z</time>
      </trkpt>
      <trkpt lat="46.481457" lon="13.846938">
        <ele>733.617466</ele>
        <time>2026-07-17T16:46:26.556Z</time>
      </trkpt>
      <trkpt lat="46.482748" lon="13.844448">
        <ele>734.780611</ele>
        <time>2026-07-17T16:47:13.397Z</time>
      </trkpt>
      <trkpt lat="46.482982" lon="13.843845">
        <ele>735.119848</ele>
        <time>2026-07-17T16:47:24.010Z</time>
      </trkpt>
      <trkpt lat="46.483104" lon="13.843370">
        <ele>735.393844</ele>
        <time>2026-07-17T16:47:32.171Z</time>
      </trkpt>
      <trkpt lat="46.483178" lon="13.842956">
        <ele>735.625010</ele>
        <time>2026-07-17T16:47:39.216Z</time>
      </trkpt>
      <trkpt lat="46.483208" lon="13.842547">
        <ele>735.847308</ele>
        <time>2026-07-17T16:47:45.906Z</time>
      </trkpt>
      <trkpt lat="46.483207" lon="13.842045">
        <ele>736.118619</ele>
        <time>2026-07-17T16:47:54.110Z</time>
      </trkpt>
      <trkpt lat="46.483171" lon="13.841600">
        <ele>736.495617</ele>
        <time>2026-07-17T16:48:01.418Z</time>
      </trkpt>
      <trkpt lat="46.483137" lon="13.841350">
        <ele>736.783257</ele>
        <time>2026-07-17T16:48:05.501Z</time>
      </trkpt>
      <trkpt lat="46.483043" lon="13.840848">
        <ele>737.370471</ele>
        <time>2026-07-17T16:48:14.417Z</time>
      </trkpt>
      <trkpt lat="46.482937" lon="13.840460">
        <ele>737.841640</ele>
        <time>2026-07-17T16:48:22.262Z</time>
      </trkpt>
      <trkpt lat="46.482708" lon="13.839815">
        <ele>738.660773</ele>
        <time>2026-07-17T16:48:36.022Z</time>
      </trkpt>
      <trkpt lat="46.482661" lon="13.839782">
        <ele>738.746351</ele>
        <time>2026-07-17T16:48:37.494Z</time>
      </trkpt>
      <trkpt lat="46.482476" lon="13.839441">
        <ele>739.267217</ele>
        <time>2026-07-17T16:48:46.296Z</time>
      </trkpt>
      <trkpt lat="46.482036" lon="13.838564">
        <ele>741.232693</ele>
        <time>2026-07-17T16:49:09.683Z</time>
      </trkpt>
      <trkpt lat="46.482018" lon="13.838256">
        <ele>741.792590</ele>
        <time>2026-07-17T16:49:15.616Z</time>
      </trkpt>
      <trkpt lat="46.481978" lon="13.838122">
        <ele>742.057135</ele>
        <time>2026-07-17T16:49:18.303Z</time>
      </trkpt>
      <trkpt lat="46.481909" lon="13.838001">
        <ele>742.341707</ele>
        <time>2026-07-17T16:49:21.000Z</time>
      </trkpt>
      <trkpt lat="46.481713" lon="13.837802">
        <ele>742.970799</ele>
        <time>2026-07-17T16:49:26.945Z</time>
      </trkpt>
      <trkpt lat="46.481489" lon="13.837511">
        <ele>743.761393</ele>
        <time>2026-07-17T16:49:34.503Z</time>
      </trkpt>
      <trkpt lat="46.481133" lon="13.836890">
        <ele>744.766408</ele>
        <time>2026-07-17T16:49:51.341Z</time>
      </trkpt>
      <trkpt lat="46.480842" lon="13.836164">
        <ele>745.754605</ele>
        <time>2026-07-17T16:50:07.827Z</time>
      </trkpt>
      <trkpt lat="46.480650" lon="13.835563">
        <ele>746.533988</ele>
        <time>2026-07-17T16:50:19.409Z</time>
      </trkpt>
      <trkpt lat="46.480473" lon="13.834798">
        <ele>747.145659</ele>
        <time>2026-07-17T16:50:31.826Z</time>
      </trkpt>
      <trkpt lat="46.480412" lon="13.834388">
        <ele>747.301690</ele>
        <time>2026-07-17T16:50:37.706Z</time>
      </trkpt>
      <trkpt lat="46.480357" lon="13.833663">
        <ele>747.573006</ele>
        <time>2026-07-17T16:50:47.622Z</time>
      </trkpt>
      <trkpt lat="46.480359" lon="13.832809">
        <ele>747.890679</ele>
        <time>2026-07-17T16:51:00.655Z</time>
      </trkpt>
      <trkpt lat="46.480436" lon="13.832063">
        <ele>749.154345</ele>
        <time>2026-07-17T16:51:14.246Z</time>
      </trkpt>
      <trkpt lat="46.480612" lon="13.831188">
        <ele>751.079545</ele>
        <time>2026-07-17T16:51:33.863Z</time>
      </trkpt>
      <trkpt lat="46.480824" lon="13.830459">
        <ele>752.750835</ele>
        <time>2026-07-17T16:51:53.985Z</time>
      </trkpt>
      <trkpt lat="46.481129" lon="13.829688">
        <ele>754.713741</ele>
        <time>2026-07-17T16:52:18.019Z</time>
      </trkpt>
      <trkpt lat="46.481463" lon="13.829017">
        <ele>756.591481</ele>
        <time>2026-07-17T16:52:39.840Z</time>
      </trkpt>
      <trkpt lat="46.482243" lon="13.827197">
        <ele>759.368576</ele>
        <time>2026-07-17T16:53:21.223Z</time>
      </trkpt>
      <trkpt lat="46.482922" lon="13.825728">
        <ele>759.365163</ele>
        <time>2026-07-17T16:53:41.379Z</time>
      </trkpt>
      <trkpt lat="46.483064" lon="13.825461">
        <ele>759.686540</ele>
        <time>2026-07-17T16:53:45.515Z</time>
      </trkpt>
      <trkpt lat="46.483671" lon="13.824551">
        <ele>760.893449</ele>
        <time>2026-07-17T16:54:06.897Z</time>
      </trkpt>
      <trkpt lat="46.484363" lon="13.823206">
        <ele>762.834320</ele>
        <time>2026-07-17T16:54:45.222Z</time>
      </trkpt>
      <trkpt lat="46.484552" lon="13.822539">
        <ele>763.857410</ele>
        <time>2026-07-17T16:55:00.380Z</time>
      </trkpt>
      <trkpt lat="46.484572" lon="13.822364">
        <ele>764.109034</ele>
        <time>2026-07-17T16:55:03.818Z</time>
      </trkpt>
      <trkpt lat="46.484591" lon="13.821520">
        <ele>765.306844</ele>
        <time>2026-07-17T16:55:18.896Z</time>
      </trkpt>
      <trkpt lat="46.484669" lon="13.820978">
        <ele>765.532989</ele>
        <time>2026-07-17T16:55:27.205Z</time>
      </trkpt>
      <trkpt lat="46.484743" lon="13.820656">
        <ele>765.559881</ele>
        <time>2026-07-17T16:55:31.641Z</time>
      </trkpt>
      <trkpt lat="46.485393" lon="13.818405">
        <ele>766.225026</ele>
        <time>2026-07-17T16:56:04.310Z</time>
      </trkpt>
      <trkpt lat="46.486159" lon="13.815710">
        <ele>769.354786</ele>
        <time>2026-07-17T16:56:59.471Z</time>
      </trkpt>
      <trkpt lat="46.486364" lon="13.814817">
        <ele>770.770425</ele>
        <time>2026-07-17T16:57:18.928Z</time>
      </trkpt>
      <trkpt lat="46.486420" lon="13.814465">
        <ele>771.313736</ele>
        <time>2026-07-17T16:57:26.399Z</time>
      </trkpt>
      <trkpt lat="46.486498" lon="13.813536">
        <ele>772.687240</ele>
        <time>2026-07-17T16:57:45.467Z</time>
      </trkpt>
      <trkpt lat="46.486498" lon="13.812714">
        <ele>773.869278</ele>
        <time>2026-07-17T16:58:01.616Z</time>
      </trkpt>
      <trkpt lat="46.486461" lon="13.812011">
        <ele>774.883143</ele>
        <time>2026-07-17T16:58:15.154Z</time>
      </trkpt>
      <trkpt lat="46.486421" lon="13.811628">
        <ele>775.440198</ele>
        <time>2026-07-17T16:58:22.494Z</time>
      </trkpt>
      <trkpt lat="46.486407" lon="13.811512">
        <ele>775.609549</ele>
        <time>2026-07-17T16:58:24.726Z</time>
      </trkpt>
      <trkpt lat="46.486100" lon="13.809105">
        <ele>779.350376</ele>
        <time>2026-07-17T16:59:13.911Z</time>
      </trkpt>
      <trkpt lat="46.486047" lon="13.808464">
        <ele>780.193413</ele>
        <time>2026-07-17T16:59:27.319Z</time>
      </trkpt>
      <trkpt lat="46.486065" lon="13.807697">
        <ele>781.100604</ele>
        <time>2026-07-17T16:59:42.782Z</time>
      </trkpt>
      <trkpt lat="46.486259" lon="13.806270">
        <ele>782.804544</ele>
        <time>2026-07-17T17:00:08.724Z</time>
      </trkpt>
      <trkpt lat="46.486507" lon="13.804414">
        <ele>783.920151</ele>
        <time>2026-07-17T17:00:37.571Z</time>
      </trkpt>
      <trkpt lat="46.486515" lon="13.804356">
        <ele>783.955056</ele>
        <time>2026-07-17T17:00:38.520Z</time>
      </trkpt>
      <trkpt lat="46.486546" lon="13.803528">
        <ele>784.549320</ele>
        <time>2026-07-17T17:00:52.643Z</time>
      </trkpt>
      <trkpt lat="46.486536" lon="13.803167">
        <ele>784.959180</ele>
        <time>2026-07-17T17:00:59.214Z</time>
      </trkpt>
      <trkpt lat="46.486429" lon="13.801866">
        <ele>786.445563</ele>
        <time>2026-07-17T17:01:23.929Z</time>
      </trkpt>
      <trkpt lat="46.486445" lon="13.801553">
        <ele>786.801617</ele>
        <time>2026-07-17T17:01:30.002Z</time>
      </trkpt>
      <trkpt lat="46.486433" lon="13.801028">
        <ele>787.409339</ele>
        <time>2026-07-17T17:01:39.921Z</time>
      </trkpt>
      <trkpt lat="46.486422" lon="13.800927">
        <ele>787.538592</ele>
        <time>2026-07-17T17:01:41.815Z</time>
      </trkpt>
      <trkpt lat="46.486416" lon="13.800892">
        <ele>787.584183</ele>
        <time>2026-07-17T17:01:42.469Z</time>
      </trkpt>
      <trkpt lat="46.486274" lon="13.800857">
        <ele>787.848598</ele>
        <time>2026-07-17T17:01:45.542Z</time>
      </trkpt>
      <trkpt lat="46.486203" lon="13.800676">
        <ele>788.111910</ele>
        <time>2026-07-17T17:01:48.597Z</time>
      </trkpt>
      <trkpt lat="46.485959" lon="13.799728">
        <ele>789.391193</ele>
        <time>2026-07-17T17:02:03.326Z</time>
      </trkpt>
      <trkpt lat="46.485589" lon="13.798229">
        <ele>791.593079</ele>
        <time>2026-07-17T17:02:29.088Z</time>
      </trkpt>
      <trkpt lat="46.485449" lon="13.797559">
        <ele>792.685180</ele>
        <time>2026-07-17T17:02:40.337Z</time>
      </trkpt>
      <trkpt lat="46.485373" lon="13.796910">
        <ele>793.712001</ele>
        <time>2026-07-17T17:02:50.400Z</time>
      </trkpt>
      <trkpt lat="46.485376" lon="13.796465">
        <ele>794.406129</ele>
        <time>2026-07-17T17:02:57.908Z</time>
      </trkpt>
      <trkpt lat="46.485502" lon="13.795631">
        <ele>795.929503</ele>
        <time>2026-07-17T17:03:14.121Z</time>
      </trkpt>
      <trkpt lat="46.485508" lon="13.795549">
        <ele>796.081211</ele>
        <time>2026-07-17T17:03:15.882Z</time>
      </trkpt>
      <trkpt lat="46.485506" lon="13.795468">
        <ele>796.230325</ele>
        <time>2026-07-17T17:03:17.570Z</time>
      </trkpt>
      <trkpt lat="46.484969" lon="13.794093">
        <ele>799.138559</ele>
        <time>2026-07-17T17:03:52.187Z</time>
      </trkpt>
      <trkpt lat="46.484883" lon="13.793743">
        <ele>799.473462</ele>
        <time>2026-07-17T17:03:59.384Z</time>
      </trkpt>
      <trkpt lat="46.484868" lon="13.793212">
        <ele>799.465097</ele>
        <time>2026-07-17T17:04:08.451Z</time>
      </trkpt>
      <trkpt lat="46.484877" lon="13.792949">
        <ele>799.460953</ele>
        <time>2026-07-17T17:04:12.192Z</time>
      </trkpt>
      <trkpt lat="46.484893" lon="13.792175">
        <ele>799.448765</ele>
        <time>2026-07-17T17:04:21.213Z</time>
      </trkpt>
      <trkpt lat="46.484912" lon="13.791831">
        <ele>799.443333</ele>
        <time>2026-07-17T17:04:25.086Z</time>
      </trkpt>
      <trkpt lat="46.484977" lon="13.791423">
        <ele>799.436742</ele>
        <time>2026-07-17T17:04:29.995Z</time>
      </trkpt>
      <trkpt lat="46.485058" lon="13.791183">
        <ele>799.565570</ele>
        <time>2026-07-17T17:04:33.436Z</time>
      </trkpt>
      <trkpt lat="46.485153" lon="13.791022">
        <ele>799.722483</ele>
        <time>2026-07-17T17:04:36.348Z</time>
      </trkpt>
      <trkpt lat="46.485253" lon="13.790886">
        <ele>799.869729</ele>
        <time>2026-07-17T17:04:39.228Z</time>
      </trkpt>
      <trkpt lat="46.485377" lon="13.790720">
        <ele>800.050984</ele>
        <time>2026-07-17T17:04:42.983Z</time>
      </trkpt>
      <trkpt lat="46.485509" lon="13.790526">
        <ele>800.252825</ele>
        <time>2026-07-17T17:04:47.290Z</time>
      </trkpt>
      <trkpt lat="46.485791" lon="13.790127">
        <ele>800.675970</ele>
        <time>2026-07-17T17:04:54.946Z</time>
      </trkpt>
      <trkpt lat="46.485954" lon="13.789820">
        <ele>800.962863</ele>
        <time>2026-07-17T17:05:00.784Z</time>
      </trkpt>
      <trkpt lat="46.485791" lon="13.788648">
        <ele>802.486596</ele>
        <time>2026-07-17T17:05:21.901Z</time>
      </trkpt>
      <trkpt lat="46.485657" lon="13.788155">
        <ele>803.401762</ele>
        <time>2026-07-17T17:05:31.678Z</time>
      </trkpt>
      <trkpt lat="46.485579" lon="13.787796">
        <ele>804.051761</ele>
        <time>2026-07-17T17:05:38.299Z</time>
      </trkpt>
      <trkpt lat="46.485449" lon="13.787543">
        <ele>804.596841</ele>
        <time>2026-07-17T17:05:43.568Z</time>
      </trkpt>
      <trkpt lat="46.485323" lon="13.787282">
        <ele>805.147234</ele>
        <time>2026-07-17T17:05:48.853Z</time>
      </trkpt>
      <trkpt lat="46.485248" lon="13.787145">
        <ele>805.449444</ele>
        <time>2026-07-17T17:05:51.572Z</time>
      </trkpt>
      <trkpt lat="46.484953" lon="13.786492">
        <ele>805.878974</ele>
        <time>2026-07-17T17:06:04.015Z</time>
      </trkpt>
      <trkpt lat="46.484696" lon="13.785991">
        <ele>805.878974</ele>
        <time>2026-07-17T17:06:14.759Z</time>
      </trkpt>
      <trkpt lat="46.484548" lon="13.785743">
        <ele>805.878974</ele>
        <time>2026-07-17T17:06:20.163Z</time>
      </trkpt>
      <trkpt lat="46.484502" lon="13.785661">
        <ele>805.878974</ele>
        <time>2026-07-17T17:06:22.319Z</time>
      </trkpt>
      <trkpt lat="46.484440" lon="13.785401">
        <ele>805.878974</ele>
        <time>2026-07-17T17:06:27.712Z</time>
      </trkpt>
      <trkpt lat="46.484337" lon="13.785127">
        <ele>805.878974</ele>
        <time>2026-07-17T17:06:33.710Z</time>
      </trkpt>
      <trkpt lat="46.484242" lon="13.784909">
        <ele>805.878974</ele>
        <time>2026-07-17T17:06:38.587Z</time>
      </trkpt>
      <trkpt lat="46.484202" lon="13.784811">
        <ele>805.878974</ele>
        <time>2026-07-17T17:06:40.696Z</time>
      </trkpt>
      <trkpt lat="46.484186" lon="13.784657">
        <ele>805.878974</ele>
        <time>2026-07-17T17:06:43.543Z</time>
      </trkpt>
    </trkseg>
  </trk>
</gpx>