<?xml version='1.0' encoding='UTF-8'?>
<gpx version="1.1" creator="https://www.komoot.de" xmlns="http://www.topografix.com/GPX/1/1" xmlns:xsi="http://www.w3.org/2001/XMLSchema-instance" xsi:schemaLocation="http://www.topografix.com/GPX/1/1 http://www.topografix.com/GPX/1/1/gpx.xsd">
  <metadata>
    <name>Tour of Slovenia - T1</name>
    <author>
      <link href="https://www.komoot.de">
        <text>komoot</text>
        <type>text/html</type>
      </link>
    </author>
  </metadata>
  <wpt lat="46.440048" lon="13.760046">
    <name>Salita al passo di Vršič</name>
    <sym>Flag, Blue</sym>
  </wpt>
  <trk>
    <name>Tour of Slovenia - T1</name>
    <type>racebike</type>
    <trkseg>
      <trkpt lat="46.484186" lon="13.784657">
        <ele>811.370915</ele>
        <time>2026-07-17T14:08:16.160Z</time>
      </trkpt>
      <trkpt lat="46.484212" lon="13.784397">
        <ele>811.370915</ele>
        <time>2026-07-17T14:08:20.033Z</time>
      </trkpt>
      <trkpt lat="46.484258" lon="13.784198">
        <ele>811.370915</ele>
        <time>2026-07-17T14:08:23.110Z</time>
      </trkpt>
      <trkpt lat="46.484311" lon="13.783992">
        <ele>811.370915</ele>
        <time>2026-07-17T14:08:26.284Z</time>
      </trkpt>
      <trkpt lat="46.484374" lon="13.783743">
        <ele>811.370915</ele>
        <time>2026-07-17T14:08:30.221Z</time>
      </trkpt>
      <trkpt lat="46.484366" lon="13.783526">
        <ele>811.370915</ele>
        <time>2026-07-17T14:08:33.442Z</time>
      </trkpt>
      <trkpt lat="46.484230" lon="13.783539">
        <ele>811.342293</ele>
        <time>2026-07-17T14:08:35.527Z</time>
      </trkpt>
      <trkpt lat="46.483708" lon="13.783445">
        <ele>811.015869</ele>
        <time>2026-07-17T14:08:42.401Z</time>
      </trkpt>
      <trkpt lat="46.483616" lon="13.783385">
        <ele>810.953284</ele>
        <time>2026-07-17T14:08:43.576Z</time>
      </trkpt>
      <trkpt lat="46.483473" lon="13.783584">
        <ele>810.830376</ele>
        <time>2026-07-17T14:08:45.926Z</time>
      </trkpt>
      <trkpt lat="46.483182" lon="13.783642">
        <ele>810.648095</ele>
        <time>2026-07-17T14:08:49.444Z</time>
      </trkpt>
      <trkpt lat="46.482683" lon="13.783867">
        <ele>810.323843</ele>
        <time>2026-07-17T14:08:56.042Z</time>
      </trkpt>
      <trkpt lat="46.482598" lon="13.783963">
        <ele>810.257020</ele>
        <time>2026-07-17T14:08:57.607Z</time>
      </trkpt>
      <trkpt lat="46.482256" lon="13.783294">
        <ele>810.976186</ele>
        <time>2026-07-17T14:09:05.622Z</time>
      </trkpt>
      <trkpt lat="46.481992" lon="13.782857">
        <ele>811.482854</ele>
        <time>2026-07-17T14:09:14.043Z</time>
      </trkpt>
      <trkpt lat="46.481659" lon="13.782379">
        <ele>812.075477</ele>
        <time>2026-07-17T14:09:25.642Z</time>
      </trkpt>
      <trkpt lat="46.481441" lon="13.782113">
        <ele>812.435868</ele>
        <time>2026-07-17T14:09:32.570Z</time>
      </trkpt>
      <trkpt lat="46.481121" lon="13.781753">
        <ele>813.284859</ele>
        <time>2026-07-17T14:09:42.005Z</time>
      </trkpt>
      <trkpt lat="46.481013" lon="13.781646">
        <ele>813.583951</ele>
        <time>2026-07-17T14:09:44.975Z</time>
      </trkpt>
      <trkpt lat="46.480626" lon="13.781291">
        <ele>814.631123</ele>
        <time>2026-07-17T14:09:55.336Z</time>
      </trkpt>
      <trkpt lat="46.480220" lon="13.781008">
        <ele>815.661381</ele>
        <time>2026-07-17T14:10:05.422Z</time>
      </trkpt>
      <trkpt lat="46.479653" lon="13.780719">
        <ele>817.468378</ele>
        <time>2026-07-17T14:10:19.927Z</time>
      </trkpt>
      <trkpt lat="46.479622" lon="13.780708">
        <ele>817.622295</ele>
        <time>2026-07-17T14:10:20.805Z</time>
      </trkpt>
      <trkpt lat="46.478553" lon="13.780347">
        <ele>822.915827</ele>
        <time>2026-07-17T14:10:57.359Z</time>
      </trkpt>
      <trkpt lat="46.478034" lon="13.780244">
        <ele>825.486343</ele>
        <time>2026-07-17T14:11:18.525Z</time>
      </trkpt>
      <trkpt lat="46.477552" lon="13.780183">
        <ele>828.668047</ele>
        <time>2026-07-17T14:11:39.418Z</time>
      </trkpt>
      <trkpt lat="46.476734" lon="13.780018">
        <ele>834.098962</ele>
        <time>2026-07-17T14:12:18.991Z</time>
      </trkpt>
      <trkpt lat="46.476500" lon="13.780024">
        <ele>835.638014</ele>
        <time>2026-07-17T14:12:30.715Z</time>
      </trkpt>
      <trkpt lat="46.476021" lon="13.780147">
        <ele>836.409729</ele>
        <time>2026-07-17T14:12:45.021Z</time>
      </trkpt>
      <trkpt lat="46.475621" lon="13.780356">
        <ele>835.184659</ele>
        <time>2026-07-17T14:12:50.184Z</time>
      </trkpt>
      <trkpt lat="46.475462" lon="13.780544">
        <ele>834.593763</ele>
        <time>2026-07-17T14:12:52.308Z</time>
      </trkpt>
      <trkpt lat="46.475323" lon="13.780909">
        <ele>833.766008</ele>
        <time>2026-07-17T14:12:55.009Z</time>
      </trkpt>
      <trkpt lat="46.475301" lon="13.781109">
        <ele>833.364057</ele>
        <time>2026-07-17T14:12:56.274Z</time>
      </trkpt>
      <trkpt lat="46.475312" lon="13.781340">
        <ele>832.904521</ele>
        <time>2026-07-17T14:12:57.711Z</time>
      </trkpt>
      <trkpt lat="46.475325" lon="13.781456">
        <ele>832.671279</ele>
        <time>2026-07-17T14:12:58.439Z</time>
      </trkpt>
      <trkpt lat="46.475414" lon="13.781449">
        <ele>832.414423</ele>
        <time>2026-07-17T14:12:59.224Z</time>
      </trkpt>
      <trkpt lat="46.475471" lon="13.781482">
        <ele>832.237587</ele>
        <time>2026-07-17T14:12:59.767Z</time>
      </trkpt>
      <trkpt lat="46.475522" lon="13.781433">
        <ele>832.061356</ele>
        <time>2026-07-17T14:13:00.293Z</time>
      </trkpt>
      <trkpt lat="46.475634" lon="13.781358">
        <ele>831.524204</ele>
        <time>2026-07-17T14:13:01.362Z</time>
      </trkpt>
      <trkpt lat="46.475899" lon="13.781284">
        <ele>830.203025</ele>
        <time>2026-07-17T14:13:03.706Z</time>
      </trkpt>
      <trkpt lat="46.476021" lon="13.781281">
        <ele>829.605643</ele>
        <time>2026-07-17T14:13:04.797Z</time>
      </trkpt>
      <trkpt lat="46.476168" lon="13.781332">
        <ele>828.865693</ele>
        <time>2026-07-17T14:13:06.202Z</time>
      </trkpt>
      <trkpt lat="46.476186" lon="13.781310">
        <ele>828.750506</ele>
        <time>2026-07-17T14:13:06.443Z</time>
      </trkpt>
      <trkpt lat="46.476312" lon="13.781410">
        <ele>828.047501</ele>
        <time>2026-07-17T14:13:16.379Z</time>
      </trkpt>
      <trkpt lat="46.476514" lon="13.781408">
        <ele>827.058512</ele>
        <time>2026-07-17T14:13:30.447Z</time>
      </trkpt>
      <trkpt lat="46.476643" lon="13.781321">
        <ele>826.362152</ele>
        <time>2026-07-17T14:13:40.360Z</time>
      </trkpt>
      <trkpt lat="46.476700" lon="13.781222">
        <ele>825.927080</ele>
        <time>2026-07-17T14:13:46.515Z</time>
      </trkpt>
      <trkpt lat="46.476796" lon="13.781195">
        <ele>825.448341</ele>
        <time>2026-07-17T14:13:53.312Z</time>
      </trkpt>
      <trkpt lat="46.476940" lon="13.781256">
        <ele>824.713950</ele>
        <time>2026-07-17T14:14:03.738Z</time>
      </trkpt>
      <trkpt lat="46.477141" lon="13.781408">
        <ele>823.604436</ele>
        <time>2026-07-17T14:14:19.537Z</time>
      </trkpt>
      <trkpt lat="46.477251" lon="13.781457">
        <ele>823.127005</ele>
        <time>2026-07-17T14:14:27.519Z</time>
      </trkpt>
      <trkpt lat="46.477328" lon="13.781449">
        <ele>823.022074</ele>
        <time>2026-07-17T14:14:32.858Z</time>
      </trkpt>
      <trkpt lat="46.477380" lon="13.781388">
        <ele>822.931210</ele>
        <time>2026-07-17T14:14:37.526Z</time>
      </trkpt>
      <trkpt lat="46.477504" lon="13.781343">
        <ele>822.757478</ele>
        <time>2026-07-17T14:14:46.399Z</time>
      </trkpt>
      <trkpt lat="46.477858" lon="13.781320">
        <ele>822.275817</ele>
        <time>2026-07-17T14:15:11.053Z</time>
      </trkpt>
      <trkpt lat="46.478001" lon="13.781223">
        <ele>822.061281</ele>
        <time>2026-07-17T14:15:21.976Z</time>
      </trkpt>
      <trkpt lat="46.478232" lon="13.781252">
        <ele>821.746120</ele>
        <time>2026-07-17T14:15:38.087Z</time>
      </trkpt>
      <trkpt lat="46.478474" lon="13.781136">
        <ele>821.399720</ele>
        <time>2026-07-17T14:15:55.783Z</time>
      </trkpt>
      <trkpt lat="46.478597" lon="13.781253">
        <ele>821.199856</ele>
        <time>2026-07-17T14:16:05.979Z</time>
      </trkpt>
      <trkpt lat="46.479039" lon="13.781941">
        <ele>820.369711</ele>
        <time>2026-07-17T14:16:51.028Z</time>
      </trkpt>
      <trkpt lat="46.479396" lon="13.782290">
        <ele>819.859445</ele>
        <time>2026-07-17T14:17:20.940Z</time>
      </trkpt>
      <trkpt lat="46.479879" lon="13.782487">
        <ele>819.264601</ele>
        <time>2026-07-17T14:17:55.824Z</time>
      </trkpt>
      <trkpt lat="46.480153" lon="13.782652">
        <ele>818.912900</ele>
        <time>2026-07-17T14:18:16.424Z</time>
      </trkpt>
      <trkpt lat="46.480368" lon="13.782881">
        <ele>818.596762</ele>
        <time>2026-07-17T14:18:34.946Z</time>
      </trkpt>
      <trkpt lat="46.480471" lon="13.782921">
        <ele>818.555759</ele>
        <time>2026-07-17T14:18:42.369Z</time>
      </trkpt>
      <trkpt lat="46.480939" lon="13.782979">
        <ele>818.422748</ele>
        <time>2026-07-17T14:19:15.064Z</time>
      </trkpt>
      <trkpt lat="46.481056" lon="13.783023">
        <ele>818.388523</ele>
        <time>2026-07-17T14:19:23.451Z</time>
      </trkpt>
      <trkpt lat="46.481436" lon="13.783003">
        <ele>818.280843</ele>
        <time>2026-07-17T14:19:49.876Z</time>
      </trkpt>
      <trkpt lat="46.481495" lon="13.783041">
        <ele>818.262566</ele>
        <time>2026-07-17T14:19:54.359Z</time>
      </trkpt>
      <trkpt lat="46.481569" lon="13.783121">
        <ele>818.236442</ele>
        <time>2026-07-17T14:20:00.779Z</time>
      </trkpt>
      <trkpt lat="46.481765" lon="13.783658">
        <ele>818.117929</ele>
        <time>2026-07-17T14:20:29.836Z</time>
      </trkpt>
      <trkpt lat="46.481929" lon="13.783884">
        <ele>817.920593</ele>
        <time>2026-07-17T14:20:45.592Z</time>
      </trkpt>
      <trkpt lat="46.482068" lon="13.783963">
        <ele>817.586510</ele>
        <time>2026-07-17T14:20:55.949Z</time>
      </trkpt>
      <trkpt lat="46.482297" lon="13.784403">
        <ele>816.736488</ele>
        <time>2026-07-17T14:21:22.345Z</time>
      </trkpt>
      <trkpt lat="46.482356" lon="13.784551">
        <ele>816.472929</ele>
        <time>2026-07-17T14:21:30.521Z</time>
      </trkpt>
      <trkpt lat="46.482537" lon="13.785009">
        <ele>815.659086</ele>
        <time>2026-07-17T14:21:55.825Z</time>
      </trkpt>
      <trkpt lat="46.482589" lon="13.785221">
        <ele>815.312251</ele>
        <time>2026-07-17T14:22:06.594Z</time>
      </trkpt>
      <trkpt lat="46.482685" lon="13.785396">
        <ele>814.967424</ele>
        <time>2026-07-17T14:22:17.287Z</time>
      </trkpt>
      <trkpt lat="46.482831" lon="13.785892">
        <ele>814.136097</ele>
        <time>2026-07-17T14:22:43.140Z</time>
      </trkpt>
      <trkpt lat="46.482939" lon="13.786117">
        <ele>813.652583</ele>
        <time>2026-07-17T14:22:56.309Z</time>
      </trkpt>
      <trkpt lat="46.483008" lon="13.786053">
        <ele>813.435985</ele>
        <time>2026-07-17T14:23:02.002Z</time>
      </trkpt>
      <trkpt lat="46.483179" lon="13.785920">
        <ele>812.922799</ele>
        <time>2026-07-17T14:23:15.548Z</time>
      </trkpt>
      <trkpt lat="46.483261" lon="13.785837">
        <ele>812.658371</ele>
        <time>2026-07-17T14:23:22.488Z</time>
      </trkpt>
      <trkpt lat="46.483041" lon="13.785155">
        <ele>811.286425</ele>
        <time>2026-07-17T14:23:27.454Z</time>
      </trkpt>
      <trkpt lat="46.482810" lon="13.784460">
        <ele>809.880588</ele>
        <time>2026-07-17T14:23:35.705Z</time>
      </trkpt>
      <trkpt lat="46.482598" lon="13.783963">
        <ele>809.575493</ele>
        <time>2026-07-17T14:23:44.172Z</time>
      </trkpt>
      <trkpt lat="46.482256" lon="13.783294">
        <ele>810.493553</ele>
        <time>2026-07-17T14:23:55.287Z</time>
      </trkpt>
      <trkpt lat="46.481992" lon="13.782857">
        <ele>811.134099</ele>
        <time>2026-07-17T14:24:03.521Z</time>
      </trkpt>
      <trkpt lat="46.481659" lon="13.782379">
        <ele>811.883313</ele>
        <time>2026-07-17T14:24:14.822Z</time>
      </trkpt>
      <trkpt lat="46.481441" lon="13.782113">
        <ele>812.401679</ele>
        <time>2026-07-17T14:24:21.749Z</time>
      </trkpt>
      <trkpt lat="46.481121" lon="13.781753">
        <ele>813.286060</ele>
        <time>2026-07-17T14:24:31.184Z</time>
      </trkpt>
      <trkpt lat="46.481013" lon="13.781646">
        <ele>813.571700</ele>
        <time>2026-07-17T14:24:34.155Z</time>
      </trkpt>
      <trkpt lat="46.480626" lon="13.781291">
        <ele>814.571777</ele>
        <time>2026-07-17T14:24:44.516Z</time>
      </trkpt>
      <trkpt lat="46.480220" lon="13.781008">
        <ele>815.555701</ele>
        <time>2026-07-17T14:24:54.602Z</time>
      </trkpt>
      <trkpt lat="46.479653" lon="13.780719">
        <ele>817.679926</ele>
        <time>2026-07-17T14:25:09.107Z</time>
      </trkpt>
      <trkpt lat="46.479622" lon="13.780708">
        <ele>817.822953</ele>
        <time>2026-07-17T14:25:09.985Z</time>
      </trkpt>
      <trkpt lat="46.478553" lon="13.780347">
        <ele>822.741972</ele>
        <time>2026-07-17T14:25:46.538Z</time>
      </trkpt>
      <trkpt lat="46.478034" lon="13.780244">
        <ele>825.574450</ele>
        <time>2026-07-17T14:26:07.704Z</time>
      </trkpt>
      <trkpt lat="46.477552" lon="13.780183">
        <ele>828.871443</ele>
        <time>2026-07-17T14:26:28.597Z</time>
      </trkpt>
      <trkpt lat="46.476734" lon="13.780018">
        <ele>834.499147</ele>
        <time>2026-07-17T14:27:08.171Z</time>
      </trkpt>
      <trkpt lat="46.476500" lon="13.780024">
        <ele>836.093966</ele>
        <time>2026-07-17T14:27:19.895Z</time>
      </trkpt>
      <trkpt lat="46.476021" lon="13.780147">
        <ele>836.252760</ele>
        <time>2026-07-17T14:27:34.201Z</time>
      </trkpt>
      <trkpt lat="46.475621" lon="13.780356">
        <ele>836.095811</ele>
        <time>2026-07-17T14:27:39.501Z</time>
      </trkpt>
      <trkpt lat="46.475462" lon="13.780544">
        <ele>836.020109</ele>
        <time>2026-07-17T14:27:41.745Z</time>
      </trkpt>
      <trkpt lat="46.475323" lon="13.780909">
        <ele>835.914062</ele>
        <time>2026-07-17T14:27:44.643Z</time>
      </trkpt>
      <trkpt lat="46.475301" lon="13.781109">
        <ele>835.862566</ele>
        <time>2026-07-17T14:27:46.008Z</time>
      </trkpt>
      <trkpt lat="46.475312" lon="13.781340">
        <ele>835.803693</ele>
        <time>2026-07-17T14:27:47.563Z</time>
      </trkpt>
      <trkpt lat="46.475325" lon="13.781456">
        <ele>835.773811</ele>
        <time>2026-07-17T14:27:48.352Z</time>
      </trkpt>
      <trkpt lat="46.475404" lon="13.781920">
        <ele>835.407047</ele>
        <time>2026-07-17T14:27:51.512Z</time>
      </trkpt>
      <trkpt lat="46.475441" lon="13.782123">
        <ele>835.220885</ele>
        <time>2026-07-17T14:27:52.915Z</time>
      </trkpt>
      <trkpt lat="46.475470" lon="13.782258">
        <ele>835.095516</ele>
        <time>2026-07-17T14:27:53.871Z</time>
      </trkpt>
      <trkpt lat="46.475548" lon="13.782602">
        <ele>834.774445</ele>
        <time>2026-07-17T14:27:56.713Z</time>
      </trkpt>
      <trkpt lat="46.475725" lon="13.783059">
        <ele>834.309624</ele>
        <time>2026-07-17T14:28:02.452Z</time>
      </trkpt>
      <trkpt lat="46.475772" lon="13.783226">
        <ele>834.149688</ele>
        <time>2026-07-17T14:28:04.641Z</time>
      </trkpt>
      <trkpt lat="46.475785" lon="13.783325">
        <ele>834.060341</ele>
        <time>2026-07-17T14:28:05.765Z</time>
      </trkpt>
      <trkpt lat="46.475768" lon="13.783549">
        <ele>833.860557</ele>
        <time>2026-07-17T14:28:08.454Z</time>
      </trkpt>
      <trkpt lat="46.475666" lon="13.783864">
        <ele>833.551972</ele>
        <time>2026-07-17T14:28:12.612Z</time>
      </trkpt>
      <trkpt lat="46.475585" lon="13.783992">
        <ele>833.459554</ele>
        <time>2026-07-17T14:28:14.616Z</time>
      </trkpt>
      <trkpt lat="46.475472" lon="13.784122">
        <ele>833.578330</ele>
        <time>2026-07-17T14:28:16.833Z</time>
      </trkpt>
      <trkpt lat="46.475399" lon="13.784205">
        <ele>833.654717</ele>
        <time>2026-07-17T14:28:18.074Z</time>
      </trkpt>
      <trkpt lat="46.475103" lon="13.784495">
        <ele>833.948903</ele>
        <time>2026-07-17T14:28:22.535Z</time>
      </trkpt>
      <trkpt lat="46.474831" lon="13.784801">
        <ele>834.232387</ele>
        <time>2026-07-17T14:28:26.624Z</time>
      </trkpt>
      <trkpt lat="46.474711" lon="13.784878">
        <ele>834.340475</ele>
        <time>2026-07-17T14:28:28.762Z</time>
      </trkpt>
      <trkpt lat="46.474474" lon="13.784915">
        <ele>834.536861</ele>
        <time>2026-07-17T14:28:34.639Z</time>
      </trkpt>
      <trkpt lat="46.474207" lon="13.784970">
        <ele>834.759040</ele>
        <time>2026-07-17T14:28:42.294Z</time>
      </trkpt>
      <trkpt lat="46.474029" lon="13.785060">
        <ele>834.914327</ele>
        <time>2026-07-17T14:28:46.919Z</time>
      </trkpt>
      <trkpt lat="46.473849" lon="13.785180">
        <ele>835.354455</ele>
        <time>2026-07-17T14:28:51.832Z</time>
      </trkpt>
      <trkpt lat="46.473688" lon="13.785230">
        <ele>835.724655</ele>
        <time>2026-07-17T14:28:55.941Z</time>
      </trkpt>
      <trkpt lat="46.473485" lon="13.785162">
        <ele>836.193094</ele>
        <time>2026-07-17T14:29:01.317Z</time>
      </trkpt>
      <trkpt lat="46.473174" lon="13.784918">
        <ele>836.987936</ele>
        <time>2026-07-17T14:29:10.457Z</time>
      </trkpt>
      <trkpt lat="46.473003" lon="13.784831">
        <ele>837.395353</ele>
        <time>2026-07-17T14:29:15.474Z</time>
      </trkpt>
      <trkpt lat="46.472873" lon="13.784807">
        <ele>837.690014</ele>
        <time>2026-07-17T14:29:19.059Z</time>
      </trkpt>
      <trkpt lat="46.472641" lon="13.784812">
        <ele>838.211729</ele>
        <time>2026-07-17T14:29:24.727Z</time>
      </trkpt>
      <trkpt lat="46.472319" lon="13.784938">
        <ele>838.961585</ele>
        <time>2026-07-17T14:29:30.239Z</time>
      </trkpt>
      <trkpt lat="46.471904" lon="13.785005">
        <ele>839.855902</ele>
        <time>2026-07-17T14:29:37.510Z</time>
      </trkpt>
      <trkpt lat="46.471250" lon="13.785017">
        <ele>841.256734</ele>
        <time>2026-07-17T14:29:50.504Z</time>
      </trkpt>
      <trkpt lat="46.470847" lon="13.784945">
        <ele>842.126379</ele>
        <time>2026-07-17T14:29:59.913Z</time>
      </trkpt>
      <trkpt lat="46.470571" lon="13.784871">
        <ele>842.727503</ele>
        <time>2026-07-17T14:30:08.482Z</time>
      </trkpt>
      <trkpt lat="46.470266" lon="13.784797">
        <ele>844.169168</ele>
        <time>2026-07-17T14:30:19.324Z</time>
      </trkpt>
      <trkpt lat="46.470186" lon="13.784778">
        <ele>844.577758</ele>
        <time>2026-07-17T14:30:22.273Z</time>
      </trkpt>
      <trkpt lat="46.469859" lon="13.784689">
        <ele>846.254674</ele>
        <time>2026-07-17T14:30:35.093Z</time>
      </trkpt>
      <trkpt lat="46.469664" lon="13.784595">
        <ele>847.290304</ele>
        <time>2026-07-17T14:30:43.191Z</time>
      </trkpt>
      <trkpt lat="46.469496" lon="13.784458">
        <ele>848.261509</ele>
        <time>2026-07-17T14:30:50.598Z</time>
      </trkpt>
      <trkpt lat="46.469242" lon="13.784100">
        <ele>850.045783</ele>
        <time>2026-07-17T14:31:04.046Z</time>
      </trkpt>
      <trkpt lat="46.469088" lon="13.783834">
        <ele>851.252116</ele>
        <time>2026-07-17T14:31:13.057Z</time>
      </trkpt>
      <trkpt lat="46.468938" lon="13.783481">
        <ele>852.185886</ele>
        <time>2026-07-17T14:31:22.392Z</time>
      </trkpt>
      <trkpt lat="46.468781" lon="13.782971">
        <ele>852.916707</ele>
        <time>2026-07-17T14:31:31.702Z</time>
      </trkpt>
      <trkpt lat="46.468579" lon="13.782686">
        <ele>853.451720</ele>
        <time>2026-07-17T14:31:37.064Z</time>
      </trkpt>
      <trkpt lat="46.468434" lon="13.782571">
        <ele>853.765555</ele>
        <time>2026-07-17T14:31:39.773Z</time>
      </trkpt>
      <trkpt lat="46.468245" lon="13.782547">
        <ele>854.125924</ele>
        <time>2026-07-17T14:31:42.522Z</time>
      </trkpt>
      <trkpt lat="46.468080" lon="13.782569">
        <ele>854.440654</ele>
        <time>2026-07-17T14:31:44.753Z</time>
      </trkpt>
      <trkpt lat="46.467855" lon="13.782677">
        <ele>854.890784</ele>
        <time>2026-07-17T14:31:48.233Z</time>
      </trkpt>
      <trkpt lat="46.467508" lon="13.782930">
        <ele>856.323073</ele>
        <time>2026-07-17T14:31:55.913Z</time>
      </trkpt>
      <trkpt lat="46.467306" lon="13.782961">
        <ele>857.516055</ele>
        <time>2026-07-17T14:32:02.435Z</time>
      </trkpt>
      <trkpt lat="46.467112" lon="13.782910">
        <ele>858.673971</ele>
        <time>2026-07-17T14:32:09.656Z</time>
      </trkpt>
      <trkpt lat="46.467047" lon="13.782857">
        <ele>859.111809</ele>
        <time>2026-07-17T14:32:12.274Z</time>
      </trkpt>
      <trkpt lat="46.466933" lon="13.782707">
        <ele>860.015397</ele>
        <time>2026-07-17T14:32:18.208Z</time>
      </trkpt>
      <trkpt lat="46.466772" lon="13.782334">
        <ele>861.796082</ele>
        <time>2026-07-17T14:32:30.286Z</time>
      </trkpt>
      <trkpt lat="46.466651" lon="13.782069">
        <ele>863.082240</ele>
        <time>2026-07-17T14:32:39.503Z</time>
      </trkpt>
      <trkpt lat="46.466498" lon="13.781856">
        <ele>864.327188</ele>
        <time>2026-07-17T14:32:48.749Z</time>
      </trkpt>
      <trkpt lat="46.466082" lon="13.781782">
        <ele>867.243833</ele>
        <time>2026-07-17T14:33:11.060Z</time>
      </trkpt>
      <trkpt lat="46.465596" lon="13.781586">
        <ele>871.658027</ele>
        <time>2026-07-17T14:33:39.927Z</time>
      </trkpt>
      <trkpt lat="46.465557" lon="13.781571">
        <ele>872.011103</ele>
        <time>2026-07-17T14:33:42.017Z</time>
      </trkpt>
      <trkpt lat="46.465453" lon="13.781543">
        <ele>872.936759</ele>
        <time>2026-07-17T14:33:47.353Z</time>
      </trkpt>
      <trkpt lat="46.465070" lon="13.781519">
        <ele>876.291642</ele>
        <time>2026-07-17T14:34:05.910Z</time>
      </trkpt>
      <trkpt lat="46.464789" lon="13.781578">
        <ele>878.776352</ele>
        <time>2026-07-17T14:34:19.448Z</time>
      </trkpt>
      <trkpt lat="46.464679" lon="13.781642">
        <ele>879.813426</ele>
        <time>2026-07-17T14:34:25.097Z</time>
      </trkpt>
      <trkpt lat="46.464298" lon="13.782008">
        <ele>883.548109</ele>
        <time>2026-07-17T14:34:47.039Z</time>
      </trkpt>
      <trkpt lat="46.463799" lon="13.782107">
        <ele>887.430538</ele>
        <time>2026-07-17T14:35:08.409Z</time>
      </trkpt>
      <trkpt lat="46.463597" lon="13.782204">
        <ele>889.070682</ele>
        <time>2026-07-17T14:35:17.410Z</time>
      </trkpt>
      <trkpt lat="46.463510" lon="13.782207">
        <ele>889.741534</ele>
        <time>2026-07-17T14:35:21.219Z</time>
      </trkpt>
      <trkpt lat="46.462855" lon="13.782016">
        <ele>894.891628</ele>
        <time>2026-07-17T14:35:52.204Z</time>
      </trkpt>
      <trkpt lat="46.462004" lon="13.781819">
        <ele>903.202180</ele>
        <time>2026-07-17T14:36:35.226Z</time>
      </trkpt>
      <trkpt lat="46.461489" lon="13.781815">
        <ele>908.263085</ele>
        <time>2026-07-17T14:37:05.313Z</time>
      </trkpt>
      <trkpt lat="46.461307" lon="13.781756">
        <ele>910.095622</ele>
        <time>2026-07-17T14:37:19.874Z</time>
      </trkpt>
      <trkpt lat="46.461245" lon="13.781661">
        <ele>910.981481</ele>
        <time>2026-07-17T14:37:26.923Z</time>
      </trkpt>
      <trkpt lat="46.461223" lon="13.781564">
        <ele>911.672767</ele>
        <time>2026-07-17T14:37:32.360Z</time>
      </trkpt>
      <trkpt lat="46.461238" lon="13.781452">
        <ele>912.445112</ele>
        <time>2026-07-17T14:37:38.610Z</time>
      </trkpt>
      <trkpt lat="46.461273" lon="13.781374">
        <ele>913.075251</ele>
        <time>2026-07-17T14:37:43.672Z</time>
      </trkpt>
      <trkpt lat="46.461365" lon="13.781265">
        <ele>914.397374</ele>
        <time>2026-07-17T14:37:50.400Z</time>
      </trkpt>
      <trkpt lat="46.461949" lon="13.780962">
        <ele>921.350434</ele>
        <time>2026-07-17T14:38:29.584Z</time>
      </trkpt>
      <trkpt lat="46.462055" lon="13.780859">
        <ele>922.780490</ele>
        <time>2026-07-17T14:38:41.324Z</time>
      </trkpt>
      <trkpt lat="46.462090" lon="13.780769">
        <ele>923.578661</ele>
        <time>2026-07-17T14:38:48.138Z</time>
      </trkpt>
      <trkpt lat="46.462095" lon="13.780664">
        <ele>924.391491</ele>
        <time>2026-07-17T14:38:54.892Z</time>
      </trkpt>
      <trkpt lat="46.462075" lon="13.780508">
        <ele>925.616938</ele>
        <time>2026-07-17T14:39:04.904Z</time>
      </trkpt>
      <trkpt lat="46.461953" lon="13.780352">
        <ele>927.439656</ele>
        <time>2026-07-17T14:39:18.622Z</time>
      </trkpt>
      <trkpt lat="46.461332" lon="13.779969">
        <ele>934.502270</ele>
        <time>2026-07-17T14:39:54.594Z</time>
      </trkpt>
      <trkpt lat="46.461250" lon="13.779921">
        <ele>935.200523</ele>
        <time>2026-07-17T14:39:59.122Z</time>
      </trkpt>
      <trkpt lat="46.461121" lon="13.779909">
        <ele>936.221381</ele>
        <time>2026-07-17T14:40:05.310Z</time>
      </trkpt>
      <trkpt lat="46.460791" lon="13.780125">
        <ele>939.080194</ele>
        <time>2026-07-17T14:40:22.383Z</time>
      </trkpt>
      <trkpt lat="46.460281" lon="13.780291">
        <ele>943.207882</ele>
        <time>2026-07-17T14:40:47.049Z</time>
      </trkpt>
      <trkpt lat="46.460131" lon="13.780296">
        <ele>944.392809</ele>
        <time>2026-07-17T14:40:53.840Z</time>
      </trkpt>
      <trkpt lat="46.459277" lon="13.779923">
        <ele>948.642394</ele>
        <time>2026-07-17T14:41:30.077Z</time>
      </trkpt>
      <trkpt lat="46.459046" lon="13.779882">
        <ele>949.172262</ele>
        <time>2026-07-17T14:41:37.883Z</time>
      </trkpt>
      <trkpt lat="46.458576" lon="13.780001">
        <ele>950.258534</ele>
        <time>2026-07-17T14:41:48.452Z</time>
      </trkpt>
      <trkpt lat="46.458496" lon="13.780042">
        <ele>950.451700</ele>
        <time>2026-07-17T14:41:49.617Z</time>
      </trkpt>
      <trkpt lat="46.458297" lon="13.780247">
        <ele>951.007289</ele>
        <time>2026-07-17T14:41:52.460Z</time>
      </trkpt>
      <trkpt lat="46.458169" lon="13.780312">
        <ele>951.316043</ele>
        <time>2026-07-17T14:41:53.881Z</time>
      </trkpt>
      <trkpt lat="46.457840" lon="13.780364">
        <ele>951.664299</ele>
        <time>2026-07-17T14:41:57.135Z</time>
      </trkpt>
      <trkpt lat="46.456791" lon="13.780433">
        <ele>951.964920</ele>
        <time>2026-07-17T14:42:09.704Z</time>
      </trkpt>
      <trkpt lat="46.456604" lon="13.780333">
        <ele>952.021973</ele>
        <time>2026-07-17T14:42:15.136Z</time>
      </trkpt>
      <trkpt lat="46.456455" lon="13.780154">
        <ele>952.077343</ele>
        <time>2026-07-17T14:42:20.880Z</time>
      </trkpt>
      <trkpt lat="46.456376" lon="13.780109">
        <ele>952.101638</ele>
        <time>2026-07-17T14:42:23.502Z</time>
      </trkpt>
      <trkpt lat="46.456023" lon="13.780085">
        <ele>953.758136</ele>
        <time>2026-07-17T14:42:35.337Z</time>
      </trkpt>
      <trkpt lat="46.455812" lon="13.780102">
        <ele>954.967991</ele>
        <time>2026-07-17T14:42:42.993Z</time>
      </trkpt>
      <trkpt lat="46.455411" lon="13.779949">
        <ele>957.341742</ele>
        <time>2026-07-17T14:42:58.611Z</time>
      </trkpt>
      <trkpt lat="46.454894" lon="13.779857">
        <ele>960.323778</ele>
        <time>2026-07-17T14:43:18.041Z</time>
      </trkpt>
      <trkpt lat="46.454107" lon="13.779886">
        <ele>966.059841</ele>
        <time>2026-07-17T14:43:53.459Z</time>
      </trkpt>
      <trkpt lat="46.453981" lon="13.779752">
        <ele>967.409645</ele>
        <time>2026-07-17T14:44:01.519Z</time>
      </trkpt>
      <trkpt lat="46.453861" lon="13.779265">
        <ele>970.488842</ele>
        <time>2026-07-17T14:44:20.230Z</time>
      </trkpt>
      <trkpt lat="46.453784" lon="13.779146">
        <ele>971.460784</ele>
        <time>2026-07-17T14:44:26.159Z</time>
      </trkpt>
      <trkpt lat="46.453619" lon="13.778977">
        <ele>973.205878</ele>
        <time>2026-07-17T14:44:36.944Z</time>
      </trkpt>
      <trkpt lat="46.453297" lon="13.778781">
        <ele>976.223208</ele>
        <time>2026-07-17T14:44:55.700Z</time>
      </trkpt>
      <trkpt lat="46.452994" lon="13.778412">
        <ele>979.310682</ele>
        <time>2026-07-17T14:45:15.952Z</time>
      </trkpt>
      <trkpt lat="46.452872" lon="13.778421">
        <ele>980.158655</ele>
        <time>2026-07-17T14:45:21.794Z</time>
      </trkpt>
      <trkpt lat="46.452807" lon="13.778542">
        <ele>980.892449</ele>
        <time>2026-07-17T14:45:26.476Z</time>
      </trkpt>
      <trkpt lat="46.452764" lon="13.778772">
        <ele>982.032194</ele>
        <time>2026-07-17T14:45:33.426Z</time>
      </trkpt>
      <trkpt lat="46.452657" lon="13.778825">
        <ele>982.817008</ele>
        <time>2026-07-17T14:45:38.004Z</time>
      </trkpt>
      <trkpt lat="46.451912" lon="13.778372">
        <ele>988.423987</ele>
        <time>2026-07-17T14:46:09.438Z</time>
      </trkpt>
      <trkpt lat="46.450759" lon="13.777738">
        <ele>995.931741</ele>
        <time>2026-07-17T14:46:59.515Z</time>
      </trkpt>
      <trkpt lat="46.450639" lon="13.777624">
        <ele>996.767206</ele>
        <time>2026-07-17T14:47:04.922Z</time>
      </trkpt>
      <trkpt lat="46.450468" lon="13.777343">
        <ele>998.271940</ele>
        <time>2026-07-17T14:47:14.341Z</time>
      </trkpt>
      <trkpt lat="46.450367" lon="13.777277">
        <ele>998.917181</ele>
        <time>2026-07-17T14:47:18.193Z</time>
      </trkpt>
      <trkpt lat="46.450040" lon="13.777279">
        <ele>1000.822082</ele>
        <time>2026-07-17T14:47:29.217Z</time>
      </trkpt>
      <trkpt lat="46.449772" lon="13.777162">
        <ele>1002.640551</ele>
        <time>2026-07-17T14:47:38.006Z</time>
      </trkpt>
      <trkpt lat="46.448577" lon="13.776400">
        <ele>1011.180583</ele>
        <time>2026-07-17T14:48:30.777Z</time>
      </trkpt>
      <trkpt lat="46.448253" lon="13.776124">
        <ele>1013.481926</ele>
        <time>2026-07-17T14:48:50.870Z</time>
      </trkpt>
      <trkpt lat="46.448103" lon="13.775804">
        <ele>1014.937623</ele>
        <time>2026-07-17T14:49:04.151Z</time>
      </trkpt>
      <trkpt lat="46.448021" lon="13.775682">
        <ele>1015.578654</ele>
        <time>2026-07-17T14:49:09.649Z</time>
      </trkpt>
      <trkpt lat="46.447956" lon="13.775633">
        <ele>1015.978484</ele>
        <time>2026-07-17T14:49:13.096Z</time>
      </trkpt>
      <trkpt lat="46.447803" lon="13.775597">
        <ele>1016.824585</ele>
        <time>2026-07-17T14:49:20.041Z</time>
      </trkpt>
      <trkpt lat="46.447559" lon="13.775714">
        <ele>1018.227344</ele>
        <time>2026-07-17T14:49:30.898Z</time>
      </trkpt>
      <trkpt lat="46.447461" lon="13.775728">
        <ele>1018.764892</ele>
        <time>2026-07-17T14:49:34.601Z</time>
      </trkpt>
      <trkpt lat="46.446791" lon="13.775596">
        <ele>1022.455830</ele>
        <time>2026-07-17T14:49:51.999Z</time>
      </trkpt>
      <trkpt lat="46.446439" lon="13.775619">
        <ele>1023.205213</ele>
        <time>2026-07-17T14:49:57.897Z</time>
      </trkpt>
      <trkpt lat="46.446095" lon="13.775591">
        <ele>1023.903919</ele>
        <time>2026-07-17T14:50:03.606Z</time>
      </trkpt>
      <trkpt lat="46.445798" lon="13.775398">
        <ele>1024.563837</ele>
        <time>2026-07-17T14:50:12.101Z</time>
      </trkpt>
      <trkpt lat="46.445134" lon="13.775127">
        <ele>1025.962619</ele>
        <time>2026-07-17T14:50:30.976Z</time>
      </trkpt>
      <trkpt lat="46.445014" lon="13.775038">
        <ele>1026.278774</ele>
        <time>2026-07-17T14:50:33.489Z</time>
      </trkpt>
      <trkpt lat="46.444744" lon="13.774763">
        <ele>1027.319458</ele>
        <time>2026-07-17T14:50:38.283Z</time>
      </trkpt>
      <trkpt lat="46.444434" lon="13.774674">
        <ele>1028.316444</ele>
        <time>2026-07-17T14:51:07.165Z</time>
      </trkpt>
      <trkpt lat="46.444286" lon="13.774763">
        <ele>1028.821875</ele>
        <time>2026-07-17T14:51:21.615Z</time>
      </trkpt>
      <trkpt lat="46.444101" lon="13.774724">
        <ele>1029.411666</ele>
        <time>2026-07-17T14:51:38.052Z</time>
      </trkpt>
      <trkpt lat="46.444063" lon="13.774748">
        <ele>1029.542415</ele>
        <time>2026-07-17T14:51:44.056Z</time>
      </trkpt>
      <trkpt lat="46.444052" lon="13.774816">
        <ele>1029.694263</ele>
        <time>2026-07-17T14:51:47.692Z</time>
      </trkpt>
      <trkpt lat="46.444100" lon="13.774910">
        <ele>1029.948611</ele>
        <time>2026-07-17T14:51:53.572Z</time>
      </trkpt>
      <trkpt lat="46.444170" lon="13.774960">
        <ele>1030.194757</ele>
        <time>2026-07-17T14:52:02.295Z</time>
      </trkpt>
      <trkpt lat="46.444293" lon="13.774979">
        <ele>1030.585008</ele>
        <time>2026-07-17T14:52:13.950Z</time>
      </trkpt>
      <trkpt lat="46.444335" lon="13.775036">
        <ele>1030.766428</ele>
        <time>2026-07-17T14:52:17.988Z</time>
      </trkpt>
      <trkpt lat="46.444321" lon="13.775110">
        <ele>1030.933253</ele>
        <time>2026-07-17T14:52:21.714Z</time>
      </trkpt>
      <trkpt lat="46.444321" lon="13.775110">
        <ele>1030.933253</ele>
        <time>2026-07-17T14:52:21.831Z</time>
      </trkpt>
      <trkpt lat="46.444321" lon="13.775110">
        <ele>1030.933253</ele>
        <time>2026-07-17T14:52:21.831Z</time>
      </trkpt>
      <trkpt lat="46.444320" lon="13.775110">
        <ele>1030.936408</ele>
        <time>2026-07-17T14:52:21.850Z</time>
      </trkpt>
      <trkpt lat="46.444330" lon="13.775030">
        <ele>1031.113162</ele>
        <time>2026-07-17T14:52:22.888Z</time>
      </trkpt>
      <trkpt lat="46.444290" lon="13.774970">
        <ele>1031.294654</ele>
        <time>2026-07-17T14:52:23.955Z</time>
      </trkpt>
      <trkpt lat="46.444170" lon="13.774960">
        <ele>1031.673871</ele>
        <time>2026-07-17T14:52:26.184Z</time>
      </trkpt>
      <trkpt lat="46.444090" lon="13.774910">
        <ele>1032.095231</ele>
        <time>2026-07-17T14:52:27.802Z</time>
      </trkpt>
      <trkpt lat="46.444050" lon="13.774810">
        <ele>1032.666153</ele>
        <time>2026-07-17T14:52:29.279Z</time>
      </trkpt>
      <trkpt lat="46.444060" lon="13.774740">
        <ele>1033.019133</ele>
        <time>2026-07-17T14:52:30.192Z</time>
      </trkpt>
      <trkpt lat="46.444100" lon="13.774720">
        <ele>1033.322294</ele>
        <time>2026-07-17T14:52:30.991Z</time>
      </trkpt>
      <trkpt lat="46.444280" lon="13.774760">
        <ele>1034.627146</ele>
        <time>2026-07-17T14:52:34.373Z</time>
      </trkpt>
      <trkpt lat="46.444380" lon="13.774680">
        <ele>1035.445373</ele>
        <time>2026-07-17T14:52:36.498Z</time>
      </trkpt>
      <trkpt lat="46.444430" lon="13.774670">
        <ele>1035.807042</ele>
        <time>2026-07-17T14:52:37.434Z</time>
      </trkpt>
      <trkpt lat="46.444730" lon="13.774760">
        <ele>1038.002189</ele>
        <time>2026-07-17T14:52:43.137Z</time>
      </trkpt>
      <trkpt lat="46.444520" lon="13.774580">
        <ele>1039.749837</ele>
        <time>2026-07-17T14:52:47.665Z</time>
      </trkpt>
      <trkpt lat="46.444563" lon="13.774442">
        <ele>1040.497647</ele>
        <time>2026-07-17T14:52:49.601Z</time>
      </trkpt>
      <trkpt lat="46.444614" lon="13.774310">
        <ele>1041.244867</ele>
        <time>2026-07-17T14:52:51.541Z</time>
      </trkpt>
      <trkpt lat="46.444784" lon="13.774449">
        <ele>1042.643061</ele>
        <time>2026-07-17T14:52:58.923Z</time>
      </trkpt>
      <trkpt lat="46.445025" lon="13.774534">
        <ele>1044.420251</ele>
        <time>2026-07-17T14:53:09.996Z</time>
      </trkpt>
      <trkpt lat="46.444784" lon="13.774449">
        <ele>1046.333893</ele>
        <time>2026-07-17T14:53:21.072Z</time>
      </trkpt>
      <trkpt lat="46.444614" lon="13.774310">
        <ele>1047.861384</ele>
        <time>2026-07-17T14:53:30.941Z</time>
      </trkpt>
      <trkpt lat="46.444293" lon="13.774047">
        <ele>1050.747067</ele>
        <time>2026-07-17T14:53:48.900Z</time>
      </trkpt>
      <trkpt lat="46.444192" lon="13.773932">
        <ele>1051.752028</ele>
        <time>2026-07-17T14:53:55.269Z</time>
      </trkpt>
      <trkpt lat="46.444153" lon="13.773813">
        <ele>1052.462840</ele>
        <time>2026-07-17T14:53:59.595Z</time>
      </trkpt>
      <trkpt lat="46.444142" lon="13.773656">
        <ele>1053.314092</ele>
        <time>2026-07-17T14:54:04.626Z</time>
      </trkpt>
      <trkpt lat="46.444184" lon="13.773427">
        <ele>1054.592365</ele>
        <time>2026-07-17T14:54:11.999Z</time>
      </trkpt>
      <trkpt lat="46.444274" lon="13.773137">
        <ele>1056.308012</ele>
        <time>2026-07-17T14:54:21.793Z</time>
      </trkpt>
      <trkpt lat="46.444281" lon="13.773042">
        <ele>1056.823378</ele>
        <time>2026-07-17T14:54:24.534Z</time>
      </trkpt>
      <trkpt lat="46.444265" lon="13.772934">
        <ele>1057.419260</ele>
        <time>2026-07-17T14:54:27.678Z</time>
      </trkpt>
      <trkpt lat="46.444187" lon="13.772767">
        <ele>1058.507528</ele>
        <time>2026-07-17T14:54:33.072Z</time>
      </trkpt>
      <trkpt lat="46.444133" lon="13.772714">
        <ele>1059.148904</ele>
        <time>2026-07-17T14:54:35.474Z</time>
      </trkpt>
      <trkpt lat="46.444016" lon="13.772671">
        <ele>1060.667773</ele>
        <time>2026-07-17T14:54:40.792Z</time>
      </trkpt>
      <trkpt lat="46.443805" lon="13.772688">
        <ele>1063.327195</ele>
        <time>2026-07-17T14:54:51.019Z</time>
      </trkpt>
      <trkpt lat="46.443507" lon="13.772395">
        <ele>1067.857032</ele>
        <time>2026-07-17T14:55:10.897Z</time>
      </trkpt>
      <trkpt lat="46.443235" lon="13.772329">
        <ele>1071.327537</ele>
        <time>2026-07-17T14:55:28.239Z</time>
      </trkpt>
      <trkpt lat="46.443167" lon="13.772177">
        <ele>1072.899055</ele>
        <time>2026-07-17T14:55:36.875Z</time>
      </trkpt>
      <trkpt lat="46.443160" lon="13.772069">
        <ele>1073.839728</ele>
        <time>2026-07-17T14:55:42.464Z</time>
      </trkpt>
      <trkpt lat="46.443186" lon="13.771811">
        <ele>1076.100815</ele>
        <time>2026-07-17T14:55:56.549Z</time>
      </trkpt>
      <trkpt lat="46.443266" lon="13.771482">
        <ele>1079.126211</ele>
        <time>2026-07-17T14:56:17.864Z</time>
      </trkpt>
      <trkpt lat="46.443299" lon="13.771200">
        <ele>1081.615974</ele>
        <time>2026-07-17T14:56:36.993Z</time>
      </trkpt>
      <trkpt lat="46.443295" lon="13.770013">
        <ele>1092.477247</ele>
        <time>2026-07-17T14:57:43.632Z</time>
      </trkpt>
      <trkpt lat="46.443273" lon="13.769875">
        <ele>1093.773311</ele>
        <time>2026-07-17T14:57:52.967Z</time>
      </trkpt>
      <trkpt lat="46.443199" lon="13.769767">
        <ele>1095.166914</ele>
        <time>2026-07-17T14:58:02.831Z</time>
      </trkpt>
      <trkpt lat="46.443095" lon="13.769746">
        <ele>1096.561217</ele>
        <time>2026-07-17T14:58:12.552Z</time>
      </trkpt>
      <trkpt lat="46.443025" lon="13.769784">
        <ele>1097.553640</ele>
        <time>2026-07-17T14:58:19.491Z</time>
      </trkpt>
      <trkpt lat="46.442730" lon="13.770080">
        <ele>1102.316053</ele>
        <time>2026-07-17T14:58:43.222Z</time>
      </trkpt>
      <trkpt lat="46.442689" lon="13.770115">
        <ele>1102.947695</ele>
        <time>2026-07-17T14:58:46.981Z</time>
      </trkpt>
      <trkpt lat="46.442624" lon="13.770092">
        <ele>1103.836106</ele>
        <time>2026-07-17T14:58:51.925Z</time>
      </trkpt>
      <trkpt lat="46.442601" lon="13.770014">
        <ele>1104.612422</ele>
        <time>2026-07-17T14:58:55.671Z</time>
      </trkpt>
      <trkpt lat="46.442612" lon="13.769960">
        <ele>1105.127671</ele>
        <time>2026-07-17T14:58:58.238Z</time>
      </trkpt>
      <trkpt lat="46.442867" lon="13.769713">
        <ele>1107.145818</ele>
        <time>2026-07-17T14:59:06.050Z</time>
      </trkpt>
      <trkpt lat="46.443099" lon="13.769388">
        <ele>1109.160728</ele>
        <time>2026-07-17T14:59:12.140Z</time>
      </trkpt>
      <trkpt lat="46.443187" lon="13.769203">
        <ele>1110.128659</ele>
        <time>2026-07-17T14:59:20.733Z</time>
      </trkpt>
      <trkpt lat="46.443191" lon="13.769143">
        <ele>1110.388212</ele>
        <time>2026-07-17T14:59:23.240Z</time>
      </trkpt>
      <trkpt lat="46.443173" lon="13.769099">
        <ele>1110.608538</ele>
        <time>2026-07-17T14:59:25.412Z</time>
      </trkpt>
      <trkpt lat="46.443108" lon="13.769082">
        <ele>1111.021243</ele>
        <time>2026-07-17T14:59:30.152Z</time>
      </trkpt>
      <trkpt lat="46.442850" lon="13.769471">
        <ele>1113.346001</ele>
        <time>2026-07-17T14:59:58.568Z</time>
      </trkpt>
      <trkpt lat="46.442824" lon="13.769510">
        <ele>1113.579655</ele>
        <time>2026-07-17T15:00:01.162Z</time>
      </trkpt>
      <trkpt lat="46.442737" lon="13.769512">
        <ele>1114.123355</ele>
        <time>2026-07-17T15:00:07.100Z</time>
      </trkpt>
      <trkpt lat="46.442680" lon="13.769439">
        <ele>1114.598391</ele>
        <time>2026-07-17T15:00:11.952Z</time>
      </trkpt>
      <trkpt lat="46.442435" lon="13.768911">
        <ele>1117.719078</ele>
        <time>2026-07-17T15:00:25.312Z</time>
      </trkpt>
      <trkpt lat="46.442371" lon="13.768819">
        <ele>1118.556399</ele>
        <time>2026-07-17T15:00:27.666Z</time>
      </trkpt>
      <trkpt lat="46.442179" lon="13.768646">
        <ele>1120.657049</ele>
        <time>2026-07-17T15:00:41.642Z</time>
      </trkpt>
      <trkpt lat="46.442161" lon="13.768586">
        <ele>1121.076191</ele>
        <time>2026-07-17T15:00:44.939Z</time>
      </trkpt>
      <trkpt lat="46.442197" lon="13.768488">
        <ele>1121.787505</ele>
        <time>2026-07-17T15:00:51.063Z</time>
      </trkpt>
      <trkpt lat="46.442236" lon="13.768472">
        <ele>1122.164216</ele>
        <time>2026-07-17T15:00:54.430Z</time>
      </trkpt>
      <trkpt lat="46.442416" lon="13.768600">
        <ele>1124.027379</ele>
        <time>2026-07-17T15:01:13.116Z</time>
      </trkpt>
      <trkpt lat="46.442536" lon="13.768721">
        <ele>1125.385591</ele>
        <time>2026-07-17T15:01:23.828Z</time>
      </trkpt>
      <trkpt lat="46.442614" lon="13.768766">
        <ele>1126.165788</ele>
        <time>2026-07-17T15:01:30.042Z</time>
      </trkpt>
      <trkpt lat="46.442767" lon="13.768776">
        <ele>1127.589358</ele>
        <time>2026-07-17T15:01:40.588Z</time>
      </trkpt>
      <trkpt lat="46.442848" lon="13.768748">
        <ele>1128.363315</ele>
        <time>2026-07-17T15:01:45.884Z</time>
      </trkpt>
      <trkpt lat="46.442941" lon="13.768662">
        <ele>1129.388327</ele>
        <time>2026-07-17T15:01:52.772Z</time>
      </trkpt>
      <trkpt lat="46.443039" lon="13.768528">
        <ele>1130.639870</ele>
        <time>2026-07-17T15:02:00.487Z</time>
      </trkpt>
      <trkpt lat="46.443199" lon="13.768173">
        <ele>1133.322063</ele>
        <time>2026-07-17T15:02:14.289Z</time>
      </trkpt>
      <trkpt lat="46.443296" lon="13.768027">
        <ele>1134.044774</ele>
        <time>2026-07-17T15:02:19.733Z</time>
      </trkpt>
      <trkpt lat="46.443371" lon="13.767989">
        <ele>1134.455591</ele>
        <time>2026-07-17T15:02:22.454Z</time>
      </trkpt>
      <trkpt lat="46.443505" lon="13.768033">
        <ele>1135.166079</ele>
        <time>2026-07-17T15:02:27.093Z</time>
      </trkpt>
      <trkpt lat="46.443592" lon="13.768175">
        <ele>1135.843185</ele>
        <time>2026-07-17T15:02:31.120Z</time>
      </trkpt>
      <trkpt lat="46.443816" lon="13.768702">
        <ele>1138.049669</ele>
        <time>2026-07-17T15:02:43.017Z</time>
      </trkpt>
      <trkpt lat="46.443880" lon="13.768998">
        <ele>1139.155159</ele>
        <time>2026-07-17T15:02:47.979Z</time>
      </trkpt>
      <trkpt lat="46.443919" lon="13.769350">
        <ele>1140.425605</ele>
        <time>2026-07-17T15:02:54.627Z</time>
      </trkpt>
      <trkpt lat="46.443937" lon="13.769493">
        <ele>1140.943610</ele>
        <time>2026-07-17T15:02:59.595Z</time>
      </trkpt>
      <trkpt lat="46.444001" lon="13.769644">
        <ele>1141.575332</ele>
        <time>2026-07-17T15:03:06.140Z</time>
      </trkpt>
      <trkpt lat="46.444149" lon="13.769756">
        <ele>1142.438512</ele>
        <time>2026-07-17T15:03:15.752Z</time>
      </trkpt>
      <trkpt lat="46.444275" lon="13.769755">
        <ele>1143.885471</ele>
        <time>2026-07-17T15:03:23.775Z</time>
      </trkpt>
      <trkpt lat="46.444417" lon="13.769621">
        <ele>1146.127296</ele>
        <time>2026-07-17T15:03:35.405Z</time>
      </trkpt>
      <trkpt lat="46.444460" lon="13.769530">
        <ele>1147.133612</ele>
        <time>2026-07-17T15:03:41.227Z</time>
      </trkpt>
      <trkpt lat="46.444484" lon="13.769285">
        <ele>1149.390479</ele>
        <time>2026-07-17T15:03:55.130Z</time>
      </trkpt>
      <trkpt lat="46.444464" lon="13.769173">
        <ele>1150.445662</ele>
        <time>2026-07-17T15:04:02.014Z</time>
      </trkpt>
      <trkpt lat="46.443581" lon="13.766823">
        <ele>1175.757618</ele>
        <time>2026-07-17T15:06:30.567Z</time>
      </trkpt>
      <trkpt lat="46.443539" lon="13.766522">
        <ele>1178.856215</ele>
        <time>2026-07-17T15:06:45.719Z</time>
      </trkpt>
      <trkpt lat="46.443576" lon="13.765877">
        <ele>1185.386492</ele>
        <time>2026-07-17T15:07:17.572Z</time>
      </trkpt>
      <trkpt lat="46.443564" lon="13.765721">
        <ele>1186.970239</ele>
        <time>2026-07-17T15:07:25.257Z</time>
      </trkpt>
      <trkpt lat="46.443484" lon="13.765389">
        <ele>1190.518882</ele>
        <time>2026-07-17T15:07:42.363Z</time>
      </trkpt>
      <trkpt lat="46.443303" lon="13.764949">
        <ele>1194.916132</ele>
        <time>2026-07-17T15:08:06.719Z</time>
      </trkpt>
      <trkpt lat="46.443065" lon="13.764449">
        <ele>1199.449933</ele>
        <time>2026-07-17T15:08:34.613Z</time>
      </trkpt>
      <trkpt lat="46.442889" lon="13.764202">
        <ele>1202.100785</ele>
        <time>2026-07-17T15:08:49.965Z</time>
      </trkpt>
      <trkpt lat="46.442800" lon="13.764123">
        <ele>1203.230353</ele>
        <time>2026-07-17T15:08:56.437Z</time>
      </trkpt>
      <trkpt lat="46.442263" lon="13.763821">
        <ele>1209.465791</ele>
        <time>2026-07-17T15:09:29.867Z</time>
      </trkpt>
      <trkpt lat="46.440778" lon="13.762579">
        <ele>1219.333138</ele>
        <time>2026-07-17T15:10:35.379Z</time>
      </trkpt>
      <trkpt lat="46.440590" lon="13.762506">
        <ele>1220.283301</ele>
        <time>2026-07-17T15:10:39.135Z</time>
      </trkpt>
      <trkpt lat="46.440376" lon="13.762467">
        <ele>1221.327939</ele>
        <time>2026-07-17T15:10:42.364Z</time>
      </trkpt>
      <trkpt lat="46.440228" lon="13.762438">
        <ele>1222.040033</ele>
        <time>2026-07-17T15:10:44.357Z</time>
      </trkpt>
      <trkpt lat="46.440094" lon="13.762429">
        <ele>1222.679653</ele>
        <time>2026-07-17T15:10:46.270Z</time>
      </trkpt>
      <trkpt lat="46.439915" lon="13.762500">
        <ele>1223.564466</ele>
        <time>2026-07-17T15:10:49.355Z</time>
      </trkpt>
      <trkpt lat="46.439581" lon="13.762784">
        <ele>1225.410300</ele>
        <time>2026-07-17T15:10:58.029Z</time>
      </trkpt>
      <trkpt lat="46.439438" lon="13.762872">
        <ele>1226.150927</ele>
        <time>2026-07-17T15:11:03.051Z</time>
      </trkpt>
      <trkpt lat="46.439277" lon="13.762878">
        <ele>1226.918857</ele>
        <time>2026-07-17T15:11:09.493Z</time>
      </trkpt>
      <trkpt lat="46.439166" lon="13.762822">
        <ele>1227.479199</ele>
        <time>2026-07-17T15:11:14.746Z</time>
      </trkpt>
      <trkpt lat="46.438977" lon="13.762622">
        <ele>1228.594553</ele>
        <time>2026-07-17T15:11:25.505Z</time>
      </trkpt>
      <trkpt lat="46.438758" lon="13.762273">
        <ele>1230.989864</ele>
        <time>2026-07-17T15:11:41.770Z</time>
      </trkpt>
      <trkpt lat="46.438703" lon="13.762086">
        <ele>1232.611615</ele>
        <time>2026-07-17T15:11:50.335Z</time>
      </trkpt>
      <trkpt lat="46.438662" lon="13.761824">
        <ele>1234.754631</ele>
        <time>2026-07-17T15:12:04.076Z</time>
      </trkpt>
      <trkpt lat="46.438637" lon="13.761657">
        <ele>1236.117755</ele>
        <time>2026-07-17T15:12:16.740Z</time>
      </trkpt>
      <trkpt lat="46.438592" lon="13.761555">
        <ele>1237.083789</ele>
        <time>2026-07-17T15:12:25.804Z</time>
      </trkpt>
      <trkpt lat="46.438538" lon="13.761505">
        <ele>1237.825217</ele>
        <time>2026-07-17T15:12:32.804Z</time>
      </trkpt>
      <trkpt lat="46.438390" lon="13.761520">
        <ele>1239.542425</ele>
        <time>2026-07-17T15:12:48.269Z</time>
      </trkpt>
      <trkpt lat="46.438199" lon="13.761651">
        <ele>1241.987670</ele>
        <time>2026-07-17T15:13:09.036Z</time>
      </trkpt>
      <trkpt lat="46.438144" lon="13.761658">
        <ele>1242.626715</ele>
        <time>2026-07-17T15:13:14.409Z</time>
      </trkpt>
      <trkpt lat="46.438068" lon="13.761592">
        <ele>1243.651878</ele>
        <time>2026-07-17T15:13:22.416Z</time>
      </trkpt>
      <trkpt lat="46.438050" lon="13.761447">
        <ele>1244.827081</ele>
        <time>2026-07-17T15:13:31.613Z</time>
      </trkpt>
      <trkpt lat="46.438132" lon="13.761025">
        <ele>1248.324401</ele>
        <time>2026-07-17T15:13:47.578Z</time>
      </trkpt>
      <trkpt lat="46.438196" lon="13.760825">
        <ele>1250.083292</ele>
        <time>2026-07-17T15:13:53.436Z</time>
      </trkpt>
      <trkpt lat="46.438271" lon="13.760703">
        <ele>1251.056608</ele>
        <time>2026-07-17T15:13:56.776Z</time>
      </trkpt>
      <trkpt lat="46.438319" lon="13.760703">
        <ele>1251.431119</ele>
        <time>2026-07-17T15:13:58.431Z</time>
      </trkpt>
      <trkpt lat="46.438372" lon="13.760748">
        <ele>1251.910226</ele>
        <time>2026-07-17T15:13:59.976Z</time>
      </trkpt>
      <trkpt lat="46.438545" lon="13.760990">
        <ele>1253.785074</ele>
        <time>2026-07-17T15:14:08.946Z</time>
      </trkpt>
      <trkpt lat="46.438960" lon="13.761096">
        <ele>1257.072805</ele>
        <time>2026-07-17T15:14:25.846Z</time>
      </trkpt>
      <trkpt lat="46.439162" lon="13.761212">
        <ele>1258.767794</ele>
        <time>2026-07-17T15:14:33.203Z</time>
      </trkpt>
      <trkpt lat="46.439223" lon="13.761280">
        <ele>1259.367958</ele>
        <time>2026-07-17T15:14:35.932Z</time>
      </trkpt>
      <trkpt lat="46.439334" lon="13.761372">
        <ele>1260.365324</ele>
        <time>2026-07-17T15:14:44.287Z</time>
      </trkpt>
      <trkpt lat="46.439420" lon="13.761345">
        <ele>1261.051847</ele>
        <time>2026-07-17T15:14:50.810Z</time>
      </trkpt>
      <trkpt lat="46.439441" lon="13.761307">
        <ele>1261.313746</ele>
        <time>2026-07-17T15:14:53.117Z</time>
      </trkpt>
      <trkpt lat="46.439444" lon="13.761206">
        <ele>1261.857299</ele>
        <time>2026-07-17T15:14:58.306Z</time>
      </trkpt>
      <trkpt lat="46.439370" lon="13.761109">
        <ele>1262.635350</ele>
        <time>2026-07-17T15:15:05.892Z</time>
      </trkpt>
      <trkpt lat="46.438894" lon="13.760670">
        <ele>1268.152268</ele>
        <time>2026-07-17T15:15:42.089Z</time>
      </trkpt>
      <trkpt lat="46.438847" lon="13.760581">
        <ele>1269.011092</ele>
        <time>2026-07-17T15:15:48.976Z</time>
      </trkpt>
      <trkpt lat="46.438842" lon="13.760491">
        <ele>1269.702671</ele>
        <time>2026-07-17T15:15:54.931Z</time>
      </trkpt>
      <trkpt lat="46.438867" lon="13.760451">
        <ele>1270.116283</ele>
        <time>2026-07-17T15:15:58.437Z</time>
      </trkpt>
      <trkpt lat="46.438993" lon="13.760403">
        <ele>1271.564173</ele>
        <time>2026-07-17T15:16:11.056Z</time>
      </trkpt>
      <trkpt lat="46.439388" lon="13.760223">
        <ele>1276.165816</ele>
        <time>2026-07-17T15:16:39.055Z</time>
      </trkpt>
      <trkpt lat="46.440357" lon="13.760171">
        <ele>1285.869538</ele>
        <time>2026-07-17T15:17:32.445Z</time>
      </trkpt>
      <trkpt lat="46.440432" lon="13.760144">
        <ele>1286.366207</ele>
        <time>2026-07-17T15:17:37.003Z</time>
      </trkpt>
      <trkpt lat="46.440474" lon="13.760060">
        <ele>1286.825877</ele>
        <time>2026-07-17T15:17:41.122Z</time>
      </trkpt>
      <trkpt lat="46.440442" lon="13.759976">
        <ele>1287.250996</ele>
        <time>2026-07-17T15:17:44.678Z</time>
      </trkpt>
      <trkpt lat="46.440367" lon="13.759967">
        <ele>1287.734698</ele>
        <time>2026-07-17T15:17:48.784Z</time>
      </trkpt>
      <trkpt lat="46.440152" lon="13.760033">
        <ele>1289.147176</ele>
        <time>2026-07-17T15:17:55.349Z</time>
      </trkpt>
      <trkpt lat="46.440049" lon="13.760023">
        <ele>1289.810681</ele>
        <time>2026-07-17T15:17:58.706Z</time>
      </trkpt>
      <trkpt lat="46.439959" lon="13.760014">
        <ele>1290.390521</ele>
        <time>2026-07-17T15:18:01.997Z</time>
      </trkpt>
      <trkpt lat="46.439493" lon="13.759967">
        <ele>1293.392928</ele>
        <time>2026-07-17T15:18:22.737Z</time>
      </trkpt>
      <trkpt lat="46.439193" lon="13.759998">
        <ele>1295.326038</ele>
        <time>2026-07-17T15:18:34.308Z</time>
      </trkpt>
      <trkpt lat="46.439001" lon="13.759994">
        <ele>1296.695192</ele>
        <time>2026-07-17T15:18:44.686Z</time>
      </trkpt>
      <trkpt lat="46.438966" lon="13.759956">
        <ele>1297.039098</ele>
        <time>2026-07-17T15:18:47.230Z</time>
      </trkpt>
      <trkpt lat="46.438953" lon="13.759840">
        <ele>1297.676282</ele>
        <time>2026-07-17T15:18:51.690Z</time>
      </trkpt>
      <trkpt lat="46.438983" lon="13.759791">
        <ele>1298.031650</ele>
        <time>2026-07-17T15:18:53.967Z</time>
      </trkpt>
      <trkpt lat="46.439042" lon="13.759761">
        <ele>1298.523506</ele>
        <time>2026-07-17T15:18:57.560Z</time>
      </trkpt>
      <trkpt lat="46.439247" lon="13.759759">
        <ele>1300.136389</ele>
        <time>2026-07-17T15:19:08.511Z</time>
      </trkpt>
      <trkpt lat="46.440277" lon="13.759690">
        <ele>1308.248585</ele>
        <time>2026-07-17T15:19:59.548Z</time>
      </trkpt>
      <trkpt lat="46.440343" lon="13.759673">
        <ele>1308.775959</ele>
        <time>2026-07-17T15:20:04.605Z</time>
      </trkpt>
      <trkpt lat="46.440398" lon="13.759615">
        <ele>1309.310864</ele>
        <time>2026-07-17T15:20:09.919Z</time>
      </trkpt>
      <trkpt lat="46.440413" lon="13.759528">
        <ele>1309.797081</ele>
        <time>2026-07-17T15:20:14.754Z</time>
      </trkpt>
      <trkpt lat="46.440397" lon="13.759479">
        <ele>1310.091054</ele>
        <time>2026-07-17T15:20:17.635Z</time>
      </trkpt>
      <trkpt lat="46.440337" lon="13.759435">
        <ele>1310.924477</ele>
        <time>2026-07-17T15:20:23.275Z</time>
      </trkpt>
      <trkpt lat="46.440182" lon="13.759480">
        <ele>1312.908970</ele>
        <time>2026-07-17T15:20:35.689Z</time>
      </trkpt>
      <trkpt lat="46.440045" lon="13.759485">
        <ele>1314.629467</ele>
        <time>2026-07-17T15:20:43.179Z</time>
      </trkpt>
      <trkpt lat="46.439947" lon="13.759429">
        <ele>1315.951751</ele>
        <time>2026-07-17T15:20:48.748Z</time>
      </trkpt>
      <trkpt lat="46.439583" lon="13.759133">
        <ele>1321.190160</ele>
        <time>2026-07-17T15:21:17.062Z</time>
      </trkpt>
      <trkpt lat="46.439341" lon="13.758982">
        <ele>1324.497283</ele>
        <time>2026-07-17T15:21:37.656Z</time>
      </trkpt>
      <trkpt lat="46.438927" lon="13.759030">
        <ele>1329.711369</ele>
        <time>2026-07-17T15:22:07.276Z</time>
      </trkpt>
      <trkpt lat="46.438856" lon="13.758992">
        <ele>1330.661427</ele>
        <time>2026-07-17T15:22:14.052Z</time>
      </trkpt>
      <trkpt lat="46.438843" lon="13.758890">
        <ele>1331.558854</ele>
        <time>2026-07-17T15:22:20.618Z</time>
      </trkpt>
      <trkpt lat="46.438963" lon="13.758736">
        <ele>1333.600487</ele>
        <time>2026-07-17T15:22:34.883Z</time>
      </trkpt>
      <trkpt lat="46.439225" lon="13.758562">
        <ele>1337.343064</ele>
        <time>2026-07-17T15:22:53.378Z</time>
      </trkpt>
      <trkpt lat="46.439565" lon="13.758475">
        <ele>1341.827443</ele>
        <time>2026-07-17T15:23:15.591Z</time>
      </trkpt>
      <trkpt lat="46.439681" lon="13.758393">
        <ele>1343.503428</ele>
        <time>2026-07-17T15:23:24.713Z</time>
      </trkpt>
      <trkpt lat="46.439781" lon="13.758238">
        <ele>1345.403951</ele>
        <time>2026-07-17T15:23:35.647Z</time>
      </trkpt>
      <trkpt lat="46.439914" lon="13.757848">
        <ele>1349.298870</ele>
        <time>2026-07-17T15:23:55.738Z</time>
      </trkpt>
      <trkpt lat="46.439952" lon="13.757654">
        <ele>1351.104128</ele>
        <time>2026-07-17T15:24:04.324Z</time>
      </trkpt>
      <trkpt lat="46.439950" lon="13.757489">
        <ele>1352.581251</ele>
        <time>2026-07-17T15:24:11.060Z</time>
      </trkpt>
      <trkpt lat="46.439909" lon="13.757190">
        <ele>1355.310036</ele>
        <time>2026-07-17T15:24:24.262Z</time>
      </trkpt>
      <trkpt lat="46.439861" lon="13.757012">
        <ele>1357.182137</ele>
        <time>2026-07-17T15:24:33.032Z</time>
      </trkpt>
      <trkpt lat="46.439496" lon="13.756567">
        <ele>1364.404603</ele>
        <time>2026-07-17T15:25:07.551Z</time>
      </trkpt>
      <trkpt lat="46.439375" lon="13.756336">
        <ele>1367.433955</ele>
        <time>2026-07-17T15:25:23.050Z</time>
      </trkpt>
      <trkpt lat="46.439331" lon="13.756249">
        <ele>1368.560634</ele>
        <time>2026-07-17T15:25:28.767Z</time>
      </trkpt>
      <trkpt lat="46.438988" lon="13.755472">
        <ele>1378.194531</ele>
        <time>2026-07-17T15:26:18.658Z</time>
      </trkpt>
      <trkpt lat="46.438943" lon="13.755208">
        <ele>1381.033877</ele>
        <time>2026-07-17T15:26:33.675Z</time>
      </trkpt>
      <trkpt lat="46.438925" lon="13.754860">
        <ele>1384.375005</ele>
        <time>2026-07-17T15:26:54.007Z</time>
      </trkpt>
      <trkpt lat="46.438962" lon="13.754627">
        <ele>1386.322519</ele>
        <time>2026-07-17T15:27:08.557Z</time>
      </trkpt>
      <trkpt lat="46.439183" lon="13.754295">
        <ele>1390.082193</ele>
        <time>2026-07-17T15:27:35.224Z</time>
      </trkpt>
      <trkpt lat="46.439251" lon="13.753981">
        <ele>1392.763015</ele>
        <time>2026-07-17T15:27:51.099Z</time>
      </trkpt>
      <trkpt lat="46.439286" lon="13.753483">
        <ele>1396.840230</ele>
        <time>2026-07-17T15:28:10.855Z</time>
      </trkpt>
      <trkpt lat="46.439321" lon="13.753284">
        <ele>1398.513026</ele>
        <time>2026-07-17T15:28:17.921Z</time>
      </trkpt>
      <trkpt lat="46.439367" lon="13.753172">
        <ele>1399.574987</ele>
        <time>2026-07-17T15:28:22.176Z</time>
      </trkpt>
      <trkpt lat="46.439400" lon="13.753115">
        <ele>1400.181341</ele>
        <time>2026-07-17T15:28:24.456Z</time>
      </trkpt>
      <trkpt lat="46.439517" lon="13.753082">
        <ele>1401.590074</ele>
        <time>2026-07-17T15:28:29.746Z</time>
      </trkpt>
      <trkpt lat="46.439821" lon="13.753202">
        <ele>1404.951002</ele>
        <time>2026-07-17T15:28:43.450Z</time>
      </trkpt>
      <trkpt lat="46.440000" lon="13.753305">
        <ele>1406.130612</ele>
        <time>2026-07-17T15:28:51.786Z</time>
      </trkpt>
      <trkpt lat="46.440385" lon="13.753657">
        <ele>1408.918187</ele>
        <time>2026-07-17T15:29:09.087Z</time>
      </trkpt>
      <trkpt lat="46.440545" lon="13.753647">
        <ele>1409.899250</ele>
        <time>2026-07-17T15:29:14.684Z</time>
      </trkpt>
      <trkpt lat="46.440695" lon="13.753583">
        <ele>1410.857039</ele>
        <time>2026-07-17T15:29:20.649Z</time>
      </trkpt>
      <trkpt lat="46.441018" lon="13.753357">
        <ele>1413.053717</ele>
        <time>2026-07-17T15:29:34.212Z</time>
      </trkpt>
      <trkpt lat="46.441142" lon="13.753321">
        <ele>1413.828389</ele>
        <time>2026-07-17T15:29:38.929Z</time>
      </trkpt>
      <trkpt lat="46.441333" lon="13.753337">
        <ele>1415.000396</ele>
        <time>2026-07-17T15:29:45.493Z</time>
      </trkpt>
      <trkpt lat="46.441408" lon="13.753283">
        <ele>1415.513285</ele>
        <time>2026-07-17T15:29:50.343Z</time>
      </trkpt>
      <trkpt lat="46.441415" lon="13.753221">
        <ele>1415.864475</ele>
        <time>2026-07-17T15:29:53.251Z</time>
      </trkpt>
      <trkpt lat="46.441372" lon="13.753136">
        <ele>1416.501596</ele>
        <time>2026-07-17T15:29:57.666Z</time>
      </trkpt>
      <trkpt lat="46.441157" lon="13.753138">
        <ele>1418.386806</ele>
        <time>2026-07-17T15:30:11.640Z</time>
      </trkpt>
      <trkpt lat="46.440588" lon="13.753266">
        <ele>1423.435525</ele>
        <time>2026-07-17T15:30:36.455Z</time>
      </trkpt>
      <trkpt lat="46.440434" lon="13.753224">
        <ele>1424.809474</ele>
        <time>2026-07-17T15:30:44.043Z</time>
      </trkpt>
      <trkpt lat="46.439875" lon="13.752484">
        <ele>1431.483356</ele>
        <time>2026-07-17T15:31:27.908Z</time>
      </trkpt>
      <trkpt lat="46.439528" lon="13.751956">
        <ele>1437.740982</ele>
        <time>2026-07-17T15:32:02.087Z</time>
      </trkpt>
      <trkpt lat="46.439343" lon="13.751823">
        <ele>1440.310524</ele>
        <time>2026-07-17T15:32:16.110Z</time>
      </trkpt>
      <trkpt lat="46.439157" lon="13.751704">
        <ele>1442.840445</ele>
        <time>2026-07-17T15:32:36.140Z</time>
      </trkpt>
      <trkpt lat="46.439141" lon="13.751653">
        <ele>1443.321052</ele>
        <time>2026-07-17T15:32:40.068Z</time>
      </trkpt>
      <trkpt lat="46.439159" lon="13.751560">
        <ele>1444.149547</ele>
        <time>2026-07-17T15:32:46.296Z</time>
      </trkpt>
      <trkpt lat="46.439207" lon="13.751532">
        <ele>1444.793406</ele>
        <time>2026-07-17T15:32:51.698Z</time>
      </trkpt>
      <trkpt lat="46.439245" lon="13.751545">
        <ele>1445.279310</ele>
        <time>2026-07-17T15:32:55.621Z</time>
      </trkpt>
      <trkpt lat="46.439425" lon="13.751701">
        <ele>1447.888680</ele>
        <time>2026-07-17T15:33:14.792Z</time>
      </trkpt>
      <trkpt lat="46.439590" lon="13.751793">
        <ele>1450.088608</ele>
        <time>2026-07-17T15:33:25.727Z</time>
      </trkpt>
      <trkpt lat="46.439827" lon="13.751642">
        <ele>1453.310041</ele>
        <time>2026-07-17T15:33:40.643Z</time>
      </trkpt>
      <trkpt lat="46.439980" lon="13.751625">
        <ele>1455.084826</ele>
        <time>2026-07-17T15:33:52.472Z</time>
      </trkpt>
      <trkpt lat="46.440016" lon="13.751600">
        <ele>1455.536358</ele>
        <time>2026-07-17T15:33:55.432Z</time>
      </trkpt>
      <trkpt lat="46.440047" lon="13.751523">
        <ele>1456.231632</ele>
        <time>2026-07-17T15:33:59.877Z</time>
      </trkpt>
      <trkpt lat="46.440032" lon="13.751450">
        <ele>1456.825538</ele>
        <time>2026-07-17T15:34:03.352Z</time>
      </trkpt>
      <trkpt lat="46.439998" lon="13.751409">
        <ele>1457.325689</ele>
        <time>2026-07-17T15:34:06.417Z</time>
      </trkpt>
      <trkpt lat="46.439866" lon="13.751371">
        <ele>1458.848213</ele>
        <time>2026-07-17T15:34:15.920Z</time>
      </trkpt>
      <trkpt lat="46.439487" lon="13.751347">
        <ele>1463.140222</ele>
        <time>2026-07-17T15:34:36.960Z</time>
      </trkpt>
      <trkpt lat="46.439359" lon="13.751280">
        <ele>1464.679720</ele>
        <time>2026-07-17T15:34:48.210Z</time>
      </trkpt>
      <trkpt lat="46.439334" lon="13.751178">
        <ele>1465.523773</ele>
        <time>2026-07-17T15:34:54.112Z</time>
      </trkpt>
      <trkpt lat="46.439377" lon="13.751096">
        <ele>1466.327145</ele>
        <time>2026-07-17T15:34:59.766Z</time>
      </trkpt>
      <trkpt lat="46.439543" lon="13.751140">
        <ele>1468.236308</ele>
        <time>2026-07-17T15:35:13.110Z</time>
      </trkpt>
      <trkpt lat="46.439653" lon="13.751153">
        <ele>1469.484946</ele>
        <time>2026-07-17T15:35:19.600Z</time>
      </trkpt>
      <trkpt lat="46.439774" lon="13.751092">
        <ele>1470.934173</ele>
        <time>2026-07-17T15:35:27.098Z</time>
      </trkpt>
      <trkpt lat="46.439843" lon="13.751056">
        <ele>1471.763749</ele>
        <time>2026-07-17T15:35:31.638Z</time>
      </trkpt>
      <trkpt lat="46.439993" lon="13.751046">
        <ele>1473.462608</ele>
        <time>2026-07-17T15:35:41.624Z</time>
      </trkpt>
      <trkpt lat="46.440243" lon="13.751151">
        <ele>1477.485230</ele>
        <time>2026-07-17T15:36:01.475Z</time>
      </trkpt>
      <trkpt lat="46.440381" lon="13.751131">
        <ele>1479.782797</ele>
        <time>2026-07-17T15:36:12.906Z</time>
      </trkpt>
      <trkpt lat="46.440501" lon="13.751086">
        <ele>1481.836097</ele>
        <time>2026-07-17T15:36:25.992Z</time>
      </trkpt>
      <trkpt lat="46.440581" lon="13.751007">
        <ele>1483.439182</ele>
        <time>2026-07-17T15:36:36.470Z</time>
      </trkpt>
      <trkpt lat="46.440598" lon="13.750878">
        <ele>1484.938555</ele>
        <time>2026-07-17T15:36:46.181Z</time>
      </trkpt>
      <trkpt lat="46.440545" lon="13.750723">
        <ele>1486.913926</ele>
        <time>2026-07-17T15:36:59.574Z</time>
      </trkpt>
      <trkpt lat="46.440323" lon="13.750330">
        <ele>1492.715254</ele>
        <time>2026-07-17T15:37:31.159Z</time>
      </trkpt>
      <trkpt lat="46.439918" lon="13.749788">
        <ele>1501.842341</ele>
        <time>2026-07-17T15:38:22.262Z</time>
      </trkpt>
      <trkpt lat="46.439668" lon="13.749417">
        <ele>1506.349558</ele>
        <time>2026-07-17T15:38:50.233Z</time>
      </trkpt>
      <trkpt lat="46.439623" lon="13.749313">
        <ele>1507.240109</ele>
        <time>2026-07-17T15:38:55.758Z</time>
      </trkpt>
      <trkpt lat="46.439577" lon="13.749021">
        <ele>1509.412310</ele>
        <time>2026-07-17T15:39:08.283Z</time>
      </trkpt>
      <trkpt lat="46.439876" lon="13.748778">
        <ele>1513.018711</ele>
        <time>2026-07-17T15:39:26.560Z</time>
      </trkpt>
      <trkpt lat="46.439995" lon="13.748621">
        <ele>1514.711212</ele>
        <time>2026-07-17T15:39:37.258Z</time>
      </trkpt>
      <trkpt lat="46.440015" lon="13.748477">
        <ele>1515.776486</ele>
        <time>2026-07-17T15:39:43.421Z</time>
      </trkpt>
      <trkpt lat="46.440000" lon="13.748412">
        <ele>1516.273589</ele>
        <time>2026-07-17T15:39:46.253Z</time>
      </trkpt>
      <trkpt lat="46.439938" lon="13.748329">
        <ele>1517.161282</ele>
        <time>2026-07-17T15:39:51.693Z</time>
      </trkpt>
      <trkpt lat="46.439768" lon="13.748318">
        <ele>1518.952060</ele>
        <time>2026-07-17T15:40:02.746Z</time>
      </trkpt>
      <trkpt lat="46.439534" lon="13.748303">
        <ele>1521.416969</ele>
        <time>2026-07-17T15:40:13.579Z</time>
      </trkpt>
      <trkpt lat="46.439319" lon="13.748250">
        <ele>1523.757382</ele>
        <time>2026-07-17T15:40:24.777Z</time>
      </trkpt>
      <trkpt lat="46.438981" lon="13.748068">
        <ele>1527.742586</ele>
        <time>2026-07-17T15:40:43.770Z</time>
      </trkpt>
      <trkpt lat="46.438653" lon="13.747770">
        <ele>1532.020333</ele>
        <time>2026-07-17T15:41:10.382Z</time>
      </trkpt>
      <trkpt lat="46.438456" lon="13.747663">
        <ele>1534.345530</ele>
        <time>2026-07-17T15:41:24.647Z</time>
      </trkpt>
      <trkpt lat="46.438293" lon="13.747660">
        <ele>1536.147486</ele>
        <time>2026-07-17T15:41:34.656Z</time>
      </trkpt>
      <trkpt lat="46.438089" lon="13.747718">
        <ele>1538.445390</ele>
        <time>2026-07-17T15:41:47.305Z</time>
      </trkpt>
      <trkpt lat="46.437903" lon="13.747807">
        <ele>1540.610344</ele>
        <time>2026-07-17T15:42:00.025Z</time>
      </trkpt>
      <trkpt lat="46.437792" lon="13.747858">
        <ele>1541.897382</ele>
        <time>2026-07-17T15:42:10.063Z</time>
      </trkpt>
      <trkpt lat="46.437741" lon="13.747806">
        <ele>1542.586395</ele>
        <time>2026-07-17T15:42:15.615Z</time>
      </trkpt>
      <trkpt lat="46.437736" lon="13.747751">
        <ele>1543.002236</ele>
        <time>2026-07-17T15:42:18.564Z</time>
      </trkpt>
      <trkpt lat="46.437799" lon="13.747624">
        <ele>1544.168753</ele>
        <time>2026-07-17T15:42:26.856Z</time>
      </trkpt>
      <trkpt lat="46.437961" lon="13.747376">
        <ele>1546.716075</ele>
        <time>2026-07-17T15:42:38.787Z</time>
      </trkpt>
      <trkpt lat="46.438223" lon="13.747140">
        <ele>1550.051867</ele>
        <time>2026-07-17T15:42:54.582Z</time>
      </trkpt>
      <trkpt lat="46.438358" lon="13.747060">
        <ele>1551.629287</ele>
        <time>2026-07-17T15:43:02.056Z</time>
      </trkpt>
      <trkpt lat="46.438488" lon="13.747000">
        <ele>1553.104960</ele>
        <time>2026-07-17T15:43:09.505Z</time>
      </trkpt>
      <trkpt lat="46.438752" lon="13.746946">
        <ele>1555.988971</ele>
        <time>2026-07-17T15:43:21.706Z</time>
      </trkpt>
      <trkpt lat="46.438915" lon="13.746914">
        <ele>1557.768262</ele>
        <time>2026-07-17T15:43:33.504Z</time>
      </trkpt>
      <trkpt lat="46.438954" lon="13.746824">
        <ele>1558.560788</ele>
        <time>2026-07-17T15:43:39.527Z</time>
      </trkpt>
      <trkpt lat="46.438946" lon="13.746770">
        <ele>1558.972529</ele>
        <time>2026-07-17T15:43:42.965Z</time>
      </trkpt>
      <trkpt lat="46.438891" lon="13.746697">
        <ele>1559.778819</ele>
        <time>2026-07-17T15:43:49.501Z</time>
      </trkpt>
      <trkpt lat="46.438736" lon="13.746678">
        <ele>1561.461480</ele>
        <time>2026-07-17T15:44:04.014Z</time>
      </trkpt>
      <trkpt lat="46.438433" lon="13.746637">
        <ele>1566.117216</ele>
        <time>2026-07-17T15:44:27.223Z</time>
      </trkpt>
      <trkpt lat="46.437456" lon="13.746064">
        <ele>1583.487012</ele>
        <time>2026-07-17T15:45:58.155Z</time>
      </trkpt>
      <trkpt lat="46.436995" lon="13.745622">
        <ele>1592.357479</ele>
        <time>2026-07-17T15:46:46.347Z</time>
      </trkpt>
      <trkpt lat="46.436518" lon="13.745250">
        <ele>1598.628643</ele>
        <time>2026-07-17T15:47:28.551Z</time>
      </trkpt>
      <trkpt lat="46.436193" lon="13.744950">
        <ele>1603.089313</ele>
        <time>2026-07-17T15:47:54.603Z</time>
      </trkpt>
      <trkpt lat="46.435520" lon="13.744407">
        <ele>1612.006809</ele>
        <time>2026-07-17T15:48:34.018Z</time>
      </trkpt>
      <trkpt lat="46.435392" lon="13.744306">
        <ele>1612.446709</ele>
        <time>2026-07-17T15:48:40.006Z</time>
      </trkpt>
      <trkpt lat="46.435082" lon="13.743986">
        <ele>1611.706030</ele>
        <time>2026-07-17T15:48:49.920Z</time>
      </trkpt>
      <trkpt lat="46.434919" lon="13.743832">
        <ele>1611.327344</ele>
        <time>2026-07-17T15:48:53.206Z</time>
      </trkpt>
      <trkpt lat="46.434855" lon="13.743772">
        <ele>1611.178998</ele>
        <time>2026-07-17T15:48:54.153Z</time>
      </trkpt>
      <trkpt lat="46.434779" lon="13.743712">
        <ele>1611.010550</ele>
        <time>2026-07-17T15:48:55.197Z</time>
      </trkpt>
      <trkpt lat="46.434746" lon="13.743691">
        <ele>1610.940396</ele>
        <time>2026-07-17T15:48:55.623Z</time>
      </trkpt>
      <trkpt lat="46.434467" lon="13.743524">
        <ele>1610.352810</ele>
        <time>2026-07-17T15:48:58.674Z</time>
      </trkpt>
      <trkpt lat="46.434279" lon="13.743438">
        <ele>1609.969035</ele>
        <time>2026-07-17T15:49:00.530Z</time>
      </trkpt>
      <trkpt lat="46.434099" lon="13.743388">
        <ele>1609.612230</ele>
        <time>2026-07-17T15:49:02.206Z</time>
      </trkpt>
      <trkpt lat="46.433864" lon="13.743375">
        <ele>1609.154378</ele>
        <time>2026-07-17T15:49:04.282Z</time>
      </trkpt>
      <trkpt lat="46.433468" lon="13.743454">
        <ele>1603.951282</ele>
        <time>2026-07-17T15:49:07.684Z</time>
      </trkpt>
      <trkpt lat="46.433293" lon="13.743439">
        <ele>1601.591838</ele>
        <time>2026-07-17T15:49:09.152Z</time>
      </trkpt>
      <trkpt lat="46.433112" lon="13.743348">
        <ele>1599.013645</ele>
        <time>2026-07-17T15:49:10.750Z</time>
      </trkpt>
      <trkpt lat="46.432952" lon="13.743360">
        <ele>1596.857318</ele>
        <time>2026-07-17T15:49:12.083Z</time>
      </trkpt>
      <trkpt lat="46.432674" lon="13.743590">
        <ele>1592.550168</ele>
        <time>2026-07-17T15:49:14.743Z</time>
      </trkpt>
      <trkpt lat="46.432337" lon="13.744091">
        <ele>1586.056298</ele>
        <time>2026-07-17T15:49:18.723Z</time>
      </trkpt>
      <trkpt lat="46.432017" lon="13.744482">
        <ele>1580.175669</ele>
        <time>2026-07-17T15:49:22.187Z</time>
      </trkpt>
      <trkpt lat="46.431861" lon="13.744621">
        <ele>1577.574600</ele>
        <time>2026-07-17T15:49:23.726Z</time>
      </trkpt>
      <trkpt lat="46.431563" lon="13.744698">
        <ele>1573.273932</ele>
        <time>2026-07-17T15:49:26.258Z</time>
      </trkpt>
      <trkpt lat="46.431323" lon="13.744824">
        <ele>1569.647590</ele>
        <time>2026-07-17T15:49:28.390Z</time>
      </trkpt>
      <trkpt lat="46.431281" lon="13.744862">
        <ele>1568.944327</ele>
        <time>2026-07-17T15:49:28.807Z</time>
      </trkpt>
      <trkpt lat="46.431071" lon="13.745052">
        <ele>1565.428010</ele>
        <time>2026-07-17T15:49:30.858Z</time>
      </trkpt>
      <trkpt lat="46.430971" lon="13.745134">
        <ele>1563.795972</ele>
        <time>2026-07-17T15:49:31.810Z</time>
      </trkpt>
      <trkpt lat="46.430866" lon="13.745130">
        <ele>1562.303594</ele>
        <time>2026-07-17T15:49:32.680Z</time>
      </trkpt>
      <trkpt lat="46.430834" lon="13.745079">
        <ele>1561.628207</ele>
        <time>2026-07-17T15:49:33.067Z</time>
      </trkpt>
      <trkpt lat="46.430832" lon="13.745014">
        <ele>1560.991045</ele>
        <time>2026-07-17T15:49:33.438Z</time>
      </trkpt>
      <trkpt lat="46.430880" lon="13.744901">
        <ele>1559.691187</ele>
        <time>2026-07-17T15:49:34.198Z</time>
      </trkpt>
      <trkpt lat="46.431110" lon="13.744714">
        <ele>1556.924166</ele>
        <time>2026-07-17T15:49:36.423Z</time>
      </trkpt>
      <trkpt lat="46.431110" lon="13.744606">
        <ele>1556.169682</ele>
        <time>2026-07-17T15:49:37.060Z</time>
      </trkpt>
      <trkpt lat="46.431031" lon="13.744542">
        <ele>1555.252575</ele>
        <time>2026-07-17T15:49:37.846Z</time>
      </trkpt>
      <trkpt lat="46.430951" lon="13.744538">
        <ele>1554.441218</ele>
        <time>2026-07-17T15:49:38.544Z</time>
      </trkpt>
      <trkpt lat="46.430633" lon="13.744651">
        <ele>1551.122723</ele>
        <time>2026-07-17T15:49:41.397Z</time>
      </trkpt>
      <trkpt lat="46.430503" lon="13.744703">
        <ele>1549.755890</ele>
        <time>2026-07-17T15:49:42.542Z</time>
      </trkpt>
      <trkpt lat="46.430245" lon="13.744912">
        <ele>1546.760815</ele>
        <time>2026-07-17T15:49:45.074Z</time>
      </trkpt>
      <trkpt lat="46.430064" lon="13.745178">
        <ele>1544.149482</ele>
        <time>2026-07-17T15:49:47.274Z</time>
      </trkpt>
      <trkpt lat="46.429983" lon="13.745236">
        <ele>1543.233926</ele>
        <time>2026-07-17T15:49:48.040Z</time>
      </trkpt>
      <trkpt lat="46.429811" lon="13.745256">
        <ele>1541.484952</ele>
        <time>2026-07-17T15:49:49.563Z</time>
      </trkpt>
      <trkpt lat="46.429739" lon="13.745265">
        <ele>1540.828315</ele>
        <time>2026-07-17T15:49:50.222Z</time>
      </trkpt>
      <trkpt lat="46.429530" lon="13.745183">
        <ele>1539.074833</ele>
        <time>2026-07-17T15:49:52.266Z</time>
      </trkpt>
      <trkpt lat="46.428988" lon="13.744881">
        <ele>1534.372607</ele>
        <time>2026-07-17T15:49:57.734Z</time>
      </trkpt>
      <trkpt lat="46.428367" lon="13.745074">
        <ele>1529.229052</ele>
        <time>2026-07-17T15:50:03.197Z</time>
      </trkpt>
      <trkpt lat="46.428035" lon="13.745207">
        <ele>1526.384035</ele>
        <time>2026-07-17T15:50:06.165Z</time>
      </trkpt>
      <trkpt lat="46.427940" lon="13.745211">
        <ele>1525.267263</ele>
        <time>2026-07-17T15:50:07.006Z</time>
      </trkpt>
      <trkpt lat="46.427834" lon="13.745155">
        <ele>1523.941696</ele>
        <time>2026-07-17T15:50:08.009Z</time>
      </trkpt>
      <trkpt lat="46.427645" lon="13.744705">
        <ele>1519.673693</ele>
        <time>2026-07-17T15:50:11.179Z</time>
      </trkpt>
      <trkpt lat="46.427565" lon="13.744571">
        <ele>1518.237876</ele>
        <time>2026-07-17T15:50:12.237Z</time>
      </trkpt>
      <trkpt lat="46.427488" lon="13.744506">
        <ele>1517.191069</ele>
        <time>2026-07-17T15:50:13.002Z</time>
      </trkpt>
      <trkpt lat="46.427407" lon="13.744485">
        <ele>1516.224198</ele>
        <time>2026-07-17T15:50:13.699Z</time>
      </trkpt>
      <trkpt lat="46.427310" lon="13.744505">
        <ele>1515.072942</ele>
        <time>2026-07-17T15:50:14.529Z</time>
      </trkpt>
      <trkpt lat="46.427131" lon="13.744624">
        <ele>1512.759282</ele>
        <time>2026-07-17T15:50:16.177Z</time>
      </trkpt>
      <trkpt lat="46.427043" lon="13.744604">
        <ele>1511.712624</ele>
        <time>2026-07-17T15:50:16.921Z</time>
      </trkpt>
      <trkpt lat="46.427019" lon="13.744550">
        <ele>1511.192219</ele>
        <time>2026-07-17T15:50:17.291Z</time>
      </trkpt>
      <trkpt lat="46.427025" lon="13.744470">
        <ele>1510.540443</ele>
        <time>2026-07-17T15:50:17.757Z</time>
      </trkpt>
      <trkpt lat="46.427064" lon="13.744421">
        <ele>1509.934211</ele>
        <time>2026-07-17T15:50:18.190Z</time>
      </trkpt>
      <trkpt lat="46.427315" lon="13.744365">
        <ele>1506.950154</ele>
        <time>2026-07-17T15:50:20.314Z</time>
      </trkpt>
      <trkpt lat="46.427350" lon="13.744322">
        <ele>1506.411233</ele>
        <time>2026-07-17T15:50:20.698Z</time>
      </trkpt>
      <trkpt lat="46.427356" lon="13.744257">
        <ele>1505.880076</ele>
        <time>2026-07-17T15:50:21.074Z</time>
      </trkpt>
      <trkpt lat="46.427332" lon="13.744201">
        <ele>1505.314787</ele>
        <time>2026-07-17T15:50:21.455Z</time>
      </trkpt>
      <trkpt lat="46.427287" lon="13.744172">
        <ele>1504.515368</ele>
        <time>2026-07-17T15:50:21.862Z</time>
      </trkpt>
      <trkpt lat="46.427028" lon="13.744146">
        <ele>1500.300389</ele>
        <time>2026-07-17T15:50:24.024Z</time>
      </trkpt>
      <trkpt lat="46.426586" lon="13.743851">
        <ele>1492.401482</ele>
        <time>2026-07-17T15:50:28.027Z</time>
      </trkpt>
      <trkpt lat="46.426254" lon="13.743738">
        <ele>1486.865036</ele>
        <time>2026-07-17T15:50:30.822Z</time>
      </trkpt>
      <trkpt lat="46.425622" lon="13.743589">
        <ele>1476.469768</ele>
        <time>2026-07-17T15:50:36.112Z</time>
      </trkpt>
      <trkpt lat="46.425498" lon="13.743577">
        <ele>1474.863640</ele>
        <time>2026-07-17T15:50:37.139Z</time>
      </trkpt>
      <trkpt lat="46.425428" lon="13.743602">
        <ele>1473.964707</ele>
        <time>2026-07-17T15:50:37.729Z</time>
      </trkpt>
      <trkpt lat="46.425195" lon="13.743715">
        <ele>1470.901239</ele>
        <time>2026-07-17T15:50:39.763Z</time>
      </trkpt>
      <trkpt lat="46.424998" lon="13.743742">
        <ele>1468.433787</ele>
        <time>2026-07-17T15:50:41.410Z</time>
      </trkpt>
      <trkpt lat="46.424866" lon="13.743714">
        <ele>1466.770296</ele>
        <time>2026-07-17T15:50:42.520Z</time>
      </trkpt>
      <trkpt lat="46.424100" lon="13.743457">
        <ele>1456.966457</ele>
        <time>2026-07-17T15:50:49.280Z</time>
      </trkpt>
      <trkpt lat="46.423961" lon="13.743461">
        <ele>1455.232839</ele>
        <time>2026-07-17T15:50:50.479Z</time>
      </trkpt>
      <trkpt lat="46.423496" lon="13.743694">
        <ele>1449.967108</ele>
        <time>2026-07-17T15:50:54.689Z</time>
      </trkpt>
      <trkpt lat="46.423356" lon="13.743693">
        <ele>1448.544064</ele>
        <time>2026-07-17T15:50:55.892Z</time>
      </trkpt>
      <trkpt lat="46.423176" lon="13.743629">
        <ele>1446.660307</ele>
        <time>2026-07-17T15:50:57.491Z</time>
      </trkpt>
      <trkpt lat="46.422482" lon="13.743643">
        <ele>1439.605478</ele>
        <time>2026-07-17T15:51:03.468Z</time>
      </trkpt>
      <trkpt lat="46.421419" lon="13.743993">
        <ele>1428.750608</ele>
        <time>2026-07-17T15:51:12.815Z</time>
      </trkpt>
      <trkpt lat="46.421292" lon="13.744092">
        <ele>1427.332271</ele>
        <time>2026-07-17T15:51:14.063Z</time>
      </trkpt>
      <trkpt lat="46.421187" lon="13.744316">
        <ele>1425.495274</ele>
        <time>2026-07-17T15:51:15.681Z</time>
      </trkpt>
      <trkpt lat="46.421067" lon="13.744476">
        <ele>1423.891856</ele>
        <time>2026-07-17T15:51:17.093Z</time>
      </trkpt>
      <trkpt lat="46.420863" lon="13.744568">
        <ele>1421.790240</ele>
        <time>2026-07-17T15:51:18.945Z</time>
      </trkpt>
      <trkpt lat="46.420527" lon="13.744672">
        <ele>1418.410398</ele>
        <time>2026-07-17T15:51:21.934Z</time>
      </trkpt>
      <trkpt lat="46.420415" lon="13.744652">
        <ele>1417.231273</ele>
        <time>2026-07-17T15:51:22.914Z</time>
      </trkpt>
      <trkpt lat="46.420013" lon="13.744314">
        <ele>1412.055035</ele>
        <time>2026-07-17T15:51:26.916Z</time>
      </trkpt>
      <trkpt lat="46.419443" lon="13.744094">
        <ele>1405.484199</ele>
        <time>2026-07-17T15:51:31.872Z</time>
      </trkpt>
      <trkpt lat="46.418445" lon="13.743391">
        <ele>1394.875438</ele>
        <time>2026-07-17T15:51:41.290Z</time>
      </trkpt>
      <trkpt lat="46.418315" lon="13.743251">
        <ele>1393.749445</ele>
        <time>2026-07-17T15:51:42.735Z</time>
      </trkpt>
      <trkpt lat="46.418154" lon="13.742968">
        <ele>1391.990322</ele>
        <time>2026-07-17T15:51:45.091Z</time>
      </trkpt>
      <trkpt lat="46.417973" lon="13.742802">
        <ele>1390.501081</ele>
        <time>2026-07-17T15:51:47.158Z</time>
      </trkpt>
      <trkpt lat="46.417400" lon="13.742431">
        <ele>1386.137244</ele>
        <time>2026-07-17T15:51:53.113Z</time>
      </trkpt>
      <trkpt lat="46.417036" lon="13.742340">
        <ele>1382.789390</ele>
        <time>2026-07-17T15:51:56.644Z</time>
      </trkpt>
      <trkpt lat="46.416873" lon="13.742228">
        <ele>1380.962591</ele>
        <time>2026-07-17T15:51:58.337Z</time>
      </trkpt>
      <trkpt lat="46.416407" lon="13.741716">
        <ele>1375.041572</ele>
        <time>2026-07-17T15:52:03.399Z</time>
      </trkpt>
      <trkpt lat="46.416229" lon="13.741662">
        <ele>1373.199700</ele>
        <time>2026-07-17T15:52:04.921Z</time>
      </trkpt>
      <trkpt lat="46.416080" lon="13.741582">
        <ele>1371.590492</ele>
        <time>2026-07-17T15:52:06.239Z</time>
      </trkpt>
      <trkpt lat="46.415547" lon="13.741108">
        <ele>1365.394554</ele>
        <time>2026-07-17T15:52:11.439Z</time>
      </trkpt>
      <trkpt lat="46.415433" lon="13.741122">
        <ele>1364.323581</ele>
        <time>2026-07-17T15:52:12.410Z</time>
      </trkpt>
      <trkpt lat="46.415221" lon="13.741311">
        <ele>1361.994165</ele>
        <time>2026-07-17T15:52:14.525Z</time>
      </trkpt>
      <trkpt lat="46.414974" lon="13.741589">
        <ele>1359.067548</ele>
        <time>2026-07-17T15:52:17.189Z</time>
      </trkpt>
      <trkpt lat="46.414866" lon="13.741803">
        <ele>1357.355953</ele>
        <time>2026-07-17T15:52:18.775Z</time>
      </trkpt>
      <trkpt lat="46.414788" lon="13.742080">
        <ele>1355.424892</ele>
        <time>2026-07-17T15:52:20.599Z</time>
      </trkpt>
      <trkpt lat="46.414618" lon="13.742422">
        <ele>1352.703827</ele>
        <time>2026-07-17T15:52:23.277Z</time>
      </trkpt>
      <trkpt lat="46.414564" lon="13.742581">
        <ele>1351.559921</ele>
        <time>2026-07-17T15:52:24.427Z</time>
      </trkpt>
      <trkpt lat="46.414530" lon="13.743073">
        <ele>1349.366587</ele>
        <time>2026-07-17T15:52:27.541Z</time>
      </trkpt>
      <trkpt lat="46.414434" lon="13.743803">
        <ele>1347.154152</ele>
        <time>2026-07-17T15:52:32.562Z</time>
      </trkpt>
      <trkpt lat="46.414365" lon="13.744013">
        <ele>1346.461601</ele>
        <time>2026-07-17T15:52:34.271Z</time>
      </trkpt>
      <trkpt lat="46.414307" lon="13.744129">
        <ele>1346.035004</ele>
        <time>2026-07-17T15:52:35.267Z</time>
      </trkpt>
      <trkpt lat="46.414256" lon="13.744213">
        <ele>1345.701785</ele>
        <time>2026-07-17T15:52:36.116Z</time>
      </trkpt>
      <trkpt lat="46.414078" lon="13.744331">
        <ele>1344.856688</ele>
        <time>2026-07-17T15:52:38.091Z</time>
      </trkpt>
      <trkpt lat="46.413976" lon="13.744460">
        <ele>1344.272323</ele>
        <time>2026-07-17T15:52:39.469Z</time>
      </trkpt>
      <trkpt lat="46.413693" lon="13.745173">
        <ele>1341.202986</ele>
        <time>2026-07-17T15:52:44.761Z</time>
      </trkpt>
      <trkpt lat="46.413647" lon="13.745202">
        <ele>1340.773669</ele>
        <time>2026-07-17T15:52:45.209Z</time>
      </trkpt>
      <trkpt lat="46.413302" lon="13.745195">
        <ele>1337.820392</ele>
        <time>2026-07-17T15:52:48.551Z</time>
      </trkpt>
      <trkpt lat="46.413201" lon="13.745228">
        <ele>1336.934231</ele>
        <time>2026-07-17T15:52:49.715Z</time>
      </trkpt>
      <trkpt lat="46.413043" lon="13.745338">
        <ele>1335.434122</ele>
        <time>2026-07-17T15:52:51.315Z</time>
      </trkpt>
      <trkpt lat="46.412540" lon="13.745879">
        <ele>1330.074171</ele>
        <time>2026-07-17T15:52:56.695Z</time>
      </trkpt>
      <trkpt lat="46.412432" lon="13.746124">
        <ele>1328.358076</ele>
        <time>2026-07-17T15:52:58.371Z</time>
      </trkpt>
      <trkpt lat="46.412393" lon="13.746128">
        <ele>1328.023426</ele>
        <time>2026-07-17T15:52:58.692Z</time>
      </trkpt>
      <trkpt lat="46.412351" lon="13.746082">
        <ele>1327.572950</ele>
        <time>2026-07-17T15:52:59.134Z</time>
      </trkpt>
      <trkpt lat="46.412361" lon="13.745941">
        <ele>1326.593889</ele>
        <time>2026-07-17T15:52:59.944Z</time>
      </trkpt>
      <trkpt lat="46.412643" lon="13.745510">
        <ele>1321.537409</ele>
        <time>2026-07-17T15:53:03.369Z</time>
      </trkpt>
      <trkpt lat="46.412903" lon="13.745005">
        <ele>1316.173896</ele>
        <time>2026-07-17T15:53:07.004Z</time>
      </trkpt>
      <trkpt lat="46.413096" lon="13.744752">
        <ele>1312.962945</ele>
        <time>2026-07-17T15:53:09.170Z</time>
      </trkpt>
      <trkpt lat="46.413114" lon="13.744660">
        <ele>1312.149124</ele>
        <time>2026-07-17T15:53:09.731Z</time>
      </trkpt>
      <trkpt lat="46.413097" lon="13.744613">
        <ele>1311.697461</ele>
        <time>2026-07-17T15:53:10.041Z</time>
      </trkpt>
      <trkpt lat="46.413012" lon="13.744578">
        <ele>1310.606854</ele>
        <time>2026-07-17T15:53:10.792Z</time>
      </trkpt>
      <trkpt lat="46.412790" lon="13.744760">
        <ele>1307.459303</ele>
        <time>2026-07-17T15:53:12.971Z</time>
      </trkpt>
      <trkpt lat="46.411706" lon="13.745994">
        <ele>1291.606334</ele>
        <time>2026-07-17T15:53:24.910Z</time>
      </trkpt>
      <trkpt lat="46.411477" lon="13.746181">
        <ele>1288.622795</ele>
        <time>2026-07-17T15:53:27.104Z</time>
      </trkpt>
      <trkpt lat="46.411165" lon="13.746326">
        <ele>1284.903308</ele>
        <time>2026-07-17T15:53:29.836Z</time>
      </trkpt>
      <trkpt lat="46.411048" lon="13.746349">
        <ele>1283.588223</ele>
        <time>2026-07-17T15:53:30.811Z</time>
      </trkpt>
      <trkpt lat="46.410907" lon="13.746312">
        <ele>1282.008551</ele>
        <time>2026-07-17T15:53:32.002Z</time>
      </trkpt>
      <trkpt lat="46.410718" lon="13.746151">
        <ele>1279.592140</ele>
        <time>2026-07-17T15:53:33.819Z</time>
      </trkpt>
      <trkpt lat="46.410626" lon="13.746123">
        <ele>1278.555809</ele>
        <time>2026-07-17T15:53:34.600Z</time>
      </trkpt>
      <trkpt lat="46.410476" lon="13.746169">
        <ele>1276.865593</ele>
        <time>2026-07-17T15:53:35.880Z</time>
      </trkpt>
      <trkpt lat="46.410379" lon="13.746257">
        <ele>1275.604258</ele>
        <time>2026-07-17T15:53:36.842Z</time>
      </trkpt>
      <trkpt lat="46.410305" lon="13.746389">
        <ele>1274.311101</ele>
        <time>2026-07-17T15:53:37.830Z</time>
      </trkpt>
      <trkpt lat="46.410269" lon="13.746559">
        <ele>1272.959326</ele>
        <time>2026-07-17T15:53:38.869Z</time>
      </trkpt>
      <trkpt lat="46.410287" lon="13.746669">
        <ele>1272.099971</ele>
        <time>2026-07-17T15:53:39.532Z</time>
      </trkpt>
      <trkpt lat="46.410421" lon="13.746861">
        <ele>1270.023380</ele>
        <time>2026-07-17T15:53:41.155Z</time>
      </trkpt>
      <trkpt lat="46.410467" lon="13.747041">
        <ele>1268.564213</ele>
        <time>2026-07-17T15:53:42.322Z</time>
      </trkpt>
      <trkpt lat="46.410452" lon="13.747192">
        <ele>1267.404587</ele>
        <time>2026-07-17T15:53:43.279Z</time>
      </trkpt>
      <trkpt lat="46.410281" lon="13.747495">
        <ele>1264.481230</ele>
        <time>2026-07-17T15:53:45.822Z</time>
      </trkpt>
      <trkpt lat="46.410256" lon="13.747585">
        <ele>1263.958693</ele>
        <time>2026-07-17T15:53:46.464Z</time>
      </trkpt>
      <trkpt lat="46.410263" lon="13.747663">
        <ele>1263.535092</ele>
        <time>2026-07-17T15:53:46.977Z</time>
      </trkpt>
      <trkpt lat="46.410296" lon="13.747736">
        <ele>1263.064999</ele>
        <time>2026-07-17T15:53:47.548Z</time>
      </trkpt>
      <trkpt lat="46.410613" lon="13.748126">
        <ele>1259.818214</ele>
        <time>2026-07-17T15:53:51.420Z</time>
      </trkpt>
      <trkpt lat="46.410704" lon="13.748294">
        <ele>1258.667679</ele>
        <time>2026-07-17T15:53:52.775Z</time>
      </trkpt>
      <trkpt lat="46.410796" lon="13.748577">
        <ele>1256.982729</ele>
        <time>2026-07-17T15:53:54.729Z</time>
      </trkpt>
      <trkpt lat="46.410806" lon="13.748840">
        <ele>1255.564243</ele>
        <time>2026-07-17T15:53:56.335Z</time>
      </trkpt>
      <trkpt lat="46.410500" lon="13.749813">
        <ele>1249.267991</ele>
        <time>2026-07-17T15:54:02.709Z</time>
      </trkpt>
      <trkpt lat="46.410541" lon="13.750837">
        <ele>1239.822403</ele>
        <time>2026-07-17T15:54:08.645Z</time>
      </trkpt>
      <trkpt lat="46.410464" lon="13.751205">
        <ele>1236.280994</ele>
        <time>2026-07-17T15:54:10.852Z</time>
      </trkpt>
      <trkpt lat="46.410411" lon="13.751345">
        <ele>1234.810228</ele>
        <time>2026-07-17T15:54:11.764Z</time>
      </trkpt>
      <trkpt lat="46.410319" lon="13.751484">
        <ele>1233.035902</ele>
        <time>2026-07-17T15:54:12.875Z</time>
      </trkpt>
      <trkpt lat="46.409918" lon="13.751670">
        <ele>1227.412971</ele>
        <time>2026-07-17T15:54:16.368Z</time>
      </trkpt>
      <trkpt lat="46.409807" lon="13.751807">
        <ele>1225.768669</ele>
        <time>2026-07-17T15:54:17.576Z</time>
      </trkpt>
      <trkpt lat="46.409666" lon="13.752173">
        <ele>1222.996144</ele>
        <time>2026-07-17T15:54:19.981Z</time>
      </trkpt>
      <trkpt lat="46.409649" lon="13.752308">
        <ele>1222.088625</ele>
        <time>2026-07-17T15:54:20.772Z</time>
      </trkpt>
      <trkpt lat="46.409693" lon="13.752626">
        <ele>1219.943771</ele>
        <time>2026-07-17T15:54:22.671Z</time>
      </trkpt>
      <trkpt lat="46.409666" lon="13.752695">
        <ele>1219.419115</ele>
        <time>2026-07-17T15:54:23.137Z</time>
      </trkpt>
      <trkpt lat="46.409599" lon="13.752705">
        <ele>1218.773123</ele>
        <time>2026-07-17T15:54:23.716Z</time>
      </trkpt>
      <trkpt lat="46.409554" lon="13.752643">
        <ele>1218.177825</ele>
        <time>2026-07-17T15:54:24.256Z</time>
      </trkpt>
      <trkpt lat="46.409498" lon="13.752500">
        <ele>1217.090284</ele>
        <time>2026-07-17T15:54:25.248Z</time>
      </trkpt>
      <trkpt lat="46.409457" lon="13.752279">
        <ele>1215.576832</ele>
        <time>2026-07-17T15:54:26.650Z</time>
      </trkpt>
      <trkpt lat="46.409454" lon="13.752048">
        <ele>1214.048956</ele>
        <time>2026-07-17T15:54:28.091Z</time>
      </trkpt>
      <trkpt lat="46.409499" lon="13.751725">
        <ele>1211.869788</ele>
        <time>2026-07-17T15:54:30.191Z</time>
      </trkpt>
      <trkpt lat="46.409623" lon="13.751388">
        <ele>1209.343730</ele>
        <time>2026-07-17T15:54:32.661Z</time>
      </trkpt>
      <trkpt lat="46.409866" lon="13.751215">
        <ele>1207.055538</ele>
        <time>2026-07-17T15:54:35.191Z</time>
      </trkpt>
      <trkpt lat="46.409896" lon="13.751161">
        <ele>1206.652553</ele>
        <time>2026-07-17T15:54:35.635Z</time>
      </trkpt>
      <trkpt lat="46.409915" lon="13.750974">
        <ele>1205.554149</ele>
        <time>2026-07-17T15:54:36.842Z</time>
      </trkpt>
      <trkpt lat="46.409882" lon="13.750835">
        <ele>1204.699869</ele>
        <time>2026-07-17T15:54:37.770Z</time>
      </trkpt>
      <trkpt lat="46.409706" lon="13.750435">
        <ele>1201.942472</ele>
        <time>2026-07-17T15:54:40.702Z</time>
      </trkpt>
      <trkpt lat="46.409527" lon="13.749743">
        <ele>1197.647522</ele>
        <time>2026-07-17T15:54:45.116Z</time>
      </trkpt>
      <trkpt lat="46.409538" lon="13.749545">
        <ele>1196.493195</ele>
        <time>2026-07-17T15:54:46.290Z</time>
      </trkpt>
      <trkpt lat="46.409615" lon="13.749264">
        <ele>1194.736047</ele>
        <time>2026-07-17T15:54:48.059Z</time>
      </trkpt>
      <trkpt lat="46.409588" lon="13.749126">
        <ele>1193.774581</ele>
        <time>2026-07-17T15:54:48.895Z</time>
      </trkpt>
      <trkpt lat="46.409538" lon="13.749114">
        <ele>1193.106474</ele>
        <time>2026-07-17T15:54:49.320Z</time>
      </trkpt>
      <trkpt lat="46.409486" lon="13.749173">
        <ele>1192.236116</ele>
        <time>2026-07-17T15:54:49.880Z</time>
      </trkpt>
      <trkpt lat="46.409278" lon="13.749822">
        <ele>1185.730834</ele>
        <time>2026-07-17T15:54:54.046Z</time>
      </trkpt>
      <trkpt lat="46.409396" lon="13.750560">
        <ele>1178.844704</ele>
        <time>2026-07-17T15:54:58.422Z</time>
      </trkpt>
      <trkpt lat="46.409376" lon="13.750760">
        <ele>1177.007765</ele>
        <time>2026-07-17T15:54:59.579Z</time>
      </trkpt>
      <trkpt lat="46.409327" lon="13.750833">
        <ele>1176.081725</ele>
        <time>2026-07-17T15:55:00.169Z</time>
      </trkpt>
      <trkpt lat="46.409092" lon="13.750945">
        <ele>1172.820769</ele>
        <time>2026-07-17T15:55:02.231Z</time>
      </trkpt>
      <trkpt lat="46.408947" lon="13.751074">
        <ele>1170.578271</ele>
        <time>2026-07-17T15:55:03.638Z</time>
      </trkpt>
      <trkpt lat="46.408679" lon="13.751342">
        <ele>1166.441306</ele>
        <time>2026-07-17T15:55:06.343Z</time>
      </trkpt>
      <trkpt lat="46.408589" lon="13.751517">
        <ele>1164.531068</ele>
        <time>2026-07-17T15:55:07.596Z</time>
      </trkpt>
      <trkpt lat="46.408568" lon="13.752395">
        <ele>1156.844089</ele>
        <time>2026-07-17T15:55:12.661Z</time>
      </trkpt>
      <trkpt lat="46.408642" lon="13.752753">
        <ele>1153.573920</ele>
        <time>2026-07-17T15:55:14.843Z</time>
      </trkpt>
      <trkpt lat="46.408600" lon="13.752843">
        <ele>1152.623027</ele>
        <time>2026-07-17T15:55:15.487Z</time>
      </trkpt>
      <trkpt lat="46.408532" lon="13.752825">
        <ele>1151.745858</ele>
        <time>2026-07-17T15:55:16.076Z</time>
      </trkpt>
      <trkpt lat="46.408497" lon="13.752734">
        <ele>1150.834124</ele>
        <time>2026-07-17T15:55:16.696Z</time>
      </trkpt>
      <trkpt lat="46.408414" lon="13.751841">
        <ele>1143.768891</ele>
        <time>2026-07-17T15:55:22.039Z</time>
      </trkpt>
      <trkpt lat="46.408385" lon="13.751738">
        <ele>1142.967128</ele>
        <time>2026-07-17T15:55:22.704Z</time>
      </trkpt>
      <trkpt lat="46.408220" lon="13.751399">
        <ele>1139.976793</ele>
        <time>2026-07-17T15:55:25.165Z</time>
      </trkpt>
      <trkpt lat="46.408222" lon="13.751206">
        <ele>1138.585785</ele>
        <time>2026-07-17T15:55:26.311Z</time>
      </trkpt>
      <trkpt lat="46.408280" lon="13.750761">
        <ele>1135.322115</ele>
        <time>2026-07-17T15:55:28.991Z</time>
      </trkpt>
      <trkpt lat="46.408260" lon="13.750652">
        <ele>1134.509272</ele>
        <time>2026-07-17T15:55:29.653Z</time>
      </trkpt>
      <trkpt lat="46.408198" lon="13.750634">
        <ele>1133.848423</ele>
        <time>2026-07-17T15:55:30.195Z</time>
      </trkpt>
      <trkpt lat="46.408160" lon="13.750669">
        <ele>1133.377942</ele>
        <time>2026-07-17T15:55:30.581Z</time>
      </trkpt>
      <trkpt lat="46.408135" lon="13.750742">
        <ele>1132.790554</ele>
        <time>2026-07-17T15:55:31.061Z</time>
      </trkpt>
      <trkpt lat="46.408039" lon="13.751342">
        <ele>1128.347234</ele>
        <time>2026-07-17T15:55:34.680Z</time>
      </trkpt>
      <trkpt lat="46.408050" lon="13.751552">
        <ele>1126.813956</ele>
        <time>2026-07-17T15:55:35.913Z</time>
      </trkpt>
      <trkpt lat="46.408112" lon="13.751745">
        <ele>1125.263837</ele>
        <time>2026-07-17T15:55:37.159Z</time>
      </trkpt>
      <trkpt lat="46.408180" lon="13.752137">
        <ele>1122.321017</ele>
        <time>2026-07-17T15:55:39.534Z</time>
      </trkpt>
      <trkpt lat="46.408160" lon="13.752274">
        <ele>1121.301502</ele>
        <time>2026-07-17T15:55:40.358Z</time>
      </trkpt>
      <trkpt lat="46.408098" lon="13.752292">
        <ele>1120.633881</ele>
        <time>2026-07-17T15:55:40.897Z</time>
      </trkpt>
      <trkpt lat="46.408055" lon="13.752222">
        <ele>1119.951349</ele>
        <time>2026-07-17T15:55:41.448Z</time>
      </trkpt>
      <trkpt lat="46.408029" lon="13.751957">
        <ele>1118.002624</ele>
        <time>2026-07-17T15:55:43.029Z</time>
      </trkpt>
      <trkpt lat="46.407987" lon="13.751770">
        <ele>1116.570794</ele>
        <time>2026-07-17T15:55:44.192Z</time>
      </trkpt>
      <trkpt lat="46.407837" lon="13.751589">
        <ele>1114.510491</ele>
        <time>2026-07-17T15:55:45.866Z</time>
      </trkpt>
      <trkpt lat="46.407771" lon="13.751381">
        <ele>1112.843522</ele>
        <time>2026-07-17T15:55:47.220Z</time>
      </trkpt>
      <trkpt lat="46.407745" lon="13.750942">
        <ele>1109.652123</ele>
        <time>2026-07-17T15:55:49.828Z</time>
      </trkpt>
      <trkpt lat="46.407647" lon="13.750458">
        <ele>1106.339675</ele>
        <time>2026-07-17T15:55:52.828Z</time>
      </trkpt>
      <trkpt lat="46.407593" lon="13.750394">
        <ele>1105.675527</ele>
        <time>2026-07-17T15:55:53.432Z</time>
      </trkpt>
      <trkpt lat="46.407527" lon="13.750443">
        <ele>1104.969407</ele>
        <time>2026-07-17T15:55:54.068Z</time>
      </trkpt>
      <trkpt lat="46.407516" lon="13.750533">
        <ele>1104.369196</ele>
        <time>2026-07-17T15:55:54.611Z</time>
      </trkpt>
      <trkpt lat="46.407551" lon="13.751096">
        <ele>1100.657176</ele>
        <time>2026-07-17T15:55:58.002Z</time>
      </trkpt>
      <trkpt lat="46.407472" lon="13.751487">
        <ele>1097.981657</ele>
        <time>2026-07-17T15:56:00.450Z</time>
      </trkpt>
      <trkpt lat="46.407485" lon="13.751572">
        <ele>1097.409926</ele>
        <time>2026-07-17T15:56:00.974Z</time>
      </trkpt>
      <trkpt lat="46.407666" lon="13.751978">
        <ele>1094.235157</ele>
        <time>2026-07-17T15:56:03.852Z</time>
      </trkpt>
      <trkpt lat="46.407671" lon="13.752260">
        <ele>1092.363740</ele>
        <time>2026-07-17T15:56:05.527Z</time>
      </trkpt>
      <trkpt lat="46.407627" lon="13.752787">
        <ele>1088.650461</ele>
        <time>2026-07-17T15:56:08.687Z</time>
      </trkpt>
      <trkpt lat="46.407770" lon="13.753452">
        <ele>1083.777845</ele>
        <time>2026-07-17T15:56:12.845Z</time>
      </trkpt>
      <trkpt lat="46.407766" lon="13.753611">
        <ele>1082.664906</ele>
        <time>2026-07-17T15:56:13.784Z</time>
      </trkpt>
      <trkpt lat="46.407721" lon="13.753776">
        <ele>1081.423734</ele>
        <time>2026-07-17T15:56:14.825Z</time>
      </trkpt>
      <trkpt lat="46.407621" lon="13.753939">
        <ele>1079.897577</ele>
        <time>2026-07-17T15:56:16.102Z</time>
      </trkpt>
      <trkpt lat="46.407455" lon="13.754052">
        <ele>1078.037284</ele>
        <time>2026-07-17T15:56:17.662Z</time>
      </trkpt>
      <trkpt lat="46.407417" lon="13.754144">
        <ele>1077.287116</ele>
        <time>2026-07-17T15:56:18.288Z</time>
      </trkpt>
      <trkpt lat="46.407416" lon="13.754290">
        <ele>1076.265795</ele>
        <time>2026-07-17T15:56:19.155Z</time>
      </trkpt>
      <trkpt lat="46.407441" lon="13.754355">
        <ele>1075.745169</ele>
        <time>2026-07-17T15:56:19.593Z</time>
      </trkpt>
      <trkpt lat="46.407571" lon="13.754508">
        <ele>1074.033291</ele>
        <time>2026-07-17T15:56:21.023Z</time>
      </trkpt>
      <trkpt lat="46.407582" lon="13.754574">
        <ele>1073.541552</ele>
        <time>2026-07-17T15:56:21.432Z</time>
      </trkpt>
      <trkpt lat="46.407545" lon="13.754653">
        <ele>1072.849931</ele>
        <time>2026-07-17T15:56:21.998Z</time>
      </trkpt>
      <trkpt lat="46.407501" lon="13.754653">
        <ele>1072.387800</ele>
        <time>2026-07-17T15:56:22.371Z</time>
      </trkpt>
      <trkpt lat="46.407409" lon="13.754556">
        <ele>1071.193162</ele>
        <time>2026-07-17T15:56:23.356Z</time>
      </trkpt>
      <trkpt lat="46.407277" lon="13.754325">
        <ele>1069.020437</ele>
        <time>2026-07-17T15:56:25.139Z</time>
      </trkpt>
      <trkpt lat="46.407252" lon="13.754222">
        <ele>1068.229638</ele>
        <time>2026-07-17T15:56:25.790Z</time>
      </trkpt>
      <trkpt lat="46.407279" lon="13.753976">
        <ele>1066.425657</ele>
        <time>2026-07-17T15:56:27.273Z</time>
      </trkpt>
      <trkpt lat="46.407357" lon="13.753758">
        <ele>1064.646989</ele>
        <time>2026-07-17T15:56:28.724Z</time>
      </trkpt>
      <trkpt lat="46.407390" lon="13.753571">
        <ele>1063.249073</ele>
        <time>2026-07-17T15:56:29.880Z</time>
      </trkpt>
      <trkpt lat="46.407342" lon="13.753292">
        <ele>1061.166591</ele>
        <time>2026-07-17T15:56:31.563Z</time>
      </trkpt>
      <trkpt lat="46.407051" lon="13.752772">
        <ele>1056.316514</ele>
        <time>2026-07-17T15:56:35.540Z</time>
      </trkpt>
      <trkpt lat="46.407018" lon="13.752608">
        <ele>1055.015274</ele>
        <time>2026-07-17T15:56:36.546Z</time>
      </trkpt>
      <trkpt lat="46.407000" lon="13.752305">
        <ele>1052.504544</ele>
        <time>2026-07-17T15:56:38.317Z</time>
      </trkpt>
      <trkpt lat="46.406945" lon="13.752116">
        <ele>1050.810960</ele>
        <time>2026-07-17T15:56:39.504Z</time>
      </trkpt>
      <trkpt lat="46.406672" lon="13.751776">
        <ele>1046.502533</ele>
        <time>2026-07-17T15:56:42.511Z</time>
      </trkpt>
      <trkpt lat="46.406489" lon="13.751377">
        <ele>1042.546365</ele>
        <time>2026-07-17T15:56:45.263Z</time>
      </trkpt>
      <trkpt lat="46.406463" lon="13.751128">
        <ele>1040.467251</ele>
        <time>2026-07-17T15:56:46.725Z</time>
      </trkpt>
      <trkpt lat="46.406422" lon="13.751036">
        <ele>1039.562898</ele>
        <time>2026-07-17T15:56:47.367Z</time>
      </trkpt>
      <trkpt lat="46.406244" lon="13.750860">
        <ele>1036.983533</ele>
        <time>2026-07-17T15:56:49.205Z</time>
      </trkpt>
      <trkpt lat="46.406180" lon="13.750673">
        <ele>1035.260000</ele>
        <time>2026-07-17T15:56:50.444Z</time>
      </trkpt>
      <trkpt lat="46.406280" lon="13.749991">
        <ele>1029.556292</ele>
        <time>2026-07-17T15:56:54.601Z</time>
      </trkpt>
      <trkpt lat="46.406336" lon="13.749768">
        <ele>1027.619890</ele>
        <time>2026-07-17T15:56:56.005Z</time>
      </trkpt>
      <trkpt lat="46.406389" lon="13.749670">
        <ele>1026.603691</ele>
        <time>2026-07-17T15:56:56.744Z</time>
      </trkpt>
      <trkpt lat="46.406786" lon="13.749256">
        <ele>1020.817699</ele>
        <time>2026-07-17T15:57:00.903Z</time>
      </trkpt>
      <trkpt lat="46.406799" lon="13.749151">
        <ele>1019.947293</ele>
        <time>2026-07-17T15:57:01.526Z</time>
      </trkpt>
      <trkpt lat="46.406752" lon="13.749088">
        <ele>1019.189986</ele>
        <time>2026-07-17T15:57:02.063Z</time>
      </trkpt>
      <trkpt lat="46.406714" lon="13.749094">
        <ele>1018.737683</ele>
        <time>2026-07-17T15:57:02.384Z</time>
      </trkpt>
      <trkpt lat="46.406515" lon="13.749281">
        <ele>1015.931856</ele>
        <time>2026-07-17T15:57:04.372Z</time>
      </trkpt>
      <trkpt lat="46.406137" lon="13.749394">
        <ele>1011.359055</ele>
        <time>2026-07-17T15:57:07.595Z</time>
      </trkpt>
      <trkpt lat="46.406072" lon="13.749467">
        <ele>1010.381970</ele>
        <time>2026-07-17T15:57:08.277Z</time>
      </trkpt>
      <trkpt lat="46.405848" lon="13.750000">
        <ele>1005.266566</ele>
        <time>2026-07-17T15:57:11.851Z</time>
      </trkpt>
      <trkpt lat="46.405730" lon="13.750152">
        <ele>1003.390797</ele>
        <time>2026-07-17T15:57:13.172Z</time>
      </trkpt>
      <trkpt lat="46.405572" lon="13.750227">
        <ele>1001.414937</ele>
        <time>2026-07-17T15:57:14.574Z</time>
      </trkpt>
      <trkpt lat="46.405536" lon="13.750207">
        <ele>1000.956758</ele>
        <time>2026-07-17T15:57:14.900Z</time>
      </trkpt>
      <trkpt lat="46.405520" lon="13.750160">
        <ele>1000.527197</ele>
        <time>2026-07-17T15:57:15.207Z</time>
      </trkpt>
      <trkpt lat="46.405542" lon="13.750068">
        <ele>999.729180</ele>
        <time>2026-07-17T15:57:15.779Z</time>
      </trkpt>
      <trkpt lat="46.405705" lon="13.749929">
        <ele>997.481829</ele>
        <time>2026-07-17T15:57:17.396Z</time>
      </trkpt>
      <trkpt lat="46.405783" lon="13.749801">
        <ele>996.081913</ele>
        <time>2026-07-17T15:57:18.409Z</time>
      </trkpt>
      <trkpt lat="46.405807" lon="13.749608">
        <ele>994.474717</ele>
        <time>2026-07-17T15:57:19.578Z</time>
      </trkpt>
      <trkpt lat="46.405779" lon="13.749397">
        <ele>992.713792</ele>
        <time>2026-07-17T15:57:20.870Z</time>
      </trkpt>
      <trkpt lat="46.405805" lon="13.749246">
        <ele>991.438312</ele>
        <time>2026-07-17T15:57:21.817Z</time>
      </trkpt>
      <trkpt lat="46.405978" lon="13.749086">
        <ele>989.840750</ele>
        <time>2026-07-17T15:57:23.625Z</time>
      </trkpt>
      <trkpt lat="46.406151" lon="13.748974">
        <ele>988.397648</ele>
        <time>2026-07-17T15:57:25.283Z</time>
      </trkpt>
      <trkpt lat="46.406234" lon="13.748868">
        <ele>987.555230</ele>
        <time>2026-07-17T15:57:26.269Z</time>
      </trkpt>
      <trkpt lat="46.406254" lon="13.748728">
        <ele>986.804291</ele>
        <time>2026-07-17T15:57:27.153Z</time>
      </trkpt>
      <trkpt lat="46.406241" lon="13.748339">
        <ele>984.758745</ele>
        <time>2026-07-17T15:57:29.581Z</time>
      </trkpt>
      <trkpt lat="46.406287" lon="13.748064">
        <ele>983.272468</ele>
        <time>2026-07-17T15:57:31.360Z</time>
      </trkpt>
      <trkpt lat="46.406414" lon="13.747737">
        <ele>981.301270</ele>
        <time>2026-07-17T15:57:33.686Z</time>
      </trkpt>
      <trkpt lat="46.406595" lon="13.747121">
        <ele>977.784359</ele>
        <time>2026-07-17T15:57:37.797Z</time>
      </trkpt>
      <trkpt lat="46.406614" lon="13.747090">
        <ele>977.548092</ele>
        <time>2026-07-17T15:57:38.050Z</time>
      </trkpt>
      <trkpt lat="46.406862" lon="13.746680">
        <ele>973.978573</ele>
        <time>2026-07-17T15:57:41.344Z</time>
      </trkpt>
      <trkpt lat="46.406903" lon="13.746562">
        <ele>973.113778</ele>
        <time>2026-07-17T15:57:42.152Z</time>
      </trkpt>
      <trkpt lat="46.406882" lon="13.746479">
        <ele>972.535145</ele>
        <time>2026-07-17T15:57:42.689Z</time>
      </trkpt>
      <trkpt lat="46.406817" lon="13.746484">
        <ele>971.917321</ele>
        <time>2026-07-17T15:57:43.266Z</time>
      </trkpt>
      <trkpt lat="46.406672" lon="13.746779">
        <ele>969.546277</ele>
        <time>2026-07-17T15:57:45.473Z</time>
      </trkpt>
      <trkpt lat="46.406284" lon="13.747431">
        <ele>963.909608</ele>
        <time>2026-07-17T15:57:50.588Z</time>
      </trkpt>
      <trkpt lat="46.405995" lon="13.747734">
        <ele>960.517103</ele>
        <time>2026-07-17T15:57:53.609Z</time>
      </trkpt>
      <trkpt lat="46.405956" lon="13.747857">
        <ele>959.478730</ele>
        <time>2026-07-17T15:57:54.387Z</time>
      </trkpt>
      <trkpt lat="46.405911" lon="13.748156">
        <ele>957.131402</ele>
        <time>2026-07-17T15:57:56.163Z</time>
      </trkpt>
      <trkpt lat="46.405831" lon="13.748198">
        <ele>956.185021</ele>
        <time>2026-07-17T15:57:56.879Z</time>
      </trkpt>
      <trkpt lat="46.405797" lon="13.748122">
        <ele>955.490161</ele>
        <time>2026-07-17T15:57:57.406Z</time>
      </trkpt>
      <trkpt lat="46.405800" lon="13.748048">
        <ele>954.921598</ele>
        <time>2026-07-17T15:57:57.847Z</time>
      </trkpt>
      <trkpt lat="46.405877" lon="13.747611">
        <ele>951.462088</ele>
        <time>2026-07-17T15:58:00.500Z</time>
      </trkpt>
      <trkpt lat="46.406153" lon="13.747140">
        <ele>946.721218</ele>
        <time>2026-07-17T15:58:04.164Z</time>
      </trkpt>
      <trkpt lat="46.406399" lon="13.746530">
        <ele>941.301101</ele>
        <time>2026-07-17T15:58:08.340Z</time>
      </trkpt>
      <trkpt lat="46.406574" lon="13.745585">
        <ele>933.446587</ele>
        <time>2026-07-17T15:58:14.037Z</time>
      </trkpt>
      <trkpt lat="46.406683" lon="13.745199">
        <ele>930.082064</ele>
        <time>2026-07-17T15:58:16.461Z</time>
      </trkpt>
      <trkpt lat="46.406749" lon="13.745005">
        <ele>928.337126</ele>
        <time>2026-07-17T15:58:17.722Z</time>
      </trkpt>
      <trkpt lat="46.407102" lon="13.744268">
        <ele>921.098900</ele>
        <time>2026-07-17T15:58:22.965Z</time>
      </trkpt>
      <trkpt lat="46.407122" lon="13.744181">
        <ele>920.359175</ele>
        <time>2026-07-17T15:58:23.500Z</time>
      </trkpt>
      <trkpt lat="46.407096" lon="13.744074">
        <ele>919.460434</ele>
        <time>2026-07-17T15:58:24.160Z</time>
      </trkpt>
      <trkpt lat="46.407024" lon="13.744075">
        <ele>918.795230</ele>
        <time>2026-07-17T15:58:24.773Z</time>
      </trkpt>
      <trkpt lat="46.406844" lon="13.744485">
        <ele>915.698964</ele>
        <time>2026-07-17T15:58:27.628Z</time>
      </trkpt>
      <trkpt lat="46.406466" lon="13.744981">
        <ele>910.989545</ele>
        <time>2026-07-17T15:58:32.025Z</time>
      </trkpt>
      <trkpt lat="46.406221" lon="13.745406">
        <ele>907.460652</ele>
        <time>2026-07-17T15:58:35.391Z</time>
      </trkpt>
      <trkpt lat="46.406030" lon="13.745881">
        <ele>903.957822</ele>
        <time>2026-07-17T15:58:38.768Z</time>
      </trkpt>
      <trkpt lat="46.405956" lon="13.745881">
        <ele>903.274171</ele>
        <time>2026-07-17T15:58:39.425Z</time>
      </trkpt>
      <trkpt lat="46.405941" lon="13.745850">
        <ele>903.032919</ele>
        <time>2026-07-17T15:58:39.661Z</time>
      </trkpt>
      <trkpt lat="46.405951" lon="13.745735">
        <ele>902.409621</ele>
        <time>2026-07-17T15:58:40.368Z</time>
      </trkpt>
      <trkpt lat="46.406249" lon="13.744831">
        <ele>897.229854</ele>
        <time>2026-07-17T15:58:46.496Z</time>
      </trkpt>
      <trkpt lat="46.406441" lon="13.744499">
        <ele>894.989886</ele>
        <time>2026-07-17T15:58:49.198Z</time>
      </trkpt>
      <trkpt lat="46.406443" lon="13.744452">
        <ele>894.746460</ele>
        <time>2026-07-17T15:58:49.497Z</time>
      </trkpt>
      <trkpt lat="46.406410" lon="13.744390">
        <ele>894.341577</ele>
        <time>2026-07-17T15:58:49.992Z</time>
      </trkpt>
      <trkpt lat="46.406323" lon="13.744402">
        <ele>893.686399</ele>
        <time>2026-07-17T15:58:50.785Z</time>
      </trkpt>
      <trkpt lat="46.406254" lon="13.744494">
        <ele>892.983708</ele>
        <time>2026-07-17T15:58:51.627Z</time>
      </trkpt>
      <trkpt lat="46.405700" lon="13.745524">
        <ele>885.291348</ele>
        <time>2026-07-17T15:58:59.589Z</time>
      </trkpt>
      <trkpt lat="46.405627" lon="13.745520">
        <ele>884.582376</ele>
        <time>2026-07-17T15:59:00.219Z</time>
      </trkpt>
      <trkpt lat="46.405608" lon="13.745446">
        <ele>884.053946</ele>
        <time>2026-07-17T15:59:00.689Z</time>
      </trkpt>
      <trkpt lat="46.405747" lon="13.745101">
        <ele>881.379962</ele>
        <time>2026-07-17T15:59:03.067Z</time>
      </trkpt>
      <trkpt lat="46.406115" lon="13.743989">
        <ele>873.125755</ele>
        <time>2026-07-17T15:59:10.341Z</time>
      </trkpt>
      <trkpt lat="46.406205" lon="13.743803">
        <ele>871.573736</ele>
        <time>2026-07-17T15:59:11.680Z</time>
      </trkpt>
      <trkpt lat="46.406457" lon="13.743415">
        <ele>867.695265</ele>
        <time>2026-07-17T15:59:14.819Z</time>
      </trkpt>
      <trkpt lat="46.406545" lon="13.742761">
        <ele>862.846713</ele>
        <time>2026-07-17T15:59:18.746Z</time>
      </trkpt>
      <trkpt lat="46.406612" lon="13.742611">
        <ele>861.546258</ele>
        <time>2026-07-17T15:59:19.803Z</time>
      </trkpt>
      <trkpt lat="46.406768" lon="13.742390">
        <ele>859.244963</ele>
        <time>2026-07-17T15:59:21.671Z</time>
      </trkpt>
      <trkpt lat="46.406804" lon="13.742292">
        <ele>858.436994</ele>
        <time>2026-07-17T15:59:22.326Z</time>
      </trkpt>
      <trkpt lat="46.406859" lon="13.741585">
        <ele>853.259945</ele>
        <time>2026-07-17T15:59:26.525Z</time>
      </trkpt>
      <trkpt lat="46.406975" lon="13.741139">
        <ele>850.020338</ele>
        <time>2026-07-17T15:59:29.347Z</time>
      </trkpt>
      <trkpt lat="46.407094" lon="13.740856">
        <ele>847.781300</ele>
        <time>2026-07-17T15:59:31.316Z</time>
      </trkpt>
      <trkpt lat="46.407099" lon="13.740800">
        <ele>847.399871</ele>
        <time>2026-07-17T15:59:31.651Z</time>
      </trkpt>
      <trkpt lat="46.407085" lon="13.740755">
        <ele>847.066396</ele>
        <time>2026-07-17T15:59:31.939Z</time>
      </trkpt>
      <trkpt lat="46.407023" lon="13.740732">
        <ele>846.439470</ele>
        <time>2026-07-17T15:59:32.488Z</time>
      </trkpt>
      <trkpt lat="46.406945" lon="13.740825">
        <ele>845.450278</ele>
        <time>2026-07-17T15:59:33.360Z</time>
      </trkpt>
      <trkpt lat="46.406803" lon="13.741138">
        <ele>842.919422</ele>
        <time>2026-07-17T15:59:35.595Z</time>
      </trkpt>
      <trkpt lat="46.406347" lon="13.741960">
        <ele>835.793017</ele>
        <time>2026-07-17T15:59:41.895Z</time>
      </trkpt>
      <trkpt lat="46.406147" lon="13.742237">
        <ele>833.007485</ele>
        <time>2026-07-17T15:59:44.291Z</time>
      </trkpt>
      <trkpt lat="46.406080" lon="13.742498">
        <ele>831.063265</ele>
        <time>2026-07-17T15:59:45.947Z</time>
      </trkpt>
      <trkpt lat="46.406028" lon="13.742582">
        <ele>830.275210</ele>
        <time>2026-07-17T15:59:46.622Z</time>
      </trkpt>
      <trkpt lat="46.405905" lon="13.742621">
        <ele>829.000522</ele>
        <time>2026-07-17T15:59:47.705Z</time>
      </trkpt>
      <trkpt lat="46.405597" lon="13.742541">
        <ele>825.832659</ele>
        <time>2026-07-17T15:59:50.395Z</time>
      </trkpt>
      <trkpt lat="46.405531" lon="13.742560">
        <ele>825.151427</ele>
        <time>2026-07-17T15:59:50.975Z</time>
      </trkpt>
      <trkpt lat="46.405051" lon="13.742977">
        <ele>819.486584</ele>
        <time>2026-07-17T15:59:55.759Z</time>
      </trkpt>
      <trkpt lat="46.404965" lon="13.742976">
        <ele>818.615877</ele>
        <time>2026-07-17T15:59:56.505Z</time>
      </trkpt>
      <trkpt lat="46.404957" lon="13.742852">
        <ele>817.746429</ele>
        <time>2026-07-17T15:59:57.232Z</time>
      </trkpt>
      <trkpt lat="46.405295" lon="13.742283">
        <ele>812.424202</ele>
        <time>2026-07-17T16:00:01.669Z</time>
      </trkpt>
      <trkpt lat="46.405397" lon="13.741916">
        <ele>809.614779</ele>
        <time>2026-07-17T16:00:03.995Z</time>
      </trkpt>
      <trkpt lat="46.405569" lon="13.741563">
        <ele>806.545877</ele>
        <time>2026-07-17T16:00:06.542Z</time>
      </trkpt>
      <trkpt lat="46.405582" lon="13.741463">
        <ele>805.823365</ele>
        <time>2026-07-17T16:00:07.140Z</time>
      </trkpt>
      <trkpt lat="46.405539" lon="13.741175">
        <ele>803.731166</ele>
        <time>2026-07-17T16:00:08.888Z</time>
      </trkpt>
      <trkpt lat="46.405539" lon="13.741000">
        <ele>802.488658</ele>
        <time>2026-07-17T16:00:09.931Z</time>
      </trkpt>
      <trkpt lat="46.405814" lon="13.740424">
        <ele>797.928104</ele>
        <time>2026-07-17T16:00:14.113Z</time>
      </trkpt>
      <trkpt lat="46.405853" lon="13.740222">
        <ele>796.988732</ele>
        <time>2026-07-17T16:00:15.370Z</time>
      </trkpt>
      <trkpt lat="46.405871" lon="13.739838">
        <ele>795.265163</ele>
        <time>2026-07-17T16:00:17.657Z</time>
      </trkpt>
      <trkpt lat="46.405999" lon="13.739371">
        <ele>793.014725</ele>
        <time>2026-07-17T16:00:20.623Z</time>
      </trkpt>
      <trkpt lat="46.405969" lon="13.739295">
        <ele>792.622567</ele>
        <time>2026-07-17T16:00:21.149Z</time>
      </trkpt>
      <trkpt lat="46.405912" lon="13.739276">
        <ele>792.242739</ele>
        <time>2026-07-17T16:00:21.656Z</time>
      </trkpt>
      <trkpt lat="46.405691" lon="13.739473">
        <ele>790.558047</ele>
        <time>2026-07-17T16:00:23.987Z</time>
      </trkpt>
      <trkpt lat="46.405435" lon="13.739622">
        <ele>788.766603</ele>
        <time>2026-07-17T16:00:26.770Z</time>
      </trkpt>
      <trkpt lat="46.405299" lon="13.739614">
        <ele>787.882650</ele>
        <time>2026-07-17T16:00:28.562Z</time>
      </trkpt>
      <trkpt lat="46.405170" lon="13.739499">
        <ele>786.952179</ele>
        <time>2026-07-17T16:00:31.287Z</time>
      </trkpt>
      <trkpt lat="46.405105" lon="13.739351">
        <ele>786.930634</ele>
        <time>2026-07-17T16:00:34.037Z</time>
      </trkpt>
      <trkpt lat="46.405071" lon="13.739188">
        <ele>786.909725</ele>
        <time>2026-07-17T16:00:36.451Z</time>
      </trkpt>
      <trkpt lat="46.405073" lon="13.739059">
        <ele>786.893883</ele>
        <time>2026-07-17T16:00:38.088Z</time>
      </trkpt>
      <trkpt lat="46.405148" lon="13.738639">
        <ele>786.840613</ele>
        <time>2026-07-17T16:00:43.487Z</time>
      </trkpt>
      <trkpt lat="46.405103" lon="13.738471">
        <ele>786.818485</ele>
        <time>2026-07-17T16:00:45.913Z</time>
      </trkpt>
      <trkpt lat="46.404985" lon="13.738363">
        <ele>786.793639</ele>
        <time>2026-07-17T16:00:48.788Z</time>
      </trkpt>
      <trkpt lat="46.404843" lon="13.738380">
        <ele>786.768269</ele>
        <time>2026-07-17T16:00:51.858Z</time>
      </trkpt>
      <trkpt lat="46.404727" lon="13.738510">
        <ele>786.742165</ele>
        <time>2026-07-17T16:00:54.862Z</time>
      </trkpt>
      <trkpt lat="46.404616" lon="13.738862">
        <ele>786.694641</ele>
        <time>2026-07-17T16:00:59.270Z</time>
      </trkpt>
      <trkpt lat="46.404477" lon="13.739532">
        <ele>786.230147</ele>
        <time>2026-07-17T16:01:04.407Z</time>
      </trkpt>
      <trkpt lat="46.404280" lon="13.739812">
        <ele>785.427375</ele>
        <time>2026-07-17T16:01:07.146Z</time>
      </trkpt>
      <trkpt lat="46.404107" lon="13.739941">
        <ele>784.861240</ele>
        <time>2026-07-17T16:01:09.153Z</time>
      </trkpt>
      <trkpt lat="46.403648" lon="13.740154">
        <ele>783.458699</ele>
        <time>2026-07-17T16:01:14.425Z</time>
      </trkpt>
      <trkpt lat="46.403472" lon="13.740241">
        <ele>782.917551</ele>
        <time>2026-07-17T16:01:16.421Z</time>
      </trkpt>
      <trkpt lat="46.403230" lon="13.740452">
        <ele>782.095768</ele>
        <time>2026-07-17T16:01:19.499Z</time>
      </trkpt>
      <trkpt lat="46.402921" lon="13.740921">
        <ele>778.908820</ele>
        <time>2026-07-17T16:01:24.150Z</time>
      </trkpt>
      <trkpt lat="46.402406" lon="13.742090">
        <ele>767.448102</ele>
        <time>2026-07-17T16:01:32.362Z</time>
      </trkpt>
      <trkpt lat="46.402277" lon="13.742336">
        <ele>764.894800</ele>
        <time>2026-07-17T16:01:34.101Z</time>
      </trkpt>
      <trkpt lat="46.402043" lon="13.742639">
        <ele>761.136288</ele>
        <time>2026-07-17T16:01:36.668Z</time>
      </trkpt>
      <trkpt lat="46.401933" lon="13.742877">
        <ele>758.721448</ele>
        <time>2026-07-17T16:01:38.284Z</time>
      </trkpt>
      <trkpt lat="46.401787" lon="13.743371">
        <ele>754.084939</ele>
        <time>2026-07-17T16:01:41.326Z</time>
      </trkpt>
      <trkpt lat="46.401766" lon="13.743441">
        <ele>753.426397</ele>
        <time>2026-07-17T16:01:41.756Z</time>
      </trkpt>
      <trkpt lat="46.401544" lon="13.743986">
        <ele>747.965835</ele>
        <time>2026-07-17T16:01:45.378Z</time>
      </trkpt>
      <trkpt lat="46.401377" lon="13.744309">
        <ele>744.483180</ele>
        <time>2026-07-17T16:01:47.735Z</time>
      </trkpt>
      <trkpt lat="46.401233" lon="13.744526">
        <ele>741.885185</ele>
        <time>2026-07-17T16:01:49.532Z</time>
      </trkpt>
      <trkpt lat="46.401054" lon="13.744681">
        <ele>739.277062</ele>
        <time>2026-07-17T16:01:51.406Z</time>
      </trkpt>
      <trkpt lat="46.400880" lon="13.744743">
        <ele>737.277932</ele>
        <time>2026-07-17T16:01:53.099Z</time>
      </trkpt>
      <trkpt lat="46.400704" lon="13.744740">
        <ele>736.779160</ele>
        <time>2026-07-17T16:01:54.880Z</time>
      </trkpt>
      <trkpt lat="46.400549" lon="13.744689">
        <ele>736.328765</ele>
        <time>2026-07-17T16:01:56.712Z</time>
      </trkpt>
      <trkpt lat="46.400083" lon="13.744334">
        <ele>734.837104</ele>
        <time>2026-07-17T16:02:03.159Z</time>
      </trkpt>
      <trkpt lat="46.400004" lon="13.744281">
        <ele>734.590440</ele>
        <time>2026-07-17T16:02:04.186Z</time>
      </trkpt>
      <trkpt lat="46.399943" lon="13.744290">
        <ele>734.416689</ele>
        <time>2026-07-17T16:02:04.963Z</time>
      </trkpt>
      <trkpt lat="46.399865" lon="13.744359">
        <ele>734.157774</ele>
        <time>2026-07-17T16:02:06.006Z</time>
      </trkpt>
      <trkpt lat="46.399767" lon="13.744498">
        <ele>733.769307</ele>
        <time>2026-07-17T16:02:07.564Z</time>
      </trkpt>
      <trkpt lat="46.399669" lon="13.744573">
        <ele>733.455297</ele>
        <time>2026-07-17T16:02:08.799Z</time>
      </trkpt>
      <trkpt lat="46.399562" lon="13.744546">
        <ele>733.147530</ele>
        <time>2026-07-17T16:02:09.961Z</time>
      </trkpt>
      <trkpt lat="46.399077" lon="13.744096">
        <ele>730.916178</ele>
        <time>2026-07-17T16:02:15.701Z</time>
      </trkpt>
      <trkpt lat="46.398866" lon="13.743963">
        <ele>729.733047</ele>
        <time>2026-07-17T16:02:17.886Z</time>
      </trkpt>
      <trkpt lat="46.398768" lon="13.743931">
        <ele>729.216472</ele>
        <time>2026-07-17T16:02:18.829Z</time>
      </trkpt>
      <trkpt lat="46.398671" lon="13.743940">
        <ele>728.716638</ele>
        <time>2026-07-17T16:02:19.727Z</time>
      </trkpt>
      <trkpt lat="46.398599" lon="13.743989">
        <ele>728.307633</ele>
        <time>2026-07-17T16:02:20.464Z</time>
      </trkpt>
      <trkpt lat="46.398179" lon="13.744546">
        <ele>725.380725</ele>
        <time>2026-07-17T16:02:25.709Z</time>
      </trkpt>
      <trkpt lat="46.397960" lon="13.744769">
        <ele>724.004591</ele>
        <time>2026-07-17T16:02:28.171Z</time>
      </trkpt>
      <trkpt lat="46.397813" lon="13.744849">
        <ele>723.197168</ele>
        <time>2026-07-17T16:02:29.613Z</time>
      </trkpt>
      <trkpt lat="46.397413" lon="13.744927">
        <ele>721.083184</ele>
        <time>2026-07-17T16:02:33.332Z</time>
      </trkpt>
      <trkpt lat="46.397145" lon="13.745065">
        <ele>719.590760</ele>
        <time>2026-07-17T16:02:35.956Z</time>
      </trkpt>
      <trkpt lat="46.396877" lon="13.745153">
        <ele>718.148773</ele>
        <time>2026-07-17T16:02:38.516Z</time>
      </trkpt>
      <trkpt lat="46.396573" lon="13.745155">
        <ele>716.553463</ele>
        <time>2026-07-17T16:02:41.366Z</time>
      </trkpt>
      <trkpt lat="46.396406" lon="13.745086">
        <ele>715.642217</ele>
        <time>2026-07-17T16:02:43.013Z</time>
      </trkpt>
      <trkpt lat="46.395618" lon="13.744616">
        <ele>711.570244</ele>
        <time>2026-07-17T16:02:51.175Z</time>
      </trkpt>
      <trkpt lat="46.395027" lon="13.744193">
        <ele>708.688808</ele>
        <time>2026-07-17T16:02:57.453Z</time>
      </trkpt>
      <trkpt lat="46.394540" lon="13.743927">
        <ele>706.413639</ele>
        <time>2026-07-17T16:03:02.445Z</time>
      </trkpt>
      <trkpt lat="46.394452" lon="13.743895">
        <ele>706.016998</ele>
        <time>2026-07-17T16:03:03.324Z</time>
      </trkpt>
      <trkpt lat="46.394313" lon="13.743905">
        <ele>705.553416</ele>
        <time>2026-07-17T16:03:04.690Z</time>
      </trkpt>
      <trkpt lat="46.394179" lon="13.743967">
        <ele>705.243610</ele>
        <time>2026-07-17T16:03:06.084Z</time>
      </trkpt>
      <trkpt lat="46.393996" lon="13.744157">
        <ele>704.747858</ele>
        <time>2026-07-17T16:03:08.370Z</time>
      </trkpt>
      <trkpt lat="46.393613" lon="13.744814">
        <ele>703.441057</ele>
        <time>2026-07-17T16:03:14.822Z</time>
      </trkpt>
      <trkpt lat="46.393379" lon="13.745059">
        <ele>702.805325</ele>
        <time>2026-07-17T16:03:18.258Z</time>
      </trkpt>
      <trkpt lat="46.393027" lon="13.745328">
        <ele>701.928923</ele>
        <time>2026-07-17T16:03:23.267Z</time>
      </trkpt>
      <trkpt lat="46.392851" lon="13.745397">
        <ele>701.473585</ele>
        <time>2026-07-17T16:03:25.509Z</time>
      </trkpt>
      <trkpt lat="46.392668" lon="13.745388">
        <ele>700.967773</ele>
        <time>2026-07-17T16:03:27.687Z</time>
      </trkpt>
      <trkpt lat="46.391933" lon="13.745124">
        <ele>698.876025</ele>
        <time>2026-07-17T16:03:35.777Z</time>
      </trkpt>
      <trkpt lat="46.391722" lon="13.745099">
        <ele>698.291213</ele>
        <time>2026-07-17T16:03:37.869Z</time>
      </trkpt>
      <trkpt lat="46.391498" lon="13.745130">
        <ele>697.669621</ele>
        <time>2026-07-17T16:03:40.055Z</time>
      </trkpt>
      <trkpt lat="46.391166" lon="13.745307">
        <ele>696.663390</ele>
        <time>2026-07-17T16:03:43.491Z</time>
      </trkpt>
      <trkpt lat="46.390728" lon="13.745745">
        <ele>694.644503</ele>
        <time>2026-07-17T16:03:48.678Z</time>
      </trkpt>
      <trkpt lat="46.390440" lon="13.745985">
        <ele>693.384089</ele>
        <time>2026-07-17T16:03:51.945Z</time>
      </trkpt>
      <trkpt lat="46.390154" lon="13.746193">
        <ele>692.170034</ele>
        <time>2026-07-17T16:03:55.104Z</time>
      </trkpt>
      <trkpt lat="46.389714" lon="13.746455">
        <ele>690.365208</ele>
        <time>2026-07-17T16:03:59.755Z</time>
      </trkpt>
      <trkpt lat="46.389552" lon="13.746591">
        <ele>689.832448</ele>
        <time>2026-07-17T16:04:01.614Z</time>
      </trkpt>
      <trkpt lat="46.389363" lon="13.746876">
        <ele>689.429552</ele>
        <time>2026-07-17T16:04:04.394Z</time>
      </trkpt>
      <trkpt lat="46.389070" lon="13.747597">
        <ele>688.576760</ele>
        <time>2026-07-17T16:04:10.597Z</time>
      </trkpt>
      <trkpt lat="46.388792" lon="13.748205">
        <ele>687.833389</ele>
        <time>2026-07-17T16:04:16.546Z</time>
      </trkpt>
      <trkpt lat="46.388408" lon="13.748808">
        <ele>687.450706</ele>
        <time>2026-07-17T16:04:26.414Z</time>
      </trkpt>
      <trkpt lat="46.388099" lon="13.749238">
        <ele>687.803651</ele>
        <time>2026-07-17T16:04:36.885Z</time>
      </trkpt>
      <trkpt lat="46.387524" lon="13.750139">
        <ele>688.501343</ele>
        <time>2026-07-17T16:04:54.936Z</time>
      </trkpt>
      <trkpt lat="46.387368" lon="13.750260">
        <ele>688.647134</ele>
        <time>2026-07-17T16:04:57.545Z</time>
      </trkpt>
      <trkpt lat="46.387219" lon="13.750301">
        <ele>688.762111</ele>
        <time>2026-07-17T16:04:59.566Z</time>
      </trkpt>
      <trkpt lat="46.386818" lon="13.750270">
        <ele>687.144173</ele>
        <time>2026-07-17T16:05:04.133Z</time>
      </trkpt>
      <trkpt lat="46.386686" lon="13.750290">
        <ele>686.609444</ele>
        <time>2026-07-17T16:05:05.506Z</time>
      </trkpt>
      <trkpt lat="46.386553" lon="13.750350">
        <ele>686.048237</ele>
        <time>2026-07-17T16:05:06.904Z</time>
      </trkpt>
      <trkpt lat="46.386290" lon="13.750596">
        <ele>684.787186</ele>
        <time>2026-07-17T16:05:09.939Z</time>
      </trkpt>
      <trkpt lat="46.385752" lon="13.751300">
        <ele>681.867130</ele>
        <time>2026-07-17T16:05:16.589Z</time>
      </trkpt>
      <trkpt lat="46.385538" lon="13.751706">
        <ele>679.603589</ele>
        <time>2026-07-17T16:05:19.782Z</time>
      </trkpt>
      <trkpt lat="46.385379" lon="13.752075">
        <ele>677.447043</ele>
        <time>2026-07-17T16:05:22.493Z</time>
      </trkpt>
      <trkpt lat="46.385204" lon="13.752388">
        <ele>675.449970</ele>
        <time>2026-07-17T16:05:24.992Z</time>
      </trkpt>
      <trkpt lat="46.384323" lon="13.753385">
        <ele>667.399220</ele>
        <time>2026-07-17T16:05:34.920Z</time>
      </trkpt>
      <trkpt lat="46.384223" lon="13.753569">
        <ele>666.218781</ele>
        <time>2026-07-17T16:05:36.348Z</time>
      </trkpt>
      <trkpt lat="46.384056" lon="13.754010">
        <ele>663.683596</ele>
        <time>2026-07-17T16:05:39.410Z</time>
      </trkpt>
      <trkpt lat="46.383816" lon="13.754996">
        <ele>658.414547</ele>
        <time>2026-07-17T16:05:45.913Z</time>
      </trkpt>
      <trkpt lat="46.383612" lon="13.755634">
        <ele>654.918772</ele>
        <time>2026-07-17T16:05:50.258Z</time>
      </trkpt>
      <trkpt lat="46.383434" lon="13.756318">
        <ele>651.534704</ele>
        <time>2026-07-17T16:05:54.741Z</time>
      </trkpt>
      <trkpt lat="46.383311" lon="13.756597">
        <ele>650.001982</ele>
        <time>2026-07-17T16:05:56.824Z</time>
      </trkpt>
      <trkpt lat="46.383169" lon="13.756766">
        <ele>648.769104</ele>
        <time>2026-07-17T16:05:58.498Z</time>
      </trkpt>
      <trkpt lat="46.382903" lon="13.757008">
        <ele>646.661723</ele>
        <time>2026-07-17T16:06:01.329Z</time>
      </trkpt>
      <trkpt lat="46.382736" lon="13.757321">
        <ele>644.830013</ele>
        <time>2026-07-17T16:06:03.809Z</time>
      </trkpt>
      <trkpt lat="46.382496" lon="13.758135">
        <ele>640.951244</ele>
        <time>2026-07-17T16:06:09.373Z</time>
      </trkpt>
      <trkpt lat="46.382431" lon="13.758168">
        <ele>640.527184</ele>
        <time>2026-07-17T16:06:09.999Z</time>
      </trkpt>
      <trkpt lat="46.382407" lon="13.758083">
        <ele>640.137069</ele>
        <time>2026-07-17T16:06:10.591Z</time>
      </trkpt>
      <trkpt lat="46.382414" lon="13.757989">
        <ele>639.735479</ele>
        <time>2026-07-17T16:06:11.201Z</time>
      </trkpt>
      <trkpt lat="46.382526" lon="13.757521">
        <ele>637.631399</ele>
        <time>2026-07-17T16:06:14.361Z</time>
      </trkpt>
      <trkpt lat="46.382542" lon="13.757299">
        <ele>636.683310</ele>
        <time>2026-07-17T16:06:15.749Z</time>
      </trkpt>
      <trkpt lat="46.382529" lon="13.757154">
        <ele>636.062234</ele>
        <time>2026-07-17T16:06:16.660Z</time>
      </trkpt>
      <trkpt lat="46.382515" lon="13.757056">
        <ele>635.637142</ele>
        <time>2026-07-17T16:06:17.275Z</time>
      </trkpt>
      <trkpt lat="46.382298" lon="13.755912">
        <ele>631.410650</ele>
        <time>2026-07-17T16:06:24.720Z</time>
      </trkpt>
      <trkpt lat="46.382279" lon="13.755812">
        <ele>631.178642</ele>
        <time>2026-07-17T16:06:25.378Z</time>
      </trkpt>
      <trkpt lat="46.382046" lon="13.754596">
        <ele>628.355724</ele>
        <time>2026-07-17T16:06:33.912Z</time>
      </trkpt>
      <trkpt lat="46.381951" lon="13.754186">
        <ele>627.388285</ele>
        <time>2026-07-17T16:06:37.585Z</time>
      </trkpt>
      <trkpt lat="46.381891" lon="13.754047">
        <ele>627.021519</ele>
        <time>2026-07-17T16:06:39.167Z</time>
      </trkpt>
      <trkpt lat="46.381803" lon="13.753967">
        <ele>626.684713</ele>
        <time>2026-07-17T16:06:40.671Z</time>
      </trkpt>
      <trkpt lat="46.381530" lon="13.753844">
        <ele>626.624472</ele>
        <time>2026-07-17T16:06:44.860Z</time>
      </trkpt>
      <trkpt lat="46.381502" lon="13.753771">
        <ele>626.660892</ele>
        <time>2026-07-17T16:06:45.755Z</time>
      </trkpt>
      <trkpt lat="46.381501" lon="13.753613">
        <ele>626.729790</ele>
        <time>2026-07-17T16:06:47.698Z</time>
      </trkpt>
      <trkpt lat="46.381585" lon="13.753139">
        <ele>626.943184</ele>
        <time>2026-07-17T16:06:54.839Z</time>
      </trkpt>
      <trkpt lat="46.381603" lon="13.752896">
        <ele>627.049752</ele>
        <time>2026-07-17T16:06:58.468Z</time>
      </trkpt>
      <trkpt lat="46.381591" lon="13.752591">
        <ele>627.182960</ele>
        <time>2026-07-17T16:07:02.534Z</time>
      </trkpt>
      <trkpt lat="46.381520" lon="13.752191">
        <ele>627.363058</ele>
        <time>2026-07-17T16:07:07.685Z</time>
      </trkpt>
      <trkpt lat="46.381382" lon="13.752392">
        <ele>627.486711</ele>
        <time>2026-07-17T16:07:11.288Z</time>
      </trkpt>
      <trkpt lat="46.381180" lon="13.752610">
        <ele>627.539780</ele>
        <time>2026-07-17T16:07:15.696Z</time>
      </trkpt>
      <trkpt lat="46.381111" lon="13.752806">
        <ele>627.243044</ele>
        <time>2026-07-17T16:07:18.134Z</time>
      </trkpt>
      <trkpt lat="46.381036" lon="13.752826">
        <ele>627.093976</ele>
        <time>2026-07-17T16:07:19.296Z</time>
      </trkpt>
      <trkpt lat="46.380919" lon="13.752596">
        <ele>626.708610</ele>
        <time>2026-07-17T16:07:22.035Z</time>
      </trkpt>
      <trkpt lat="46.380842" lon="13.752505">
        <ele>626.514407</ele>
        <time>2026-07-17T16:07:23.332Z</time>
      </trkpt>
      <trkpt lat="46.380748" lon="13.752159">
        <ele>626.012940</ele>
        <time>2026-07-17T16:07:26.517Z</time>
      </trkpt>
      <trkpt lat="46.380670" lon="13.751824">
        <ele>625.536146</ele>
        <time>2026-07-17T16:07:29.177Z</time>
      </trkpt>
      <trkpt lat="46.380610" lon="13.751565">
        <ele>625.167710</ele>
        <time>2026-07-17T16:07:31.091Z</time>
      </trkpt>
      <trkpt lat="46.380587" lon="13.751306">
        <ele>624.815559</ele>
        <time>2026-07-17T16:07:32.872Z</time>
      </trkpt>
      <trkpt lat="46.380531" lon="13.751283">
        <ele>624.701782</ele>
        <time>2026-07-17T16:07:33.434Z</time>
      </trkpt>
      <trkpt lat="46.380277" lon="13.751180">
        <ele>624.186207</ele>
        <time>2026-07-17T16:07:35.983Z</time>
      </trkpt>
      <trkpt lat="46.380222" lon="13.751159">
        <ele>624.050102</ele>
        <time>2026-07-17T16:07:36.527Z</time>
      </trkpt>
      <trkpt lat="46.379740" lon="13.750997">
        <ele>622.251418</ele>
        <time>2026-07-17T16:07:41.221Z</time>
      </trkpt>
      <trkpt lat="46.378972" lon="13.750613">
        <ele>619.298102</ele>
        <time>2026-07-17T16:07:49.282Z</time>
      </trkpt>
      <trkpt lat="46.378211" lon="13.750187">
        <ele>617.043045</ele>
        <time>2026-07-17T16:07:57.508Z</time>
      </trkpt>
      <trkpt lat="46.377780" lon="13.749885">
        <ele>616.305659</ele>
        <time>2026-07-17T16:08:04.282Z</time>
      </trkpt>
      <trkpt lat="46.377375" lon="13.749489">
        <ele>615.553154</ele>
        <time>2026-07-17T16:08:10.974Z</time>
      </trkpt>
      <trkpt lat="46.377214" lon="13.749298">
        <ele>615.232687</ele>
        <time>2026-07-17T16:08:13.643Z</time>
      </trkpt>
      <trkpt lat="46.376933" lon="13.748891">
        <ele>614.271268</ele>
        <time>2026-07-17T16:08:18.166Z</time>
      </trkpt>
      <trkpt lat="46.376097" lon="13.747381">
        <ele>608.084538</ele>
        <time>2026-07-17T16:08:31.276Z</time>
      </trkpt>
      <trkpt lat="46.375984" lon="13.747125">
        <ele>607.113385</ele>
        <time>2026-07-17T16:08:33.118Z</time>
      </trkpt>
      <trkpt lat="46.375773" lon="13.746496">
        <ele>603.720579</ele>
        <time>2026-07-17T16:08:37.330Z</time>
      </trkpt>
      <trkpt lat="46.375686" lon="13.746056">
        <ele>601.190013</ele>
        <time>2026-07-17T16:08:40.065Z</time>
      </trkpt>
      <trkpt lat="46.375684" lon="13.745823">
        <ele>599.901721</ele>
        <time>2026-07-17T16:08:41.457Z</time>
      </trkpt>
      <trkpt lat="46.375742" lon="13.745443">
        <ele>597.750011</ele>
        <time>2026-07-17T16:08:43.784Z</time>
      </trkpt>
      <trkpt lat="46.375943" lon="13.744794">
        <ele>593.816937</ele>
        <time>2026-07-17T16:08:48.100Z</time>
      </trkpt>
      <trkpt lat="46.375946" lon="13.744644">
        <ele>592.987285</ele>
        <time>2026-07-17T16:08:49.028Z</time>
      </trkpt>
      <trkpt lat="46.375939" lon="13.744495">
        <ele>592.161601</ele>
        <time>2026-07-17T16:08:49.965Z</time>
      </trkpt>
      <trkpt lat="46.375784" lon="13.743925">
        <ele>590.537496</ele>
        <time>2026-07-17T16:08:53.897Z</time>
      </trkpt>
      <trkpt lat="46.375357" lon="13.742769">
        <ele>587.189233</ele>
        <time>2026-07-17T16:09:03.084Z</time>
      </trkpt>
      <trkpt lat="46.375244" lon="13.742407">
        <ele>586.174657</ele>
        <time>2026-07-17T16:09:06.145Z</time>
      </trkpt>
      <trkpt lat="46.375029" lon="13.741600">
        <ele>584.469453</ele>
        <time>2026-07-17T16:09:12.682Z</time>
      </trkpt>
      <trkpt lat="46.374867" lon="13.741156">
        <ele>583.639332</ele>
        <time>2026-07-17T16:09:16.413Z</time>
      </trkpt>
      <trkpt lat="46.374705" lon="13.740899">
        <ele>583.063986</ele>
        <time>2026-07-17T16:09:18.966Z</time>
      </trkpt>
      <trkpt lat="46.374424" lon="13.740564">
        <ele>582.192389</ele>
        <time>2026-07-17T16:09:22.766Z</time>
      </trkpt>
      <trkpt lat="46.374190" lon="13.740268">
        <ele>581.448375</ele>
        <time>2026-07-17T16:09:25.981Z</time>
      </trkpt>
      <trkpt lat="46.373929" lon="13.739717">
        <ele>580.664440</ele>
        <time>2026-07-17T16:09:30.806Z</time>
      </trkpt>
      <trkpt lat="46.373907" lon="13.739664">
        <ele>580.606434</ele>
        <time>2026-07-17T16:09:31.251Z</time>
      </trkpt>
      <trkpt lat="46.373526" lon="13.738718">
        <ele>579.579170</ele>
        <time>2026-07-17T16:09:39.864Z</time>
      </trkpt>
      <trkpt lat="46.373483" lon="13.738608">
        <ele>579.460603</ele>
        <time>2026-07-17T16:09:40.964Z</time>
      </trkpt>
      <trkpt lat="46.373376" lon="13.738329">
        <ele>579.161246</ele>
        <time>2026-07-17T16:09:43.829Z</time>
      </trkpt>
      <trkpt lat="46.373252" lon="13.737816">
        <ele>578.651473</ele>
        <time>2026-07-17T16:09:49.245Z</time>
      </trkpt>
      <trkpt lat="46.373238" lon="13.737402">
        <ele>578.456353</ele>
        <time>2026-07-17T16:09:53.413Z</time>
      </trkpt>
      <trkpt lat="46.373306" lon="13.736817">
        <ele>578.185280</ele>
        <time>2026-07-17T16:09:59.358Z</time>
      </trkpt>
      <trkpt lat="46.373309" lon="13.736623">
        <ele>578.096613</ele>
        <time>2026-07-17T16:10:01.194Z</time>
      </trkpt>
      <trkpt lat="46.373279" lon="13.736333">
        <ele>577.962621</ele>
        <time>2026-07-17T16:10:03.887Z</time>
      </trkpt>
      <trkpt lat="46.373201" lon="13.736009">
        <ele>577.805822</ele>
        <time>2026-07-17T16:10:06.975Z</time>
      </trkpt>
      <trkpt lat="46.373066" lon="13.735706">
        <ele>577.641012</ele>
        <time>2026-07-17T16:10:10.103Z</time>
      </trkpt>
      <trkpt lat="46.372701" lon="13.735033">
        <ele>576.892394</ele>
        <time>2026-07-17T16:10:16.796Z</time>
      </trkpt>
      <trkpt lat="46.372334" lon="13.734471">
        <ele>575.904553</ele>
        <time>2026-07-17T16:10:22.531Z</time>
      </trkpt>
      <trkpt lat="46.371722" lon="13.733640">
        <ele>574.352891</ele>
        <time>2026-07-17T16:10:31.736Z</time>
      </trkpt>
      <trkpt lat="46.371601" lon="13.733467">
        <ele>574.078300</ele>
        <time>2026-07-17T16:10:33.676Z</time>
      </trkpt>
      <trkpt lat="46.371574" lon="13.733430">
        <ele>574.042670</ele>
        <time>2026-07-17T16:10:34.090Z</time>
      </trkpt>
      <trkpt lat="46.371233" lon="13.733006">
        <ele>573.611848</ele>
        <time>2026-07-17T16:10:39.347Z</time>
      </trkpt>
      <trkpt lat="46.370969" lon="13.732592">
        <ele>573.238876</ele>
        <time>2026-07-17T16:10:44.219Z</time>
      </trkpt>
      <trkpt lat="46.370739" lon="13.732015">
        <ele>572.797997</ele>
        <time>2026-07-17T16:10:50.087Z</time>
      </trkpt>
      <trkpt lat="46.370672" lon="13.731646">
        <ele>572.545549</ele>
        <time>2026-07-17T16:10:53.542Z</time>
      </trkpt>
      <trkpt lat="46.370648" lon="13.731321">
        <ele>572.366871</ele>
        <time>2026-07-17T16:10:56.576Z</time>
      </trkpt>
      <trkpt lat="46.370662" lon="13.731011">
        <ele>572.276205</ele>
        <time>2026-07-17T16:10:59.394Z</time>
      </trkpt>
      <trkpt lat="46.370698" lon="13.730807">
        <ele>572.214751</ele>
        <time>2026-07-17T16:11:01.319Z</time>
      </trkpt>
      <trkpt lat="46.370831" lon="13.730322">
        <ele>572.062436</ele>
        <time>2026-07-17T16:11:06.195Z</time>
      </trkpt>
      <trkpt lat="46.370920" lon="13.729846">
        <ele>571.918507</ele>
        <time>2026-07-17T16:11:10.834Z</time>
      </trkpt>
      <trkpt lat="46.370905" lon="13.729454">
        <ele>571.803927</ele>
        <time>2026-07-17T16:11:14.611Z</time>
      </trkpt>
      <trkpt lat="46.370844" lon="13.729133">
        <ele>571.706756</ele>
        <time>2026-07-17T16:11:17.963Z</time>
      </trkpt>
      <trkpt lat="46.370444" lon="13.728450">
        <ele>570.636837</ele>
        <time>2026-07-17T16:11:26.173Z</time>
      </trkpt>
      <trkpt lat="46.370270" lon="13.727712">
        <ele>569.442997</ele>
        <time>2026-07-17T16:11:32.594Z</time>
      </trkpt>
      <trkpt lat="46.370184" lon="13.727467">
        <ele>569.022215</ele>
        <time>2026-07-17T16:11:34.566Z</time>
      </trkpt>
      <trkpt lat="46.370017" lon="13.727191">
        <ele>568.460283</ele>
        <time>2026-07-17T16:11:37.061Z</time>
      </trkpt>
      <trkpt lat="46.369800" lon="13.726981">
        <ele>567.881401</ele>
        <time>2026-07-17T16:11:39.582Z</time>
      </trkpt>
      <trkpt lat="46.369542" lon="13.726782">
        <ele>566.950437</ele>
        <time>2026-07-17T16:11:42.361Z</time>
      </trkpt>
      <trkpt lat="46.369222" lon="13.726568">
        <ele>565.632858</ele>
        <time>2026-07-17T16:11:45.703Z</time>
      </trkpt>
      <trkpt lat="46.368693" lon="13.726304">
        <ele>563.541165</ele>
        <time>2026-07-17T16:11:51.086Z</time>
      </trkpt>
      <trkpt lat="46.368554" lon="13.726153">
        <ele>562.891713</ele>
        <time>2026-07-17T16:11:52.741Z</time>
      </trkpt>
      <trkpt lat="46.368390" lon="13.725776">
        <ele>561.742027</ele>
        <time>2026-07-17T16:11:55.748Z</time>
      </trkpt>
      <trkpt lat="46.368136" lon="13.725298">
        <ele>560.927824</ele>
        <time>2026-07-17T16:12:00.361Z</time>
      </trkpt>
      <trkpt lat="46.367905" lon="13.724191">
        <ele>560.955482</ele>
        <time>2026-07-17T16:12:14.218Z</time>
      </trkpt>
      <trkpt lat="46.367827" lon="13.723113">
        <ele>560.981403</ele>
        <time>2026-07-17T16:12:29.353Z</time>
      </trkpt>
      <trkpt lat="46.367741" lon="13.722757">
        <ele>560.489770</ele>
        <time>2026-07-17T16:12:33.830Z</time>
      </trkpt>
      <trkpt lat="46.367201" lon="13.721864">
        <ele>558.509971</ele>
        <time>2026-07-17T16:12:42.966Z</time>
      </trkpt>
      <trkpt lat="46.367055" lon="13.721689">
        <ele>558.052148</ele>
        <time>2026-07-17T16:12:44.801Z</time>
      </trkpt>
      <trkpt lat="46.366593" lon="13.721347">
        <ele>556.798575</ele>
        <time>2026-07-17T16:12:49.691Z</time>
      </trkpt>
      <trkpt lat="46.366093" lon="13.720899">
        <ele>555.704588</ele>
        <time>2026-07-17T16:12:55.391Z</time>
      </trkpt>
      <trkpt lat="46.365882" lon="13.720666">
        <ele>555.229797</ele>
        <time>2026-07-17T16:12:58.211Z</time>
      </trkpt>
      <trkpt lat="46.365692" lon="13.720401">
        <ele>554.757822</ele>
        <time>2026-07-17T16:13:01.408Z</time>
      </trkpt>
      <trkpt lat="46.365594" lon="13.720174">
        <ele>554.427117</ele>
        <time>2026-07-17T16:13:03.809Z</time>
      </trkpt>
      <trkpt lat="46.365287" lon="13.719065">
        <ele>553.458058</ele>
        <time>2026-07-17T16:13:16.796Z</time>
      </trkpt>
      <trkpt lat="46.365107" lon="13.718694">
        <ele>553.506198</ele>
        <time>2026-07-17T16:13:22.421Z</time>
      </trkpt>
      <trkpt lat="46.364531" lon="13.717727">
        <ele>553.641793</ele>
        <time>2026-07-17T16:13:35.608Z</time>
      </trkpt>
      <trkpt lat="46.364291" lon="13.717261">
        <ele>553.672979</ele>
        <time>2026-07-17T16:13:41.270Z</time>
      </trkpt>
      <trkpt lat="46.364129" lon="13.716730">
        <ele>553.522919</ele>
        <time>2026-07-17T16:13:47.299Z</time>
      </trkpt>
      <trkpt lat="46.363897" lon="13.715587">
        <ele>553.214978</ele>
        <time>2026-07-17T16:14:02.506Z</time>
      </trkpt>
      <trkpt lat="46.363791" lon="13.715237">
        <ele>553.116186</ele>
        <time>2026-07-17T16:14:05.564Z</time>
      </trkpt>
      <trkpt lat="46.363623" lon="13.714912">
        <ele>552.948713</ele>
        <time>2026-07-17T16:14:08.477Z</time>
      </trkpt>
      <trkpt lat="46.363466" lon="13.714716">
        <ele>552.371711</ele>
        <time>2026-07-17T16:14:10.621Z</time>
      </trkpt>
      <trkpt lat="46.363327" lon="13.714601">
        <ele>551.926043</ele>
        <time>2026-07-17T16:14:12.260Z</time>
      </trkpt>
      <trkpt lat="46.363053" lon="13.714455">
        <ele>551.113176</ele>
        <time>2026-07-17T16:14:15.249Z</time>
      </trkpt>
      <trkpt lat="46.362862" lon="13.714404">
        <ele>550.572404</ele>
        <time>2026-07-17T16:14:17.192Z</time>
      </trkpt>
      <trkpt lat="46.362610" lon="13.714344">
        <ele>549.861328</ele>
        <time>2026-07-17T16:14:19.716Z</time>
      </trkpt>
      <trkpt lat="46.362428" lon="13.714226">
        <ele>549.306157</ele>
        <time>2026-07-17T16:14:21.631Z</time>
      </trkpt>
      <trkpt lat="46.362349" lon="13.714124">
        <ele>549.011541</ele>
        <time>2026-07-17T16:14:22.649Z</time>
      </trkpt>
      <trkpt lat="46.362264" lon="13.713929">
        <ele>548.568361</ele>
        <time>2026-07-17T16:14:24.173Z</time>
      </trkpt>
      <trkpt lat="46.362246" lon="13.713746">
        <ele>548.213172</ele>
        <time>2026-07-17T16:14:25.462Z</time>
      </trkpt>
      <trkpt lat="46.362263" lon="13.713563">
        <ele>547.995800</ele>
        <time>2026-07-17T16:14:26.840Z</time>
      </trkpt>
      <trkpt lat="46.362375" lon="13.713046">
        <ele>547.881099</ele>
        <time>2026-07-17T16:14:33.381Z</time>
      </trkpt>
      <trkpt lat="46.362466" lon="13.712484">
        <ele>547.758908</ele>
        <time>2026-07-17T16:14:42.335Z</time>
      </trkpt>
      <trkpt lat="46.362476" lon="13.712276">
        <ele>547.714773</ele>
        <time>2026-07-17T16:14:45.062Z</time>
      </trkpt>
      <trkpt lat="46.362473" lon="13.711957">
        <ele>547.647243</ele>
        <time>2026-07-17T16:14:48.841Z</time>
      </trkpt>
      <trkpt lat="46.362426" lon="13.711601">
        <ele>547.570521</ele>
        <time>2026-07-17T16:14:52.996Z</time>
      </trkpt>
      <trkpt lat="46.362362" lon="13.711375">
        <ele>547.518812</ele>
        <time>2026-07-17T16:14:55.587Z</time>
      </trkpt>
      <trkpt lat="46.362247" lon="13.711138">
        <ele>547.426155</ele>
        <time>2026-07-17T16:14:58.177Z</time>
      </trkpt>
      <trkpt lat="46.361104" lon="13.709438">
        <ele>542.586972</ele>
        <time>2026-07-17T16:15:14.584Z</time>
      </trkpt>
      <trkpt lat="46.360653" lon="13.708952">
        <ele>541.447285</ele>
        <time>2026-07-17T16:15:20.256Z</time>
      </trkpt>
      <trkpt lat="46.360380" lon="13.708449">
        <ele>540.699265</ele>
        <time>2026-07-17T16:15:24.872Z</time>
      </trkpt>
      <trkpt lat="46.360072" lon="13.707896">
        <ele>539.868588</ele>
        <time>2026-07-17T16:15:30.634Z</time>
      </trkpt>
      <trkpt lat="46.359857" lon="13.707085">
        <ele>539.267937</ele>
        <time>2026-07-17T16:15:39.616Z</time>
      </trkpt>
      <trkpt lat="46.359721" lon="13.706520">
        <ele>539.741063</ele>
        <time>2026-07-17T16:15:46.974Z</time>
      </trkpt>
      <trkpt lat="46.359604" lon="13.706219">
        <ele>540.014212</ele>
        <time>2026-07-17T16:15:51.635Z</time>
      </trkpt>
      <trkpt lat="46.359408" lon="13.705898">
        <ele>540.353099</ele>
        <time>2026-07-17T16:15:58.133Z</time>
      </trkpt>
      <trkpt lat="46.359091" lon="13.705601">
        <ele>540.785594</ele>
        <time>2026-07-17T16:16:07.169Z</time>
      </trkpt>
      <trkpt lat="46.358965" lon="13.705447">
        <ele>540.974449</ele>
        <time>2026-07-17T16:16:10.822Z</time>
      </trkpt>
      <trkpt lat="46.358876" lon="13.705208">
        <ele>541.145738</ele>
        <time>2026-07-17T16:16:14.539Z</time>
      </trkpt>
      <trkpt lat="46.358760" lon="13.704646">
        <ele>540.888533</ele>
        <time>2026-07-17T16:16:21.987Z</time>
      </trkpt>
      <trkpt lat="46.358697" lon="13.704463">
        <ele>540.798864</ele>
        <time>2026-07-17T16:16:24.701Z</time>
      </trkpt>
      <trkpt lat="46.358359" lon="13.703966">
        <ele>540.492917</ele>
        <time>2026-07-17T16:16:31.678Z</time>
      </trkpt>
      <trkpt lat="46.358225" lon="13.703853">
        <ele>540.394413</ele>
        <time>2026-07-17T16:16:33.553Z</time>
      </trkpt>
      <trkpt lat="46.357905" lon="13.703743">
        <ele>540.185463</ele>
        <time>2026-07-17T16:16:37.213Z</time>
      </trkpt>
      <trkpt lat="46.357807" lon="13.703652">
        <ele>540.111512</ele>
        <time>2026-07-17T16:16:38.423Z</time>
      </trkpt>
      <trkpt lat="46.357657" lon="13.703248">
        <ele>539.394919</ele>
        <time>2026-07-17T16:16:41.621Z</time>
      </trkpt>
      <trkpt lat="46.357616" lon="13.702981">
        <ele>538.703289</ele>
        <time>2026-07-17T16:16:43.479Z</time>
      </trkpt>
      <trkpt lat="46.357569" lon="13.701253">
        <ele>534.330571</ele>
        <time>2026-07-17T16:16:55.057Z</time>
      </trkpt>
      <trkpt lat="46.357398" lon="13.700196">
        <ele>532.092607</ele>
        <time>2026-07-17T16:17:02.602Z</time>
      </trkpt>
      <trkpt lat="46.357294" lon="13.699847">
        <ele>531.395861</ele>
        <time>2026-07-17T16:17:05.454Z</time>
      </trkpt>
      <trkpt lat="46.357169" lon="13.699658">
        <ele>530.916069</ele>
        <time>2026-07-17T16:17:07.498Z</time>
      </trkpt>
      <trkpt lat="46.356900" lon="13.699216">
        <ele>529.835954</ele>
        <time>2026-07-17T16:17:11.873Z</time>
      </trkpt>
      <trkpt lat="46.356755" lon="13.698826">
        <ele>529.024010</ele>
        <time>2026-07-17T16:17:14.994Z</time>
      </trkpt>
      <trkpt lat="46.356695" lon="13.698719">
        <ele>528.771320</ele>
        <time>2026-07-17T16:17:15.989Z</time>
      </trkpt>
      <trkpt lat="46.356623" lon="13.698644">
        <ele>528.539191</ele>
        <time>2026-07-17T16:17:16.918Z</time>
      </trkpt>
      <trkpt lat="46.356266" lon="13.698458">
        <ele>527.560851</ele>
        <time>2026-07-17T16:17:21.214Z</time>
      </trkpt>
      <trkpt lat="46.355829" lon="13.698021">
        <ele>526.191574</ele>
        <time>2026-07-17T16:17:26.693Z</time>
      </trkpt>
      <trkpt lat="46.355475" lon="13.697754">
        <ele>525.162399</ele>
        <time>2026-07-17T16:17:30.786Z</time>
      </trkpt>
      <trkpt lat="46.355365" lon="13.697620">
        <ele>524.791793</ele>
        <time>2026-07-17T16:17:32.262Z</time>
      </trkpt>
      <trkpt lat="46.355040" lon="13.697319">
        <ele>523.912301</ele>
        <time>2026-07-17T16:17:36.312Z</time>
      </trkpt>
      <trkpt lat="46.354769" lon="13.697237">
        <ele>523.578003</ele>
        <time>2026-07-17T16:17:39.367Z</time>
      </trkpt>
      <trkpt lat="46.354680" lon="13.697158">
        <ele>523.451968</ele>
        <time>2026-07-17T16:17:40.552Z</time>
      </trkpt>
      <trkpt lat="46.354596" lon="13.697005">
        <ele>523.289032</ele>
        <time>2026-07-17T16:17:42.101Z</time>
      </trkpt>
      <trkpt lat="46.354420" lon="13.696789">
        <ele>523.010512</ele>
        <time>2026-07-17T16:17:44.819Z</time>
      </trkpt>
      <trkpt lat="46.354223" lon="13.696654">
        <ele>522.747364</ele>
        <time>2026-07-17T16:17:47.513Z</time>
      </trkpt>
      <trkpt lat="46.353968" lon="13.696541">
        <ele>522.425366</ele>
        <time>2026-07-17T16:17:50.940Z</time>
      </trkpt>
      <trkpt lat="46.353878" lon="13.696452">
        <ele>522.293788</ele>
        <time>2026-07-17T16:17:52.379Z</time>
      </trkpt>
      <trkpt lat="46.353717" lon="13.696249">
        <ele>522.036068</ele>
        <time>2026-07-17T16:17:55.197Z</time>
      </trkpt>
      <trkpt lat="46.353045" lon="13.695246">
        <ele>521.190255</ele>
        <time>2026-07-17T16:18:08.193Z</time>
      </trkpt>
      <trkpt lat="46.352558" lon="13.694596">
        <ele>520.653588</ele>
        <time>2026-07-17T16:18:16.588Z</time>
      </trkpt>
      <trkpt lat="46.352046" lon="13.693998">
        <ele>519.793935</ele>
        <time>2026-07-17T16:18:24.176Z</time>
      </trkpt>
      <trkpt lat="46.351804" lon="13.693755">
        <ele>519.259486</ele>
        <time>2026-07-17T16:18:27.452Z</time>
      </trkpt>
      <trkpt lat="46.351463" lon="13.693475">
        <ele>518.548031</ele>
        <time>2026-07-17T16:18:31.792Z</time>
      </trkpt>
      <trkpt lat="46.350995" lon="13.693148">
        <ele>517.604920</ele>
        <time>2026-07-17T16:18:37.519Z</time>
      </trkpt>
      <trkpt lat="46.350777" lon="13.692955">
        <ele>517.141190</ele>
        <time>2026-07-17T16:18:40.312Z</time>
      </trkpt>
      <trkpt lat="46.350051" lon="13.692149">
        <ele>515.695437</ele>
        <time>2026-07-17T16:18:50.268Z</time>
      </trkpt>
      <trkpt lat="46.349101" lon="13.690929">
        <ele>514.352934</ele>
        <time>2026-07-17T16:19:05.337Z</time>
      </trkpt>
      <trkpt lat="46.348756" lon="13.690477">
        <ele>514.441401</ele>
        <time>2026-07-17T16:19:13.393Z</time>
      </trkpt>
      <trkpt lat="46.348272" lon="13.689776">
        <ele>514.571566</ele>
        <time>2026-07-17T16:19:26.098Z</time>
      </trkpt>
      <trkpt lat="46.347990" lon="13.689455">
        <ele>514.549862</ele>
        <time>2026-07-17T16:19:32.440Z</time>
      </trkpt>
      <trkpt lat="46.347777" lon="13.689291">
        <ele>514.334462</ele>
        <time>2026-07-17T16:19:36.455Z</time>
      </trkpt>
      <trkpt lat="46.346870" lon="13.688823">
        <ele>513.474687</ele>
        <time>2026-07-17T16:19:48.398Z</time>
      </trkpt>
      <trkpt lat="46.346511" lon="13.688585">
        <ele>513.122133</ele>
        <time>2026-07-17T16:19:52.666Z</time>
      </trkpt>
      <trkpt lat="46.346440" lon="13.688534">
        <ele>513.051365</ele>
        <time>2026-07-17T16:19:53.499Z</time>
      </trkpt>
      <trkpt lat="46.346278" lon="13.688328">
        <ele>512.747991</ele>
        <time>2026-07-17T16:19:55.838Z</time>
      </trkpt>
      <trkpt lat="46.344945" lon="13.686113">
        <ele>510.227239</ele>
        <time>2026-07-17T16:20:19.178Z</time>
      </trkpt>
      <trkpt lat="46.344543" lon="13.685650">
        <ele>510.146608</ele>
        <time>2026-07-17T16:20:28.633Z</time>
      </trkpt>
      <trkpt lat="46.344358" lon="13.685500">
        <ele>510.113323</ele>
        <time>2026-07-17T16:20:32.600Z</time>
      </trkpt>
      <trkpt lat="46.344159" lon="13.685386">
        <ele>510.079725</ele>
        <time>2026-07-17T16:20:36.398Z</time>
      </trkpt>
      <trkpt lat="46.343504" lon="13.685149">
        <ele>509.735591</ele>
        <time>2026-07-17T16:20:46.066Z</time>
      </trkpt>
      <trkpt lat="46.343264" lon="13.685071">
        <ele>509.435396</ele>
        <time>2026-07-17T16:20:48.962Z</time>
      </trkpt>
      <trkpt lat="46.342795" lon="13.685065">
        <ele>508.862973</ele>
        <time>2026-07-17T16:20:54.016Z</time>
      </trkpt>
      <trkpt lat="46.342627" lon="13.685008">
        <ele>508.652384</ele>
        <time>2026-07-17T16:20:55.791Z</time>
      </trkpt>
      <trkpt lat="46.342231" lon="13.684542">
        <ele>508.029695</ele>
        <time>2026-07-17T16:21:00.997Z</time>
      </trkpt>
      <trkpt lat="46.341572" lon="13.683955">
        <ele>510.358181</ele>
        <time>2026-07-17T16:21:17.132Z</time>
      </trkpt>
      <trkpt lat="46.341540" lon="13.684172">
        <ele>511.011472</ele>
        <time>2026-07-17T16:21:21.770Z</time>
      </trkpt>
      <trkpt lat="46.341524" lon="13.684340">
        <ele>511.510771</ele>
        <time>2026-07-17T16:21:25.664Z</time>
      </trkpt>
      <trkpt lat="46.341497" lon="13.684541">
        <ele>512.113642</ele>
        <time>2026-07-17T16:21:30.724Z</time>
      </trkpt>
      <trkpt lat="46.341469" lon="13.684753">
        <ele>512.749120</ele>
        <time>2026-07-17T16:21:36.447Z</time>
      </trkpt>
      <trkpt lat="46.341454" lon="13.684862">
        <ele>513.076345</ele>
        <time>2026-07-17T16:21:39.476Z</time>
      </trkpt>
      <trkpt lat="46.341401" lon="13.684992">
        <ele>513.520841</ele>
        <time>2026-07-17T16:21:43.788Z</time>
      </trkpt>
      <trkpt lat="46.341333" lon="13.685060">
        <ele>513.873232</ele>
        <time>2026-07-17T16:21:47.470Z</time>
      </trkpt>
      <trkpt lat="46.341144" lon="13.685018">
        <ele>514.688681</ele>
        <time>2026-07-17T16:21:56.169Z</time>
      </trkpt>
      <trkpt lat="46.340445" lon="13.684627">
        <ele>519.539088</ele>
        <time>2026-07-17T16:22:31.059Z</time>
      </trkpt>
      <trkpt lat="46.340333" lon="13.684656">
        <ele>520.358874</ele>
        <time>2026-07-17T16:22:35.640Z</time>
      </trkpt>
      <trkpt lat="46.340077" lon="13.684811">
        <ele>522.358094</ele>
        <time>2026-07-17T16:22:46.661Z</time>
      </trkpt>
      <trkpt lat="46.339425" lon="13.684984">
        <ele>527.134127</ele>
        <time>2026-07-17T16:23:13.957Z</time>
      </trkpt>
      <trkpt lat="46.339013" lon="13.684878">
        <ele>530.373931</ele>
        <time>2026-07-17T16:23:33.286Z</time>
      </trkpt>
      <trkpt lat="46.338651" lon="13.684821">
        <ele>533.343447</ele>
        <time>2026-07-17T16:23:52.052Z</time>
      </trkpt>
      <trkpt lat="46.338206" lon="13.684961">
        <ele>537.057056</ele>
        <time>2026-07-17T16:24:16.283Z</time>
      </trkpt>
      <trkpt lat="46.338072" lon="13.685073">
        <ele>538.318721</ele>
        <time>2026-07-17T16:24:24.318Z</time>
      </trkpt>
      <trkpt lat="46.338018" lon="13.685380">
        <ele>540.102425</ele>
        <time>2026-07-17T16:24:35.289Z</time>
      </trkpt>
      <trkpt lat="46.337907" lon="13.685640">
        <ele>541.823563</ele>
        <time>2026-07-17T16:24:45.196Z</time>
      </trkpt>
      <trkpt lat="46.337786" lon="13.685723">
        <ele>542.915386</ele>
        <time>2026-07-17T16:24:51.140Z</time>
      </trkpt>
      <trkpt lat="46.337707" lon="13.685659">
        <ele>543.289370</ele>
        <time>2026-07-17T16:24:54.912Z</time>
      </trkpt>
      <trkpt lat="46.337650" lon="13.685539">
        <ele>543.557893</ele>
        <time>2026-07-17T16:24:58.914Z</time>
      </trkpt>
      <trkpt lat="46.337615" lon="13.684974">
        <ele>544.603668</ele>
        <time>2026-07-17T16:25:12.173Z</time>
      </trkpt>
      <trkpt lat="46.337646" lon="13.684831">
        <ele>544.879982</ele>
        <time>2026-07-17T16:25:14.963Z</time>
      </trkpt>
      <trkpt lat="46.337752" lon="13.684552">
        <ele>545.467060</ele>
        <time>2026-07-17T16:25:20.686Z</time>
      </trkpt>
      <trkpt lat="46.337767" lon="13.684434">
        <ele>545.688252</ele>
        <time>2026-07-17T16:25:22.646Z</time>
      </trkpt>
      <trkpt lat="46.337753" lon="13.684316">
        <ele>545.908976</ele>
        <time>2026-07-17T16:25:24.724Z</time>
      </trkpt>
      <trkpt lat="46.337687" lon="13.684151">
        <ele>546.260521</ele>
        <time>2026-07-17T16:25:27.486Z</time>
      </trkpt>
      <trkpt lat="46.337408" lon="13.683685">
        <ele>547.397634</ele>
        <time>2026-07-17T16:25:34.731Z</time>
      </trkpt>
      <trkpt lat="46.337361" lon="13.683535">
        <ele>547.701310</ele>
        <time>2026-07-17T16:25:36.200Z</time>
      </trkpt>
      <trkpt lat="46.337191" lon="13.683001">
        <ele>546.723620</ele>
        <time>2026-07-17T16:25:41.048Z</time>
      </trkpt>
      <trkpt lat="46.337182" lon="13.682598">
        <ele>545.706533</ele>
        <time>2026-07-17T16:25:44.046Z</time>
      </trkpt>
      <trkpt lat="46.337272" lon="13.682214">
        <ele>544.683614</ele>
        <time>2026-07-17T16:25:46.918Z</time>
      </trkpt>
      <trkpt lat="46.337289" lon="13.682028">
        <ele>544.210342</ele>
        <time>2026-07-17T16:25:48.207Z</time>
      </trkpt>
      <trkpt lat="46.337248" lon="13.681751">
        <ele>543.495742</ele>
        <time>2026-07-17T16:25:50.118Z</time>
      </trkpt>
      <trkpt lat="46.337274" lon="13.681503">
        <ele>542.862999</ele>
        <time>2026-07-17T16:25:51.735Z</time>
      </trkpt>
      <trkpt lat="46.337610" lon="13.680810">
        <ele>540.215945</ele>
        <time>2026-07-17T16:25:57.026Z</time>
      </trkpt>
      <trkpt lat="46.338250" lon="13.679848">
        <ele>534.052436</ele>
        <time>2026-07-17T16:26:05.297Z</time>
      </trkpt>
      <trkpt lat="46.338362" lon="13.679611">
        <ele>532.727408</ele>
        <time>2026-07-17T16:26:07.081Z</time>
      </trkpt>
      <trkpt lat="46.338740" lon="13.678717">
        <ele>528.217497</ele>
        <time>2026-07-17T16:26:13.637Z</time>
      </trkpt>
      <trkpt lat="46.338890" lon="13.678305">
        <ele>526.558352</ele>
        <time>2026-07-17T16:26:16.599Z</time>
      </trkpt>
      <trkpt lat="46.339342" lon="13.677296">
        <ele>522.273906</ele>
        <time>2026-07-17T16:26:24.427Z</time>
      </trkpt>
      <trkpt lat="46.339570" lon="13.676673">
        <ele>519.866098</ele>
        <time>2026-07-17T16:26:29.116Z</time>
      </trkpt>
      <trkpt lat="46.339653" lon="13.676366">
        <ele>519.124780</ele>
        <time>2026-07-17T16:26:31.338Z</time>
      </trkpt>
      <trkpt lat="46.340235" lon="13.675180">
        <ele>515.853103</ele>
        <time>2026-07-17T16:26:41.593Z</time>
      </trkpt>
      <trkpt lat="46.340351" lon="13.674817">
        <ele>514.953728</ele>
        <time>2026-07-17T16:26:44.578Z</time>
      </trkpt>
      <trkpt lat="46.340503" lon="13.673647">
        <ele>511.275772</ele>
        <time>2026-07-17T16:26:53.002Z</time>
      </trkpt>
      <trkpt lat="46.340539" lon="13.673565">
        <ele>510.942703</ele>
        <time>2026-07-17T16:26:53.637Z</time>
      </trkpt>
      <trkpt lat="46.340808" lon="13.673148">
        <ele>508.986603</ele>
        <time>2026-07-17T16:26:57.313Z</time>
      </trkpt>
      <trkpt lat="46.341080" lon="13.672836">
        <ele>507.264073</ele>
        <time>2026-07-17T16:27:00.512Z</time>
      </trkpt>
      <trkpt lat="46.341119" lon="13.672741">
        <ele>506.885247</ele>
        <time>2026-07-17T16:27:01.207Z</time>
      </trkpt>
      <trkpt lat="46.341214" lon="13.672054">
        <ele>504.222541</ele>
        <time>2026-07-17T16:27:05.592Z</time>
      </trkpt>
      <trkpt lat="46.341245" lon="13.671614">
        <ele>502.193898</ele>
        <time>2026-07-17T16:27:08.301Z</time>
      </trkpt>
      <trkpt lat="46.341277" lon="13.671481">
        <ele>501.547876</ele>
        <time>2026-07-17T16:27:09.167Z</time>
      </trkpt>
      <trkpt lat="46.341615" lon="13.670421">
        <ele>496.192397</ele>
        <time>2026-07-17T16:27:16.426Z</time>
      </trkpt>
      <trkpt lat="46.341626" lon="13.670390">
        <ele>496.032527</ele>
        <time>2026-07-17T16:27:16.646Z</time>
      </trkpt>
      <trkpt lat="46.341708" lon="13.670137">
        <ele>494.750569</ele>
        <time>2026-07-17T16:27:29.250Z</time>
      </trkpt>
      <trkpt lat="46.341876" lon="13.669398">
        <ele>492.099411</ele>
        <time>2026-07-17T16:28:03.605Z</time>
      </trkpt>
      <trkpt lat="46.341908" lon="13.669085">
        <ele>491.274923</ele>
        <time>2026-07-17T16:28:17.786Z</time>
      </trkpt>
      <trkpt lat="46.341897" lon="13.668814">
        <ele>490.567552</ele>
        <time>2026-07-17T16:28:30.139Z</time>
      </trkpt>
      <trkpt lat="46.341949" lon="13.668792">
        <ele>490.363079</ele>
        <time>2026-07-17T16:28:30.656Z</time>
      </trkpt>
      <trkpt lat="46.342207" lon="13.668681">
        <ele>489.347217</ele>
        <time>2026-07-17T16:28:38.504Z</time>
      </trkpt>
      <trkpt lat="46.342270" lon="13.668666">
        <ele>489.106234</ele>
        <time>2026-07-17T16:28:39.159Z</time>
      </trkpt>
      <trkpt lat="46.342357" lon="13.668748">
        <ele>488.714459</ele>
        <time>2026-07-17T16:28:40.252Z</time>
      </trkpt>
      <trkpt lat="46.342403" lon="13.668947">
        <ele>488.167628</ele>
        <time>2026-07-17T16:28:41.809Z</time>
      </trkpt>
      <trkpt lat="46.342489" lon="13.668956">
        <ele>487.842177</ele>
        <time>2026-07-17T16:28:42.757Z</time>
      </trkpt>
      <trkpt lat="46.342465" lon="13.668834">
        <ele>487.511626</ele>
        <time>2026-07-17T16:28:43.741Z</time>
      </trkpt>
      <trkpt lat="46.342313" lon="13.668404">
        <ele>486.445669</ele>
        <time>2026-07-17T16:28:47.572Z</time>
      </trkpt>
      <trkpt lat="46.342275" lon="13.668220">
        <ele>486.310159</ele>
        <time>2026-07-17T16:28:49.150Z</time>
      </trkpt>
      <trkpt lat="46.342194" lon="13.667724">
        <ele>485.950537</ele>
        <time>2026-07-17T16:28:53.769Z</time>
      </trkpt>
      <trkpt lat="46.342020" lon="13.667112">
        <ele>485.483539</ele>
        <time>2026-07-17T16:29:00.104Z</time>
      </trkpt>
      <trkpt lat="46.341854" lon="13.666257">
        <ele>484.856869</ele>
        <time>2026-07-17T16:29:07.600Z</time>
      </trkpt>
      <trkpt lat="46.341785" lon="13.665616">
        <ele>484.166578</ele>
        <time>2026-07-17T16:29:12.753Z</time>
      </trkpt>
      <trkpt lat="46.341583" lon="13.664213">
        <ele>482.315014</ele>
        <time>2026-07-17T16:29:23.461Z</time>
      </trkpt>
      <trkpt lat="46.341453" lon="13.663590">
        <ele>481.474182</ele>
        <time>2026-07-17T16:29:28.364Z</time>
      </trkpt>
      <trkpt lat="46.341369" lon="13.663253">
        <ele>481.169696</ele>
        <time>2026-07-17T16:29:31.138Z</time>
      </trkpt>
      <trkpt lat="46.341263" lon="13.662639">
        <ele>480.781289</ele>
        <time>2026-07-17T16:29:36.206Z</time>
      </trkpt>
      <trkpt lat="46.341215" lon="13.662109">
        <ele>480.453247</ele>
        <time>2026-07-17T16:29:40.658Z</time>
      </trkpt>
      <trkpt lat="46.341233" lon="13.661302">
        <ele>479.957742</ele>
        <time>2026-07-17T16:29:48.024Z</time>
      </trkpt>
      <trkpt lat="46.341538" lon="13.660036">
        <ele>479.983791</ele>
        <time>2026-07-17T16:30:02.286Z</time>
      </trkpt>
      <trkpt lat="46.341543" lon="13.659718">
        <ele>480.074656</ele>
        <time>2026-07-17T16:30:06.162Z</time>
      </trkpt>
      <trkpt lat="46.341470" lon="13.659486">
        <ele>480.147490</ele>
        <time>2026-07-17T16:30:09.287Z</time>
      </trkpt>
      <trkpt lat="46.341356" lon="13.659334">
        <ele>480.211605</ele>
        <time>2026-07-17T16:30:12.051Z</time>
      </trkpt>
      <trkpt lat="46.340828" lon="13.658807">
        <ele>480.408235</ele>
        <time>2026-07-17T16:30:23.595Z</time>
      </trkpt>
      <trkpt lat="46.340729" lon="13.658634">
        <ele>480.234356</ele>
        <time>2026-07-17T16:30:26.297Z</time>
      </trkpt>
      <trkpt lat="46.340686" lon="13.658493">
        <ele>480.115077</ele>
        <time>2026-07-17T16:30:28.056Z</time>
      </trkpt>
      <trkpt lat="46.340677" lon="13.658288">
        <ele>479.956126</ele>
        <time>2026-07-17T16:30:30.323Z</time>
      </trkpt>
      <trkpt lat="46.340692" lon="13.657505">
        <ele>479.350001</ele>
        <time>2026-07-17T16:30:37.407Z</time>
      </trkpt>
      <trkpt lat="46.340649" lon="13.656875">
        <ele>478.860124</ele>
        <time>2026-07-17T16:30:42.207Z</time>
      </trkpt>
      <trkpt lat="46.340665" lon="13.656606">
        <ele>478.651198</ele>
        <time>2026-07-17T16:30:44.166Z</time>
      </trkpt>
      <trkpt lat="46.340814" lon="13.655900">
        <ele>477.765781</ele>
        <time>2026-07-17T16:30:49.362Z</time>
      </trkpt>
      <trkpt lat="46.340952" lon="13.654979">
        <ele>476.404418</ele>
        <time>2026-07-17T16:30:55.928Z</time>
      </trkpt>
      <trkpt lat="46.340958" lon="13.654776">
        <ele>476.110915</ele>
        <time>2026-07-17T16:30:57.380Z</time>
      </trkpt>
      <trkpt lat="46.340947" lon="13.654573">
        <ele>475.816780</ele>
        <time>2026-07-17T16:30:58.869Z</time>
      </trkpt>
      <trkpt lat="46.340852" lon="13.654163">
        <ele>475.192065</ele>
        <time>2026-07-17T16:31:02.249Z</time>
      </trkpt>
      <trkpt lat="46.340756" lon="13.653597">
        <ele>474.954558</ele>
        <time>2026-07-17T16:31:07.946Z</time>
      </trkpt>
      <trkpt lat="46.340742" lon="13.653119">
        <ele>475.533894</ele>
        <time>2026-07-17T16:31:14.925Z</time>
      </trkpt>
      <trkpt lat="46.340779" lon="13.652158">
        <ele>476.699389</ele>
        <time>2026-07-17T16:31:31.298Z</time>
      </trkpt>
      <trkpt lat="46.340853" lon="13.651679">
        <ele>477.293761</ele>
        <time>2026-07-17T16:31:40.035Z</time>
      </trkpt>
      <trkpt lat="46.340874" lon="13.651325">
        <ele>477.724002</ele>
        <time>2026-07-17T16:31:46.381Z</time>
      </trkpt>
      <trkpt lat="46.340881" lon="13.650946">
        <ele>477.739657</ele>
        <time>2026-07-17T16:31:52.777Z</time>
      </trkpt>
      <trkpt lat="46.340851" lon="13.650374">
        <ele>477.552487</ele>
        <time>2026-07-17T16:32:01.252Z</time>
      </trkpt>
      <trkpt lat="46.340816" lon="13.650195">
        <ele>477.491785</ele>
        <time>2026-07-17T16:32:03.445Z</time>
      </trkpt>
      <trkpt lat="46.340616" lon="13.649555">
        <ele>477.262569</ele>
        <time>2026-07-17T16:32:09.518Z</time>
      </trkpt>
      <trkpt lat="46.340501" lon="13.649031">
        <ele>477.083166</ele>
        <time>2026-07-17T16:32:13.702Z</time>
      </trkpt>
      <trkpt lat="46.340350" lon="13.648583">
        <ele>476.401645</ele>
        <time>2026-07-17T16:32:17.202Z</time>
      </trkpt>
      <trkpt lat="46.339791" lon="13.647519">
        <ele>472.384315</ele>
        <time>2026-07-17T16:32:25.990Z</time>
      </trkpt>
      <trkpt lat="46.339455" lon="13.646980">
        <ele>470.202309</ele>
        <time>2026-07-17T16:32:30.670Z</time>
      </trkpt>
      <trkpt lat="46.339089" lon="13.646513">
        <ele>468.521232</ele>
        <time>2026-07-17T16:32:35.429Z</time>
      </trkpt>
      <trkpt lat="46.338889" lon="13.646216">
        <ele>467.786250</ele>
        <time>2026-07-17T16:32:38.177Z</time>
      </trkpt>
      <trkpt lat="46.338798" lon="13.646135">
        <ele>467.512179</ele>
        <time>2026-07-17T16:32:39.213Z</time>
      </trkpt>
      <trkpt lat="46.338744" lon="13.646086">
        <ele>467.348671</ele>
        <time>2026-07-17T16:32:39.820Z</time>
      </trkpt>
      <trkpt lat="46.338505" lon="13.645947">
        <ele>466.687810</ele>
        <time>2026-07-17T16:32:42.473Z</time>
      </trkpt>
      <trkpt lat="46.338354" lon="13.645845">
        <ele>466.260283</ele>
        <time>2026-07-17T16:32:44.279Z</time>
      </trkpt>
      <trkpt lat="46.338229" lon="13.645761">
        <ele>465.906696</ele>
        <time>2026-07-17T16:32:45.829Z</time>
      </trkpt>
      <trkpt lat="46.337930" lon="13.645484">
        <ele>464.995956</ele>
        <time>2026-07-17T16:32:50.103Z</time>
      </trkpt>
      <trkpt lat="46.337836" lon="13.645301">
        <ele>464.591874</ele>
        <time>2026-07-17T16:32:52.273Z</time>
      </trkpt>
      <trkpt lat="46.337739" lon="13.644903">
        <ele>464.569156</ele>
        <time>2026-07-17T16:32:56.787Z</time>
      </trkpt>
      <trkpt lat="46.337649" lon="13.644707">
        <ele>464.586327</ele>
        <time>2026-07-17T16:32:59.273Z</time>
      </trkpt>
      <trkpt lat="46.336932" lon="13.643424">
        <ele>464.706734</ele>
        <time>2026-07-17T16:33:20.814Z</time>
      </trkpt>
      <trkpt lat="46.336714" lon="13.642886">
        <ele>463.976487</ele>
        <time>2026-07-17T16:33:26.006Z</time>
      </trkpt>
      <trkpt lat="46.336520" lon="13.642588">
        <ele>462.939146</ele>
        <time>2026-07-17T16:33:29.069Z</time>
      </trkpt>
      <trkpt lat="46.335823" lon="13.641478">
        <ele>459.139063</ele>
        <time>2026-07-17T16:33:39.096Z</time>
      </trkpt>
      <trkpt lat="46.335696" lon="13.641312">
        <ele>458.511527</ele>
        <time>2026-07-17T16:33:40.684Z</time>
      </trkpt>
      <trkpt lat="46.335581" lon="13.641188">
        <ele>457.881672</ele>
        <time>2026-07-17T16:33:42.003Z</time>
      </trkpt>
      <trkpt lat="46.334743" lon="13.640494">
        <ele>451.835937</ele>
        <time>2026-07-17T16:33:50.787Z</time>
      </trkpt>
      <trkpt lat="46.334632" lon="13.640362">
        <ele>450.936442</ele>
        <time>2026-07-17T16:33:52.082Z</time>
      </trkpt>
      <trkpt lat="46.334558" lon="13.640224">
        <ele>450.180868</ele>
        <time>2026-07-17T16:33:53.180Z</time>
      </trkpt>
      <trkpt lat="46.334484" lon="13.640008">
        <ele>449.138175</ele>
        <time>2026-07-17T16:33:54.688Z</time>
      </trkpt>
      <trkpt lat="46.334471" lon="13.639664">
        <ele>447.648415</ele>
        <time>2026-07-17T16:33:56.846Z</time>
      </trkpt>
      <trkpt lat="46.334561" lon="13.639147">
        <ele>445.567315</ele>
        <time>2026-07-17T16:34:00.179Z</time>
      </trkpt>
      <trkpt lat="46.334791" lon="13.638653">
        <ele>443.370138</ele>
        <time>2026-07-17T16:34:03.904Z</time>
      </trkpt>
      <trkpt lat="46.334899" lon="13.638329">
        <ele>442.043393</ele>
        <time>2026-07-17T16:34:06.178Z</time>
      </trkpt>
      <trkpt lat="46.334924" lon="13.638244">
        <ele>441.702690</ele>
        <time>2026-07-17T16:34:06.767Z</time>
      </trkpt>
      <trkpt lat="46.335284" lon="13.637374">
        <ele>437.962417</ele>
        <time>2026-07-17T16:34:13.432Z</time>
      </trkpt>
      <trkpt lat="46.335435" lon="13.637142">
        <ele>437.092217</ele>
        <time>2026-07-17T16:34:15.624Z</time>
      </trkpt>
      <trkpt lat="46.335650" lon="13.636928">
        <ele>436.595885</ele>
        <time>2026-07-17T16:34:18.297Z</time>
      </trkpt>
      <trkpt lat="46.335828" lon="13.636668">
        <ele>436.114914</ele>
        <time>2026-07-17T16:34:20.989Z</time>
      </trkpt>
      <trkpt lat="46.336065" lon="13.635880">
        <ele>434.985860</ele>
        <time>2026-07-17T16:34:27.824Z</time>
      </trkpt>
      <trkpt lat="46.336307" lon="13.634744">
        <ele>433.711773</ele>
        <time>2026-07-17T16:34:38.111Z</time>
      </trkpt>
      <trkpt lat="46.336395" lon="13.634300">
        <ele>433.525412</ele>
        <time>2026-07-17T16:34:42.127Z</time>
      </trkpt>
      <trkpt lat="46.336766" lon="13.633391">
        <ele>433.099405</ele>
        <time>2026-07-17T16:34:52.021Z</time>
      </trkpt>
      <trkpt lat="46.336866" lon="13.633070">
        <ele>432.957330</ele>
        <time>2026-07-17T16:34:55.485Z</time>
      </trkpt>
      <trkpt lat="46.337033" lon="13.631869">
        <ele>432.459589</ele>
        <time>2026-07-17T16:35:06.167Z</time>
      </trkpt>
      <trkpt lat="46.336951" lon="13.631396">
        <ele>432.260731</ele>
        <time>2026-07-17T16:35:10.339Z</time>
      </trkpt>
      <trkpt lat="46.336948" lon="13.631149">
        <ele>432.159998</ele>
        <time>2026-07-17T16:35:12.482Z</time>
      </trkpt>
      <trkpt lat="46.337033" lon="13.630528">
        <ele>431.901850</ele>
        <time>2026-07-17T16:35:18.130Z</time>
      </trkpt>
      <trkpt lat="46.337175" lon="13.630002">
        <ele>431.740727</ele>
        <time>2026-07-17T16:35:23.287Z</time>
      </trkpt>
      <trkpt lat="46.337366" lon="13.629494">
        <ele>431.804814</ele>
        <time>2026-07-17T16:35:29.646Z</time>
      </trkpt>
      <trkpt lat="46.337468" lon="13.628945">
        <ele>431.867803</ele>
        <time>2026-07-17T16:35:36.714Z</time>
      </trkpt>
      <trkpt lat="46.337512" lon="13.628583">
        <ele>431.908526</ele>
        <time>2026-07-17T16:35:41.284Z</time>
      </trkpt>
      <trkpt lat="46.337455" lon="13.626735">
        <ele>431.517335</ele>
        <time>2026-07-17T16:35:59.740Z</time>
      </trkpt>
      <trkpt lat="46.337473" lon="13.626290">
        <ele>431.269012</ele>
        <time>2026-07-17T16:36:03.495Z</time>
      </trkpt>
      <trkpt lat="46.337578" lon="13.625649">
        <ele>430.902014</ele>
        <time>2026-07-17T16:36:08.862Z</time>
      </trkpt>
      <trkpt lat="46.337741" lon="13.625041">
        <ele>430.569946</ele>
        <time>2026-07-17T16:36:13.964Z</time>
      </trkpt>
      <trkpt lat="46.337755" lon="13.624907">
        <ele>430.590326</ele>
        <time>2026-07-17T16:36:15.001Z</time>
      </trkpt>
      <trkpt lat="46.337744" lon="13.624373">
        <ele>430.670664</ele>
        <time>2026-07-17T16:36:19.695Z</time>
      </trkpt>
      <trkpt lat="46.337717" lon="13.624092">
        <ele>430.713328</ele>
        <time>2026-07-17T16:36:22.738Z</time>
      </trkpt>
      <trkpt lat="46.337592" lon="13.623391">
        <ele>430.822203</ele>
        <time>2026-07-17T16:36:31.691Z</time>
      </trkpt>
      <trkpt lat="46.337536" lon="13.622804">
        <ele>430.911315</ele>
        <time>2026-07-17T16:36:39.804Z</time>
      </trkpt>
      <trkpt lat="46.337482" lon="13.622193">
        <ele>430.862088</ele>
        <time>2026-07-17T16:36:48.227Z</time>
      </trkpt>
      <trkpt lat="46.337421" lon="13.621055">
        <ele>430.535589</ele>
        <time>2026-07-17T16:37:01.169Z</time>
      </trkpt>
      <trkpt lat="46.337567" lon="13.620085">
        <ele>430.251609</ele>
        <time>2026-07-17T16:37:08.891Z</time>
      </trkpt>
      <trkpt lat="46.337666" lon="13.619717">
        <ele>429.873580</ele>
        <time>2026-07-17T16:37:11.872Z</time>
      </trkpt>
      <trkpt lat="46.338074" lon="13.618849">
        <ele>428.455540</ele>
        <time>2026-07-17T16:37:19.736Z</time>
      </trkpt>
      <trkpt lat="46.338153" lon="13.618599">
        <ele>428.084254</ele>
        <time>2026-07-17T16:37:21.812Z</time>
      </trkpt>
      <trkpt lat="46.338187" lon="13.618377">
        <ele>427.777175</ele>
        <time>2026-07-17T16:37:23.526Z</time>
      </trkpt>
      <trkpt lat="46.338186" lon="13.618115">
        <ele>427.423362</ele>
        <time>2026-07-17T16:37:25.518Z</time>
      </trkpt>
      <trkpt lat="46.338077" lon="13.617866">
        <ele>427.025215</ele>
        <time>2026-07-17T16:37:27.741Z</time>
      </trkpt>
      <trkpt lat="46.337989" lon="13.617733">
        <ele>426.776446</ele>
        <time>2026-07-17T16:37:29.152Z</time>
      </trkpt>
      <trkpt lat="46.337779" lon="13.617471">
        <ele>426.529026</ele>
        <time>2026-07-17T16:37:32.298Z</time>
      </trkpt>
      <trkpt lat="46.337378" lon="13.617079">
        <ele>426.192400</ele>
        <time>2026-07-17T16:37:37.926Z</time>
      </trkpt>
      <trkpt lat="46.337246" lon="13.616857">
        <ele>426.051653</ele>
        <time>2026-07-17T16:37:40.347Z</time>
      </trkpt>
      <trkpt lat="46.337202" lon="13.616711">
        <ele>425.975123</ele>
        <time>2026-07-17T16:37:41.691Z</time>
      </trkpt>
      <trkpt lat="46.337129" lon="13.616250">
        <ele>425.747908</ele>
        <time>2026-07-17T16:37:45.951Z</time>
      </trkpt>
      <trkpt lat="46.337090" lon="13.615514">
        <ele>425.565074</ele>
        <time>2026-07-17T16:37:54.267Z</time>
      </trkpt>
      <trkpt lat="46.337091" lon="13.615439">
        <ele>425.660938</ele>
        <time>2026-07-17T16:37:55.260Z</time>
      </trkpt>
      <trkpt lat="46.337094" lon="13.615075">
        <ele>426.126141</ele>
        <time>2026-07-17T16:38:00.340Z</time>
      </trkpt>
      <trkpt lat="46.337133" lon="13.614714">
        <ele>426.593091</ele>
        <time>2026-07-17T16:38:05.762Z</time>
      </trkpt>
      <trkpt lat="46.337399" lon="13.613404">
        <ele>428.338090</ele>
        <time>2026-07-17T16:38:28.201Z</time>
      </trkpt>
      <trkpt lat="46.337401" lon="13.613059">
        <ele>428.778344</ele>
        <time>2026-07-17T16:38:34.341Z</time>
      </trkpt>
      <trkpt lat="46.337307" lon="13.612258">
        <ele>429.745864</ele>
        <time>2026-07-17T16:38:48.456Z</time>
      </trkpt>
      <trkpt lat="46.337313" lon="13.612141">
        <ele>429.885573</ele>
        <time>2026-07-17T16:38:50.431Z</time>
      </trkpt>
      <trkpt lat="46.337421" lon="13.611583">
        <ele>430.575661</ele>
        <time>2026-07-17T16:38:59.861Z</time>
      </trkpt>
      <trkpt lat="46.337368" lon="13.611219">
        <ele>431.018651</ele>
        <time>2026-07-17T16:39:05.704Z</time>
      </trkpt>
      <trkpt lat="46.337010" lon="13.609974">
        <ele>431.096164</ele>
        <time>2026-07-17T16:39:21.433Z</time>
      </trkpt>
      <trkpt lat="46.336991" lon="13.609620">
        <ele>430.660612</ele>
        <time>2026-07-17T16:39:24.329Z</time>
      </trkpt>
      <trkpt lat="46.337005" lon="13.609472">
        <ele>430.477369</ele>
        <time>2026-07-17T16:39:25.486Z</time>
      </trkpt>
      <trkpt lat="46.337247" lon="13.608267">
        <ele>428.937969</ele>
        <time>2026-07-17T16:39:34.414Z</time>
      </trkpt>
      <trkpt lat="46.337520" lon="13.607046">
        <ele>426.290186</ele>
        <time>2026-07-17T16:39:43.337Z</time>
      </trkpt>
      <trkpt lat="46.337666" lon="13.605612">
        <ele>423.057865</ele>
        <time>2026-07-17T16:39:53.538Z</time>
      </trkpt>
      <trkpt lat="46.337807" lon="13.604863">
        <ele>421.164902</ele>
        <time>2026-07-17T16:39:58.875Z</time>
      </trkpt>
      <trkpt lat="46.337874" lon="13.604328">
        <ele>419.825058</ele>
        <time>2026-07-17T16:40:02.503Z</time>
      </trkpt>
      <trkpt lat="46.337989" lon="13.603705">
        <ele>418.235957</ele>
        <time>2026-07-17T16:40:06.759Z</time>
      </trkpt>
      <trkpt lat="46.338136" lon="13.602497">
        <ele>416.210727</ele>
        <time>2026-07-17T16:40:15.421Z</time>
      </trkpt>
      <trkpt lat="46.338294" lon="13.601233">
        <ele>415.604513</ele>
        <time>2026-07-17T16:40:27.194Z</time>
      </trkpt>
      <trkpt lat="46.338278" lon="13.600551">
        <ele>415.282473</ele>
        <time>2026-07-17T16:40:36.406Z</time>
      </trkpt>
      <trkpt lat="46.338206" lon="13.600112">
        <ele>414.873675</ele>
        <time>2026-07-17T16:40:42.562Z</time>
      </trkpt>
      <trkpt lat="46.337953" lon="13.599332">
        <ele>413.928686</ele>
        <time>2026-07-17T16:40:51.087Z</time>
      </trkpt>
      <trkpt lat="46.337829" lon="13.599121">
        <ele>413.624845</ele>
        <time>2026-07-17T16:40:53.265Z</time>
      </trkpt>
      <trkpt lat="46.337533" lon="13.598797">
        <ele>413.035573</ele>
        <time>2026-07-17T16:40:57.195Z</time>
      </trkpt>
      <trkpt lat="46.337056" lon="13.598482">
        <ele>412.014628</ele>
        <time>2026-07-17T16:41:02.319Z</time>
      </trkpt>
      <trkpt lat="46.336148" lon="13.597786">
        <ele>408.436466</ele>
        <time>2026-07-17T16:41:12.067Z</time>
      </trkpt>
      <trkpt lat="46.335068" lon="13.596996">
        <ele>406.626338</ele>
        <time>2026-07-17T16:41:25.375Z</time>
      </trkpt>
      <trkpt lat="46.334884" lon="13.596824">
        <ele>406.842189</ele>
        <time>2026-07-17T16:41:28.914Z</time>
      </trkpt>
      <trkpt lat="46.334753" lon="13.596618">
        <ele>407.032780</ele>
        <time>2026-07-17T16:41:32.514Z</time>
      </trkpt>
      <trkpt lat="46.334485" lon="13.596073">
        <ele>407.488121</ele>
        <time>2026-07-17T16:41:43.177Z</time>
      </trkpt>
      <trkpt lat="46.334342" lon="13.595782">
        <ele>407.731194</ele>
        <time>2026-07-17T16:41:50.138Z</time>
      </trkpt>
      <trkpt lat="46.334119" lon="13.595289">
        <ele>409.051176</ele>
        <time>2026-07-17T16:42:03.255Z</time>
      </trkpt>
      <trkpt lat="46.334022" lon="13.595018">
        <ele>409.983652</ele>
        <time>2026-07-17T16:42:10.594Z</time>
      </trkpt>
      <trkpt lat="46.333888" lon="13.594492">
        <ele>411.696359</ele>
        <time>2026-07-17T16:42:24.927Z</time>
      </trkpt>
      <trkpt lat="46.333535" lon="13.592863">
        <ele>416.626182</ele>
        <time>2026-07-17T16:43:03.147Z</time>
      </trkpt>
      <trkpt lat="46.333416" lon="13.592107">
        <ele>418.371122</ele>
        <time>2026-07-17T16:43:17.197Z</time>
      </trkpt>
      <trkpt lat="46.333350" lon="13.591656">
        <ele>419.408592</ele>
        <time>2026-07-17T16:43:25.509Z</time>
      </trkpt>
      <trkpt lat="46.333378" lon="13.591385">
        <ele>420.025238</ele>
        <time>2026-07-17T16:43:30.353Z</time>
      </trkpt>
      <trkpt lat="46.333678" lon="13.590953">
        <ele>421.404060</ele>
        <time>2026-07-17T16:43:41.226Z</time>
      </trkpt>
      <trkpt lat="46.333797" lon="13.590701">
        <ele>422.308394</ele>
        <time>2026-07-17T16:43:47.107Z</time>
      </trkpt>
      <trkpt lat="46.333953" lon="13.590455">
        <ele>423.466165</ele>
        <time>2026-07-17T16:43:54.034Z</time>
      </trkpt>
      <trkpt lat="46.334637" lon="13.589814">
        <ele>427.556147</ele>
        <time>2026-07-17T16:44:21.540Z</time>
      </trkpt>
      <trkpt lat="46.334761" lon="13.589742">
        <ele>428.226821</ele>
        <time>2026-07-17T16:44:26.331Z</time>
      </trkpt>
      <trkpt lat="46.335272" lon="13.589551">
        <ele>430.928597</ele>
        <time>2026-07-17T16:44:47.450Z</time>
      </trkpt>
      <trkpt lat="46.335398" lon="13.589410">
        <ele>431.993543</ele>
        <time>2026-07-17T16:44:54.552Z</time>
      </trkpt>
      <trkpt lat="46.335473" lon="13.589145">
        <ele>433.316075</ele>
        <time>2026-07-17T16:45:03.423Z</time>
      </trkpt>
      <trkpt lat="46.335480" lon="13.588744">
        <ele>435.168395</ele>
        <time>2026-07-17T16:45:16.219Z</time>
      </trkpt>
      <trkpt lat="46.335456" lon="13.587869">
        <ele>439.212138</ele>
        <time>2026-07-17T16:45:43.381Z</time>
      </trkpt>
      <trkpt lat="46.335388" lon="13.587105">
        <ele>442.760774</ele>
        <time>2026-07-17T16:46:04.461Z</time>
      </trkpt>
      <trkpt lat="46.335422" lon="13.586762">
        <ele>443.711049</ele>
        <time>2026-07-17T16:46:12.687Z</time>
      </trkpt>
      <trkpt lat="46.335492" lon="13.586394">
        <ele>444.757836</ele>
        <time>2026-07-17T16:46:21.029Z</time>
      </trkpt>
      <trkpt lat="46.335599" lon="13.586038">
        <ele>445.822608</ele>
        <time>2026-07-17T16:46:29.111Z</time>
      </trkpt>
      <trkpt lat="46.335679" lon="13.585803">
        <ele>446.541138</ele>
        <time>2026-07-17T16:46:34.496Z</time>
      </trkpt>
      <trkpt lat="46.335870" lon="13.585468">
        <ele>447.732571</ele>
        <time>2026-07-17T16:46:43.028Z</time>
      </trkpt>
      <trkpt lat="46.335925" lon="13.585251">
        <ele>448.366489</ele>
        <time>2026-07-17T16:46:47.565Z</time>
      </trkpt>
      <trkpt lat="46.335986" lon="13.584445">
        <ele>450.259234</ele>
        <time>2026-07-17T16:47:03.157Z</time>
      </trkpt>
      <trkpt lat="46.336032" lon="13.583620">
        <ele>451.452776</ele>
        <time>2026-07-17T16:47:17.258Z</time>
      </trkpt>
      <trkpt lat="46.336179" lon="13.582239">
        <ele>453.467735</ele>
        <time>2026-07-17T16:47:37.581Z</time>
      </trkpt>
      <trkpt lat="46.336202" lon="13.582053">
        <ele>453.713098</ele>
        <time>2026-07-17T16:47:40.269Z</time>
      </trkpt>
      <trkpt lat="46.336290" lon="13.581242">
        <ele>454.544962</ele>
        <time>2026-07-17T16:47:52.271Z</time>
      </trkpt>
      <trkpt lat="46.336352" lon="13.580660">
        <ele>455.141674</ele>
        <time>2026-07-17T16:48:01.436Z</time>
      </trkpt>
      <trkpt lat="46.336614" lon="13.578279">
        <ele>455.788126</ele>
        <time>2026-07-17T16:48:33.844Z</time>
      </trkpt>
      <trkpt lat="46.336627" lon="13.577920">
        <ele>455.647418</ele>
        <time>2026-07-17T16:48:37.025Z</time>
      </trkpt>
      <trkpt lat="46.336619" lon="13.577575">
        <ele>455.512307</ele>
        <time>2026-07-17T16:48:39.831Z</time>
      </trkpt>
      <trkpt lat="46.336595" lon="13.576971">
        <ele>455.275506</ele>
        <time>2026-07-17T16:48:44.364Z</time>
      </trkpt>
      <trkpt lat="46.336593" lon="13.576890">
        <ele>454.989414</ele>
        <time>2026-07-17T16:48:44.942Z</time>
      </trkpt>
      <trkpt lat="46.336586" lon="13.576603">
        <ele>453.746554</ele>
        <time>2026-07-17T16:48:46.930Z</time>
      </trkpt>
      <trkpt lat="46.336577" lon="13.575780">
        <ele>450.184311</ele>
        <time>2026-07-17T16:48:52.186Z</time>
      </trkpt>
      <trkpt lat="46.336639" lon="13.575484">
        <ele>448.845621</ele>
        <time>2026-07-17T16:48:54.095Z</time>
      </trkpt>
      <trkpt lat="46.336719" lon="13.575315">
        <ele>447.958819</ele>
        <time>2026-07-17T16:48:55.347Z</time>
      </trkpt>
      <trkpt lat="46.336815" lon="13.575186">
        <ele>447.137962</ele>
        <time>2026-07-17T16:48:56.503Z</time>
      </trkpt>
      <trkpt lat="46.337291" lon="13.574798">
        <ele>443.684985</ele>
        <time>2026-07-17T16:49:01.298Z</time>
      </trkpt>
      <trkpt lat="46.337385" lon="13.574652">
        <ele>442.731104</ele>
        <time>2026-07-17T16:49:02.511Z</time>
      </trkpt>
      <trkpt lat="46.337499" lon="13.574391">
        <ele>441.255384</ele>
        <time>2026-07-17T16:49:04.397Z</time>
      </trkpt>
      <trkpt lat="46.337705" lon="13.574088">
        <ele>439.223474</ele>
        <time>2026-07-17T16:49:06.997Z</time>
      </trkpt>
      <trkpt lat="46.338060" lon="13.573716">
        <ele>436.191038</ele>
        <time>2026-07-17T16:49:10.868Z</time>
      </trkpt>
      <trkpt lat="46.338194" lon="13.573621">
        <ele>435.158521</ele>
        <time>2026-07-17T16:49:12.208Z</time>
      </trkpt>
      <trkpt lat="46.338365" lon="13.573577">
        <ele>433.956537</ele>
        <time>2026-07-17T16:49:13.799Z</time>
      </trkpt>
      <trkpt lat="46.338561" lon="13.573570">
        <ele>432.599649</ele>
        <time>2026-07-17T16:49:15.658Z</time>
      </trkpt>
      <trkpt lat="46.339139" lon="13.573589">
        <ele>429.887995</ele>
        <time>2026-07-17T16:49:21.290Z</time>
      </trkpt>
      <trkpt lat="46.339289" lon="13.573629">
        <ele>429.294177</ele>
        <time>2026-07-17T16:49:22.769Z</time>
      </trkpt>
      <trkpt lat="46.339525" lon="13.573801">
        <ele>428.265587</ele>
        <time>2026-07-17T16:49:25.251Z</time>
      </trkpt>
      <trkpt lat="46.339925" lon="13.574403">
        <ele>426.019786</ele>
        <time>2026-07-17T16:49:30.755Z</time>
      </trkpt>
      <trkpt lat="46.340169" lon="13.574671">
        <ele>424.827573</ele>
        <time>2026-07-17T16:49:34.144Z</time>
      </trkpt>
      <trkpt lat="46.340282" lon="13.574702">
        <ele>424.595808</ele>
        <time>2026-07-17T16:49:35.467Z</time>
      </trkpt>
      <trkpt lat="46.340333" lon="13.574623">
        <ele>424.688273</ele>
        <time>2026-07-17T16:49:36.289Z</time>
      </trkpt>
      <trkpt lat="46.340336" lon="13.574530">
        <ele>424.767866</ele>
        <time>2026-07-17T16:49:36.988Z</time>
      </trkpt>
      <trkpt lat="46.340308" lon="13.574460">
        <ele>424.837029</ele>
        <time>2026-07-17T16:49:37.606Z</time>
      </trkpt>
      <trkpt lat="46.339718" lon="13.573743">
        <ele>425.790722</ele>
        <time>2026-07-17T16:49:47.242Z</time>
      </trkpt>
      <trkpt lat="46.339637" lon="13.573565">
        <ele>425.972981</ele>
        <time>2026-07-17T16:49:50.615Z</time>
      </trkpt>
      <trkpt lat="46.339588" lon="13.573334">
        <ele>426.179579</ele>
        <time>2026-07-17T16:49:55.693Z</time>
      </trkpt>
      <trkpt lat="46.339599" lon="13.572983">
        <ele>426.479965</ele>
        <time>2026-07-17T16:50:04.838Z</time>
      </trkpt>
      <trkpt lat="46.339688" lon="13.572746">
        <ele>426.710615</ele>
        <time>2026-07-17T16:50:11.995Z</time>
      </trkpt>
      <trkpt lat="46.339895" lon="13.572465">
        <ele>427.640096</ele>
        <time>2026-07-17T16:50:22.609Z</time>
      </trkpt>
      <trkpt lat="46.340071" lon="13.572265">
        <ele>428.467614</ele>
        <time>2026-07-17T16:50:30.239Z</time>
      </trkpt>
      <trkpt lat="46.340415" lon="13.571976">
        <ele>429.938709</ele>
        <time>2026-07-17T16:50:42.792Z</time>
      </trkpt>
      <trkpt lat="46.340636" lon="13.571873">
        <ele>430.797522</ele>
        <time>2026-07-17T16:50:49.823Z</time>
      </trkpt>
      <trkpt lat="46.340809" lon="13.571833">
        <ele>431.445596</ele>
        <time>2026-07-17T16:50:54.884Z</time>
      </trkpt>
      <trkpt lat="46.341029" lon="13.571858">
        <ele>432.261934</ele>
        <time>2026-07-17T16:51:00.654Z</time>
      </trkpt>
      <trkpt lat="46.341225" lon="13.571932">
        <ele>433.011214</ele>
        <time>2026-07-17T16:51:05.598Z</time>
      </trkpt>
      <trkpt lat="46.341482" lon="13.572134">
        <ele>433.790564</ele>
        <time>2026-07-17T16:51:12.095Z</time>
      </trkpt>
      <trkpt lat="46.341863" lon="13.572680">
        <ele>434.876248</ele>
        <time>2026-07-17T16:51:22.296Z</time>
      </trkpt>
      <trkpt lat="46.342182" lon="13.573033">
        <ele>435.689439</ele>
        <time>2026-07-17T16:51:30.668Z</time>
      </trkpt>
      <trkpt lat="46.342455" lon="13.573296">
        <ele>436.353597</ele>
        <time>2026-07-17T16:51:38.384Z</time>
      </trkpt>
      <trkpt lat="46.343016" lon="13.573916">
        <ele>438.577190</ele>
        <time>2026-07-17T16:51:57.268Z</time>
      </trkpt>
      <trkpt lat="46.343305" lon="13.574280">
        <ele>440.214897</ele>
        <time>2026-07-17T16:52:08.157Z</time>
      </trkpt>
      <trkpt lat="46.343488" lon="13.574513">
        <ele>441.256795</ele>
        <time>2026-07-17T16:52:15.786Z</time>
      </trkpt>
      <trkpt lat="46.343930" lon="13.574940">
        <ele>443.528723</ele>
        <time>2026-07-17T16:52:34.765Z</time>
      </trkpt>
      <trkpt lat="46.343759" lon="13.574448">
        <ele>445.194387</ele>
        <time>2026-07-17T16:52:49.179Z</time>
      </trkpt>
      <trkpt lat="46.343682" lon="13.574053">
        <ele>446.527343</ele>
        <time>2026-07-17T16:52:59.644Z</time>
      </trkpt>
      <trkpt lat="46.343638" lon="13.573557">
        <ele>448.151388</ele>
        <time>2026-07-17T16:53:12.008Z</time>
      </trkpt>
      <trkpt lat="46.343569" lon="13.572937">
        <ele>450.190887</ele>
        <time>2026-07-17T16:53:26.963Z</time>
      </trkpt>
      <trkpt lat="46.343460" lon="13.572604">
        <ele>451.387745</ele>
        <time>2026-07-17T16:53:35.086Z</time>
      </trkpt>
      <trkpt lat="46.343359" lon="13.572380">
        <ele>452.256629</ele>
        <time>2026-07-17T16:53:40.763Z</time>
      </trkpt>
      <trkpt lat="46.342986" lon="13.571839">
        <ele>454.299947</ele>
        <time>2026-07-17T16:53:55.921Z</time>
      </trkpt>
      <trkpt lat="46.342749" lon="13.571502">
        <ele>455.409744</ele>
        <time>2026-07-17T16:54:05.561Z</time>
      </trkpt>
      <trkpt lat="46.342306" lon="13.571068">
        <ele>457.196911</ele>
        <time>2026-07-17T16:54:21.249Z</time>
      </trkpt>
      <trkpt lat="46.341927" lon="13.570856">
        <ele>458.554574</ele>
        <time>2026-07-17T16:54:32.647Z</time>
      </trkpt>
      <trkpt lat="46.341619" lon="13.570720">
        <ele>459.350623</ele>
        <time>2026-07-17T16:54:41.034Z</time>
      </trkpt>
      <trkpt lat="46.341187" lon="13.570437">
        <ele>459.822405</ele>
        <time>2026-07-17T16:54:51.747Z</time>
      </trkpt>
      <trkpt lat="46.340877" lon="13.570104">
        <ele>460.206439</ele>
        <time>2026-07-17T16:54:59.185Z</time>
      </trkpt>
      <trkpt lat="46.340695" lon="13.569832">
        <ele>460.466653</ele>
        <time>2026-07-17T16:55:03.583Z</time>
      </trkpt>
      <trkpt lat="46.340556" lon="13.569558">
        <ele>460.700233</ele>
        <time>2026-07-17T16:55:07.154Z</time>
      </trkpt>
      <trkpt lat="46.340351" lon="13.569051">
        <ele>460.937753</ele>
        <time>2026-07-17T16:55:12.601Z</time>
      </trkpt>
      <trkpt lat="46.340258" lon="13.568805">
        <ele>460.741047</ele>
        <time>2026-07-17T16:55:15.006Z</time>
      </trkpt>
      <trkpt lat="46.340115" lon="13.568410">
        <ele>460.428235</ele>
        <time>2026-07-17T16:55:18.766Z</time>
      </trkpt>
      <trkpt lat="46.339993" lon="13.567953">
        <ele>460.084589</ele>
        <time>2026-07-17T16:55:22.911Z</time>
      </trkpt>
      <trkpt lat="46.339904" lon="13.567430">
        <ele>459.706803</ele>
        <time>2026-07-17T16:55:27.375Z</time>
      </trkpt>
      <trkpt lat="46.339821" lon="13.566664">
        <ele>459.153048</ele>
        <time>2026-07-17T16:55:33.675Z</time>
      </trkpt>
      <trkpt lat="46.339744" lon="13.565396">
        <ele>457.978012</ele>
        <time>2026-07-17T16:55:43.838Z</time>
      </trkpt>
      <trkpt lat="46.339729" lon="13.565070">
        <ele>457.676407</ele>
        <time>2026-07-17T16:55:46.476Z</time>
      </trkpt>
      <trkpt lat="46.339707" lon="13.564619">
        <ele>457.259042</ele>
        <time>2026-07-17T16:55:50.160Z</time>
      </trkpt>
      <trkpt lat="46.339646" lon="13.564179">
        <ele>456.844760</ele>
        <time>2026-07-17T16:55:53.909Z</time>
      </trkpt>
      <trkpt lat="46.339557" lon="13.563844">
        <ele>456.473609</ele>
        <time>2026-07-17T16:55:56.886Z</time>
      </trkpt>
      <trkpt lat="46.339291" lon="13.563171">
        <ele>455.654524</ele>
        <time>2026-07-17T16:56:03.081Z</time>
      </trkpt>
      <trkpt lat="46.339132" lon="13.562856">
        <ele>455.242373</ele>
        <time>2026-07-17T16:56:06.157Z</time>
      </trkpt>
      <trkpt lat="46.338884" lon="13.562325">
        <ele>454.565234</ele>
        <time>2026-07-17T16:56:11.142Z</time>
      </trkpt>
      <trkpt lat="46.338791" lon="13.562124">
        <ele>454.309663</ele>
        <time>2026-07-17T16:56:13.037Z</time>
      </trkpt>
      <trkpt lat="46.338306" lon="13.561058">
        <ele>452.733815</ele>
        <time>2026-07-17T16:56:22.859Z</time>
      </trkpt>
      <trkpt lat="46.338249" lon="13.560930">
        <ele>452.538947</ele>
        <time>2026-07-17T16:56:24.032Z</time>
      </trkpt>
      <trkpt lat="46.338113" lon="13.560629">
        <ele>452.078723</ele>
        <time>2026-07-17T16:56:26.771Z</time>
      </trkpt>
      <trkpt lat="46.337823" lon="13.560044">
        <ele>451.157344</ele>
        <time>2026-07-17T16:56:32.329Z</time>
      </trkpt>
      <trkpt lat="46.337753" lon="13.559906">
        <ele>450.938261</ele>
        <time>2026-07-17T16:56:33.630Z</time>
      </trkpt>
      <trkpt lat="46.337761" lon="13.559871">
        <ele>450.891093</ele>
        <time>2026-07-17T16:56:33.915Z</time>
      </trkpt>
      <trkpt lat="46.337753" lon="13.559793">
        <ele>450.790207</ele>
        <time>2026-07-17T16:56:34.515Z</time>
      </trkpt>
      <trkpt lat="46.337715" lon="13.559735">
        <ele>450.687823</ele>
        <time>2026-07-17T16:56:35.118Z</time>
      </trkpt>
      <trkpt lat="46.337666" lon="13.559716">
        <ele>450.593343</ele>
        <time>2026-07-17T16:56:35.688Z</time>
      </trkpt>
      <trkpt lat="46.337547" lon="13.559624">
        <ele>450.342097</ele>
        <time>2026-07-17T16:56:37.181Z</time>
      </trkpt>
      <trkpt lat="46.337382" lon="13.559384">
        <ele>449.906551</ele>
        <time>2026-07-17T16:56:39.744Z</time>
      </trkpt>
      <trkpt lat="46.337177" lon="13.559161">
        <ele>449.429026</ele>
        <time>2026-07-17T16:56:42.578Z</time>
      </trkpt>
      <trkpt lat="46.336809" lon="13.558840">
        <ele>448.628892</ele>
        <time>2026-07-17T16:56:47.385Z</time>
      </trkpt>
      <trkpt lat="46.336167" lon="13.558486">
        <ele>447.349166</ele>
        <time>2026-07-17T16:56:55.090Z</time>
      </trkpt>
      <trkpt lat="46.335971" lon="13.558392">
        <ele>446.947986</ele>
        <time>2026-07-17T16:56:57.362Z</time>
      </trkpt>
      <trkpt lat="46.335608" lon="13.558146">
        <ele>446.169256</ele>
        <time>2026-07-17T16:57:01.784Z</time>
      </trkpt>
      <trkpt lat="46.335560" lon="13.558111">
        <ele>446.064835</ele>
        <time>2026-07-17T16:57:02.373Z</time>
      </trkpt>
      <trkpt lat="46.334817" lon="13.557560">
        <ele>444.442880</ele>
        <time>2026-07-17T16:57:11.468Z</time>
      </trkpt>
      <trkpt lat="46.334226" lon="13.557229">
        <ele>443.488796</ele>
        <time>2026-07-17T16:57:18.509Z</time>
      </trkpt>
      <trkpt lat="46.333986" lon="13.557036">
        <ele>443.183538</ele>
        <time>2026-07-17T16:57:21.729Z</time>
      </trkpt>
      <trkpt lat="46.333939" lon="13.556885">
        <ele>443.056366</ele>
        <time>2026-07-17T16:57:23.119Z</time>
      </trkpt>
      <trkpt lat="46.333781" lon="13.556633">
        <ele>442.795015</ele>
        <time>2026-07-17T16:57:26.000Z</time>
      </trkpt>
      <trkpt lat="46.333709" lon="13.556482">
        <ele>442.654120</ele>
        <time>2026-07-17T16:57:27.574Z</time>
      </trkpt>
      <trkpt lat="46.333624" lon="13.556185">
        <ele>442.407274</ele>
        <time>2026-07-17T16:57:30.407Z</time>
      </trkpt>
      <trkpt lat="46.333587" lon="13.555866">
        <ele>442.158917</ele>
        <time>2026-07-17T16:57:33.267Z</time>
      </trkpt>
      <trkpt lat="46.333587" lon="13.555532">
        <ele>441.902475</ele>
        <time>2026-07-17T16:57:36.349Z</time>
      </trkpt>
      <trkpt lat="46.333633" lon="13.554882">
        <ele>441.361819</ele>
        <time>2026-07-17T16:57:42.065Z</time>
      </trkpt>
      <trkpt lat="46.333697" lon="13.554398">
        <ele>440.951306</ele>
        <time>2026-07-17T16:57:46.271Z</time>
      </trkpt>
      <trkpt lat="46.333732" lon="13.554311">
        <ele>440.867428</ele>
        <time>2026-07-17T16:57:47.117Z</time>
      </trkpt>
      <trkpt lat="46.333862" lon="13.554189">
        <ele>440.680537</ele>
        <time>2026-07-17T16:57:48.993Z</time>
      </trkpt>
      <trkpt lat="46.333858" lon="13.554153">
        <ele>440.650163</ele>
        <time>2026-07-17T16:57:49.301Z</time>
      </trkpt>
      <trkpt lat="46.333855" lon="13.554124">
        <ele>440.625735</ele>
        <time>2026-07-17T16:57:49.538Z</time>
      </trkpt>
      <trkpt lat="46.333841" lon="13.554032">
        <ele>440.547258</ele>
        <time>2026-07-17T16:57:50.314Z</time>
      </trkpt>
      <trkpt lat="46.333838" lon="13.553999">
        <ele>440.519531</ele>
        <time>2026-07-17T16:57:50.582Z</time>
      </trkpt>
      <trkpt lat="46.333838" lon="13.553936">
        <ele>440.467050</ele>
        <time>2026-07-17T16:57:51.102Z</time>
      </trkpt>
      <trkpt lat="46.333781" lon="13.553934">
        <ele>440.398260</ele>
        <time>2026-07-17T16:57:51.764Z</time>
      </trkpt>
      <trkpt lat="46.333748" lon="13.553846">
        <ele>440.314840</ele>
        <time>2026-07-17T16:57:52.571Z</time>
      </trkpt>
      <trkpt lat="46.333721" lon="13.553534">
        <ele>440.052902</ele>
        <time>2026-07-17T16:57:55.070Z</time>
      </trkpt>
      <trkpt lat="46.333679" lon="13.553456">
        <ele>439.970503</ele>
        <time>2026-07-17T16:57:55.847Z</time>
      </trkpt>
      <trkpt lat="46.333656" lon="13.553102">
        <ele>439.665423</ele>
        <time>2026-07-17T16:57:58.606Z</time>
      </trkpt>
      <trkpt lat="46.333553" lon="13.552631">
        <ele>439.013053</ele>
        <time>2026-07-17T16:58:02.343Z</time>
      </trkpt>
      <trkpt lat="46.333342" lon="13.552132">
        <ele>438.240416</ele>
        <time>2026-07-17T16:58:06.725Z</time>
      </trkpt>
      <trkpt lat="46.332613" lon="13.551106">
        <ele>436.296443</ele>
        <time>2026-07-17T16:58:17.939Z</time>
      </trkpt>
      <trkpt lat="46.332438" lon="13.550840">
        <ele>435.875177</ele>
        <time>2026-07-17T16:58:20.795Z</time>
      </trkpt>
      <trkpt lat="46.332280" lon="13.550536">
        <ele>435.445949</ele>
        <time>2026-07-17T16:58:23.783Z</time>
      </trkpt>
      <trkpt lat="46.331977" lon="13.549824">
        <ele>434.502462</ele>
        <time>2026-07-17T16:58:30.448Z</time>
      </trkpt>
      <trkpt lat="46.330505" lon="13.546129">
        <ele>429.387741</ele>
        <time>2026-07-17T16:59:03.877Z</time>
      </trkpt>
      <trkpt lat="46.329953" lon="13.544819">
        <ele>426.988163</ele>
        <time>2026-07-17T16:59:15.222Z</time>
      </trkpt>
      <trkpt lat="46.329848" lon="13.544521">
        <ele>426.465053</ele>
        <time>2026-07-17T16:59:17.584Z</time>
      </trkpt>
      <trkpt lat="46.329770" lon="13.544142">
        <ele>426.015692</ele>
        <time>2026-07-17T16:59:20.392Z</time>
      </trkpt>
      <trkpt lat="46.329769" lon="13.543669">
        <ele>425.577931</ele>
        <time>2026-07-17T16:59:23.779Z</time>
      </trkpt>
      <trkpt lat="46.329860" lon="13.543193">
        <ele>425.120824</ele>
        <time>2026-07-17T16:59:27.488Z</time>
      </trkpt>
      <trkpt lat="46.330051" lon="13.542810">
        <ele>424.683582</ele>
        <time>2026-07-17T16:59:31.338Z</time>
      </trkpt>
      <trkpt lat="46.330201" lon="13.542614">
        <ele>424.412798</ele>
        <time>2026-07-17T16:59:33.883Z</time>
      </trkpt>
      <trkpt lat="46.330338" lon="13.542488">
        <ele>424.195276</ele>
        <time>2026-07-17T16:59:36.052Z</time>
      </trkpt>
      <trkpt lat="46.330880" lon="13.542059">
        <ele>424.246023</ele>
        <time>2026-07-17T16:59:46.638Z</time>
      </trkpt>
      <trkpt lat="46.330931" lon="13.542019">
        <ele>424.309794</ele>
        <time>2026-07-17T16:59:47.883Z</time>
      </trkpt>
      <trkpt lat="46.331783" lon="13.541325">
        <ele>425.384597</ele>
        <time>2026-07-17T17:00:09.170Z</time>
      </trkpt>
      <trkpt lat="46.331924" lon="13.541168">
        <ele>425.580155</ele>
        <time>2026-07-17T17:00:12.779Z</time>
      </trkpt>
      <trkpt lat="46.332074" lon="13.540891">
        <ele>425.828193</ele>
        <time>2026-07-17T17:00:17.303Z</time>
      </trkpt>
      <trkpt lat="46.332168" lon="13.540707">
        <ele>425.832297</ele>
        <time>2026-07-17T17:00:20.000Z</time>
      </trkpt>
      <trkpt lat="46.332227" lon="13.540523">
        <ele>425.835934</ele>
        <time>2026-07-17T17:00:22.233Z</time>
      </trkpt>
      <trkpt lat="46.332299" lon="13.540083">
        <ele>425.844042</ele>
        <time>2026-07-17T17:00:27.019Z</time>
      </trkpt>
      <trkpt lat="46.332335" lon="13.540024">
        <ele>425.845453</ele>
        <time>2026-07-17T17:00:27.807Z</time>
      </trkpt>
      <trkpt lat="46.332345" lon="13.539968">
        <ele>425.846490</ele>
        <time>2026-07-17T17:00:28.396Z</time>
      </trkpt>
      <trkpt lat="46.332324" lon="13.539882">
        <ele>425.848126</ele>
        <time>2026-07-17T17:00:29.331Z</time>
      </trkpt>
      <trkpt lat="46.332293" lon="13.539842">
        <ele>425.849204</ele>
        <time>2026-07-17T17:00:29.916Z</time>
      </trkpt>
      <trkpt lat="46.332252" lon="13.539674">
        <ele>425.852399</ele>
        <time>2026-07-17T17:00:31.687Z</time>
      </trkpt>
      <trkpt lat="46.332203" lon="13.539533">
        <ele>425.855229</ele>
        <time>2026-07-17T17:00:33.215Z</time>
      </trkpt>
      <trkpt lat="46.332021" lon="13.539078">
        <ele>425.864657</ele>
        <time>2026-07-17T17:00:38.247Z</time>
      </trkpt>
      <trkpt lat="46.331424" lon="13.538278">
        <ele>425.184920</ele>
        <time>2026-07-17T17:00:49.022Z</time>
      </trkpt>
      <trkpt lat="46.330952" lon="13.537537">
        <ele>424.086232</ele>
        <time>2026-07-17T17:00:57.658Z</time>
      </trkpt>
      <trkpt lat="46.330165" lon="13.536405">
        <ele>421.134241</ele>
        <time>2026-07-17T17:01:09.115Z</time>
      </trkpt>
      <trkpt lat="46.329986" lon="13.536186">
        <ele>420.129734</ele>
        <time>2026-07-17T17:01:11.347Z</time>
      </trkpt>
      <trkpt lat="46.329721" lon="13.535765">
        <ele>418.443473</ele>
        <time>2026-07-17T17:01:15.032Z</time>
      </trkpt>
      <trkpt lat="46.329459" lon="13.535233">
        <ele>416.509226</ele>
        <time>2026-07-17T17:01:19.241Z</time>
      </trkpt>
      <trkpt lat="46.329195" lon="13.534901">
        <ele>415.113772</ele>
        <time>2026-07-17T17:01:22.566Z</time>
      </trkpt>
      <trkpt lat="46.328782" lon="13.534574">
        <ele>413.758765</ele>
        <time>2026-07-17T17:01:27.240Z</time>
      </trkpt>
      <trkpt lat="46.328540" lon="13.534382">
        <ele>412.964414</ele>
        <time>2026-07-17T17:01:30.081Z</time>
      </trkpt>
      <trkpt lat="46.328094" lon="13.534029">
        <ele>411.501256</ele>
        <time>2026-07-17T17:01:35.545Z</time>
      </trkpt>
      <trkpt lat="46.327437" lon="13.533618">
        <ele>409.395884</ele>
        <time>2026-07-17T17:01:43.596Z</time>
      </trkpt>
      <trkpt lat="46.327300" lon="13.533505">
        <ele>408.913018</ele>
        <time>2026-07-17T17:01:45.308Z</time>
      </trkpt>
      <trkpt lat="46.327107" lon="13.533252">
        <ele>408.115726</ele>
        <time>2026-07-17T17:01:48.041Z</time>
      </trkpt>
      <trkpt lat="46.326894" lon="13.532846">
        <ele>407.037390</ele>
        <time>2026-07-17T17:01:51.663Z</time>
      </trkpt>
      <trkpt lat="46.326770" lon="13.532538">
        <ele>406.283385</ele>
        <time>2026-07-17T17:01:54.187Z</time>
      </trkpt>
      <trkpt lat="46.325723" lon="13.528792">
        <ele>394.715744</ele>
        <time>2026-07-17T17:02:21.140Z</time>
      </trkpt>
      <trkpt lat="46.325274" lon="13.528072">
        <ele>391.551467</ele>
        <time>2026-07-17T17:02:27.277Z</time>
      </trkpt>
      <trkpt lat="46.325173" lon="13.527802">
        <ele>390.549896</ele>
        <time>2026-07-17T17:02:29.257Z</time>
      </trkpt>
      <trkpt lat="46.325176" lon="13.527610">
        <ele>389.923486</ele>
        <time>2026-07-17T17:02:30.498Z</time>
      </trkpt>
      <trkpt lat="46.325462" lon="13.525990">
        <ele>386.130006</ele>
        <time>2026-07-17T17:02:42.367Z</time>
      </trkpt>
      <trkpt lat="46.325504" lon="13.525526">
        <ele>385.253504</ele>
        <time>2026-07-17T17:02:46.090Z</time>
      </trkpt>
      <trkpt lat="46.325623" lon="13.521994">
        <ele>378.310675</ele>
        <time>2026-07-17T17:03:11.538Z</time>
      </trkpt>
      <trkpt lat="46.325589" lon="13.521775">
        <ele>377.657021</ele>
        <time>2026-07-17T17:03:13.064Z</time>
      </trkpt>
      <trkpt lat="46.325442" lon="13.521420">
        <ele>376.435073</ele>
        <time>2026-07-17T17:03:15.860Z</time>
      </trkpt>
      <trkpt lat="46.324812" lon="13.520689">
        <ele>372.983988</ele>
        <time>2026-07-17T17:03:23.610Z</time>
      </trkpt>
      <trkpt lat="46.324376" lon="13.519815">
        <ele>369.826027</ele>
        <time>2026-07-17T17:03:30.660Z</time>
      </trkpt>
      <trkpt lat="46.324182" lon="13.519592">
        <ele>368.800144</ele>
        <time>2026-07-17T17:03:33.014Z</time>
      </trkpt>
      <trkpt lat="46.323734" lon="13.519172">
        <ele>366.589709</ele>
        <time>2026-07-17T17:03:38.103Z</time>
      </trkpt>
      <trkpt lat="46.323524" lon="13.518891">
        <ele>365.405446</ele>
        <time>2026-07-17T17:03:40.876Z</time>
      </trkpt>
      <trkpt lat="46.323302" lon="13.518488">
        <ele>363.930963</ele>
        <time>2026-07-17T17:03:44.446Z</time>
      </trkpt>
      <trkpt lat="46.323154" lon="13.517983">
        <ele>362.624518</ele>
        <time>2026-07-17T17:03:48.324Z</time>
      </trkpt>
      <trkpt lat="46.323090" lon="13.517658">
        <ele>361.978652</ele>
        <time>2026-07-17T17:03:50.727Z</time>
      </trkpt>
      <trkpt lat="46.323056" lon="13.517389">
        <ele>361.456026</ele>
        <time>2026-07-17T17:03:52.687Z</time>
      </trkpt>
      <trkpt lat="46.323051" lon="13.517093">
        <ele>360.890170</ele>
        <time>2026-07-17T17:03:54.810Z</time>
      </trkpt>
      <trkpt lat="46.323060" lon="13.516976">
        <ele>360.665188</ele>
        <time>2026-07-17T17:03:55.667Z</time>
      </trkpt>
      <trkpt lat="46.323118" lon="13.516709">
        <ele>360.130275</ele>
        <time>2026-07-17T17:03:57.701Z</time>
      </trkpt>
      <trkpt lat="46.323423" lon="13.515543">
        <ele>357.832750</ele>
        <time>2026-07-17T17:04:06.772Z</time>
      </trkpt>
      <trkpt lat="46.323461" lon="13.515325">
        <ele>357.488611</ele>
        <time>2026-07-17T17:04:08.372Z</time>
      </trkpt>
      <trkpt lat="46.323465" lon="13.514704">
        <ele>356.538061</ele>
        <time>2026-07-17T17:04:12.854Z</time>
      </trkpt>
      <trkpt lat="46.323383" lon="13.513834">
        <ele>355.194084</ele>
        <time>2026-07-17T17:04:19.434Z</time>
      </trkpt>
      <trkpt lat="46.323377" lon="13.513787">
        <ele>355.120926</ele>
        <time>2026-07-17T17:04:19.794Z</time>
      </trkpt>
      <trkpt lat="46.323064" lon="13.512083">
        <ele>353.008583</ele>
        <time>2026-07-17T17:04:33.661Z</time>
      </trkpt>
      <trkpt lat="46.322950" lon="13.511483">
        <ele>352.372180</ele>
        <time>2026-07-17T17:04:38.698Z</time>
      </trkpt>
      <trkpt lat="46.322738" lon="13.510437">
        <ele>351.262315</ele>
        <time>2026-07-17T17:04:47.513Z</time>
      </trkpt>
      <trkpt lat="46.321905" lon="13.507908">
        <ele>348.434975</ele>
        <time>2026-07-17T17:05:09.856Z</time>
      </trkpt>
      <trkpt lat="46.321734" lon="13.507379">
        <ele>347.829761</ele>
        <time>2026-07-17T17:05:14.313Z</time>
      </trkpt>
      <trkpt lat="46.321429" lon="13.506467">
        <ele>346.779788</ele>
        <time>2026-07-17T17:05:22.229Z</time>
      </trkpt>
      <trkpt lat="46.321339" lon="13.506088">
        <ele>346.364504</ele>
        <time>2026-07-17T17:05:25.470Z</time>
      </trkpt>
      <trkpt lat="46.321292" lon="13.505841">
        <ele>346.171717</ele>
        <time>2026-07-17T17:05:27.661Z</time>
      </trkpt>
      <trkpt lat="46.321250" lon="13.505279">
        <ele>345.959597</ele>
        <time>2026-07-17T17:05:32.724Z</time>
      </trkpt>
      <trkpt lat="46.321255" lon="13.505015">
        <ele>345.860495</ele>
        <time>2026-07-17T17:05:35.171Z</time>
      </trkpt>
      <trkpt lat="46.321336" lon="13.504070">
        <ele>345.503166</ele>
        <time>2026-07-17T17:05:44.206Z</time>
      </trkpt>
      <trkpt lat="46.321320" lon="13.503558">
        <ele>345.310843</ele>
        <time>2026-07-17T17:05:48.985Z</time>
      </trkpt>
      <trkpt lat="46.321254" lon="13.503101">
        <ele>345.262294</ele>
        <time>2026-07-17T17:05:53.312Z</time>
      </trkpt>
      <trkpt lat="46.321141" lon="13.502716">
        <ele>345.304041</ele>
        <time>2026-07-17T17:05:57.205Z</time>
      </trkpt>
      <trkpt lat="46.320735" lon="13.501547">
        <ele>345.434623</ele>
        <time>2026-07-17T17:06:10.164Z</time>
      </trkpt>
      <trkpt lat="46.320001" lon="13.499818">
        <ele>347.164917</ele>
        <time>2026-07-17T17:06:37.507Z</time>
      </trkpt>
      <trkpt lat="46.319757" lon="13.499325">
        <ele>347.878659</ele>
        <time>2026-07-17T17:06:48.012Z</time>
      </trkpt>
      <trkpt lat="46.319607" lon="13.499136">
        <ele>348.217468</ele>
        <time>2026-07-17T17:06:53.020Z</time>
      </trkpt>
      <trkpt lat="46.319054" lon="13.498662">
        <ele>349.493229</ele>
        <time>2026-07-17T17:07:08.311Z</time>
      </trkpt>
      <trkpt lat="46.318966" lon="13.498588">
        <ele>349.708302</ele>
        <time>2026-07-17T17:07:10.627Z</time>
      </trkpt>
      <trkpt lat="46.318804" lon="13.498453">
        <ele>350.103337</ele>
        <time>2026-07-17T17:07:14.853Z</time>
      </trkpt>
      <trkpt lat="46.318489" lon="13.498192">
        <ele>350.870370</ele>
        <time>2026-07-17T17:07:22.610Z</time>
      </trkpt>
      <trkpt lat="46.318193" lon="13.497953">
        <ele>351.586646</ele>
        <time>2026-07-17T17:07:29.790Z</time>
      </trkpt>
      <trkpt lat="46.317583" lon="13.497318">
        <ele>353.635915</ele>
        <time>2026-07-17T17:07:48.174Z</time>
      </trkpt>
      <trkpt lat="46.317458" lon="13.497107">
        <ele>354.272056</ele>
        <time>2026-07-17T17:07:53.849Z</time>
      </trkpt>
      <trkpt lat="46.317424" lon="13.496880">
        <ele>354.803594</ele>
        <time>2026-07-17T17:07:58.842Z</time>
      </trkpt>
      <trkpt lat="46.317450" lon="13.496613">
        <ele>355.420636</ele>
        <time>2026-07-17T17:08:04.793Z</time>
      </trkpt>
      <trkpt lat="46.317752" lon="13.495996">
        <ele>357.151182</ele>
        <time>2026-07-17T17:08:20.928Z</time>
      </trkpt>
      <trkpt lat="46.318018" lon="13.495507">
        <ele>358.474812</ele>
        <time>2026-07-17T17:08:32.366Z</time>
      </trkpt>
      <trkpt lat="46.318392" lon="13.495025">
        <ele>359.476698</ele>
        <time>2026-07-17T17:08:45.686Z</time>
      </trkpt>
      <trkpt lat="46.318433" lon="13.494830">
        <ele>359.758397</ele>
        <time>2026-07-17T17:08:49.399Z</time>
      </trkpt>
      <trkpt lat="46.318403" lon="13.494609">
        <ele>360.069660</ele>
        <time>2026-07-17T17:08:53.802Z</time>
      </trkpt>
      <trkpt lat="46.318378" lon="13.494542">
        <ele>360.174902</ele>
        <time>2026-07-17T17:08:55.208Z</time>
      </trkpt>
      <trkpt lat="46.317718" lon="13.493563">
        <ele>361.601122</ele>
        <time>2026-07-17T17:09:15.529Z</time>
      </trkpt>
      <trkpt lat="46.317680" lon="13.493508">
        <ele>361.365115</ele>
        <time>2026-07-17T17:09:16.560Z</time>
      </trkpt>
      <trkpt lat="46.317630" lon="13.493459">
        <ele>361.099915</ele>
        <time>2026-07-17T17:09:17.430Z</time>
      </trkpt>
      <trkpt lat="46.317525" lon="13.493426">
        <ele>360.627969</ele>
        <time>2026-07-17T17:09:19.127Z</time>
      </trkpt>
      <trkpt lat="46.317423" lon="13.493440">
        <ele>360.177931</ele>
        <time>2026-07-17T17:09:20.484Z</time>
      </trkpt>
      <trkpt lat="46.315897" lon="13.494136">
        <ele>353.132403</ele>
        <time>2026-07-17T17:09:35.112Z</time>
      </trkpt>
      <trkpt lat="46.315813" lon="13.494158">
        <ele>352.749707</ele>
        <time>2026-07-17T17:09:35.865Z</time>
      </trkpt>
      <trkpt lat="46.315674" lon="13.494129">
        <ele>352.120112</ele>
        <time>2026-07-17T17:09:37.119Z</time>
      </trkpt>
      <trkpt lat="46.315597" lon="13.494091">
        <ele>351.755406</ele>
        <time>2026-07-17T17:09:37.857Z</time>
      </trkpt>
      <trkpt lat="46.315479" lon="13.493974">
        <ele>351.114232</ele>
        <time>2026-07-17T17:09:39.155Z</time>
      </trkpt>
      <trkpt lat="46.315388" lon="13.493803">
        <ele>350.445800</ele>
        <time>2026-07-17T17:09:40.520Z</time>
      </trkpt>
      <trkpt lat="46.315348" lon="13.493695">
        <ele>350.066335</ele>
        <time>2026-07-17T17:09:41.291Z</time>
      </trkpt>
      <trkpt lat="46.315309" lon="13.493417">
        <ele>349.187941</ele>
        <time>2026-07-17T17:09:43.127Z</time>
      </trkpt>
      <trkpt lat="46.315349" lon="13.493014">
        <ele>347.927246</ele>
        <time>2026-07-17T17:09:45.843Z</time>
      </trkpt>
      <trkpt lat="46.315351" lon="13.493005">
        <ele>347.897971</ele>
        <time>2026-07-17T17:09:45.914Z</time>
      </trkpt>
      <trkpt lat="46.315351" lon="13.493003">
        <ele>347.891778</ele>
        <time>2026-07-17T17:09:45.927Z</time>
      </trkpt>
      <trkpt lat="46.315440" lon="13.492582">
        <ele>346.528473</ele>
        <time>2026-07-17T17:09:49.311Z</time>
      </trkpt>
      <trkpt lat="46.315475" lon="13.492040">
        <ele>345.768574</ele>
        <time>2026-07-17T17:09:54.627Z</time>
      </trkpt>
      <trkpt lat="46.315393" lon="13.491165">
        <ele>345.307808</ele>
        <time>2026-07-17T17:10:04.091Z</time>
      </trkpt>
      <trkpt lat="46.315216" lon="13.489759">
        <ele>344.526146</ele>
        <time>2026-07-17T17:10:16.551Z</time>
      </trkpt>
      <trkpt lat="46.315100" lon="13.489300">
        <ele>344.011436</ele>
        <time>2026-07-17T17:10:20.281Z</time>
      </trkpt>
      <trkpt lat="46.314990" lon="13.489059">
        <ele>343.707230</ele>
        <time>2026-07-17T17:10:22.434Z</time>
      </trkpt>
      <trkpt lat="46.313906" lon="13.487177">
        <ele>342.472896</ele>
        <time>2026-07-17T17:10:41.635Z</time>
      </trkpt>
      <trkpt lat="46.313512" lon="13.486530">
        <ele>343.243559</ele>
        <time>2026-07-17T17:10:54.366Z</time>
      </trkpt>
      <trkpt lat="46.313130" lon="13.486100">
        <ele>343.869479</ele>
        <time>2026-07-17T17:11:07.647Z</time>
      </trkpt>
      <trkpt lat="46.312895" lon="13.485734">
        <ele>344.364896</ele>
        <time>2026-07-17T17:11:17.771Z</time>
      </trkpt>
      <trkpt lat="46.312550" lon="13.485062">
        <ele>345.385460</ele>
        <time>2026-07-17T17:11:32.564Z</time>
      </trkpt>
      <trkpt lat="46.312294" lon="13.484663">
        <ele>346.049238</ele>
        <time>2026-07-17T17:11:40.475Z</time>
      </trkpt>
      <trkpt lat="46.311730" lon="13.483876">
        <ele>347.386283</ele>
        <time>2026-07-17T17:11:54.929Z</time>
      </trkpt>
      <trkpt lat="46.311214" lon="13.483075">
        <ele>347.926143</ele>
        <time>2026-07-17T17:12:07.402Z</time>
      </trkpt>
      <trkpt lat="46.310694" lon="13.482206">
        <ele>348.492844</ele>
        <time>2026-07-17T17:12:20.605Z</time>
      </trkpt>
      <trkpt lat="46.310257" lon="13.481329">
        <ele>349.642218</ele>
        <time>2026-07-17T17:12:36.130Z</time>
      </trkpt>
      <trkpt lat="46.310175" lon="13.481122">
        <ele>349.947248</ele>
        <time>2026-07-17T17:12:39.803Z</time>
      </trkpt>
      <trkpt lat="46.310141" lon="13.481015">
        <ele>350.097803</ele>
        <time>2026-07-17T17:12:41.389Z</time>
      </trkpt>
      <trkpt lat="46.310011" lon="13.480402">
        <ele>350.917494</ele>
        <time>2026-07-17T17:12:50.769Z</time>
      </trkpt>
      <trkpt lat="46.309959" lon="13.479977">
        <ele>351.469226</ele>
        <time>2026-07-17T17:12:57.796Z</time>
      </trkpt>
      <trkpt lat="46.309911" lon="13.479845">
        <ele>351.659913</ele>
        <time>2026-07-17T17:13:00.554Z</time>
      </trkpt>
      <trkpt lat="46.309883" lon="13.479806">
        <ele>351.731818</ele>
        <time>2026-07-17T17:13:01.543Z</time>
      </trkpt>
      <trkpt lat="46.309653" lon="13.479666">
        <ele>352.125601</ele>
        <time>2026-07-17T17:13:08.827Z</time>
      </trkpt>
      <trkpt lat="46.309611" lon="13.479649">
        <ele>352.182043</ele>
        <time>2026-07-17T17:13:10.229Z</time>
      </trkpt>
      <trkpt lat="46.309460" lon="13.479651">
        <ele>352.377481</ele>
        <time>2026-07-17T17:13:14.582Z</time>
      </trkpt>
      <trkpt lat="46.309308" lon="13.479727">
        <ele>352.585607</ele>
        <time>2026-07-17T17:13:18.679Z</time>
      </trkpt>
      <trkpt lat="46.308626" lon="13.480144">
        <ele>353.543775</ele>
        <time>2026-07-17T17:13:32.984Z</time>
      </trkpt>
      <trkpt lat="46.308271" lon="13.480386">
        <ele>354.051619</ele>
        <time>2026-07-17T17:13:40.332Z</time>
      </trkpt>
      <trkpt lat="46.307352" lon="13.480700">
        <ele>352.760151</ele>
        <time>2026-07-17T17:13:52.294Z</time>
      </trkpt>
      <trkpt lat="46.306574" lon="13.481107">
        <ele>351.079958</ele>
        <time>2026-07-17T17:14:00.569Z</time>
      </trkpt>
      <trkpt lat="46.306206" lon="13.481266">
        <ele>350.512937</ele>
        <time>2026-07-17T17:14:04.484Z</time>
      </trkpt>
      <trkpt lat="46.306053" lon="13.481289">
        <ele>350.394925</ele>
        <time>2026-07-17T17:14:06.099Z</time>
      </trkpt>
      <trkpt lat="46.305797" lon="13.481256">
        <ele>350.197746</ele>
        <time>2026-07-17T17:14:08.933Z</time>
      </trkpt>
      <trkpt lat="46.305393" lon="13.481144">
        <ele>349.882167</ele>
        <time>2026-07-17T17:14:13.986Z</time>
      </trkpt>
      <trkpt lat="46.305130" lon="13.481169">
        <ele>349.679960</ele>
        <time>2026-07-17T17:14:18.208Z</time>
      </trkpt>
      <trkpt lat="46.304289" lon="13.481483">
        <ele>348.880653</ele>
        <time>2026-07-17T17:14:35.259Z</time>
      </trkpt>
      <trkpt lat="46.304252" lon="13.481504">
        <ele>348.833858</ele>
        <time>2026-07-17T17:14:35.872Z</time>
      </trkpt>
      <trkpt lat="46.304008" lon="13.481739">
        <ele>348.488783</ele>
        <time>2026-07-17T17:14:40.002Z</time>
      </trkpt>
      <trkpt lat="46.303718" lon="13.482182">
        <ele>347.992356</ele>
        <time>2026-07-17T17:14:44.949Z</time>
      </trkpt>
      <trkpt lat="46.303647" lon="13.482291">
        <ele>347.870497</ele>
        <time>2026-07-17T17:14:46.070Z</time>
      </trkpt>
      <trkpt lat="46.303449" lon="13.482592">
        <ele>347.532418</ele>
        <time>2026-07-17T17:14:49.055Z</time>
      </trkpt>
      <trkpt lat="46.303384" lon="13.482691">
        <ele>347.421323</ele>
        <time>2026-07-17T17:14:50.008Z</time>
      </trkpt>
      <trkpt lat="46.303369" lon="13.482714">
        <ele>347.395594</ele>
        <time>2026-07-17T17:14:50.222Z</time>
      </trkpt>
      <trkpt lat="46.303266" lon="13.482856">
        <ele>347.228114</ele>
        <time>2026-07-17T17:14:51.655Z</time>
      </trkpt>
      <trkpt lat="46.303243" lon="13.482888">
        <ele>347.190552</ele>
        <time>2026-07-17T17:14:51.975Z</time>
      </trkpt>
      <trkpt lat="46.302398" lon="13.483931">
        <ele>345.042702</ele>
        <time>2026-07-17T17:15:03.671Z</time>
      </trkpt>
      <trkpt lat="46.302219" lon="13.484083">
        <ele>344.635588</ele>
        <time>2026-07-17T17:15:06.009Z</time>
      </trkpt>
      <trkpt lat="46.301917" lon="13.484234">
        <ele>344.008797</ele>
        <time>2026-07-17T17:15:09.715Z</time>
      </trkpt>
      <trkpt lat="46.300982" lon="13.484642">
        <ele>343.460321</ele>
        <time>2026-07-17T17:15:23.206Z</time>
      </trkpt>
      <trkpt lat="46.300314" lon="13.484980">
        <ele>343.318346</ele>
        <time>2026-07-17T17:15:34.185Z</time>
      </trkpt>
      <trkpt lat="46.299462" lon="13.485441">
        <ele>342.877145</ele>
        <time>2026-07-17T17:15:47.527Z</time>
      </trkpt>
      <trkpt lat="46.298849" lon="13.486040">
        <ele>342.407140</ele>
        <time>2026-07-17T17:15:56.273Z</time>
      </trkpt>
      <trkpt lat="46.298453" lon="13.486555">
        <ele>342.115401</ele>
        <time>2026-07-17T17:16:02.776Z</time>
      </trkpt>
      <trkpt lat="46.298129" lon="13.487027">
        <ele>342.136660</ele>
        <time>2026-07-17T17:16:09.324Z</time>
      </trkpt>
      <trkpt lat="46.297782" lon="13.487627">
        <ele>342.161662</ele>
        <time>2026-07-17T17:16:18.295Z</time>
      </trkpt>
      <trkpt lat="46.297513" lon="13.488176">
        <ele>342.183168</ele>
        <time>2026-07-17T17:16:26.579Z</time>
      </trkpt>
      <trkpt lat="46.297317" lon="13.488817">
        <ele>342.230225</ele>
        <time>2026-07-17T17:16:33.768Z</time>
      </trkpt>
      <trkpt lat="46.297241" lon="13.489144">
        <ele>342.268054</ele>
        <time>2026-07-17T17:16:36.895Z</time>
      </trkpt>
      <trkpt lat="46.297189" lon="13.489436">
        <ele>342.301118</ele>
        <time>2026-07-17T17:16:39.505Z</time>
      </trkpt>
      <trkpt lat="46.297149" lon="13.489964">
        <ele>342.359359</ele>
        <time>2026-07-17T17:16:43.972Z</time>
      </trkpt>
      <trkpt lat="46.297139" lon="13.490447">
        <ele>342.412343</ele>
        <time>2026-07-17T17:16:48.408Z</time>
      </trkpt>
      <trkpt lat="46.297028" lon="13.490936">
        <ele>342.468781</ele>
        <time>2026-07-17T17:16:54.742Z</time>
      </trkpt>
      <trkpt lat="46.296894" lon="13.491204">
        <ele>343.042379</ele>
        <time>2026-07-17T17:16:59.892Z</time>
      </trkpt>
      <trkpt lat="46.296713" lon="13.491483">
        <ele>344.016601</ele>
        <time>2026-07-17T17:17:07.004Z</time>
      </trkpt>
      <trkpt lat="46.296533" lon="13.491712">
        <ele>344.899562</ele>
        <time>2026-07-17T17:17:14.629Z</time>
      </trkpt>
      <trkpt lat="46.296161" lon="13.492069">
        <ele>346.544044</ele>
        <time>2026-07-17T17:17:30.237Z</time>
      </trkpt>
      <trkpt lat="46.296011" lon="13.492240">
        <ele>347.247538</ele>
        <time>2026-07-17T17:17:36.861Z</time>
      </trkpt>
      <trkpt lat="46.295706" lon="13.492630">
        <ele>348.746994</ele>
        <time>2026-07-17T17:17:50.387Z</time>
      </trkpt>
      <trkpt lat="46.295589" lon="13.492757">
        <ele>349.291849</ele>
        <time>2026-07-17T17:17:54.870Z</time>
      </trkpt>
      <trkpt lat="46.295364" lon="13.493098">
        <ele>350.532743</ele>
        <time>2026-07-17T17:18:03.773Z</time>
      </trkpt>
      <trkpt lat="46.295227" lon="13.493449">
        <ele>351.593682</ele>
        <time>2026-07-17T17:18:10.302Z</time>
      </trkpt>
      <trkpt lat="46.295082" lon="13.493916">
        <ele>352.941096</ele>
        <time>2026-07-17T17:18:18.219Z</time>
      </trkpt>
      <trkpt lat="46.294757" lon="13.494587">
        <ele>355.097670</ele>
        <time>2026-07-17T17:18:33.803Z</time>
      </trkpt>
      <trkpt lat="46.294614" lon="13.494785">
        <ele>355.851463</ele>
        <time>2026-07-17T17:18:41.468Z</time>
      </trkpt>
      <trkpt lat="46.294410" lon="13.494895">
        <ele>357.434263</ele>
        <time>2026-07-17T17:18:50.912Z</time>
      </trkpt>
      <trkpt lat="46.294095" lon="13.494879">
        <ele>359.887633</ele>
        <time>2026-07-17T17:19:06.551Z</time>
      </trkpt>
      <trkpt lat="46.293718" lon="13.494906">
        <ele>362.825672</ele>
        <time>2026-07-17T17:19:26.440Z</time>
      </trkpt>
      <trkpt lat="46.293383" lon="13.495075">
        <ele>365.587079</ele>
        <time>2026-07-17T17:19:45.485Z</time>
      </trkpt>
      <trkpt lat="46.293116" lon="13.495334">
        <ele>368.088972</ele>
        <time>2026-07-17T17:20:02.487Z</time>
      </trkpt>
      <trkpt lat="46.292809" lon="13.495969">
        <ele>369.912547</ele>
        <time>2026-07-17T17:20:25.839Z</time>
      </trkpt>
      <trkpt lat="46.292710" lon="13.496286">
        <ele>369.875089</ele>
        <time>2026-07-17T17:20:30.532Z</time>
      </trkpt>
      <trkpt lat="46.292421" lon="13.497155">
        <ele>369.771241</ele>
        <time>2026-07-17T17:20:37.871Z</time>
      </trkpt>
      <trkpt lat="46.292452" lon="13.497223">
        <ele>369.762469</ele>
        <time>2026-07-17T17:20:38.409Z</time>
      </trkpt>
      <trkpt lat="46.292472" lon="13.497430">
        <ele>369.739962</ele>
        <time>2026-07-17T17:20:39.860Z</time>
      </trkpt>
      <trkpt lat="46.292461" lon="13.497708">
        <ele>369.709979</ele>
        <time>2026-07-17T17:20:41.756Z</time>
      </trkpt>
      <trkpt lat="46.292426" lon="13.497923">
        <ele>369.686194</ele>
        <time>2026-07-17T17:20:43.256Z</time>
      </trkpt>
      <trkpt lat="46.292266" lon="13.498235">
        <ele>369.173792</ele>
        <time>2026-07-17T17:20:45.883Z</time>
      </trkpt>
      <trkpt lat="46.292136" lon="13.498422">
        <ele>368.748942</ele>
        <time>2026-07-17T17:20:47.667Z</time>
      </trkpt>
      <trkpt lat="46.291975" lon="13.498562">
        <ele>368.313581</ele>
        <time>2026-07-17T17:20:49.458Z</time>
      </trkpt>
      <trkpt lat="46.291847" lon="13.498679">
        <ele>367.962669</ele>
        <time>2026-07-17T17:20:50.961Z</time>
      </trkpt>
      <trkpt lat="46.291728" lon="13.498825">
        <ele>367.601060</ele>
        <time>2026-07-17T17:20:52.636Z</time>
      </trkpt>
      <trkpt lat="46.291634" lon="13.498988">
        <ele>367.261021</ele>
        <time>2026-07-17T17:20:54.374Z</time>
      </trkpt>
      <trkpt lat="46.291330" lon="13.499404">
        <ele>366.291258</ele>
        <time>2026-07-17T17:20:59.670Z</time>
      </trkpt>
      <trkpt lat="46.291247" lon="13.499513">
        <ele>366.031471</ele>
        <time>2026-07-17T17:21:00.998Z</time>
      </trkpt>
      <trkpt lat="46.291164" lon="13.499630">
        <ele>365.762905</ele>
        <time>2026-07-17T17:21:02.388Z</time>
      </trkpt>
      <trkpt lat="46.291132" lon="13.499676">
        <ele>365.658361</ele>
        <time>2026-07-17T17:21:02.955Z</time>
      </trkpt>
      <trkpt lat="46.290909" lon="13.499973">
        <ele>365.552851</ele>
        <time>2026-07-17T17:21:06.740Z</time>
      </trkpt>
      <trkpt lat="46.290702" lon="13.500311">
        <ele>365.609874</ele>
        <time>2026-07-17T17:21:10.556Z</time>
      </trkpt>
      <trkpt lat="46.290505" lon="13.500590">
        <ele>365.660238</ele>
        <time>2026-07-17T17:21:13.815Z</time>
      </trkpt>
      <trkpt lat="46.290192" lon="13.501022">
        <ele>365.739268</ele>
        <time>2026-07-17T17:21:22.048Z</time>
      </trkpt>
      <trkpt lat="46.289981" lon="13.501332">
        <ele>365.794207</ele>
        <time>2026-07-17T17:21:29.088Z</time>
      </trkpt>
      <trkpt lat="46.289014" lon="13.502729">
        <ele>369.600750</ele>
        <time>2026-07-17T17:22:07.325Z</time>
      </trkpt>
      <trkpt lat="46.288898" lon="13.502963">
        <ele>370.264965</ele>
        <time>2026-07-17T17:22:13.557Z</time>
      </trkpt>
      <trkpt lat="46.288981" lon="13.503303">
        <ele>371.096642</ele>
        <time>2026-07-17T17:22:21.078Z</time>
      </trkpt>
      <trkpt lat="46.289049" lon="13.503811">
        <ele>372.293863</ele>
        <time>2026-07-17T17:22:32.117Z</time>
      </trkpt>
      <trkpt lat="46.289048" lon="13.504344">
        <ele>373.533543</ele>
        <time>2026-07-17T17:22:43.208Z</time>
      </trkpt>
      <trkpt lat="46.289018" lon="13.504588">
        <ele>374.109962</ele>
        <time>2026-07-17T17:22:48.077Z</time>
      </trkpt>
      <trkpt lat="46.288894" lon="13.505118">
        <ele>375.411399</ele>
        <time>2026-07-17T17:22:59.401Z</time>
      </trkpt>
      <trkpt lat="46.288282" lon="13.506710">
        <ele>378.632710</ele>
        <time>2026-07-17T17:23:32.841Z</time>
      </trkpt>
      <trkpt lat="46.288069" lon="13.507222">
        <ele>379.217428</ele>
        <time>2026-07-17T17:23:40.955Z</time>
      </trkpt>
      <trkpt lat="46.287763" lon="13.507851">
        <ele>379.970059</ele>
        <time>2026-07-17T17:23:50.132Z</time>
      </trkpt>
      <trkpt lat="46.286716" lon="13.509893">
        <ele>380.609564</ele>
        <time>2026-07-17T17:24:19.440Z</time>
      </trkpt>
      <trkpt lat="46.286505" lon="13.510407">
        <ele>380.593883</ele>
        <time>2026-07-17T17:24:24.622Z</time>
      </trkpt>
      <trkpt lat="46.286439" lon="13.510568">
        <ele>380.392741</ele>
        <time>2026-07-17T17:24:26.191Z</time>
      </trkpt>
      <trkpt lat="46.286108" lon="13.511348">
        <ele>379.409221</ele>
        <time>2026-07-17T17:24:33.695Z</time>
      </trkpt>
      <trkpt lat="46.285863" lon="13.511743">
        <ele>378.838905</ele>
        <time>2026-07-17T17:24:37.921Z</time>
      </trkpt>
      <trkpt lat="46.285100" lon="13.512493">
        <ele>377.094556</ele>
        <time>2026-07-17T17:24:47.847Z</time>
      </trkpt>
      <trkpt lat="46.284884" lon="13.512782">
        <ele>376.323517</ele>
        <time>2026-07-17T17:24:50.976Z</time>
      </trkpt>
      <trkpt lat="46.284643" lon="13.513193">
        <ele>375.347220</ele>
        <time>2026-07-17T17:24:54.793Z</time>
      </trkpt>
      <trkpt lat="46.284187" lon="13.514317">
        <ele>373.123221</ele>
        <time>2026-07-17T17:25:03.919Z</time>
      </trkpt>
      <trkpt lat="46.284063" lon="13.514765">
        <ele>373.013173</ele>
        <time>2026-07-17T17:25:07.621Z</time>
      </trkpt>
      <trkpt lat="46.283635" lon="13.516693">
        <ele>372.551397</ele>
        <time>2026-07-17T17:25:29.097Z</time>
      </trkpt>
      <trkpt lat="46.282914" lon="13.519667">
        <ele>376.105385</ele>
        <time>2026-07-17T17:26:19.808Z</time>
      </trkpt>
      <trkpt lat="46.282821" lon="13.520084">
        <ele>376.317516</ele>
        <time>2026-07-17T17:26:25.913Z</time>
      </trkpt>
      <trkpt lat="46.282783" lon="13.520424">
        <ele>376.484256</ele>
        <time>2026-07-17T17:26:30.238Z</time>
      </trkpt>
      <trkpt lat="46.282798" lon="13.520722">
        <ele>376.628907</ele>
        <time>2026-07-17T17:26:33.657Z</time>
      </trkpt>
      <trkpt lat="46.282959" lon="13.522120">
        <ele>377.269142</ele>
        <time>2026-07-17T17:26:46.703Z</time>
      </trkpt>
      <trkpt lat="46.282998" lon="13.522304">
        <ele>377.342078</ele>
        <time>2026-07-17T17:26:48.599Z</time>
      </trkpt>
      <trkpt lat="46.283049" lon="13.522481">
        <ele>377.414751</ele>
        <time>2026-07-17T17:26:50.572Z</time>
      </trkpt>
      <trkpt lat="46.283212" lon="13.522761">
        <ele>377.553491</ele>
        <time>2026-07-17T17:26:54.733Z</time>
      </trkpt>
      <trkpt lat="46.283335" lon="13.522870">
        <ele>377.632583</ele>
        <time>2026-07-17T17:26:57.273Z</time>
      </trkpt>
      <trkpt lat="46.283474" lon="13.522942">
        <ele>377.713541</ele>
        <time>2026-07-17T17:26:59.922Z</time>
      </trkpt>
      <trkpt lat="46.283666" lon="13.523008">
        <ele>377.821755</ele>
        <time>2026-07-17T17:27:03.549Z</time>
      </trkpt>
      <trkpt lat="46.283855" lon="13.523031">
        <ele>377.925761</ele>
        <time>2026-07-17T17:27:07.086Z</time>
      </trkpt>
      <trkpt lat="46.284157" lon="13.523014">
        <ele>378.095815</ele>
        <time>2026-07-17T17:27:12.983Z</time>
      </trkpt>
      <trkpt lat="46.284286" lon="13.522956">
        <ele>378.387120</ele>
        <time>2026-07-17T17:27:15.803Z</time>
      </trkpt>
      <trkpt lat="46.284447" lon="13.522831">
        <ele>378.781133</ele>
        <time>2026-07-17T17:27:19.843Z</time>
      </trkpt>
      <trkpt lat="46.284867" lon="13.522408">
        <ele>379.884641</ele>
        <time>2026-07-17T17:27:31.229Z</time>
      </trkpt>
      <trkpt lat="46.285031" lon="13.522333">
        <ele>380.255545</ele>
        <time>2026-07-17T17:27:35.084Z</time>
      </trkpt>
      <trkpt lat="46.285184" lon="13.522302">
        <ele>380.588706</ele>
        <time>2026-07-17T17:27:38.638Z</time>
      </trkpt>
      <trkpt lat="46.285324" lon="13.522318">
        <ele>380.891553</ele>
        <time>2026-07-17T17:27:41.953Z</time>
      </trkpt>
      <trkpt lat="46.285587" lon="13.522480">
        <ele>381.507954</ele>
        <time>2026-07-17T17:27:49.020Z</time>
      </trkpt>
      <trkpt lat="46.285746" lon="13.522678">
        <ele>381.960319</ele>
        <time>2026-07-17T17:27:54.602Z</time>
      </trkpt>
      <trkpt lat="46.286117" lon="13.523296">
        <ele>384.931937</ele>
        <time>2026-07-17T17:28:11.049Z</time>
      </trkpt>
      <trkpt lat="46.286378" lon="13.523520">
        <ele>386.532466</ele>
        <time>2026-07-17T17:28:21.020Z</time>
      </trkpt>
      <trkpt lat="46.286749" lon="13.523720">
        <ele>388.620645</ele>
        <time>2026-07-17T17:28:35.425Z</time>
      </trkpt>
      <trkpt lat="46.286826" lon="13.523822">
        <ele>389.171244</ele>
        <time>2026-07-17T17:28:39.394Z</time>
      </trkpt>
      <trkpt lat="46.286881" lon="13.523948">
        <ele>389.714445</ele>
        <time>2026-07-17T17:28:43.387Z</time>
      </trkpt>
      <trkpt lat="46.286924" lon="13.524186">
        <ele>390.611082</ele>
        <time>2026-07-17T17:28:50.365Z</time>
      </trkpt>
      <trkpt lat="46.286851" lon="13.525575">
        <ele>399.772317</ele>
        <time>2026-07-17T17:29:39.902Z</time>
      </trkpt>
      <trkpt lat="46.286789" lon="13.526039">
        <ele>403.156775</ele>
        <time>2026-07-17T17:30:00.388Z</time>
      </trkpt>
      <trkpt lat="46.286541" lon="13.526635">
        <ele>408.139047</ele>
        <time>2026-07-17T17:30:31.900Z</time>
      </trkpt>
      <trkpt lat="46.286519" lon="13.526813">
        <ele>409.434019</ele>
        <time>2026-07-17T17:30:40.031Z</time>
      </trkpt>
      <trkpt lat="46.286531" lon="13.527010">
        <ele>410.437005</ele>
        <time>2026-07-17T17:30:48.843Z</time>
      </trkpt>
      <trkpt lat="46.286602" lon="13.527493">
        <ele>412.037919</ele>
        <time>2026-07-17T17:31:09.106Z</time>
      </trkpt>
      <trkpt lat="46.286531" lon="13.527954">
        <ele>413.569143</ele>
        <time>2026-07-17T17:31:24.180Z</time>
      </trkpt>
      <trkpt lat="46.286402" lon="13.528515">
        <ele>415.485947</ele>
        <time>2026-07-17T17:31:37.336Z</time>
      </trkpt>
      <trkpt lat="46.286402" lon="13.528674">
        <ele>416.001424</ele>
        <time>2026-07-17T17:31:39.916Z</time>
      </trkpt>
      <trkpt lat="46.286437" lon="13.528849">
        <ele>416.592057</ele>
        <time>2026-07-17T17:31:42.411Z</time>
      </trkpt>
      <trkpt lat="46.286678" lon="13.529880">
        <ele>417.242341</ele>
        <time>2026-07-17T17:31:50.623Z</time>
      </trkpt>
      <trkpt lat="46.286709" lon="13.530285">
        <ele>416.167979</ele>
        <time>2026-07-17T17:31:53.238Z</time>
      </trkpt>
      <trkpt lat="46.286688" lon="13.530499">
        <ele>415.598082</ele>
        <time>2026-07-17T17:31:54.610Z</time>
      </trkpt>
      <trkpt lat="46.286514" lon="13.531378">
        <ele>413.187278</ele>
        <time>2026-07-17T17:32:00.587Z</time>
      </trkpt>
      <trkpt lat="46.286409" lon="13.531705">
        <ele>412.236570</ele>
        <time>2026-07-17T17:32:03.118Z</time>
      </trkpt>
      <trkpt lat="46.286206" lon="13.532160">
        <ele>410.486283</ele>
        <time>2026-07-17T17:32:06.960Z</time>
      </trkpt>
      <trkpt lat="46.286108" lon="13.532297">
        <ele>409.772029</ele>
        <time>2026-07-17T17:32:08.335Z</time>
      </trkpt>
      <trkpt lat="46.285993" lon="13.532396">
        <ele>409.070619</ele>
        <time>2026-07-17T17:32:09.649Z</time>
      </trkpt>
      <trkpt lat="46.285643" lon="13.532610">
        <ele>407.078950</ele>
        <time>2026-07-17T17:32:13.237Z</time>
      </trkpt>
      <trkpt lat="46.285538" lon="13.532718">
        <ele>406.403690</ele>
        <time>2026-07-17T17:32:14.430Z</time>
      </trkpt>
      <trkpt lat="46.285276" lon="13.533170">
        <ele>404.266655</ele>
        <time>2026-07-17T17:32:18.181Z</time>
      </trkpt>
      <trkpt lat="46.284972" lon="13.533880">
        <ele>400.706688</ele>
        <time>2026-07-17T17:32:23.404Z</time>
      </trkpt>
      <trkpt lat="46.284641" lon="13.534458">
        <ele>396.536604</ele>
        <time>2026-07-17T17:32:28.011Z</time>
      </trkpt>
      <trkpt lat="46.284354" lon="13.534778">
        <ele>393.624102</ele>
        <time>2026-07-17T17:32:31.186Z</time>
      </trkpt>
      <trkpt lat="46.284036" lon="13.535209">
        <ele>390.121642</ele>
        <time>2026-07-17T17:32:35.029Z</time>
      </trkpt>
      <trkpt lat="46.283610" lon="13.536572">
        <ele>380.406084</ele>
        <time>2026-07-17T17:32:43.994Z</time>
      </trkpt>
      <trkpt lat="46.283514" lon="13.536735">
        <ele>378.936415</ele>
        <time>2026-07-17T17:32:45.265Z</time>
      </trkpt>
      <trkpt lat="46.283121" lon="13.537177">
        <ele>373.993814</ele>
        <time>2026-07-17T17:32:49.532Z</time>
      </trkpt>
      <trkpt lat="46.282572" lon="13.537665">
        <ele>367.545153</ele>
        <time>2026-07-17T17:32:55.052Z</time>
      </trkpt>
      <trkpt lat="46.282342" lon="13.537988">
        <ele>364.293173</ele>
        <time>2026-07-17T17:32:57.787Z</time>
      </trkpt>
      <trkpt lat="46.282129" lon="13.538474">
        <ele>360.257845</ele>
        <time>2026-07-17T17:33:01.166Z</time>
      </trkpt>
      <trkpt lat="46.281633" lon="13.540005">
        <ele>349.863217</ele>
        <time>2026-07-17T17:33:11.242Z</time>
      </trkpt>
      <trkpt lat="46.281213" lon="13.540952">
        <ele>345.496688</ele>
        <time>2026-07-17T17:33:18.471Z</time>
      </trkpt>
      <trkpt lat="46.281054" lon="13.541535">
        <ele>343.064507</ele>
        <time>2026-07-17T17:33:22.845Z</time>
      </trkpt>
      <trkpt lat="46.280926" lon="13.542481">
        <ele>340.006025</ele>
        <time>2026-07-17T17:33:29.648Z</time>
      </trkpt>
      <trkpt lat="46.280923" lon="13.544081">
        <ele>335.678379</ele>
        <time>2026-07-17T17:33:40.377Z</time>
      </trkpt>
      <trkpt lat="46.280979" lon="13.545936">
        <ele>332.382237</ele>
        <time>2026-07-17T17:33:52.788Z</time>
      </trkpt>
      <trkpt lat="46.280985" lon="13.546657">
        <ele>331.299513</ele>
        <time>2026-07-17T17:33:58.371Z</time>
      </trkpt>
      <trkpt lat="46.280969" lon="13.546921">
        <ele>330.901572</ele>
        <time>2026-07-17T17:34:01.833Z</time>
      </trkpt>
      <trkpt lat="46.280932" lon="13.547190">
        <ele>330.772274</ele>
        <time>2026-07-17T17:34:06.533Z</time>
      </trkpt>
      <trkpt lat="46.280833" lon="13.547502">
        <ele>331.306937</ele>
        <time>2026-07-17T17:34:13.199Z</time>
      </trkpt>
      <trkpt lat="46.280611" lon="13.547992">
        <ele>332.219401</ele>
        <time>2026-07-17T17:34:24.872Z</time>
      </trkpt>
      <trkpt lat="46.280416" lon="13.548423">
        <ele>333.021667</ele>
        <time>2026-07-17T17:34:35.371Z</time>
      </trkpt>
      <trkpt lat="46.280333" lon="13.548765">
        <ele>333.586175</ele>
        <time>2026-07-17T17:34:42.456Z</time>
      </trkpt>
      <trkpt lat="46.280315" lon="13.549106">
        <ele>334.118789</ele>
        <time>2026-07-17T17:34:48.933Z</time>
      </trkpt>
      <trkpt lat="46.280502" lon="13.549967">
        <ele>333.936027</ele>
        <time>2026-07-17T17:34:59.286Z</time>
      </trkpt>
      <trkpt lat="46.280513" lon="13.550139">
        <ele>333.698119</ele>
        <time>2026-07-17T17:35:00.515Z</time>
      </trkpt>
      <trkpt lat="46.280462" lon="13.550383">
        <ele>333.347024</ele>
        <time>2026-07-17T17:35:02.283Z</time>
      </trkpt>
      <trkpt lat="46.280111" lon="13.551455">
        <ele>331.713236</ele>
        <time>2026-07-17T17:35:10.328Z</time>
      </trkpt>
      <trkpt lat="46.279978" lon="13.552064">
        <ele>331.104889</ele>
        <time>2026-07-17T17:35:15.171Z</time>
      </trkpt>
      <trkpt lat="46.279845" lon="13.552886">
        <ele>331.139448</ele>
        <time>2026-07-17T17:35:22.696Z</time>
      </trkpt>
      <trkpt lat="46.279807" lon="13.553031">
        <ele>331.145796</ele>
        <time>2026-07-17T17:35:24.106Z</time>
      </trkpt>
      <trkpt lat="46.279731" lon="13.553204">
        <ele>331.154187</ele>
        <time>2026-07-17T17:35:26.081Z</time>
      </trkpt>
      <trkpt lat="46.279586" lon="13.553408">
        <ele>331.166166</ele>
        <time>2026-07-17T17:35:28.763Z</time>
      </trkpt>
      <trkpt lat="46.279154" lon="13.554289">
        <ele>331.397732</ele>
        <time>2026-07-17T17:35:45.742Z</time>
      </trkpt>
      <trkpt lat="46.278970" lon="13.554560">
        <ele>331.842035</ele>
        <time>2026-07-17T17:35:52.853Z</time>
      </trkpt>
      <trkpt lat="46.279022" lon="13.554602">
        <ele>331.942811</ele>
        <time>2026-07-17T17:35:57.710Z</time>
      </trkpt>
      <trkpt lat="46.278970" lon="13.554560">
        <ele>332.043588</ele>
        <time>2026-07-17T17:36:03.000Z</time>
      </trkpt>
      <trkpt lat="46.278395" lon="13.554889">
        <ele>333.089922</ele>
        <time>2026-07-17T17:36:14.995Z</time>
      </trkpt>
      <trkpt lat="46.278177" lon="13.555096">
        <ele>333.531170</ele>
        <time>2026-07-17T17:36:20.532Z</time>
      </trkpt>
      <trkpt lat="46.277803" lon="13.555736">
        <ele>334.690095</ele>
        <time>2026-07-17T17:36:33.767Z</time>
      </trkpt>
      <trkpt lat="46.277322" lon="13.556875">
        <ele>337.307399</ele>
        <time>2026-07-17T17:36:53.349Z</time>
      </trkpt>
      <trkpt lat="46.277186" lon="13.557068">
        <ele>337.847853</ele>
        <time>2026-07-17T17:36:58.392Z</time>
      </trkpt>
      <trkpt lat="46.276930" lon="13.557434">
        <ele>338.868903</ele>
        <time>2026-07-17T17:37:09.479Z</time>
      </trkpt>
      <trkpt lat="46.276734" lon="13.557818">
        <ele>340.169605</ele>
        <time>2026-07-17T17:37:21.342Z</time>
      </trkpt>
      <trkpt lat="46.276596" lon="13.558162">
        <ele>341.574745</ele>
        <time>2026-07-17T17:37:32.010Z</time>
      </trkpt>
      <trkpt lat="46.276486" lon="13.558570">
        <ele>343.121896</ele>
        <time>2026-07-17T17:37:44.666Z</time>
      </trkpt>
      <trkpt lat="46.276408" lon="13.558975">
        <ele>344.607183</ele>
        <time>2026-07-17T17:37:56.439Z</time>
      </trkpt>
      <trkpt lat="46.276109" lon="13.561298">
        <ele>350.975679</ele>
        <time>2026-07-17T17:38:48.033Z</time>
      </trkpt>
      <trkpt lat="46.275841" lon="13.562600">
        <ele>353.620109</ele>
        <time>2026-07-17T17:39:07.878Z</time>
      </trkpt>
      <trkpt lat="46.275701" lon="13.563624">
        <ele>355.303066</ele>
        <time>2026-07-17T17:39:22.920Z</time>
      </trkpt>
      <trkpt lat="46.275654" lon="13.564161">
        <ele>356.175772</ele>
        <time>2026-07-17T17:39:32.149Z</time>
      </trkpt>
      <trkpt lat="46.275619" lon="13.565317">
        <ele>357.969532</ele>
        <time>2026-07-17T17:39:54.167Z</time>
      </trkpt>
      <trkpt lat="46.275564" lon="13.565738">
        <ele>358.448088</ele>
        <time>2026-07-17T17:40:02.119Z</time>
      </trkpt>
      <trkpt lat="46.275176" lon="13.567548">
        <ele>360.564744</ele>
        <time>2026-07-17T17:40:32.357Z</time>
      </trkpt>
      <trkpt lat="46.275050" lon="13.567891">
        <ele>359.900993</ele>
        <time>2026-07-17T17:40:36.430Z</time>
      </trkpt>
      <trkpt lat="46.274377" lon="13.569190">
        <ele>354.718195</ele>
        <time>2026-07-17T17:40:47.027Z</time>
      </trkpt>
      <trkpt lat="46.273918" lon="13.570241">
        <ele>351.828678</ele>
        <time>2026-07-17T17:40:54.625Z</time>
      </trkpt>
      <trkpt lat="46.273767" lon="13.570572">
        <ele>351.387268</ele>
        <time>2026-07-17T17:40:57.157Z</time>
      </trkpt>
      <trkpt lat="46.273632" lon="13.570741">
        <ele>351.099804</ele>
        <time>2026-07-17T17:40:58.869Z</time>
      </trkpt>
      <trkpt lat="46.273514" lon="13.570836">
        <ele>350.882358</ele>
        <time>2026-07-17T17:41:00.301Z</time>
      </trkpt>
      <trkpt lat="46.273329" lon="13.570885">
        <ele>350.579514</ele>
        <time>2026-07-17T17:41:02.624Z</time>
      </trkpt>
      <trkpt lat="46.273135" lon="13.570830">
        <ele>350.261188</ele>
        <time>2026-07-17T17:41:06.689Z</time>
      </trkpt>
      <trkpt lat="46.271969" lon="13.570342">
        <ele>352.063944</ele>
        <time>2026-07-17T17:41:49.579Z</time>
      </trkpt>
      <trkpt lat="46.271761" lon="13.570285">
        <ele>352.787236</ele>
        <time>2026-07-17T17:41:56.992Z</time>
      </trkpt>
      <trkpt lat="46.271589" lon="13.570287">
        <ele>353.374912</ele>
        <time>2026-07-17T17:42:02.460Z</time>
      </trkpt>
      <trkpt lat="46.270510" lon="13.570680">
        <ele>355.281055</ele>
        <time>2026-07-17T17:42:24.926Z</time>
      </trkpt>
      <trkpt lat="46.269856" lon="13.570951">
        <ele>354.708861</ele>
        <time>2026-07-17T17:42:34.078Z</time>
      </trkpt>
      <trkpt lat="46.269510" lon="13.571134">
        <ele>354.399004</ele>
        <time>2026-07-17T17:42:38.217Z</time>
      </trkpt>
      <trkpt lat="46.269112" lon="13.571228">
        <ele>353.923022</ele>
        <time>2026-07-17T17:42:42.217Z</time>
      </trkpt>
      <trkpt lat="46.269033" lon="13.571247">
        <ele>353.744447</ele>
        <time>2026-07-17T17:42:43.014Z</time>
      </trkpt>
      <trkpt lat="46.268902" lon="13.571343">
        <ele>353.416996</ele>
        <time>2026-07-17T17:42:44.457Z</time>
      </trkpt>
      <trkpt lat="46.268786" lon="13.571515">
        <ele>353.046595</ele>
        <time>2026-07-17T17:42:46.112Z</time>
      </trkpt>
      <trkpt lat="46.268497" lon="13.572101">
        <ele>351.937002</ele>
        <time>2026-07-17T17:42:51.066Z</time>
      </trkpt>
      <trkpt lat="46.268354" lon="13.572318">
        <ele>351.474875</ele>
        <time>2026-07-17T17:42:53.124Z</time>
      </trkpt>
      <trkpt lat="46.266836" lon="13.573204">
        <ele>350.767399</ele>
        <time>2026-07-17T17:43:17.613Z</time>
      </trkpt>
      <trkpt lat="46.266443" lon="13.573614">
        <ele>351.064966</ele>
        <time>2026-07-17T17:43:29.771Z</time>
      </trkpt>
      <trkpt lat="46.264933" lon="13.575610">
        <ele>350.941438</ele>
        <time>2026-07-17T17:44:04.090Z</time>
      </trkpt>
      <trkpt lat="46.264563" lon="13.576123">
        <ele>347.058996</ele>
        <time>2026-07-17T17:44:08.981Z</time>
      </trkpt>
      <trkpt lat="46.264249" lon="13.576664">
        <ele>343.114308</ele>
        <time>2026-07-17T17:44:13.335Z</time>
      </trkpt>
      <trkpt lat="46.263871" lon="13.577153">
        <ele>339.017953</ele>
        <time>2026-07-17T17:44:17.686Z</time>
      </trkpt>
      <trkpt lat="46.263295" lon="13.577972">
        <ele>332.430424</ele>
        <time>2026-07-17T17:44:24.436Z</time>
      </trkpt>
      <trkpt lat="46.262838" lon="13.578476">
        <ele>327.713315</ele>
        <time>2026-07-17T17:44:29.285Z</time>
      </trkpt>
      <trkpt lat="46.262644" lon="13.578588">
        <ele>325.998768</ele>
        <time>2026-07-17T17:44:31.175Z</time>
      </trkpt>
      <trkpt lat="46.262450" lon="13.578620">
        <ele>324.396054</ele>
        <time>2026-07-17T17:44:33.058Z</time>
      </trkpt>
      <trkpt lat="46.262285" lon="13.578581">
        <ele>323.023736</ele>
        <time>2026-07-17T17:44:34.905Z</time>
      </trkpt>
      <trkpt lat="46.262157" lon="13.578500">
        <ele>321.876934</ele>
        <time>2026-07-17T17:44:36.778Z</time>
      </trkpt>
      <trkpt lat="46.261991" lon="13.578335">
        <ele>322.154817</ele>
        <time>2026-07-17T17:44:40.922Z</time>
      </trkpt>
      <trkpt lat="46.261712" lon="13.577898">
        <ele>323.370490</ele>
        <time>2026-07-17T17:44:52.052Z</time>
      </trkpt>
      <trkpt lat="46.261565" lon="13.577737">
        <ele>323.915557</ele>
        <time>2026-07-17T17:44:58.674Z</time>
      </trkpt>
      <trkpt lat="46.261402" lon="13.577645">
        <ele>324.432786</ele>
        <time>2026-07-17T17:45:05.497Z</time>
      </trkpt>
      <trkpt lat="46.261258" lon="13.577616">
        <ele>324.862570</ele>
        <time>2026-07-17T17:45:11.278Z</time>
      </trkpt>
      <trkpt lat="46.261119" lon="13.577627">
        <ele>325.274081</ele>
        <time>2026-07-17T17:45:16.420Z</time>
      </trkpt>
      <trkpt lat="46.260980" lon="13.577693">
        <ele>325.706551</ele>
        <time>2026-07-17T17:45:20.978Z</time>
      </trkpt>
      <trkpt lat="46.260467" lon="13.578144">
        <ele>327.636825</ele>
        <time>2026-07-17T17:45:34.167Z</time>
      </trkpt>
      <trkpt lat="46.259672" lon="13.578407">
        <ele>330.768162</ele>
        <time>2026-07-17T17:45:56.433Z</time>
      </trkpt>
      <trkpt lat="46.259429" lon="13.578580">
        <ele>331.808099</ele>
        <time>2026-07-17T17:46:06.956Z</time>
      </trkpt>
      <trkpt lat="46.259359" lon="13.578671">
        <ele>332.169485</ele>
        <time>2026-07-17T17:46:10.769Z</time>
      </trkpt>
      <trkpt lat="46.259294" lon="13.578777">
        <ele>332.545615</ele>
        <time>2026-07-17T17:46:14.478Z</time>
      </trkpt>
      <trkpt lat="46.259056" lon="13.579331">
        <ele>333.260059</ele>
        <time>2026-07-17T17:46:30.989Z</time>
      </trkpt>
      <trkpt lat="46.259000" lon="13.579654">
        <ele>331.954051</ele>
        <time>2026-07-17T17:46:38.693Z</time>
      </trkpt>
      <trkpt lat="46.258984" lon="13.580265">
        <ele>329.556024</ele>
        <time>2026-07-17T17:46:46.125Z</time>
      </trkpt>
      <trkpt lat="46.258782" lon="13.581483">
        <ele>324.643581</ele>
        <time>2026-07-17T17:46:53.662Z</time>
      </trkpt>
      <trkpt lat="46.258736" lon="13.582416">
        <ele>315.215882</ele>
        <time>2026-07-17T17:46:58.958Z</time>
      </trkpt>
      <trkpt lat="46.258694" lon="13.582713">
        <ele>311.480247</ele>
        <time>2026-07-17T17:47:00.661Z</time>
      </trkpt>
      <trkpt lat="46.258515" lon="13.583495">
        <ele>301.329438</ele>
        <time>2026-07-17T17:47:05.314Z</time>
      </trkpt>
      <trkpt lat="46.258424" lon="13.583708">
        <ele>298.244006</ele>
        <time>2026-07-17T17:47:06.734Z</time>
      </trkpt>
      <trkpt lat="46.258295" lon="13.583843">
        <ele>295.406117</ele>
        <time>2026-07-17T17:47:08.040Z</time>
      </trkpt>
      <trkpt lat="46.258068" lon="13.583896">
        <ele>291.490272</ele>
        <time>2026-07-17T17:47:09.934Z</time>
      </trkpt>
      <trkpt lat="46.257945" lon="13.583886">
        <ele>290.633961</ele>
        <time>2026-07-17T17:47:10.951Z</time>
      </trkpt>
      <trkpt lat="46.257774" lon="13.583805">
        <ele>289.383232</ele>
        <time>2026-07-17T17:47:12.455Z</time>
      </trkpt>
      <trkpt lat="46.257598" lon="13.583754">
        <ele>288.135560</ele>
        <time>2026-07-17T17:47:13.992Z</time>
      </trkpt>
      <trkpt lat="46.257274" lon="13.583828">
        <ele>285.855557</ele>
        <time>2026-07-17T17:47:16.936Z</time>
      </trkpt>
      <trkpt lat="46.257139" lon="13.583828">
        <ele>284.917184</ele>
        <time>2026-07-17T17:47:18.255Z</time>
      </trkpt>
      <trkpt lat="46.257070" lon="13.583792">
        <ele>284.407318</ele>
        <time>2026-07-17T17:47:18.997Z</time>
      </trkpt>
      <trkpt lat="46.256913" lon="13.583635">
        <ele>283.080570</ele>
        <time>2026-07-17T17:47:21.062Z</time>
      </trkpt>
      <trkpt lat="46.256835" lon="13.583458">
        <ele>282.071815</ele>
        <time>2026-07-17T17:47:22.610Z</time>
      </trkpt>
      <trkpt lat="46.256647" lon="13.583284">
        <ele>280.520373</ele>
        <time>2026-07-17T17:47:24.845Z</time>
      </trkpt>
      <trkpt lat="46.256482" lon="13.583033">
        <ele>279.036968</ele>
        <time>2026-07-17T17:47:27.360Z</time>
      </trkpt>
      <trkpt lat="46.256289" lon="13.582811">
        <ele>278.570739</ele>
        <time>2026-07-17T17:47:30.849Z</time>
      </trkpt>
      <trkpt lat="46.256067" lon="13.582703">
        <ele>278.127907</ele>
        <time>2026-07-17T17:47:34.222Z</time>
      </trkpt>
      <trkpt lat="46.255860" lon="13.582653">
        <ele>277.731122</ele>
        <time>2026-07-17T17:47:37.355Z</time>
      </trkpt>
      <trkpt lat="46.255300" lon="13.582746">
        <ele>276.665404</ele>
        <time>2026-07-17T17:47:43.646Z</time>
      </trkpt>
      <trkpt lat="46.254224" lon="13.583188">
        <ele>273.697456</ele>
        <time>2026-07-17T17:47:54.991Z</time>
      </trkpt>
      <trkpt lat="46.254062" lon="13.583180">
        <ele>273.164317</ele>
        <time>2026-07-17T17:47:56.628Z</time>
      </trkpt>
      <trkpt lat="46.253802" lon="13.583084">
        <ele>272.281730</ele>
        <time>2026-07-17T17:47:59.352Z</time>
      </trkpt>
      <trkpt lat="46.253631" lon="13.583058">
        <ele>271.716200</ele>
        <time>2026-07-17T17:48:01.088Z</time>
      </trkpt>
      <trkpt lat="46.253043" lon="13.583227">
        <ele>269.731556</ele>
        <time>2026-07-17T17:48:07.155Z</time>
      </trkpt>
      <trkpt lat="46.252763" lon="13.583395">
        <ele>268.441848</ele>
        <time>2026-07-17T17:48:10.158Z</time>
      </trkpt>
      <trkpt lat="46.252527" lon="13.583599">
        <ele>267.272104</ele>
        <time>2026-07-17T17:48:12.789Z</time>
      </trkpt>
      <trkpt lat="46.252377" lon="13.583681">
        <ele>266.589861</ele>
        <time>2026-07-17T17:48:14.318Z</time>
      </trkpt>
      <trkpt lat="46.251968" lon="13.583816">
        <ele>264.805033</ele>
        <time>2026-07-17T17:48:18.348Z</time>
      </trkpt>
      <trkpt lat="46.251574" lon="13.584122">
        <ele>262.902333</ele>
        <time>2026-07-17T17:48:22.718Z</time>
      </trkpt>
      <trkpt lat="46.251387" lon="13.584219">
        <ele>262.052941</ele>
        <time>2026-07-17T17:48:24.589Z</time>
      </trkpt>
      <trkpt lat="46.250949" lon="13.584375">
        <ele>260.032114</ele>
        <time>2026-07-17T17:48:28.831Z</time>
      </trkpt>
      <trkpt lat="46.250840" lon="13.584447">
        <ele>259.495277</ele>
        <time>2026-07-17T17:48:29.976Z</time>
      </trkpt>
      <trkpt lat="46.250710" lon="13.584585">
        <ele>258.772828</ele>
        <time>2026-07-17T17:48:31.503Z</time>
      </trkpt>
      <trkpt lat="46.250641" lon="13.584692">
        <ele>258.319591</ele>
        <time>2026-07-17T17:48:32.464Z</time>
      </trkpt>
      <trkpt lat="46.250440" lon="13.585015">
        <ele>256.973467</ele>
        <time>2026-07-17T17:48:35.335Z</time>
      </trkpt>
      <trkpt lat="46.250193" lon="13.585249">
        <ele>255.650628</ele>
        <time>2026-07-17T17:48:38.153Z</time>
      </trkpt>
      <trkpt lat="46.249970" lon="13.585354">
        <ele>254.599991</ele>
        <time>2026-07-17T17:48:40.378Z</time>
      </trkpt>
      <trkpt lat="46.249280" lon="13.585582">
        <ele>252.498954</ele>
        <time>2026-07-17T17:48:47.484Z</time>
      </trkpt>
      <trkpt lat="46.249097" lon="13.585592">
        <ele>252.009859</ele>
        <time>2026-07-17T17:48:49.619Z</time>
      </trkpt>
      <trkpt lat="46.248619" lon="13.585387">
        <ele>250.678282</ele>
        <time>2026-07-17T17:48:55.638Z</time>
      </trkpt>
      <trkpt lat="46.248402" lon="13.585373">
        <ele>250.098154</ele>
        <time>2026-07-17T17:48:58.123Z</time>
      </trkpt>
      <trkpt lat="46.247814" lon="13.585541">
        <ele>247.672798</ele>
        <time>2026-07-17T17:49:04.247Z</time>
      </trkpt>
      <trkpt lat="46.247414" lon="13.585498">
        <ele>245.464783</ele>
        <time>2026-07-17T17:49:07.958Z</time>
      </trkpt>
      <trkpt lat="46.246892" lon="13.585528">
        <ele>242.588984</ele>
        <time>2026-07-17T17:49:12.636Z</time>
      </trkpt>
      <trkpt lat="46.246704" lon="13.585471">
        <ele>241.531569</ele>
        <time>2026-07-17T17:49:14.349Z</time>
      </trkpt>
      <trkpt lat="46.246541" lon="13.585382">
        <ele>240.572441</ele>
        <time>2026-07-17T17:49:15.913Z</time>
      </trkpt>
      <trkpt lat="46.246345" lon="13.585161">
        <ele>239.227654</ele>
        <time>2026-07-17T17:49:18.217Z</time>
      </trkpt>
      <trkpt lat="46.246212" lon="13.584868">
        <ele>238.078271</ele>
        <time>2026-07-17T17:49:20.562Z</time>
      </trkpt>
      <trkpt lat="46.246119" lon="13.584522">
        <ele>236.860883</ele>
        <time>2026-07-17T17:49:22.989Z</time>
      </trkpt>
      <trkpt lat="46.245998" lon="13.584214">
        <ele>235.699202</ele>
        <time>2026-07-17T17:49:25.284Z</time>
      </trkpt>
      <trkpt lat="46.246068" lon="13.584066">
        <ele>235.111182</ele>
        <time>2026-07-17T17:49:26.476Z</time>
      </trkpt>
      <trkpt lat="46.246069" lon="13.583920">
        <ele>234.632355</ele>
        <time>2026-07-17T17:49:27.445Z</time>
      </trkpt>
      <trkpt lat="46.245912" lon="13.583487">
        <ele>233.029001</ele>
        <time>2026-07-17T17:49:30.697Z</time>
      </trkpt>
      <trkpt lat="46.245859" lon="13.583540">
        <ele>232.723421</ele>
        <time>2026-07-17T17:49:31.309Z</time>
      </trkpt>
      <trkpt lat="46.245829" lon="13.583778">
        <ele>231.930044</ele>
        <time>2026-07-17T17:49:32.935Z</time>
      </trkpt>
      <trkpt lat="46.245828" lon="13.584142">
        <ele>230.768783</ele>
        <time>2026-07-17T17:49:35.304Z</time>
      </trkpt>
      <trkpt lat="46.246069" lon="13.585314">
        <ele>227.970372</ele>
        <time>2026-07-17T17:49:43.807Z</time>
      </trkpt>
      <trkpt lat="46.246202" lon="13.585516">
        <ele>227.332038</ele>
        <time>2026-07-17T17:49:45.703Z</time>
      </trkpt>
      <trkpt lat="46.246464" lon="13.585722">
        <ele>226.345074</ele>
        <time>2026-07-17T17:49:48.536Z</time>
      </trkpt>
      <trkpt lat="46.246715" lon="13.585821">
        <ele>225.484057</ele>
        <time>2026-07-17T17:49:51.032Z</time>
      </trkpt>
      <trkpt lat="46.247039" lon="13.585890">
        <ele>224.356499</ele>
        <time>2026-07-17T17:49:54.876Z</time>
      </trkpt>
      <trkpt lat="46.247450" lon="13.586128">
        <ele>222.760830</ele>
        <time>2026-07-17T17:50:05.272Z</time>
      </trkpt>
      <trkpt lat="46.247533" lon="13.586147">
        <ele>222.457960</ele>
        <time>2026-07-17T17:50:06.052Z</time>
      </trkpt>
      <trkpt lat="46.247762" lon="13.586151">
        <ele>221.632548</ele>
        <time>2026-07-17T17:50:08.215Z</time>
      </trkpt>
      <trkpt lat="46.248130" lon="13.585950">
        <ele>220.214759</ele>
        <time>2026-07-17T17:50:11.789Z</time>
      </trkpt>
      <trkpt lat="46.248282" lon="13.585932">
        <ele>219.665093</ele>
        <time>2026-07-17T17:50:13.204Z</time>
      </trkpt>
      <trkpt lat="46.248335" lon="13.585954">
        <ele>219.466359</ele>
        <time>2026-07-17T17:50:13.759Z</time>
      </trkpt>
      <trkpt lat="46.248333" lon="13.586001">
        <ele>219.348994</ele>
        <time>2026-07-17T17:50:14.056Z</time>
      </trkpt>
      <trkpt lat="46.248339" lon="13.586267">
        <ele>218.685664</ele>
        <time>2026-07-17T17:50:15.868Z</time>
      </trkpt>
      <trkpt lat="46.248341" lon="13.586302">
        <ele>218.598133</ele>
        <time>2026-07-17T17:50:16.108Z</time>
      </trkpt>
      <trkpt lat="46.248313" lon="13.586358">
        <ele>218.425898</ele>
        <time>2026-07-17T17:50:16.642Z</time>
      </trkpt>
      <trkpt lat="46.248152" lon="13.586385">
        <ele>217.615973</ele>
        <time>2026-07-17T17:50:18.346Z</time>
      </trkpt>
      <trkpt lat="46.248072" lon="13.586448">
        <ele>217.156926</ele>
        <time>2026-07-17T17:50:19.247Z</time>
      </trkpt>
      <trkpt lat="46.247501" lon="13.587164">
        <ele>213.348321</ele>
        <time>2026-07-17T17:50:25.982Z</time>
      </trkpt>
      <trkpt lat="46.247310" lon="13.587299">
        <ele>212.276992</ele>
        <time>2026-07-17T17:50:27.999Z</time>
      </trkpt>
      <trkpt lat="46.246762" lon="13.587490">
        <ele>209.436378</ele>
        <time>2026-07-17T17:50:33.662Z</time>
      </trkpt>
      <trkpt lat="46.246700" lon="13.587553">
        <ele>209.208750</ele>
        <time>2026-07-17T17:50:34.416Z</time>
      </trkpt>
      <trkpt lat="46.246283" lon="13.588247">
        <ele>207.706835</ele>
        <time>2026-07-17T17:50:40.858Z</time>
      </trkpt>
      <trkpt lat="46.246164" lon="13.588387">
        <ele>207.344438</ele>
        <time>2026-07-17T17:50:42.468Z</time>
      </trkpt>
      <trkpt lat="46.245922" lon="13.588660">
        <ele>206.619378</ele>
        <time>2026-07-17T17:50:45.798Z</time>
      </trkpt>
      <trkpt lat="46.245231" lon="13.589308">
        <ele>205.105617</ele>
        <time>2026-07-17T17:50:55.019Z</time>
      </trkpt>
      <trkpt lat="46.244776" lon="13.589818">
        <ele>205.136707</ele>
        <time>2026-07-17T17:51:03.551Z</time>
      </trkpt>
      <trkpt lat="46.244529" lon="13.590150">
        <ele>205.154918</ele>
        <time>2026-07-17T17:51:09.656Z</time>
      </trkpt>
      <trkpt lat="46.244405" lon="13.590375">
        <ele>205.165663</ele>
        <time>2026-07-17T17:51:13.472Z</time>
      </trkpt>
      <trkpt lat="46.244193" lon="13.590893">
        <ele>205.188143</ele>
        <time>2026-07-17T17:51:21.084Z</time>
      </trkpt>
      <trkpt lat="46.243961" lon="13.591325">
        <ele>205.060234</ele>
        <time>2026-07-17T17:51:26.949Z</time>
      </trkpt>
      <trkpt lat="46.243674" lon="13.591731">
        <ele>204.874030</ele>
        <time>2026-07-17T17:51:32.705Z</time>
      </trkpt>
      <trkpt lat="46.243293" lon="13.592202">
        <ele>204.641562</ele>
        <time>2026-07-17T17:51:39.154Z</time>
      </trkpt>
      <trkpt lat="46.243076" lon="13.592688">
        <ele>204.456021</ele>
        <time>2026-07-17T17:51:44.058Z</time>
      </trkpt>
      <trkpt lat="46.242453" lon="13.593855">
        <ele>203.598764</ele>
        <time>2026-07-17T17:51:56.352Z</time>
      </trkpt>
      <trkpt lat="46.242284" lon="13.594321">
        <ele>203.257349</ele>
        <time>2026-07-17T17:52:00.772Z</time>
      </trkpt>
      <trkpt lat="46.241974" lon="13.595384">
        <ele>202.724304</ele>
        <time>2026-07-17T17:52:10.582Z</time>
      </trkpt>
      <trkpt lat="46.241440" lon="13.596710">
        <ele>203.047378</ele>
        <time>2026-07-17T17:52:26.070Z</time>
      </trkpt>
      <trkpt lat="46.241350" lon="13.597141">
        <ele>203.142173</ele>
        <time>2026-07-17T17:52:31.944Z</time>
      </trkpt>
      <trkpt lat="46.241348" lon="13.598050">
        <ele>204.164857</ele>
        <time>2026-07-17T17:52:45.463Z</time>
      </trkpt>
      <trkpt lat="46.241320" lon="13.598389">
        <ele>204.758684</ele>
        <time>2026-07-17T17:52:51.254Z</time>
      </trkpt>
      <trkpt lat="46.241208" lon="13.599188">
        <ele>206.176675</ele>
        <time>2026-07-17T17:53:06.750Z</time>
      </trkpt>
      <trkpt lat="46.241140" lon="13.599724">
        <ele>207.124520</ele>
        <time>2026-07-17T17:53:17.292Z</time>
      </trkpt>
      <trkpt lat="46.241096" lon="13.600301">
        <ele>207.827007</ele>
        <time>2026-07-17T17:53:27.962Z</time>
      </trkpt>
      <trkpt lat="46.240963" lon="13.600675">
        <ele>207.984912</ele>
        <time>2026-07-17T17:53:34.681Z</time>
      </trkpt>
      <trkpt lat="46.240831" lon="13.600911">
        <ele>208.098875</ele>
        <time>2026-07-17T17:53:38.944Z</time>
      </trkpt>
      <trkpt lat="46.240607" lon="13.601160">
        <ele>208.252269</ele>
        <time>2026-07-17T17:53:43.969Z</time>
      </trkpt>
      <trkpt lat="46.240529" lon="13.601321">
        <ele>208.326077</ele>
        <time>2026-07-17T17:53:46.083Z</time>
      </trkpt>
      <trkpt lat="46.240367" lon="13.602088">
        <ele>208.627202</ele>
        <time>2026-07-17T17:53:53.041Z</time>
      </trkpt>
      <trkpt lat="46.240285" lon="13.602344">
        <ele>208.691396</ele>
        <time>2026-07-17T17:53:55.296Z</time>
      </trkpt>
      <trkpt lat="46.239441" lon="13.603799">
        <ele>207.313064</ele>
        <time>2026-07-17T17:54:10.281Z</time>
      </trkpt>
      <trkpt lat="46.239120" lon="13.604209">
        <ele>206.863575</ele>
        <time>2026-07-17T17:54:16.454Z</time>
      </trkpt>
      <trkpt lat="46.238946" lon="13.604432">
        <ele>206.631097</ele>
        <time>2026-07-17T17:54:20.214Z</time>
      </trkpt>
      <trkpt lat="46.238445" lon="13.605106">
        <ele>205.952044</ele>
        <time>2026-07-17T17:54:30.405Z</time>
      </trkpt>
      <trkpt lat="46.238313" lon="13.605369">
        <ele>205.729027</ele>
        <time>2026-07-17T17:54:33.239Z</time>
      </trkpt>
      <trkpt lat="46.238126" lon="13.605634">
        <ele>205.469202</ele>
        <time>2026-07-17T17:54:36.260Z</time>
      </trkpt>
      <trkpt lat="46.237954" lon="13.605781">
        <ele>205.270941</ele>
        <time>2026-07-17T17:54:38.457Z</time>
      </trkpt>
      <trkpt lat="46.237685" lon="13.605932">
        <ele>204.864703</ele>
        <time>2026-07-17T17:54:41.527Z</time>
      </trkpt>
      <trkpt lat="46.237517" lon="13.605969">
        <ele>204.369973</ele>
        <time>2026-07-17T17:54:43.306Z</time>
      </trkpt>
      <trkpt lat="46.237269" lon="13.605925">
        <ele>203.642569</ele>
        <time>2026-07-17T17:54:45.832Z</time>
      </trkpt>
      <trkpt lat="46.236990" lon="13.606073">
        <ele>202.777386</ele>
        <time>2026-07-17T17:54:48.795Z</time>
      </trkpt>
      <trkpt lat="46.236846" lon="13.606080">
        <ele>202.357931</ele>
        <time>2026-07-17T17:54:50.232Z</time>
      </trkpt>
      <trkpt lat="46.236821" lon="13.606082">
        <ele>202.285039</ele>
        <time>2026-07-17T17:54:50.483Z</time>
      </trkpt>
      <trkpt lat="46.236615" lon="13.606067">
        <ele>201.684563</ele>
        <time>2026-07-17T17:54:52.544Z</time>
      </trkpt>
      <trkpt lat="46.236398" lon="13.606063">
        <ele>201.052773</ele>
        <time>2026-07-17T17:54:54.713Z</time>
      </trkpt>
      <trkpt lat="46.236387" lon="13.605981">
        <ele>200.884576</ele>
        <time>2026-07-17T17:54:55.292Z</time>
      </trkpt>
      <trkpt lat="46.236298" lon="13.605894">
        <ele>200.571808</ele>
        <time>2026-07-17T17:54:56.402Z</time>
      </trkpt>
      <trkpt lat="46.235630" lon="13.605278">
        <ele>198.730069</ele>
        <time>2026-07-17T17:55:05.060Z</time>
      </trkpt>
      <trkpt lat="46.235495" lon="13.605227">
        <ele>198.446073</ele>
        <time>2026-07-17T17:55:06.562Z</time>
      </trkpt>
      <trkpt lat="46.235176" lon="13.605215">
        <ele>197.796583</ele>
        <time>2026-07-17T17:55:09.965Z</time>
      </trkpt>
      <trkpt lat="46.234353" lon="13.605206">
        <ele>196.136280</ele>
        <time>2026-07-17T17:55:19.114Z</time>
      </trkpt>
      <trkpt lat="46.234157" lon="13.605307">
        <ele>195.936688</ele>
        <time>2026-07-17T17:55:21.532Z</time>
      </trkpt>
      <trkpt lat="46.234032" lon="13.605428">
        <ele>195.792390</ele>
        <time>2026-07-17T17:55:23.305Z</time>
      </trkpt>
      <trkpt lat="46.233931" lon="13.605591">
        <ele>195.647192</ele>
        <time>2026-07-17T17:55:25.119Z</time>
      </trkpt>
      <trkpt lat="46.232656" lon="13.608154">
        <ele>193.983239</ele>
        <time>2026-07-17T17:55:53.169Z</time>
      </trkpt>
      <trkpt lat="46.232397" lon="13.608536">
        <ele>193.803695</ele>
        <time>2026-07-17T17:55:58.236Z</time>
      </trkpt>
      <trkpt lat="46.232157" lon="13.608784">
        <ele>193.660544</ele>
        <time>2026-07-17T17:56:02.299Z</time>
      </trkpt>
      <trkpt lat="46.230772" lon="13.609897">
        <ele>193.146749</ele>
        <time>2026-07-17T17:56:24.230Z</time>
      </trkpt>
      <trkpt lat="46.229358" lon="13.611396">
        <ele>192.623632</ele>
        <time>2026-07-17T17:56:48.010Z</time>
      </trkpt>
      <trkpt lat="46.228316" lon="13.612520">
        <ele>192.440706</ele>
        <time>2026-07-17T17:57:06.815Z</time>
      </trkpt>
      <trkpt lat="46.227683" lon="13.613156">
        <ele>192.404435</ele>
        <time>2026-07-17T17:57:19.319Z</time>
      </trkpt>
      <trkpt lat="46.227554" lon="13.613241">
        <ele>192.397764</ele>
        <time>2026-07-17T17:57:21.378Z</time>
      </trkpt>
      <trkpt lat="46.227419" lon="13.613292">
        <ele>192.321539</ele>
        <time>2026-07-17T17:57:23.327Z</time>
      </trkpt>
      <trkpt lat="46.227186" lon="13.613304">
        <ele>192.077301</ele>
        <time>2026-07-17T17:57:26.446Z</time>
      </trkpt>
      <trkpt lat="46.225620" lon="13.613042">
        <ele>190.595432</ele>
        <time>2026-07-17T17:57:44.422Z</time>
      </trkpt>
      <trkpt lat="46.225521" lon="13.613058">
        <ele>190.700706</ele>
        <time>2026-07-17T17:57:45.673Z</time>
      </trkpt>
      <trkpt lat="46.224721" lon="13.613610">
        <ele>191.637518</ele>
        <time>2026-07-17T17:58:02.147Z</time>
      </trkpt>
      <trkpt lat="46.224459" lon="13.613845">
        <ele>191.963371</ele>
        <time>2026-07-17T17:58:09.455Z</time>
      </trkpt>
      <trkpt lat="46.224159" lon="13.614172">
        <ele>192.360446</ele>
        <time>2026-07-17T17:58:18.440Z</time>
      </trkpt>
      <trkpt lat="46.224003" lon="13.614290">
        <ele>192.681306</ele>
        <time>2026-07-17T17:58:22.569Z</time>
      </trkpt>
      <trkpt lat="46.222997" lon="13.614627">
        <ele>194.858488</ele>
        <time>2026-07-17T17:58:47.732Z</time>
      </trkpt>
      <trkpt lat="46.222891" lon="13.614754">
        <ele>195.148766</ele>
        <time>2026-07-17T17:58:50.817Z</time>
      </trkpt>
      <trkpt lat="46.222622" lon="13.615342">
        <ele>196.177003</ele>
        <time>2026-07-17T17:59:01.378Z</time>
      </trkpt>
      <trkpt lat="46.222441" lon="13.615640">
        <ele>196.276559</ele>
        <time>2026-07-17T17:59:07.595Z</time>
      </trkpt>
      <trkpt lat="46.222269" lon="13.616004">
        <ele>196.362019</ele>
        <time>2026-07-17T17:59:14.012Z</time>
      </trkpt>
      <trkpt lat="46.221945" lon="13.616376">
        <ele>196.477970</ele>
        <time>2026-07-17T17:59:21.120Z</time>
      </trkpt>
      <trkpt lat="46.221773" lon="13.616684">
        <ele>196.554709</ele>
        <time>2026-07-17T17:59:24.827Z</time>
      </trkpt>
      <trkpt lat="46.221689" lon="13.616770">
        <ele>196.583555</ele>
        <time>2026-07-17T17:59:26.109Z</time>
      </trkpt>
      <trkpt lat="46.221563" lon="13.616842">
        <ele>196.621522</ele>
        <time>2026-07-17T17:59:27.720Z</time>
      </trkpt>
      <trkpt lat="46.220913" lon="13.616970">
        <ele>196.559079</ele>
        <time>2026-07-17T17:59:35.452Z</time>
      </trkpt>
      <trkpt lat="46.220320" lon="13.617230">
        <ele>196.297121</ele>
        <time>2026-07-17T17:59:42.935Z</time>
      </trkpt>
      <trkpt lat="46.220139" lon="13.617258">
        <ele>196.220170</ele>
        <time>2026-07-17T17:59:45.392Z</time>
      </trkpt>
      <trkpt lat="46.220016" lon="13.617269">
        <ele>196.168075</ele>
        <time>2026-07-17T17:59:47.140Z</time>
      </trkpt>
      <trkpt lat="46.219102" lon="13.617172">
        <ele>196.248822</ele>
        <time>2026-07-17T18:00:03.416Z</time>
      </trkpt>
      <trkpt lat="46.218861" lon="13.617247">
        <ele>196.438196</ele>
        <time>2026-07-17T18:00:08.055Z</time>
      </trkpt>
      <trkpt lat="46.218590" lon="13.617453">
        <ele>196.673411</ele>
        <time>2026-07-17T18:00:13.712Z</time>
      </trkpt>
      <trkpt lat="46.217786" lon="13.618219">
        <ele>197.412602</ele>
        <time>2026-07-17T18:00:31.032Z</time>
      </trkpt>
      <trkpt lat="46.216314" lon="13.620021">
        <ele>198.828942</ele>
        <time>2026-07-17T18:01:05.235Z</time>
      </trkpt>
      <trkpt lat="46.215650" lon="13.621155">
        <ele>199.374464</ele>
        <time>2026-07-17T18:01:23.598Z</time>
      </trkpt>
      <trkpt lat="46.214822" lon="13.622770">
        <ele>199.667502</ele>
        <time>2026-07-17T18:01:45.061Z</time>
      </trkpt>
      <trkpt lat="46.214718" lon="13.623034">
        <ele>199.670360</ele>
        <time>2026-07-17T18:01:48.102Z</time>
      </trkpt>
      <trkpt lat="46.214398" lon="13.624050">
        <ele>199.642037</ele>
        <time>2026-07-17T18:01:59.482Z</time>
      </trkpt>
      <trkpt lat="46.213819" lon="13.625259">
        <ele>198.772344</ele>
        <time>2026-07-17T18:02:12.648Z</time>
      </trkpt>
      <trkpt lat="46.213288" lon="13.626234">
        <ele>198.167826</ele>
        <time>2026-07-17T18:02:22.548Z</time>
      </trkpt>
      <trkpt lat="46.213145" lon="13.626582">
        <ele>198.225374</ele>
        <time>2026-07-17T18:02:25.813Z</time>
      </trkpt>
      <trkpt lat="46.213018" lon="13.627118">
        <ele>198.305931</ele>
        <time>2026-07-17T18:02:30.728Z</time>
      </trkpt>
      <trkpt lat="46.212703" lon="13.628113">
        <ele>198.461512</ele>
        <time>2026-07-17T18:02:44.514Z</time>
      </trkpt>
      <trkpt lat="46.212690" lon="13.628401">
        <ele>198.502549</ele>
        <time>2026-07-17T18:02:49.084Z</time>
      </trkpt>
      <trkpt lat="46.212715" lon="13.628610">
        <ele>198.656581</ele>
        <time>2026-07-17T18:02:52.622Z</time>
      </trkpt>
      <trkpt lat="46.212827" lon="13.629034">
        <ele>199.113485</ele>
        <time>2026-07-17T18:03:00.286Z</time>
      </trkpt>
      <trkpt lat="46.213043" lon="13.630173">
        <ele>200.302447</ele>
        <time>2026-07-17T18:03:18.608Z</time>
      </trkpt>
      <trkpt lat="46.213112" lon="13.631241">
        <ele>201.217542</ele>
        <time>2026-07-17T18:03:31.399Z</time>
      </trkpt>
      <trkpt lat="46.213080" lon="13.632167">
        <ele>201.543468</ele>
        <time>2026-07-17T18:03:41.570Z</time>
      </trkpt>
      <trkpt lat="46.213122" lon="13.632430">
        <ele>201.638352</ele>
        <time>2026-07-17T18:03:44.387Z</time>
      </trkpt>
      <trkpt lat="46.213260" lon="13.632750">
        <ele>201.770900</ele>
        <time>2026-07-17T18:03:48.147Z</time>
      </trkpt>
      <trkpt lat="46.213588" lon="13.633178">
        <ele>201.995404</ele>
        <time>2026-07-17T18:03:55.503Z</time>
      </trkpt>
      <trkpt lat="46.213628" lon="13.633283">
        <ele>202.037538</ele>
        <time>2026-07-17T18:03:57.103Z</time>
      </trkpt>
      <trkpt lat="46.213639" lon="13.633393">
        <ele>202.149533</ele>
        <time>2026-07-17T18:03:58.527Z</time>
      </trkpt>
      <trkpt lat="46.213630" lon="13.633476">
        <ele>202.242896</ele>
        <time>2026-07-17T18:03:59.731Z</time>
      </trkpt>
      <trkpt lat="46.213355" lon="13.633880">
        <ele>202.872677</ele>
        <time>2026-07-17T18:04:08.180Z</time>
      </trkpt>
      <trkpt lat="46.213317" lon="13.634144">
        <ele>203.172342</ele>
        <time>2026-07-17T18:04:12.524Z</time>
      </trkpt>
      <trkpt lat="46.213346" lon="13.634361">
        <ele>203.417952</ele>
        <time>2026-07-17T18:04:15.987Z</time>
      </trkpt>
      <trkpt lat="46.213467" lon="13.634868">
        <ele>204.013954</ele>
        <time>2026-07-17T18:04:24.187Z</time>
      </trkpt>
      <trkpt lat="46.213580" lon="13.635235">
        <ele>204.460355</ele>
        <time>2026-07-17T18:04:30.642Z</time>
      </trkpt>
      <trkpt lat="46.213608" lon="13.635407">
        <ele>204.656717</ele>
        <time>2026-07-17T18:04:33.598Z</time>
      </trkpt>
      <trkpt lat="46.213634" lon="13.635915">
        <ele>204.852142</ele>
        <time>2026-07-17T18:04:41.472Z</time>
      </trkpt>
      <trkpt lat="46.213574" lon="13.636206">
        <ele>204.760251</ele>
        <time>2026-07-17T18:04:45.465Z</time>
      </trkpt>
      <trkpt lat="46.213661" lon="13.636842">
        <ele>204.564054</ele>
        <time>2026-07-17T18:04:52.997Z</time>
      </trkpt>
      <trkpt lat="46.213720" lon="13.637003">
        <ele>204.508920</ele>
        <time>2026-07-17T18:04:54.672Z</time>
      </trkpt>
      <trkpt lat="46.213727" lon="13.637127">
        <ele>204.471270</ele>
        <time>2026-07-17T18:04:55.756Z</time>
      </trkpt>
      <trkpt lat="46.213715" lon="13.637306">
        <ele>204.416846</ele>
        <time>2026-07-17T18:04:57.252Z</time>
      </trkpt>
      <trkpt lat="46.213662" lon="13.637445">
        <ele>204.368817</ele>
        <time>2026-07-17T18:04:58.520Z</time>
      </trkpt>
      <trkpt lat="46.213633" lon="13.637839">
        <ele>204.248909</ele>
        <time>2026-07-17T18:05:01.597Z</time>
      </trkpt>
      <trkpt lat="46.213712" lon="13.638127">
        <ele>204.155154</ele>
        <time>2026-07-17T18:05:03.875Z</time>
      </trkpt>
      <trkpt lat="46.213740" lon="13.638232">
        <ele>203.954636</ele>
        <time>2026-07-17T18:05:04.690Z</time>
      </trkpt>
      <trkpt lat="46.213701" lon="13.638393">
        <ele>203.541233</ele>
        <time>2026-07-17T18:05:05.905Z</time>
      </trkpt>
      <trkpt lat="46.213717" lon="13.639112">
        <ele>201.797826</ele>
        <time>2026-07-17T18:05:10.915Z</time>
      </trkpt>
      <trkpt lat="46.213485" lon="13.639970">
        <ele>199.565330</ele>
        <time>2026-07-17T18:05:17.159Z</time>
      </trkpt>
      <trkpt lat="46.213164" lon="13.640995">
        <ele>197.207547</ele>
        <time>2026-07-17T18:05:24.722Z</time>
      </trkpt>
      <trkpt lat="46.212903" lon="13.641482">
        <ele>196.261707</ele>
        <time>2026-07-17T18:05:29.178Z</time>
      </trkpt>
      <trkpt lat="46.212800" lon="13.641824">
        <ele>195.688982</ele>
        <time>2026-07-17T18:05:32.010Z</time>
      </trkpt>
      <trkpt lat="46.212666" lon="13.642698">
        <ele>194.314401</ele>
        <time>2026-07-17T18:05:38.888Z</time>
      </trkpt>
      <trkpt lat="46.212618" lon="13.643182">
        <ele>193.926719</ele>
        <time>2026-07-17T18:05:42.975Z</time>
      </trkpt>
      <trkpt lat="46.212369" lon="13.644490">
        <ele>194.446482</ele>
        <time>2026-07-17T18:05:59.047Z</time>
      </trkpt>
      <trkpt lat="46.212391" lon="13.645026">
        <ele>194.652205</ele>
        <time>2026-07-17T18:06:06.258Z</time>
      </trkpt>
      <trkpt lat="46.212384" lon="13.645297">
        <ele>194.756108</ele>
        <time>2026-07-17T18:06:10.197Z</time>
      </trkpt>
      <trkpt lat="46.212319" lon="13.645667">
        <ele>194.931271</ele>
        <time>2026-07-17T18:06:15.589Z</time>
      </trkpt>
      <trkpt lat="46.212160" lon="13.646452">
        <ele>195.417907</ele>
        <time>2026-07-17T18:06:27.330Z</time>
      </trkpt>
      <trkpt lat="46.211977" lon="13.647109">
        <ele>195.839272</ele>
        <time>2026-07-17T18:06:34.504Z</time>
      </trkpt>
      <trkpt lat="46.211755" lon="13.648169">
        <ele>196.849073</ele>
        <time>2026-07-17T18:06:46.953Z</time>
      </trkpt>
      <trkpt lat="46.211680" lon="13.648587">
        <ele>197.992715</ele>
        <time>2026-07-17T18:06:53.705Z</time>
      </trkpt>
      <trkpt lat="46.211674" lon="13.648861">
        <ele>198.718742</ele>
        <time>2026-07-17T18:06:58.787Z</time>
      </trkpt>
      <trkpt lat="46.211694" lon="13.649122">
        <ele>199.414201</ele>
        <time>2026-07-17T18:07:04.287Z</time>
      </trkpt>
      <trkpt lat="46.211894" lon="13.650065">
        <ele>202.026312</ele>
        <time>2026-07-17T18:07:29.587Z</time>
      </trkpt>
      <trkpt lat="46.212054" lon="13.651238">
        <ele>204.379406</ele>
        <time>2026-07-17T18:08:00.043Z</time>
      </trkpt>
      <trkpt lat="46.212208" lon="13.653226">
        <ele>207.165630</ele>
        <time>2026-07-17T18:08:26.938Z</time>
      </trkpt>
      <trkpt lat="46.212233" lon="13.654279">
        <ele>206.558343</ele>
        <time>2026-07-17T18:08:35.395Z</time>
      </trkpt>
      <trkpt lat="46.212372" lon="13.654689">
        <ele>206.295190</ele>
        <time>2026-07-17T18:08:39.287Z</time>
      </trkpt>
      <trkpt lat="46.212444" lon="13.655001">
        <ele>206.105623</ele>
        <time>2026-07-17T18:08:41.997Z</time>
      </trkpt>
      <trkpt lat="46.212501" lon="13.655452">
        <ele>205.841377</ele>
        <time>2026-07-17T18:08:45.709Z</time>
      </trkpt>
      <trkpt lat="46.212553" lon="13.655661">
        <ele>205.714149</ele>
        <time>2026-07-17T18:08:47.601Z</time>
      </trkpt>
      <trkpt lat="46.212604" lon="13.655759">
        <ele>205.645677</ele>
        <time>2026-07-17T18:08:48.877Z</time>
      </trkpt>
      <trkpt lat="46.212713" lon="13.655878">
        <ele>205.535440</ele>
        <time>2026-07-17T18:08:50.594Z</time>
      </trkpt>
      <trkpt lat="46.212903" lon="13.656021">
        <ele>205.362570</ele>
        <time>2026-07-17T18:08:53.191Z</time>
      </trkpt>
      <trkpt lat="46.212973" lon="13.656152">
        <ele>205.270149</ele>
        <time>2026-07-17T18:08:54.679Z</time>
      </trkpt>
      <trkpt lat="46.212970" lon="13.656210">
        <ele>205.237671</ele>
        <time>2026-07-17T18:08:55.100Z</time>
      </trkpt>
      <trkpt lat="46.212910" lon="13.656434">
        <ele>205.103546</ele>
        <time>2026-07-17T18:08:57.033Z</time>
      </trkpt>
      <trkpt lat="46.212875" lon="13.656494">
        <ele>205.059726</ele>
        <time>2026-07-17T18:08:57.711Z</time>
      </trkpt>
      <trkpt lat="46.212804" lon="13.656538">
        <ele>204.997386</ele>
        <time>2026-07-17T18:08:58.572Z</time>
      </trkpt>
      <trkpt lat="46.212487" lon="13.656563">
        <ele>204.741199</ele>
        <time>2026-07-17T18:09:02.235Z</time>
      </trkpt>
      <trkpt lat="46.212334" lon="13.656611">
        <ele>204.614859</ele>
        <time>2026-07-17T18:09:04.057Z</time>
      </trkpt>
      <trkpt lat="46.212242" lon="13.656675">
        <ele>204.532465</ele>
        <time>2026-07-17T18:09:05.365Z</time>
      </trkpt>
      <trkpt lat="46.212037" lon="13.656934">
        <ele>204.312731</ele>
        <time>2026-07-17T18:09:08.909Z</time>
      </trkpt>
      <trkpt lat="46.211887" lon="13.657190">
        <ele>204.565428</ele>
        <time>2026-07-17T18:09:13.170Z</time>
      </trkpt>
      <trkpt lat="46.211615" lon="13.658228">
        <ele>205.632327</ele>
        <time>2026-07-17T18:09:29.820Z</time>
      </trkpt>
      <trkpt lat="46.211514" lon="13.658542">
        <ele>205.965167</ele>
        <time>2026-07-17T18:09:36.059Z</time>
      </trkpt>
      <trkpt lat="46.211250" lon="13.658901">
        <ele>206.468717</ele>
        <time>2026-07-17T18:09:45.138Z</time>
      </trkpt>
      <trkpt lat="46.211109" lon="13.659199">
        <ele>206.764408</ele>
        <time>2026-07-17T18:09:50.561Z</time>
      </trkpt>
      <trkpt lat="46.210936" lon="13.660105">
        <ele>206.131615</ele>
        <time>2026-07-17T18:10:00.234Z</time>
      </trkpt>
      <trkpt lat="46.210892" lon="13.660478">
        <ele>205.876856</ele>
        <time>2026-07-17T18:10:03.307Z</time>
      </trkpt>
      <trkpt lat="46.210853" lon="13.661668">
        <ele>205.074746</ele>
        <time>2026-07-17T18:10:12.310Z</time>
      </trkpt>
      <trkpt lat="46.210869" lon="13.661958">
        <ele>204.520395</ele>
        <time>2026-07-17T18:10:14.420Z</time>
      </trkpt>
      <trkpt lat="46.211064" lon="13.662832">
        <ele>202.487538</ele>
        <time>2026-07-17T18:10:20.985Z</time>
      </trkpt>
      <trkpt lat="46.211112" lon="13.663131">
        <ele>201.808063</ele>
        <time>2026-07-17T18:10:23.115Z</time>
      </trkpt>
      <trkpt lat="46.211216" lon="13.664173">
        <ele>199.477517</ele>
        <time>2026-07-17T18:10:30.402Z</time>
      </trkpt>
      <trkpt lat="46.211225" lon="13.664498">
        <ele>198.490301</ele>
        <time>2026-07-17T18:10:32.633Z</time>
      </trkpt>
      <trkpt lat="46.211223" lon="13.666210">
        <ele>192.768900</ele>
        <time>2026-07-17T18:10:43.922Z</time>
      </trkpt>
      <trkpt lat="46.211197" lon="13.666569">
        <ele>191.562593</ele>
        <time>2026-07-17T18:10:46.213Z</time>
      </trkpt>
      <trkpt lat="46.211060" lon="13.667114">
        <ele>189.746871</ele>
        <time>2026-07-17T18:10:49.901Z</time>
      </trkpt>
      <trkpt lat="46.210907" lon="13.667539">
        <ele>188.347216</ele>
        <time>2026-07-17T18:10:52.950Z</time>
      </trkpt>
      <trkpt lat="46.210809" lon="13.667712">
        <ele>187.694026</ele>
        <time>2026-07-17T18:10:54.375Z</time>
      </trkpt>
      <trkpt lat="46.210024" lon="13.669761">
        <ele>182.003192</ele>
        <time>2026-07-17T18:11:10.692Z</time>
      </trkpt>
      <trkpt lat="46.209880" lon="13.670063">
        <ele>181.505639</ele>
        <time>2026-07-17T18:11:13.806Z</time>
      </trkpt>
      <trkpt lat="46.209824" lon="13.670264">
        <ele>181.211679</ele>
        <time>2026-07-17T18:11:15.630Z</time>
      </trkpt>
      <trkpt lat="46.209831" lon="13.670409">
        <ele>181.014484</ele>
        <time>2026-07-17T18:11:16.840Z</time>
      </trkpt>
      <trkpt lat="46.209883" lon="13.670555">
        <ele>180.791717</ele>
        <time>2026-07-17T18:11:18.186Z</time>
      </trkpt>
      <trkpt lat="46.210064" lon="13.670934">
        <ele>180.166987</ele>
        <time>2026-07-17T18:11:21.866Z</time>
      </trkpt>
      <trkpt lat="46.210134" lon="13.671217">
        <ele>179.759264</ele>
        <time>2026-07-17T18:11:24.251Z</time>
      </trkpt>
      <trkpt lat="46.210145" lon="13.671374">
        <ele>179.545180</ele>
        <time>2026-07-17T18:11:25.508Z</time>
      </trkpt>
      <trkpt lat="46.210157" lon="13.671543">
        <ele>179.302609</ele>
        <time>2026-07-17T18:11:26.864Z</time>
      </trkpt>
      <trkpt lat="46.210137" lon="13.671883">
        <ele>178.804874</ele>
        <time>2026-07-17T18:11:29.558Z</time>
      </trkpt>
      <trkpt lat="46.209964" lon="13.672453">
        <ele>177.896979</ele>
        <time>2026-07-17T18:11:34.310Z</time>
      </trkpt>
      <trkpt lat="46.209928" lon="13.672844">
        <ele>177.321612</ele>
        <time>2026-07-17T18:11:37.201Z</time>
      </trkpt>
      <trkpt lat="46.209777" lon="13.673552">
        <ele>176.240934</ele>
        <time>2026-07-17T18:11:42.584Z</time>
      </trkpt>
      <trkpt lat="46.209737" lon="13.673827">
        <ele>175.831033</ele>
        <time>2026-07-17T18:11:44.675Z</time>
      </trkpt>
      <trkpt lat="46.209666" lon="13.674053">
        <ele>175.581422</ele>
        <time>2026-07-17T18:11:46.542Z</time>
      </trkpt>
      <trkpt lat="46.209386" lon="13.674705">
        <ele>175.046790</ele>
        <time>2026-07-17T18:11:52.370Z</time>
      </trkpt>
      <trkpt lat="46.209244" lon="13.675208">
        <ele>174.668293</ele>
        <time>2026-07-17T18:11:56.681Z</time>
      </trkpt>
      <trkpt lat="46.209158" lon="13.675574">
        <ele>174.398989</ele>
        <time>2026-07-17T18:12:00.146Z</time>
      </trkpt>
      <trkpt lat="46.209130" lon="13.675820">
        <ele>174.225289</ele>
        <time>2026-07-17T18:12:02.548Z</time>
      </trkpt>
      <trkpt lat="46.209053" lon="13.676378">
        <ele>173.961387</ele>
        <time>2026-07-17T18:12:08.756Z</time>
      </trkpt>
      <trkpt lat="46.208908" lon="13.676968">
        <ele>174.824599</ele>
        <time>2026-07-17T18:12:17.098Z</time>
      </trkpt>
      <trkpt lat="46.208861" lon="13.677157">
        <ele>175.101489</ele>
        <time>2026-07-17T18:12:20.134Z</time>
      </trkpt>
      <trkpt lat="46.208666" lon="13.677687">
        <ele>175.929062</ele>
        <time>2026-07-17T18:12:29.994Z</time>
      </trkpt>
      <trkpt lat="46.208153" lon="13.678611">
        <ele>177.633317</ele>
        <time>2026-07-17T18:12:50.795Z</time>
      </trkpt>
      <trkpt lat="46.207928" lon="13.679208">
        <ele>179.200986</ele>
        <time>2026-07-17T18:13:04.023Z</time>
      </trkpt>
      <trkpt lat="46.207664" lon="13.679773">
        <ele>180.773125</ele>
        <time>2026-07-17T18:13:18.488Z</time>
      </trkpt>
      <trkpt lat="46.207594" lon="13.680041">
        <ele>181.433721</ele>
        <time>2026-07-17T18:13:24.774Z</time>
      </trkpt>
      <trkpt lat="46.207577" lon="13.680497">
        <ele>182.486838</ele>
        <time>2026-07-17T18:13:35.148Z</time>
      </trkpt>
      <trkpt lat="46.207544" lon="13.680665">
        <ele>182.889571</ele>
        <time>2026-07-17T18:13:38.855Z</time>
      </trkpt>
      <trkpt lat="46.207449" lon="13.680897">
        <ele>183.446901</ele>
        <time>2026-07-17T18:13:43.949Z</time>
      </trkpt>
      <trkpt lat="46.207261" lon="13.682018">
        <ele>183.294562</ele>
        <time>2026-07-17T18:13:58.159Z</time>
      </trkpt>
      <trkpt lat="46.207182" lon="13.682317">
        <ele>183.252292</ele>
        <time>2026-07-17T18:14:01.522Z</time>
      </trkpt>
      <trkpt lat="46.207007" lon="13.682729">
        <ele>183.188446</ele>
        <time>2026-07-17T18:14:05.856Z</time>
      </trkpt>
      <trkpt lat="46.206680" lon="13.683293">
        <ele>182.784329</ele>
        <time>2026-07-17T18:14:11.140Z</time>
      </trkpt>
      <trkpt lat="46.206570" lon="13.683480">
        <ele>182.124505</ele>
        <time>2026-07-17T18:14:12.805Z</time>
      </trkpt>
      <trkpt lat="46.206376" lon="13.683729">
        <ele>181.116468</ele>
        <time>2026-07-17T18:14:15.396Z</time>
      </trkpt>
      <trkpt lat="46.206025" lon="13.684050">
        <ele>179.502744</ele>
        <time>2026-07-17T18:14:19.514Z</time>
      </trkpt>
      <trkpt lat="46.205682" lon="13.684355">
        <ele>177.938159</ele>
        <time>2026-07-17T18:14:23.455Z</time>
      </trkpt>
      <trkpt lat="46.205163" lon="13.684714">
        <ele>175.823445</ele>
        <time>2026-07-17T18:14:28.814Z</time>
      </trkpt>
      <trkpt lat="46.204853" lon="13.685047">
        <ele>174.756936</ele>
        <time>2026-07-17T18:14:32.540Z</time>
      </trkpt>
      <trkpt lat="46.204403" lon="13.685633">
        <ele>173.084372</ele>
        <time>2026-07-17T18:14:38.597Z</time>
      </trkpt>
      <trkpt lat="46.203774" lon="13.686521">
        <ele>171.286548</ele>
        <time>2026-07-17T18:14:49.439Z</time>
      </trkpt>
      <trkpt lat="46.203668" lon="13.686694">
        <ele>171.404404</ele>
        <time>2026-07-17T18:14:51.819Z</time>
      </trkpt>
      <trkpt lat="46.203457" lon="13.687164">
        <ele>171.690160</ele>
        <time>2026-07-17T18:14:58.074Z</time>
      </trkpt>
      <trkpt lat="46.202749" lon="13.688242">
        <ele>172.448204</ele>
        <time>2026-07-17T18:15:18.462Z</time>
      </trkpt>
      <trkpt lat="46.202588" lon="13.688646">
        <ele>173.393458</ele>
        <time>2026-07-17T18:15:25.759Z</time>
      </trkpt>
      <trkpt lat="46.202514" lon="13.688964">
        <ele>174.150539</ele>
        <time>2026-07-17T18:15:31.433Z</time>
      </trkpt>
      <trkpt lat="46.202425" lon="13.689178">
        <ele>174.713935</ele>
        <time>2026-07-17T18:15:35.861Z</time>
      </trkpt>
      <trkpt lat="46.202241" lon="13.689518">
        <ele>175.687893</ele>
        <time>2026-07-17T18:15:44.036Z</time>
      </trkpt>
      <trkpt lat="46.202166" lon="13.689738">
        <ele>176.241310</ele>
        <time>2026-07-17T18:15:48.988Z</time>
      </trkpt>
      <trkpt lat="46.201944" lon="13.690699">
        <ele>178.634422</ele>
        <time>2026-07-17T18:16:11.565Z</time>
      </trkpt>
      <trkpt lat="46.201760" lon="13.691324">
        <ele>181.058754</ele>
        <time>2026-07-17T18:16:28.168Z</time>
      </trkpt>
      <trkpt lat="46.201707" lon="13.691589">
        <ele>182.043358</ele>
        <time>2026-07-17T18:16:35.067Z</time>
      </trkpt>
      <trkpt lat="46.201709" lon="13.692138">
        <ele>184.003011</ele>
        <time>2026-07-17T18:16:48.912Z</time>
      </trkpt>
      <trkpt lat="46.201582" lon="13.693006">
        <ele>187.169768</ele>
        <time>2026-07-17T18:17:11.294Z</time>
      </trkpt>
      <trkpt lat="46.201487" lon="13.694093">
        <ele>189.896680</ele>
        <time>2026-07-17T18:17:38.727Z</time>
      </trkpt>
      <trkpt lat="46.201491" lon="13.694468">
        <ele>190.777416</ele>
        <time>2026-07-17T18:17:46.469Z</time>
      </trkpt>
      <trkpt lat="46.201563" lon="13.695375">
        <ele>192.921331</ele>
        <time>2026-07-17T18:18:02.143Z</time>
      </trkpt>
      <trkpt lat="46.201530" lon="13.695521">
        <ele>193.282009</ele>
        <time>2026-07-17T18:18:04.352Z</time>
      </trkpt>
      <trkpt lat="46.201488" lon="13.695657">
        <ele>193.631735</ele>
        <time>2026-07-17T18:18:06.380Z</time>
      </trkpt>
      <trkpt lat="46.201465" lon="13.695846">
        <ele>193.747951</ele>
        <time>2026-07-17T18:18:08.940Z</time>
      </trkpt>
      <trkpt lat="46.201293" lon="13.696520">
        <ele>193.866748</ele>
        <time>2026-07-17T18:18:16.776Z</time>
      </trkpt>
      <trkpt lat="46.201264" lon="13.696734">
        <ele>193.902809</ele>
        <time>2026-07-17T18:18:18.724Z</time>
      </trkpt>
      <trkpt lat="46.201243" lon="13.697523">
        <ele>194.033385</ele>
        <time>2026-07-17T18:18:25.959Z</time>
      </trkpt>
      <trkpt lat="46.201285" lon="13.698098">
        <ele>194.129003</ele>
        <time>2026-07-17T18:18:33.148Z</time>
      </trkpt>
      <trkpt lat="46.201251" lon="13.698328">
        <ele>194.065823</ele>
        <time>2026-07-17T18:18:36.152Z</time>
      </trkpt>
      <trkpt lat="46.201162" lon="13.698587">
        <ele>193.799179</ele>
        <time>2026-07-17T18:18:39.434Z</time>
      </trkpt>
      <trkpt lat="46.201144" lon="13.698702">
        <ele>193.690457</ele>
        <time>2026-07-17T18:18:40.490Z</time>
      </trkpt>
      <trkpt lat="46.201164" lon="13.699303">
        <ele>193.135623</ele>
        <time>2026-07-17T18:18:45.239Z</time>
      </trkpt>
      <trkpt lat="46.201157" lon="13.699500">
        <ele>192.953726</ele>
        <time>2026-07-17T18:18:46.778Z</time>
      </trkpt>
      <trkpt lat="46.201077" lon="13.699898">
        <ele>192.571558</ele>
        <time>2026-07-17T18:18:49.920Z</time>
      </trkpt>
      <trkpt lat="46.201037" lon="13.699976">
        <ele>192.482041</ele>
        <time>2026-07-17T18:18:50.632Z</time>
      </trkpt>
      <trkpt lat="46.200780" lon="13.700211">
        <ele>192.076830</ele>
        <time>2026-07-17T18:18:53.882Z</time>
      </trkpt>
      <trkpt lat="46.200365" lon="13.700557">
        <ele>191.996514</ele>
        <time>2026-07-17T18:18:59.026Z</time>
      </trkpt>
      <trkpt lat="46.200115" lon="13.700848">
        <ele>192.320381</ele>
        <time>2026-07-17T18:19:02.849Z</time>
      </trkpt>
      <trkpt lat="46.199990" lon="13.701014">
        <ele>192.491657</ele>
        <time>2026-07-17T18:19:05.664Z</time>
      </trkpt>
      <trkpt lat="46.199710" lon="13.701526">
        <ele>192.947279</ele>
        <time>2026-07-17T18:19:17.511Z</time>
      </trkpt>
      <trkpt lat="46.199658" lon="13.701682">
        <ele>193.068177</ele>
        <time>2026-07-17T18:19:20.766Z</time>
      </trkpt>
      <trkpt lat="46.199639" lon="13.701882">
        <ele>193.209135</ele>
        <time>2026-07-17T18:19:24.500Z</time>
      </trkpt>
      <trkpt lat="46.199649" lon="13.702439">
        <ele>193.628379</ele>
        <time>2026-07-17T18:19:34.813Z</time>
      </trkpt>
      <trkpt lat="46.199600" lon="13.702720">
        <ele>194.051574</ele>
        <time>2026-07-17T18:19:39.888Z</time>
      </trkpt>
      <trkpt lat="46.199132" lon="13.704147">
        <ele>196.357682</ele>
        <time>2026-07-17T18:20:01.016Z</time>
      </trkpt>
      <trkpt lat="46.198955" lon="13.704654">
        <ele>197.186966</ele>
        <time>2026-07-17T18:20:10.194Z</time>
      </trkpt>
      <trkpt lat="46.198797" lon="13.705056">
        <ele>198.113671</ele>
        <time>2026-07-17T18:20:19.928Z</time>
      </trkpt>
      <trkpt lat="46.198478" lon="13.705549">
        <ele>199.598638</ele>
        <time>2026-07-17T18:20:36.169Z</time>
      </trkpt>
      <trkpt lat="46.198355" lon="13.705949">
        <ele>200.561732</ele>
        <time>2026-07-17T18:20:46.875Z</time>
      </trkpt>
      <trkpt lat="46.198278" lon="13.706134">
        <ele>201.036730</ele>
        <time>2026-07-17T18:20:52.131Z</time>
      </trkpt>
      <trkpt lat="46.198208" lon="13.706238">
        <ele>201.355926</ele>
        <time>2026-07-17T18:20:55.458Z</time>
      </trkpt>
      <trkpt lat="46.197884" lon="13.706545">
        <ele>202.587672</ele>
        <time>2026-07-17T18:21:04.764Z</time>
      </trkpt>
      <trkpt lat="46.197185" lon="13.706969">
        <ele>203.929513</ele>
        <time>2026-07-17T18:21:14.382Z</time>
      </trkpt>
      <trkpt lat="46.196868" lon="13.707481">
        <ele>204.597611</ele>
        <time>2026-07-17T18:21:22.549Z</time>
      </trkpt>
      <trkpt lat="46.196342" lon="13.708825">
        <ele>206.361946</ele>
        <time>2026-07-17T18:21:51.127Z</time>
      </trkpt>
      <trkpt lat="46.195896" lon="13.710291">
        <ele>208.756880</ele>
        <time>2026-07-17T18:22:22.112Z</time>
      </trkpt>
      <trkpt lat="46.195781" lon="13.710586">
        <ele>209.263233</ele>
        <time>2026-07-17T18:22:25.087Z</time>
      </trkpt>
      <trkpt lat="46.195545" lon="13.710869">
        <ele>209.190670</ele>
        <time>2026-07-17T18:22:28.788Z</time>
      </trkpt>
      <trkpt lat="46.195234" lon="13.711151">
        <ele>208.624457</ele>
        <time>2026-07-17T18:22:33.034Z</time>
      </trkpt>
      <trkpt lat="46.195091" lon="13.711388">
        <ele>208.288865</ele>
        <time>2026-07-17T18:22:35.475Z</time>
      </trkpt>
      <trkpt lat="46.194925" lon="13.712163">
        <ele>207.422922</ele>
        <time>2026-07-17T18:22:41.702Z</time>
      </trkpt>
      <trkpt lat="46.194744" lon="13.712945">
        <ele>206.500078</ele>
        <time>2026-07-17T18:22:47.755Z</time>
      </trkpt>
      <trkpt lat="46.194683" lon="13.713269">
        <ele>206.056893</ele>
        <time>2026-07-17T18:22:50.279Z</time>
      </trkpt>
      <trkpt lat="46.194616" lon="13.713716">
        <ele>205.453223</ele>
        <time>2026-07-17T18:22:53.830Z</time>
      </trkpt>
      <trkpt lat="46.194500" lon="13.714065">
        <ele>204.942223</ele>
        <time>2026-07-17T18:22:56.821Z</time>
      </trkpt>
      <trkpt lat="46.194335" lon="13.714465">
        <ele>204.327624</ele>
        <time>2026-07-17T18:23:00.355Z</time>
      </trkpt>
      <trkpt lat="46.194129" lon="13.715041">
        <ele>203.471876</ele>
        <time>2026-07-17T18:23:05.303Z</time>
      </trkpt>
      <trkpt lat="46.193825" lon="13.715439">
        <ele>202.961318</ele>
        <time>2026-07-17T18:23:10.015Z</time>
      </trkpt>
      <trkpt lat="46.193566" lon="13.716003">
        <ele>202.469833</ele>
        <time>2026-07-17T18:23:15.697Z</time>
      </trkpt>
      <trkpt lat="46.193382" lon="13.716501">
        <ele>202.059913</ele>
        <time>2026-07-17T18:23:20.407Z</time>
      </trkpt>
      <trkpt lat="46.193312" lon="13.716807">
        <ele>201.825886</ele>
        <time>2026-07-17T18:23:23.199Z</time>
      </trkpt>
      <trkpt lat="46.193193" lon="13.717578">
        <ele>201.175221</ele>
        <time>2026-07-17T18:23:30.470Z</time>
      </trkpt>
      <trkpt lat="46.193107" lon="13.717879">
        <ele>200.820885</ele>
        <time>2026-07-17T18:23:33.499Z</time>
      </trkpt>
      <trkpt lat="46.192676" lon="13.719015">
        <ele>199.411251</ele>
        <time>2026-07-17T18:23:45.099Z</time>
      </trkpt>
      <trkpt lat="46.192560" lon="13.719226">
        <ele>199.118050</ele>
        <time>2026-07-17T18:23:47.401Z</time>
      </trkpt>
      <trkpt lat="46.192429" lon="13.719316">
        <ele>198.890023</ele>
        <time>2026-07-17T18:23:48.998Z</time>
      </trkpt>
      <trkpt lat="46.192331" lon="13.719309">
        <ele>198.735784</ele>
        <time>2026-07-17T18:23:49.995Z</time>
      </trkpt>
      <trkpt lat="46.192163" lon="13.719244">
        <ele>198.152224</ele>
        <time>2026-07-17T18:23:51.679Z</time>
      </trkpt>
      <trkpt lat="46.191584" lon="13.718865">
        <ele>194.505111</ele>
        <time>2026-07-17T18:23:57.475Z</time>
      </trkpt>
      <trkpt lat="46.191455" lon="13.718768">
        <ele>193.670715</ele>
        <time>2026-07-17T18:23:58.769Z</time>
      </trkpt>
      <trkpt lat="46.191254" lon="13.718687">
        <ele>192.473456</ele>
        <time>2026-07-17T18:24:00.622Z</time>
      </trkpt>
      <trkpt lat="46.191116" lon="13.718723">
        <ele>191.668881</ele>
        <time>2026-07-17T18:24:01.868Z</time>
      </trkpt>
      <trkpt lat="46.190420" lon="13.719235">
        <ele>188.494128</ele>
        <time>2026-07-17T18:24:08.873Z</time>
      </trkpt>
      <trkpt lat="46.190197" lon="13.719439">
        <ele>188.825082</ele>
        <time>2026-07-17T18:24:11.787Z</time>
      </trkpt>
      <trkpt lat="46.189811" lon="13.719950">
        <ele>189.481557</ele>
        <time>2026-07-17T18:24:27.020Z</time>
      </trkpt>
      <trkpt lat="46.189257" lon="13.721164">
        <ele>190.763573</ele>
        <time>2026-07-17T18:24:58.418Z</time>
      </trkpt>
      <trkpt lat="46.189159" lon="13.721330">
        <ele>190.969444</ele>
        <time>2026-07-17T18:25:03.229Z</time>
      </trkpt>
      <trkpt lat="46.189045" lon="13.721445">
        <ele>191.158980</ele>
        <time>2026-07-17T18:25:07.360Z</time>
      </trkpt>
      <trkpt lat="46.188645" lon="13.721799">
        <ele>191.798419</ele>
        <time>2026-07-17T18:25:19.734Z</time>
      </trkpt>
      <trkpt lat="46.188054" lon="13.722637">
        <ele>192.927284</ele>
        <time>2026-07-17T18:25:29.486Z</time>
      </trkpt>
      <trkpt lat="46.187819" lon="13.723024">
        <ele>193.649174</ele>
        <time>2026-07-17T18:25:34.098Z</time>
      </trkpt>
      <trkpt lat="46.187635" lon="13.723141">
        <ele>194.068181</ele>
        <time>2026-07-17T18:25:36.551Z</time>
      </trkpt>
      <trkpt lat="46.187526" lon="13.723195">
        <ele>194.308350</ele>
        <time>2026-07-17T18:25:38.714Z</time>
      </trkpt>
      <trkpt lat="46.187284" lon="13.723212">
        <ele>194.813325</ele>
        <time>2026-07-17T18:25:42.793Z</time>
      </trkpt>
      <trkpt lat="46.187100" lon="13.723183">
        <ele>195.199095</ele>
        <time>2026-07-17T18:25:47.329Z</time>
      </trkpt>
      <trkpt lat="46.187026" lon="13.723227">
        <ele>195.365882</ele>
        <time>2026-07-17T18:25:49.332Z</time>
      </trkpt>
      <trkpt lat="46.186718" lon="13.723626">
        <ele>196.228169</ele>
        <time>2026-07-17T18:26:00.693Z</time>
      </trkpt>
      <trkpt lat="46.186440" lon="13.724060">
        <ele>197.558962</ele>
        <time>2026-07-17T18:26:17.306Z</time>
      </trkpt>
      <trkpt lat="46.186417" lon="13.724262">
        <ele>198.240005</ele>
        <time>2026-07-17T18:26:23.601Z</time>
      </trkpt>
      <trkpt lat="46.186480" lon="13.724705">
        <ele>199.744553</ele>
        <time>2026-07-17T18:26:38.908Z</time>
      </trkpt>
      <trkpt lat="46.186497" lon="13.724842">
        <ele>200.207589</ele>
        <time>2026-07-17T18:26:43.878Z</time>
      </trkpt>
      <trkpt lat="46.186534" lon="13.725444">
        <ele>202.218202</ele>
        <time>2026-07-17T18:27:02.224Z</time>
      </trkpt>
      <trkpt lat="46.186542" lon="13.726346">
        <ele>205.219224</ele>
        <time>2026-07-17T18:27:18.372Z</time>
      </trkpt>
      <trkpt lat="46.186478" lon="13.726933">
        <ele>204.672829</ele>
        <time>2026-07-17T18:27:22.938Z</time>
      </trkpt>
      <trkpt lat="46.186417" lon="13.727339">
        <ele>204.157020</ele>
        <time>2026-07-17T18:27:26.033Z</time>
      </trkpt>
      <trkpt lat="46.186358" lon="13.727819">
        <ele>203.551749</ele>
        <time>2026-07-17T18:27:29.472Z</time>
      </trkpt>
      <trkpt lat="46.186382" lon="13.728839">
        <ele>202.284620</ele>
        <time>2026-07-17T18:27:36.677Z</time>
      </trkpt>
      <trkpt lat="46.186356" lon="13.729028">
        <ele>202.082287</ele>
        <time>2026-07-17T18:27:38.193Z</time>
      </trkpt>
      <trkpt lat="46.186273" lon="13.729332">
        <ele>201.847486</ele>
        <time>2026-07-17T18:27:40.891Z</time>
      </trkpt>
      <trkpt lat="46.186170" lon="13.729570">
        <ele>201.645817</ele>
        <time>2026-07-17T18:27:43.405Z</time>
      </trkpt>
      <trkpt lat="46.186011" lon="13.729847">
        <ele>201.387276</ele>
        <time>2026-07-17T18:27:46.593Z</time>
      </trkpt>
      <trkpt lat="46.185305" lon="13.730722">
        <ele>200.421797</ele>
        <time>2026-07-17T18:27:58.748Z</time>
      </trkpt>
      <trkpt lat="46.184480" lon="13.731559">
        <ele>198.611554</ele>
        <time>2026-07-17T18:28:10.881Z</time>
      </trkpt>
      <trkpt lat="46.184112" lon="13.731904">
        <ele>197.765770</ele>
        <time>2026-07-17T18:28:15.577Z</time>
      </trkpt>
      <trkpt lat="46.184015" lon="13.732059">
        <ele>197.486898</ele>
        <time>2026-07-17T18:28:17.056Z</time>
      </trkpt>
      <trkpt lat="46.183972" lon="13.732247">
        <ele>197.222631</ele>
        <time>2026-07-17T18:28:18.444Z</time>
      </trkpt>
      <trkpt lat="46.183830" lon="13.732583">
        <ele>196.664449</ele>
        <time>2026-07-17T18:28:21.179Z</time>
      </trkpt>
      <trkpt lat="46.183667" lon="13.732814">
        <ele>196.082221</ele>
        <time>2026-07-17T18:28:23.491Z</time>
      </trkpt>
      <trkpt lat="46.183263" lon="13.732921">
        <ele>195.034997</ele>
        <time>2026-07-17T18:28:27.848Z</time>
      </trkpt>
      <trkpt lat="46.183186" lon="13.732941">
        <ele>194.835526</ele>
        <time>2026-07-17T18:28:28.683Z</time>
      </trkpt>
      <trkpt lat="46.182908" lon="13.733005">
        <ele>194.117782</ele>
        <time>2026-07-17T18:28:31.664Z</time>
      </trkpt>
      <trkpt lat="46.182787" lon="13.733027">
        <ele>193.806842</ele>
        <time>2026-07-17T18:28:32.957Z</time>
      </trkpt>
      <trkpt lat="46.182689" lon="13.733047">
        <ele>193.554497</ele>
        <time>2026-07-17T18:28:34.013Z</time>
      </trkpt>
      <trkpt lat="46.182592" lon="13.733072">
        <ele>193.303276</ele>
        <time>2026-07-17T18:28:35.048Z</time>
      </trkpt>
      <trkpt lat="46.182359" lon="13.733243">
        <ele>192.636919</ele>
        <time>2026-07-17T18:28:37.842Z</time>
      </trkpt>
      <trkpt lat="46.182299" lon="13.733298">
        <ele>192.455732</ele>
        <time>2026-07-17T18:28:38.608Z</time>
      </trkpt>
      <trkpt lat="46.181929" lon="13.733710">
        <ele>191.135009</ele>
        <time>2026-07-17T18:28:43.706Z</time>
      </trkpt>
      <trkpt lat="46.181460" lon="13.734198">
        <ele>189.459913</ele>
        <time>2026-07-17T18:28:49.728Z</time>
      </trkpt>
      <trkpt lat="46.181080" lon="13.734431">
        <ele>188.263575</ele>
        <time>2026-07-17T18:28:53.892Z</time>
      </trkpt>
      <trkpt lat="46.180802" lon="13.734381">
        <ele>187.451730</ele>
        <time>2026-07-17T18:28:56.746Z</time>
      </trkpt>
      <trkpt lat="46.180445" lon="13.734656">
        <ele>186.093838</ele>
        <time>2026-07-17T18:29:00.797Z</time>
      </trkpt>
      <trkpt lat="46.180369" lon="13.734714">
        <ele>185.780724</ele>
        <time>2026-07-17T18:29:01.643Z</time>
      </trkpt>
      <trkpt lat="46.180327" lon="13.734707">
        <ele>185.626717</ele>
        <time>2026-07-17T18:29:02.060Z</time>
      </trkpt>
      <trkpt lat="46.180294" lon="13.734637">
        <ele>185.413129</ele>
        <time>2026-07-17T18:29:02.633Z</time>
      </trkpt>
      <trkpt lat="46.180250" lon="13.734646">
        <ele>185.251253</ele>
        <time>2026-07-17T18:29:03.075Z</time>
      </trkpt>
      <trkpt lat="46.180232" lon="13.734684">
        <ele>185.135129</ele>
        <time>2026-07-17T18:29:03.386Z</time>
      </trkpt>
      <trkpt lat="46.180243" lon="13.734749">
        <ele>184.966364</ele>
        <time>2026-07-17T18:29:03.842Z</time>
      </trkpt>
      <trkpt lat="46.180161" lon="13.734879">
        <ele>184.522826</ele>
        <time>2026-07-17T18:29:05.030Z</time>
      </trkpt>
      <trkpt lat="46.179534" lon="13.735510">
        <ele>181.739081</ele>
        <time>2026-07-17T18:29:12.617Z</time>
      </trkpt>
      <trkpt lat="46.179238" lon="13.735667">
        <ele>180.590440</ele>
        <time>2026-07-17T18:29:15.699Z</time>
      </trkpt>
      <trkpt lat="46.178988" lon="13.735702">
        <ele>179.843027</ele>
        <time>2026-07-17T18:29:18.147Z</time>
      </trkpt>
      <trkpt lat="46.178868" lon="13.735729">
        <ele>179.496478</ele>
        <time>2026-07-17T18:29:19.343Z</time>
      </trkpt>
      <trkpt lat="46.178794" lon="13.735745">
        <ele>179.282966</ele>
        <time>2026-07-17T18:29:20.091Z</time>
      </trkpt>
      <trkpt lat="46.178618" lon="13.735866">
        <ele>178.726752</ele>
        <time>2026-07-17T18:29:22.082Z</time>
      </trkpt>
      <trkpt lat="46.178464" lon="13.736031">
        <ele>178.179591</ele>
        <time>2026-07-17T18:29:24.139Z</time>
      </trkpt>
      <trkpt lat="46.178242" lon="13.736331">
        <ele>177.312048</ele>
        <time>2026-07-17T18:29:27.430Z</time>
      </trkpt>
      <trkpt lat="46.177846" lon="13.736531">
        <ele>176.114963</ele>
        <time>2026-07-17T18:29:31.901Z</time>
      </trkpt>
      <trkpt lat="46.177534" lon="13.736596">
        <ele>175.220318</ele>
        <time>2026-07-17T18:29:35.186Z</time>
      </trkpt>
      <trkpt lat="46.177489" lon="13.736700">
        <ele>174.989680</ele>
        <time>2026-07-17T18:29:36.073Z</time>
      </trkpt>
      <trkpt lat="46.177145" lon="13.737065">
        <ele>173.830299</ele>
        <time>2026-07-17T18:29:40.579Z</time>
      </trkpt>
      <trkpt lat="46.176749" lon="13.737423">
        <ele>172.561388</ele>
        <time>2026-07-17T18:29:45.466Z</time>
      </trkpt>
      <trkpt lat="46.176058" lon="13.737851">
        <ele>170.519263</ele>
        <time>2026-07-17T18:29:53.150Z</time>
      </trkpt>
      <trkpt lat="46.175722" lon="13.737955">
        <ele>169.285064</ele>
        <time>2026-07-17T18:29:56.799Z</time>
      </trkpt>
      <trkpt lat="46.175649" lon="13.738035">
        <ele>168.947562</ele>
        <time>2026-07-17T18:29:57.770Z</time>
      </trkpt>
      <trkpt lat="46.175502" lon="13.738306">
        <ele>168.069637</ele>
        <time>2026-07-17T18:30:00.280Z</time>
      </trkpt>
      <trkpt lat="46.175416" lon="13.738396">
        <ele>167.678483</ele>
        <time>2026-07-17T18:30:01.371Z</time>
      </trkpt>
      <trkpt lat="46.175275" lon="13.738452">
        <ele>167.139908</ele>
        <time>2026-07-17T18:30:02.863Z</time>
      </trkpt>
      <trkpt lat="46.175082" lon="13.738470">
        <ele>166.427619</ele>
        <time>2026-07-17T18:30:04.827Z</time>
      </trkpt>
      <trkpt lat="46.175043" lon="13.738572">
        <ele>166.130469</ele>
        <time>2026-07-17T18:30:05.986Z</time>
      </trkpt>
      <trkpt lat="46.174978" lon="13.738762">
        <ele>165.590006</ele>
        <time>2026-07-17T18:30:07.404Z</time>
      </trkpt>
      <trkpt lat="46.174722" lon="13.739241">
        <ele>164.046886</ele>
        <time>2026-07-17T18:30:11.280Z</time>
      </trkpt>
      <trkpt lat="46.174693" lon="13.739420">
        <ele>163.661577</ele>
        <time>2026-07-17T18:30:12.461Z</time>
      </trkpt>
      <trkpt lat="46.174466" lon="13.739881">
        <ele>162.745627</ele>
        <time>2026-07-17T18:30:16.132Z</time>
      </trkpt>
      <trkpt lat="46.174441" lon="13.740048">
        <ele>162.468969</ele>
        <time>2026-07-17T18:30:17.255Z</time>
      </trkpt>
      <trkpt lat="46.174459" lon="13.740241">
        <ele>162.153635</ele>
        <time>2026-07-17T18:30:18.582Z</time>
      </trkpt>
      <trkpt lat="46.174664" lon="13.740230">
        <ele>161.673941</ele>
        <time>2026-07-17T18:30:20.743Z</time>
      </trkpt>
      <trkpt lat="46.175014" lon="13.740589">
        <ele>160.670084</ele>
        <time>2026-07-17T18:30:34.243Z</time>
      </trkpt>
      <trkpt lat="46.175054" lon="13.740641">
        <ele>160.544235</ele>
        <time>2026-07-17T18:30:35.041Z</time>
      </trkpt>
      <trkpt lat="46.175059" lon="13.740696">
        <ele>160.454414</ele>
        <time>2026-07-17T18:30:35.491Z</time>
      </trkpt>
      <trkpt lat="46.174908" lon="13.741029">
        <ele>159.809891</ele>
        <time>2026-07-17T18:30:39.748Z</time>
      </trkpt>
      <trkpt lat="46.174908" lon="13.741105">
        <ele>159.686831</ele>
        <time>2026-07-17T18:30:40.595Z</time>
      </trkpt>
      <trkpt lat="46.174959" lon="13.741253">
        <ele>159.593183</ele>
        <time>2026-07-17T18:30:43.631Z</time>
      </trkpt>
      <trkpt lat="46.174948" lon="13.741333">
        <ele>159.587535</ele>
        <time>2026-07-17T18:30:45.003Z</time>
      </trkpt>
      <trkpt lat="46.174888" lon="13.741407">
        <ele>159.579646</ele>
        <time>2026-07-17T18:30:47.126Z</time>
      </trkpt>
      <trkpt lat="46.174499" lon="13.741692">
        <ele>159.536028</ele>
        <time>2026-07-17T18:30:58.035Z</time>
      </trkpt>
      <trkpt lat="46.174219" lon="13.742009">
        <ele>159.500452</ele>
        <time>2026-07-17T18:31:04.965Z</time>
      </trkpt>
      <trkpt lat="46.173590" lon="13.742575">
        <ele>159.426344</ele>
        <time>2026-07-17T18:31:13.026Z</time>
      </trkpt>
      <trkpt lat="46.173477" lon="13.742506">
        <ele>159.357928</ele>
        <time>2026-07-17T18:31:14.353Z</time>
      </trkpt>
      <trkpt lat="46.173274" lon="13.742297">
        <ele>159.133819</ele>
        <time>2026-07-17T18:31:17.063Z</time>
      </trkpt>
      <trkpt lat="46.173258" lon="13.742161">
        <ele>159.047948</ele>
        <time>2026-07-17T18:31:18.088Z</time>
      </trkpt>
      <trkpt lat="46.173315" lon="13.741850">
        <ele>158.847689</ele>
        <time>2026-07-17T18:31:20.592Z</time>
      </trkpt>
      <trkpt lat="46.173305" lon="13.741817">
        <ele>158.825266</ele>
        <time>2026-07-17T18:31:20.878Z</time>
      </trkpt>
      <trkpt lat="46.173253" lon="13.741839">
        <ele>158.776557</ele>
        <time>2026-07-17T18:31:21.488Z</time>
      </trkpt>
      <trkpt lat="46.173161" lon="13.742030">
        <ele>158.631729</ele>
        <time>2026-07-17T18:31:23.391Z</time>
      </trkpt>
      <trkpt lat="46.173020" lon="13.742528">
        <ele>158.296819</ele>
        <time>2026-07-17T18:31:27.973Z</time>
      </trkpt>
      <trkpt lat="46.172522" lon="13.743449">
        <ele>157.829194</ele>
        <time>2026-07-17T18:31:42.105Z</time>
      </trkpt>
      <trkpt lat="46.172238" lon="13.743830">
        <ele>157.866186</ele>
        <time>2026-07-17T18:31:48.701Z</time>
      </trkpt>
      <trkpt lat="46.171844" lon="13.744278">
        <ele>157.914041</ele>
        <time>2026-07-17T18:31:56.526Z</time>
      </trkpt>
      <trkpt lat="46.171508" lon="13.744652">
        <ele>157.954525</ele>
        <time>2026-07-17T18:32:02.376Z</time>
      </trkpt>
      <trkpt lat="46.171318" lon="13.744794">
        <ele>157.974940</ele>
        <time>2026-07-17T18:32:05.271Z</time>
      </trkpt>
      <trkpt lat="46.170971" lon="13.745185">
        <ele>157.446104</ele>
        <time>2026-07-17T18:32:11.087Z</time>
      </trkpt>
      <trkpt lat="46.170829" lon="13.745372">
        <ele>157.209335</ele>
        <time>2026-07-17T18:32:13.575Z</time>
      </trkpt>
      <trkpt lat="46.170602" lon="13.745761">
        <ele>156.775331</ele>
        <time>2026-07-17T18:32:17.896Z</time>
      </trkpt>
      <trkpt lat="46.170312" lon="13.747362">
        <ele>155.150622</ele>
        <time>2026-07-17T18:32:30.570Z</time>
      </trkpt>
      <trkpt lat="46.170265" lon="13.747861">
        <ele>154.490373</ele>
        <time>2026-07-17T18:32:34.273Z</time>
      </trkpt>
      <trkpt lat="46.170273" lon="13.747982">
        <ele>154.331012</ele>
        <time>2026-07-17T18:32:36.154Z</time>
      </trkpt>
      <trkpt lat="46.170142" lon="13.748746">
        <ele>153.299103</ele>
        <time>2026-07-17T18:32:42.132Z</time>
      </trkpt>
      <trkpt lat="46.170324" lon="13.750181">
        <ele>152.597125</ele>
        <time>2026-07-17T18:32:53.748Z</time>
      </trkpt>
      <trkpt lat="46.170352" lon="13.750323">
        <ele>152.645568</ele>
        <time>2026-07-17T18:32:55.206Z</time>
      </trkpt>
      <trkpt lat="46.170482" lon="13.750986">
        <ele>152.871652</ele>
        <time>2026-07-17T18:33:03.290Z</time>
      </trkpt>
      <trkpt lat="46.170595" lon="13.751595">
        <ele>153.078515</ele>
        <time>2026-07-17T18:33:12.635Z</time>
      </trkpt>
      <trkpt lat="46.170623" lon="13.751888">
        <ele>153.175560</ele>
        <time>2026-07-17T18:33:17.676Z</time>
      </trkpt>
      <trkpt lat="46.170608" lon="13.752269">
        <ele>153.468729</ele>
        <time>2026-07-17T18:33:24.186Z</time>
      </trkpt>
      <trkpt lat="46.170493" lon="13.752785">
        <ele>153.965004</ele>
        <time>2026-07-17T18:33:33.382Z</time>
      </trkpt>
      <trkpt lat="46.170337" lon="13.753132">
        <ele>154.343766</ele>
        <time>2026-07-17T18:33:39.903Z</time>
      </trkpt>
      <trkpt lat="46.170253" lon="13.753260">
        <ele>154.505214</ele>
        <time>2026-07-17T18:33:42.510Z</time>
      </trkpt>
      <trkpt lat="46.169839" lon="13.753770">
        <ele>155.224645</ele>
        <time>2026-07-17T18:33:52.879Z</time>
      </trkpt>
      <trkpt lat="46.169655" lon="13.754046">
        <ele>155.575394</ele>
        <time>2026-07-17T18:33:57.081Z</time>
      </trkpt>
      <trkpt lat="46.169494" lon="13.754215">
        <ele>155.670158</ele>
        <time>2026-07-17T18:33:59.669Z</time>
      </trkpt>
      <trkpt lat="46.169268" lon="13.754396">
        <ele>155.785067</ele>
        <time>2026-07-17T18:34:02.780Z</time>
      </trkpt>
      <trkpt lat="46.169052" lon="13.754518">
        <ele>155.888195</ele>
        <time>2026-07-17T18:34:05.576Z</time>
      </trkpt>
      <trkpt lat="46.167962" lon="13.754737">
        <ele>156.377517</ele>
        <time>2026-07-17T18:34:24.318Z</time>
      </trkpt>
      <trkpt lat="46.167881" lon="13.754747">
        <ele>156.561314</ele>
        <time>2026-07-17T18:34:26.669Z</time>
      </trkpt>
      <trkpt lat="46.166911" lon="13.754910">
        <ele>159.199174</ele>
        <time>2026-07-17T18:34:52.040Z</time>
      </trkpt>
      <trkpt lat="46.166714" lon="13.754861">
        <ele>159.739151</ele>
        <time>2026-07-17T18:34:57.295Z</time>
      </trkpt>
      <trkpt lat="46.166428" lon="13.754668">
        <ele>160.591906</ele>
        <time>2026-07-17T18:35:04.646Z</time>
      </trkpt>
      <trkpt lat="46.165443" lon="13.753591">
        <ele>168.375102</ele>
        <time>2026-07-17T18:35:43.825Z</time>
      </trkpt>
      <trkpt lat="46.165017" lon="13.753280">
        <ele>171.798509</ele>
        <time>2026-07-17T18:36:12.716Z</time>
      </trkpt>
      <trkpt lat="46.164290" lon="13.753024">
        <ele>174.366390</ele>
        <time>2026-07-17T18:36:59.815Z</time>
      </trkpt>
      <trkpt lat="46.163817" lon="13.752923">
        <ele>174.620699</ele>
        <time>2026-07-17T18:37:15.968Z</time>
      </trkpt>
      <trkpt lat="46.163557" lon="13.752791">
        <ele>174.767284</ele>
        <time>2026-07-17T18:37:19.106Z</time>
      </trkpt>
      <trkpt lat="46.163469" lon="13.752704">
        <ele>174.824009</ele>
        <time>2026-07-17T18:37:20.115Z</time>
      </trkpt>
      <trkpt lat="46.163325" lon="13.752475">
        <ele>174.937948</ele>
        <time>2026-07-17T18:37:22.028Z</time>
      </trkpt>
      <trkpt lat="46.163113" lon="13.751882">
        <ele>173.683048</ele>
        <time>2026-07-17T18:37:25.954Z</time>
      </trkpt>
      <trkpt lat="46.163035" lon="13.751736">
        <ele>172.550806</ele>
        <time>2026-07-17T18:37:27.027Z</time>
      </trkpt>
      <trkpt lat="46.162574" lon="13.751043">
        <ele>166.650511</ele>
        <time>2026-07-17T18:37:32.629Z</time>
      </trkpt>
      <trkpt lat="46.162078" lon="13.750345">
        <ele>160.509757</ele>
        <time>2026-07-17T18:37:38.826Z</time>
      </trkpt>
      <trkpt lat="46.161708" lon="13.749960">
        <ele>158.687421</ele>
        <time>2026-07-17T18:37:43.333Z</time>
      </trkpt>
      <trkpt lat="46.161423" lon="13.749745">
        <ele>158.193965</ele>
        <time>2026-07-17T18:37:46.839Z</time>
      </trkpt>
      <trkpt lat="46.160957" lon="13.749456">
        <ele>157.415673</ele>
        <time>2026-07-17T18:37:53.068Z</time>
      </trkpt>
      <trkpt lat="46.159297" lon="13.748802">
        <ele>156.700423</ele>
        <time>2026-07-17T18:38:21.154Z</time>
      </trkpt>
      <trkpt lat="46.159192" lon="13.748748">
        <ele>156.733024</ele>
        <time>2026-07-17T18:38:22.857Z</time>
      </trkpt>
      <trkpt lat="46.159140" lon="13.748666">
        <ele>156.755547</ele>
        <time>2026-07-17T18:38:24.017Z</time>
      </trkpt>
      <trkpt lat="46.159047" lon="13.748604">
        <ele>156.785509</ele>
        <time>2026-07-17T18:38:25.561Z</time>
      </trkpt>
      <trkpt lat="46.158898" lon="13.748638">
        <ele>156.829630</ele>
        <time>2026-07-17T18:38:27.783Z</time>
      </trkpt>
      <trkpt lat="46.158814" lon="13.748613">
        <ele>156.854715</ele>
        <time>2026-07-17T18:38:29.009Z</time>
      </trkpt>
      <trkpt lat="46.155791" lon="13.747328">
        <ele>159.519466</ele>
        <time>2026-07-17T18:39:19.998Z</time>
      </trkpt>
      <trkpt lat="46.155648" lon="13.747267">
        <ele>159.784218</ele>
        <time>2026-07-17T18:39:23.800Z</time>
      </trkpt>
      <trkpt lat="46.155631" lon="13.747361">
        <ele>159.903704</ele>
        <time>2026-07-17T18:39:25.623Z</time>
      </trkpt>
      <trkpt lat="46.155599" lon="13.747349">
        <ele>159.962406</ele>
        <time>2026-07-17T18:39:26.524Z</time>
      </trkpt>
      <trkpt lat="46.155454" lon="13.747281">
        <ele>160.233100</ele>
        <time>2026-07-17T18:39:30.895Z</time>
      </trkpt>
      <trkpt lat="46.154928" lon="13.747033">
        <ele>162.415964</ele>
        <time>2026-07-17T18:39:49.483Z</time>
      </trkpt>
      <trkpt lat="46.154513" lon="13.746790">
        <ele>165.052509</ele>
        <time>2026-07-17T18:40:07.067Z</time>
      </trkpt>
      <trkpt lat="46.154309" lon="13.746566">
        <ele>166.561456</ele>
        <time>2026-07-17T18:40:17.787Z</time>
      </trkpt>
      <trkpt lat="46.154153" lon="13.746296">
        <ele>167.995313</ele>
        <time>2026-07-17T18:40:28.397Z</time>
      </trkpt>
      <trkpt lat="46.154011" lon="13.745950">
        <ele>169.635433</ele>
        <time>2026-07-17T18:40:40.844Z</time>
      </trkpt>
      <trkpt lat="46.153595" lon="13.744718">
        <ele>171.826599</ele>
        <time>2026-07-17T18:41:16.405Z</time>
      </trkpt>
      <trkpt lat="46.153525" lon="13.744406">
        <ele>172.010074</ele>
        <time>2026-07-17T18:41:22.037Z</time>
      </trkpt>
      <trkpt lat="46.153493" lon="13.743450">
        <ele>172.545531</ele>
        <time>2026-07-17T18:41:30.165Z</time>
      </trkpt>
      <trkpt lat="46.153461" lon="13.743225">
        <ele>172.674032</ele>
        <time>2026-07-17T18:41:31.667Z</time>
      </trkpt>
      <trkpt lat="46.153299" lon="13.742736">
        <ele>170.875567</ele>
        <time>2026-07-17T18:41:34.996Z</time>
      </trkpt>
      <trkpt lat="46.153010" lon="13.742181">
        <ele>167.839411</ele>
        <time>2026-07-17T18:41:39.222Z</time>
      </trkpt>
      <trkpt lat="46.152901" lon="13.741993">
        <ele>166.767361</ele>
        <time>2026-07-17T18:41:40.734Z</time>
      </trkpt>
      <trkpt lat="46.152713" lon="13.741830">
        <ele>165.383003</ele>
        <time>2026-07-17T18:41:42.674Z</time>
      </trkpt>
      <trkpt lat="46.152662" lon="13.741792">
        <ele>165.020708</ele>
        <time>2026-07-17T18:41:43.177Z</time>
      </trkpt>
      <trkpt lat="46.152509" lon="13.741707">
        <ele>163.985836</ele>
        <time>2026-07-17T18:41:44.623Z</time>
      </trkpt>
      <trkpt lat="46.152557" lon="13.741581">
        <ele>163.357028</ele>
        <time>2026-07-17T18:41:45.503Z</time>
      </trkpt>
      <trkpt lat="46.152727" lon="13.741124">
        <ele>161.440970</ele>
        <time>2026-07-17T18:41:48.811Z</time>
      </trkpt>
      <trkpt lat="46.152791" lon="13.740927">
        <ele>161.621004</ele>
        <time>2026-07-17T18:41:50.347Z</time>
      </trkpt>
      <trkpt lat="46.152901" lon="13.740778">
        <ele>161.801173</ele>
        <time>2026-07-17T18:41:52.097Z</time>
      </trkpt>
      <trkpt lat="46.153141" lon="13.740590">
        <ele>162.127315</ele>
        <time>2026-07-17T18:41:57.930Z</time>
      </trkpt>
      <trkpt lat="46.153184" lon="13.740529">
        <ele>162.199323</ele>
        <time>2026-07-17T18:41:59.370Z</time>
      </trkpt>
      <trkpt lat="46.153244" lon="13.740299">
        <ele>162.402672</ele>
        <time>2026-07-17T18:42:04.034Z</time>
      </trkpt>
      <trkpt lat="46.153288" lon="13.740037">
        <ele>162.625730</ele>
        <time>2026-07-17T18:42:09.095Z</time>
      </trkpt>
      <trkpt lat="46.153333" lon="13.739969">
        <ele>162.703540</ele>
        <time>2026-07-17T18:42:10.783Z</time>
      </trkpt>
      <trkpt lat="46.153400" lon="13.739936">
        <ele>162.788095</ele>
        <time>2026-07-17T18:42:12.527Z</time>
      </trkpt>
      <trkpt lat="46.153543" lon="13.739933">
        <ele>162.958913</ele>
        <time>2026-07-17T18:42:16.102Z</time>
      </trkpt>
      <trkpt lat="46.153587" lon="13.739935">
        <ele>163.011493</ele>
        <time>2026-07-17T18:42:17.256Z</time>
      </trkpt>
      <trkpt lat="46.153913" lon="13.740035">
        <ele>163.409562</ele>
        <time>2026-07-17T18:42:26.738Z</time>
      </trkpt>
      <trkpt lat="46.154423" lon="13.740450">
        <ele>165.169094</ele>
        <time>2026-07-17T18:42:46.875Z</time>
      </trkpt>
      <trkpt lat="46.155341" lon="13.741497">
        <ele>169.140511</ele>
        <time>2026-07-17T18:43:16.686Z</time>
      </trkpt>
      <trkpt lat="46.155677" lon="13.741788">
        <ele>171.050316</ele>
        <time>2026-07-17T18:43:27.997Z</time>
      </trkpt>
      <trkpt lat="46.155981" lon="13.741986">
        <ele>172.971501</ele>
        <time>2026-07-17T18:43:39.240Z</time>
      </trkpt>
      <trkpt lat="46.156388" lon="13.742176">
        <ele>175.435578</ele>
        <time>2026-07-17T18:43:55.561Z</time>
      </trkpt>
      <trkpt lat="46.156701" lon="13.742238">
        <ele>177.255522</ele>
        <time>2026-07-17T18:44:08.918Z</time>
      </trkpt>
      <trkpt lat="46.156936" lon="13.742228">
        <ele>178.609838</ele>
        <time>2026-07-17T18:44:19.609Z</time>
      </trkpt>
      <trkpt lat="46.158425" lon="13.741763">
        <ele>188.659613</ele>
        <time>2026-07-17T18:45:27.722Z</time>
      </trkpt>
      <trkpt lat="46.158833" lon="13.741681">
        <ele>191.441889</ele>
        <time>2026-07-17T18:45:41.972Z</time>
      </trkpt>
      <trkpt lat="46.159307" lon="13.741631">
        <ele>193.906235</ele>
        <time>2026-07-17T18:45:59.509Z</time>
      </trkpt>
      <trkpt lat="46.159647" lon="13.741549">
        <ele>195.541022</ele>
        <time>2026-07-17T18:46:12.336Z</time>
      </trkpt>
      <trkpt lat="46.159790" lon="13.741457">
        <ele>196.283485</ele>
        <time>2026-07-17T18:46:18.174Z</time>
      </trkpt>
      <trkpt lat="46.160282" lon="13.740747">
        <ele>199.582529</ele>
        <time>2026-07-17T18:46:41.245Z</time>
      </trkpt>
      <trkpt lat="46.160610" lon="13.740498">
        <ele>201.346389</ele>
        <time>2026-07-17T18:46:51.882Z</time>
      </trkpt>
      <trkpt lat="46.160728" lon="13.740439">
        <ele>201.944334</ele>
        <time>2026-07-17T18:46:55.097Z</time>
      </trkpt>
      <trkpt lat="46.160868" lon="13.740419">
        <ele>202.617971</ele>
        <time>2026-07-17T18:46:58.528Z</time>
      </trkpt>
      <trkpt lat="46.161134" lon="13.740435">
        <ele>203.892766</ele>
        <time>2026-07-17T18:47:04.808Z</time>
      </trkpt>
      <trkpt lat="46.161301" lon="13.740407">
        <ele>204.697788</ele>
        <time>2026-07-17T18:47:08.788Z</time>
      </trkpt>
      <trkpt lat="46.161812" lon="13.740196">
        <ele>207.242717</ele>
        <time>2026-07-17T18:47:23.935Z</time>
      </trkpt>
      <trkpt lat="46.161940" lon="13.740086">
        <ele>207.955977</ele>
        <time>2026-07-17T18:47:29.722Z</time>
      </trkpt>
      <trkpt lat="46.162126" lon="13.739889">
        <ele>209.060549</ele>
        <time>2026-07-17T18:47:40.481Z</time>
      </trkpt>
      <trkpt lat="46.162334" lon="13.739601">
        <ele>211.846470</ele>
        <time>2026-07-17T18:47:56.840Z</time>
      </trkpt>
      <trkpt lat="46.162921" lon="13.738690">
        <ele>221.019647</ele>
        <time>2026-07-17T18:48:54.659Z</time>
      </trkpt>
      <trkpt lat="46.163173" lon="13.738388">
        <ele>224.505619</ele>
        <time>2026-07-17T18:49:16.292Z</time>
      </trkpt>
      <trkpt lat="46.163962" lon="13.737545">
        <ele>232.030063</ele>
        <time>2026-07-17T18:50:02.117Z</time>
      </trkpt>
      <trkpt lat="46.164221" lon="13.737196">
        <ele>234.109573</ele>
        <time>2026-07-17T18:50:14.018Z</time>
      </trkpt>
      <trkpt lat="46.164419" lon="13.736811">
        <ele>236.059078</ele>
        <time>2026-07-17T18:50:24.704Z</time>
      </trkpt>
      <trkpt lat="46.164491" lon="13.736630">
        <ele>236.907648</ele>
        <time>2026-07-17T18:50:29.279Z</time>
      </trkpt>
      <trkpt lat="46.164547" lon="13.736324">
        <ele>238.194354</ele>
        <time>2026-07-17T18:50:36.097Z</time>
      </trkpt>
      <trkpt lat="46.164565" lon="13.735507">
        <ele>241.080196</ele>
        <time>2026-07-17T18:50:54.048Z</time>
      </trkpt>
      <trkpt lat="46.164575" lon="13.735055">
        <ele>242.600143</ele>
        <time>2026-07-17T18:51:05.743Z</time>
      </trkpt>
      <trkpt lat="46.164517" lon="13.734789">
        <ele>243.537429</ele>
        <time>2026-07-17T18:51:13.144Z</time>
      </trkpt>
      <trkpt lat="46.163826" lon="13.732920">
        <ele>249.472772</ele>
        <time>2026-07-17T18:52:03.171Z</time>
      </trkpt>
      <trkpt lat="46.163531" lon="13.731795">
        <ele>251.883444</ele>
        <time>2026-07-17T18:52:24.752Z</time>
      </trkpt>
      <trkpt lat="46.163171" lon="13.730229">
        <ele>252.733360</ele>
        <time>2026-07-17T18:52:43.294Z</time>
      </trkpt>
      <trkpt lat="46.163155" lon="13.729937">
        <ele>252.683266</ele>
        <time>2026-07-17T18:52:45.776Z</time>
      </trkpt>
      <trkpt lat="46.163184" lon="13.729723">
        <ele>252.645973</ele>
        <time>2026-07-17T18:52:47.642Z</time>
      </trkpt>
      <trkpt lat="46.163417" lon="13.728748">
        <ele>252.333999</ele>
        <time>2026-07-17T18:52:56.679Z</time>
      </trkpt>
      <trkpt lat="46.163429" lon="13.728529">
        <ele>251.899084</ele>
        <time>2026-07-17T18:52:58.615Z</time>
      </trkpt>
      <trkpt lat="46.163277" lon="13.727335">
        <ele>249.495690</ele>
        <time>2026-07-17T18:53:08.696Z</time>
      </trkpt>
      <trkpt lat="46.163265" lon="13.727056">
        <ele>248.942281</ele>
        <time>2026-07-17T18:53:10.713Z</time>
      </trkpt>
      <trkpt lat="46.163307" lon="13.726401">
        <ele>247.640012</ele>
        <time>2026-07-17T18:53:15.080Z</time>
      </trkpt>
      <trkpt lat="46.163291" lon="13.726172">
        <ele>246.831543</ele>
        <time>2026-07-17T18:53:16.538Z</time>
      </trkpt>
      <trkpt lat="46.163254" lon="13.726061">
        <ele>246.039061</ele>
        <time>2026-07-17T18:53:17.305Z</time>
      </trkpt>
      <trkpt lat="46.162740" lon="13.725324">
        <ele>239.310520</ele>
        <time>2026-07-17T18:53:23.594Z</time>
      </trkpt>
      <trkpt lat="46.162282" lon="13.724491">
        <ele>232.468338</ele>
        <time>2026-07-17T18:53:29.857Z</time>
      </trkpt>
      <trkpt lat="46.162241" lon="13.724280">
        <ele>231.058498</ele>
        <time>2026-07-17T18:53:31.147Z</time>
      </trkpt>
      <trkpt lat="46.162321" lon="13.722831">
        <ele>222.613957</ele>
        <time>2026-07-17T18:53:39.915Z</time>
      </trkpt>
      <trkpt lat="46.162398" lon="13.722463">
        <ele>220.392058</ele>
        <time>2026-07-17T18:53:42.289Z</time>
      </trkpt>
      <trkpt lat="46.162377" lon="13.722357">
        <ele>219.754831</ele>
        <time>2026-07-17T18:53:42.973Z</time>
      </trkpt>
      <trkpt lat="46.162309" lon="13.722277">
        <ele>219.022850</ele>
        <time>2026-07-17T18:53:43.755Z</time>
      </trkpt>
      <trkpt lat="46.162162" lon="13.721693">
        <ele>215.484988</ele>
        <time>2026-07-17T18:53:49.276Z</time>
      </trkpt>
      <trkpt lat="46.161736" lon="13.722031">
        <ele>212.549117</ele>
        <time>2026-07-17T18:53:53.695Z</time>
      </trkpt>
      <trkpt lat="46.161567" lon="13.721820">
        <ele>211.199672</ele>
        <time>2026-07-17T18:53:55.734Z</time>
      </trkpt>
      <trkpt lat="46.161279" lon="13.721318">
        <ele>208.472795</ele>
        <time>2026-07-17T18:53:59.835Z</time>
      </trkpt>
      <trkpt lat="46.161193" lon="13.721128">
        <ele>207.523288</ele>
        <time>2026-07-17T18:54:01.259Z</time>
      </trkpt>
      <trkpt lat="46.161100" lon="13.720680">
        <ele>205.566781</ele>
        <time>2026-07-17T18:54:04.245Z</time>
      </trkpt>
      <trkpt lat="46.160825" lon="13.719942">
        <ele>203.825943</ele>
        <time>2026-07-17T18:54:09.826Z</time>
      </trkpt>
      <trkpt lat="46.160572" lon="13.719470">
        <ele>202.960759</ele>
        <time>2026-07-17T18:54:14.250Z</time>
      </trkpt>
      <trkpt lat="46.160480" lon="13.719352">
        <ele>202.703202</ele>
        <time>2026-07-17T18:54:15.663Z</time>
      </trkpt>
      <trkpt lat="46.160355" lon="13.719282">
        <ele>202.422597</ele>
        <time>2026-07-17T18:54:17.280Z</time>
      </trkpt>
      <trkpt lat="46.160210" lon="13.719264">
        <ele>202.118005</ele>
        <time>2026-07-17T18:54:19.141Z</time>
      </trkpt>
      <trkpt lat="46.160025" lon="13.719320">
        <ele>201.722396</ele>
        <time>2026-07-17T18:54:21.773Z</time>
      </trkpt>
      <trkpt lat="46.159458" lon="13.719698">
        <ele>200.636350</ele>
        <time>2026-07-17T18:54:31.046Z</time>
      </trkpt>
      <trkpt lat="46.159295" lon="13.719776">
        <ele>200.413426</ele>
        <time>2026-07-17T18:54:33.562Z</time>
      </trkpt>
      <trkpt lat="46.159148" lon="13.719811">
        <ele>200.220016</ele>
        <time>2026-07-17T18:54:35.642Z</time>
      </trkpt>
      <trkpt lat="46.158944" lon="13.719788">
        <ele>199.954381</ele>
        <time>2026-07-17T18:54:38.383Z</time>
      </trkpt>
      <trkpt lat="46.157621" lon="13.719163">
        <ele>197.763187</ele>
        <time>2026-07-17T18:54:53.533Z</time>
      </trkpt>
      <trkpt lat="46.157269" lon="13.718899">
        <ele>196.864328</ele>
        <time>2026-07-17T18:54:57.621Z</time>
      </trkpt>
      <trkpt lat="46.156780" lon="13.718464">
        <ele>195.562763</ele>
        <time>2026-07-17T18:55:03.674Z</time>
      </trkpt>
      <trkpt lat="46.156720" lon="13.718411">
        <ele>195.403369</ele>
        <time>2026-07-17T18:55:04.430Z</time>
      </trkpt>
      <trkpt lat="46.156320" lon="13.718225">
        <ele>194.536815</ele>
        <time>2026-07-17T18:55:09.074Z</time>
      </trkpt>
      <trkpt lat="46.155852" lon="13.718137">
        <ele>194.143486</ele>
        <time>2026-07-17T18:55:14.500Z</time>
      </trkpt>
      <trkpt lat="46.154481" lon="13.717963">
        <ele>192.966381</ele>
        <time>2026-07-17T18:55:33.003Z</time>
      </trkpt>
      <trkpt lat="46.154192" lon="13.717842">
        <ele>192.632836</ele>
        <time>2026-07-17T18:55:37.291Z</time>
      </trkpt>
      <trkpt lat="46.154037" lon="13.717739">
        <ele>192.443696</ele>
        <time>2026-07-17T18:55:39.648Z</time>
      </trkpt>
      <trkpt lat="46.153957" lon="13.717656">
        <ele>192.334493</ele>
        <time>2026-07-17T18:55:40.962Z</time>
      </trkpt>
      <trkpt lat="46.153374" lon="13.717063">
        <ele>191.543956</ele>
        <time>2026-07-17T18:55:49.775Z</time>
      </trkpt>
      <trkpt lat="46.152875" lon="13.716862">
        <ele>190.816593</ele>
        <time>2026-07-17T18:55:55.341Z</time>
      </trkpt>
      <trkpt lat="46.152192" lon="13.716510">
        <ele>189.022137</ele>
        <time>2026-07-17T18:56:02.883Z</time>
      </trkpt>
      <trkpt lat="46.152109" lon="13.716344">
        <ele>188.671223</ele>
        <time>2026-07-17T18:56:04.368Z</time>
      </trkpt>
      <trkpt lat="46.152091" lon="13.716156">
        <ele>188.345910</ele>
        <time>2026-07-17T18:56:05.757Z</time>
      </trkpt>
      <trkpt lat="46.151458" lon="13.715757">
        <ele>186.637222</ele>
        <time>2026-07-17T18:56:13.107Z</time>
      </trkpt>
      <trkpt lat="46.151092" lon="13.715588">
        <ele>185.741793</ele>
        <time>2026-07-17T18:56:17.034Z</time>
      </trkpt>
      <trkpt lat="46.150660" lon="13.715534">
        <ele>184.731373</ele>
        <time>2026-07-17T18:56:21.994Z</time>
      </trkpt>
      <trkpt lat="46.150158" lon="13.715537">
        <ele>183.561596</ele>
        <time>2026-07-17T18:56:27.771Z</time>
      </trkpt>
      <trkpt lat="46.149617" lon="13.715632">
        <ele>182.276419</ele>
        <time>2026-07-17T18:56:33.336Z</time>
      </trkpt>
      <trkpt lat="46.149318" lon="13.715657">
        <ele>181.512309</ele>
        <time>2026-07-17T18:56:36.311Z</time>
      </trkpt>
      <trkpt lat="46.148903" lon="13.715673">
        <ele>180.453150</ele>
        <time>2026-07-17T18:56:40.593Z</time>
      </trkpt>
      <trkpt lat="46.148617" lon="13.715759">
        <ele>179.707820</ele>
        <time>2026-07-17T18:56:43.491Z</time>
      </trkpt>
      <trkpt lat="46.148050" lon="13.716007">
        <ele>178.196290</ele>
        <time>2026-07-17T18:56:49.529Z</time>
      </trkpt>
      <trkpt lat="46.147766" lon="13.716011">
        <ele>177.937036</ele>
        <time>2026-07-17T18:56:53.481Z</time>
      </trkpt>
      <trkpt lat="46.147523" lon="13.715902">
        <ele>178.059027</ele>
        <time>2026-07-17T18:56:58.468Z</time>
      </trkpt>
      <trkpt lat="46.147019" lon="13.715487">
        <ele>178.337196</ele>
        <time>2026-07-17T18:57:10.562Z</time>
      </trkpt>
      <trkpt lat="46.146925" lon="13.715438">
        <ele>178.385108</ele>
        <time>2026-07-17T18:57:12.482Z</time>
      </trkpt>
      <trkpt lat="46.146760" lon="13.715420">
        <ele>178.464435</ele>
        <time>2026-07-17T18:57:15.597Z</time>
      </trkpt>
      <trkpt lat="46.146545" lon="13.715520">
        <ele>178.572726</ele>
        <time>2026-07-17T18:57:19.955Z</time>
      </trkpt>
      <trkpt lat="46.146219" lon="13.715799">
        <ele>178.636027</ele>
        <time>2026-07-17T18:57:26.870Z</time>
      </trkpt>
      <trkpt lat="46.146093" lon="13.715952">
        <ele>178.389545</ele>
        <time>2026-07-17T18:57:29.202Z</time>
      </trkpt>
      <trkpt lat="46.145829" lon="13.716309">
        <ele>177.848011</ele>
        <time>2026-07-17T18:57:33.602Z</time>
      </trkpt>
      <trkpt lat="46.145688" lon="13.716416">
        <ele>177.609549</ele>
        <time>2026-07-17T18:57:35.314Z</time>
      </trkpt>
      <trkpt lat="46.145515" lon="13.716424">
        <ele>177.350447</ele>
        <time>2026-07-17T18:57:37.095Z</time>
      </trkpt>
      <trkpt lat="46.144889" lon="13.716138">
        <ele>176.367543</ele>
        <time>2026-07-17T18:57:43.921Z</time>
      </trkpt>
      <trkpt lat="46.144784" lon="13.716090">
        <ele>176.202670</ele>
        <time>2026-07-17T18:57:45.167Z</time>
      </trkpt>
      <trkpt lat="46.144579" lon="13.716062">
        <ele>175.940273</ele>
        <time>2026-07-17T18:57:47.602Z</time>
      </trkpt>
      <trkpt lat="46.143955" lon="13.716062">
        <ele>175.314656</ele>
        <time>2026-07-17T18:57:55.450Z</time>
      </trkpt>
      <trkpt lat="46.143707" lon="13.715944">
        <ele>175.052851</ele>
        <time>2026-07-17T18:57:58.772Z</time>
      </trkpt>
      <trkpt lat="46.143535" lon="13.715779">
        <ele>174.845789</ele>
        <time>2026-07-17T18:58:01.422Z</time>
      </trkpt>
      <trkpt lat="46.143202" lon="13.715248">
        <ele>174.348273</ele>
        <time>2026-07-17T18:58:07.935Z</time>
      </trkpt>
      <trkpt lat="46.143068" lon="13.715090">
        <ele>174.128452</ele>
        <time>2026-07-17T18:58:10.137Z</time>
      </trkpt>
      <trkpt lat="46.142892" lon="13.715009">
        <ele>173.787634</ele>
        <time>2026-07-17T18:58:12.392Z</time>
      </trkpt>
      <trkpt lat="46.142646" lon="13.714978">
        <ele>173.332053</ele>
        <time>2026-07-17T18:58:15.255Z</time>
      </trkpt>
      <trkpt lat="46.141706" lon="13.714958">
        <ele>171.597622</ele>
        <time>2026-07-17T18:58:25.199Z</time>
      </trkpt>
      <trkpt lat="46.141537" lon="13.714880">
        <ele>171.270272</ele>
        <time>2026-07-17T18:58:27.084Z</time>
      </trkpt>
      <trkpt lat="46.141194" lon="13.714633">
        <ele>171.112255</ele>
        <time>2026-07-17T18:58:31.376Z</time>
      </trkpt>
      <trkpt lat="46.140670" lon="13.714382">
        <ele>171.698840</ele>
        <time>2026-07-17T18:58:37.985Z</time>
      </trkpt>
      <trkpt lat="46.140417" lon="13.714330">
        <ele>171.970351</ele>
        <time>2026-07-17T18:58:42.234Z</time>
      </trkpt>
      <trkpt lat="46.140257" lon="13.714380">
        <ele>172.144282</ele>
        <time>2026-07-17T18:58:45.756Z</time>
      </trkpt>
      <trkpt lat="46.139833" lon="13.714864">
        <ele>172.718636</ele>
        <time>2026-07-17T18:59:01.637Z</time>
      </trkpt>
      <trkpt lat="46.139656" lon="13.714926">
        <ele>173.006721</ele>
        <time>2026-07-17T18:59:08.141Z</time>
      </trkpt>
      <trkpt lat="46.138951" lon="13.714813">
        <ele>174.555593</ele>
        <time>2026-07-17T18:59:31.903Z</time>
      </trkpt>
      <trkpt lat="46.138793" lon="13.714828">
        <ele>174.901341</ele>
        <time>2026-07-17T18:59:36.781Z</time>
      </trkpt>
      <trkpt lat="46.138531" lon="13.715045">
        <ele>175.560951</ele>
        <time>2026-07-17T18:59:45.424Z</time>
      </trkpt>
      <trkpt lat="46.138026" lon="13.716015">
        <ele>174.445265</ele>
        <time>2026-07-17T18:59:56.458Z</time>
      </trkpt>
      <trkpt lat="46.137193" lon="13.717158">
        <ele>165.500997</ele>
        <time>2026-07-17T19:00:06.468Z</time>
      </trkpt>
      <trkpt lat="46.137107" lon="13.717477">
        <ele>163.655330</ele>
        <time>2026-07-17T19:00:08.481Z</time>
      </trkpt>
      <trkpt lat="46.137081" lon="13.718103">
        <ele>159.478496</ele>
        <time>2026-07-17T19:00:12.150Z</time>
      </trkpt>
      <trkpt lat="46.137052" lon="13.718345">
        <ele>157.729553</ele>
        <time>2026-07-17T19:00:13.590Z</time>
      </trkpt>
      <trkpt lat="46.137012" lon="13.718682">
        <ele>155.294709</ele>
        <time>2026-07-17T19:00:15.580Z</time>
      </trkpt>
      <trkpt lat="46.136923" lon="13.719064">
        <ele>152.424705</ele>
        <time>2026-07-17T19:00:17.922Z</time>
      </trkpt>
      <trkpt lat="46.136849" lon="13.719249">
        <ele>150.903508</ele>
        <time>2026-07-17T19:00:19.173Z</time>
      </trkpt>
      <trkpt lat="46.136734" lon="13.719383">
        <ele>149.384491</ele>
        <time>2026-07-17T19:00:20.444Z</time>
      </trkpt>
      <trkpt lat="46.136488" lon="13.719584">
        <ele>146.479242</ele>
        <time>2026-07-17T19:00:22.955Z</time>
      </trkpt>
      <trkpt lat="46.136110" lon="13.719806">
        <ele>143.702862</ele>
        <time>2026-07-17T19:00:26.694Z</time>
      </trkpt>
      <trkpt lat="46.135969" lon="13.719846">
        <ele>143.281392</ele>
        <time>2026-07-17T19:00:28.042Z</time>
      </trkpt>
      <trkpt lat="46.135812" lon="13.719840">
        <ele>142.820747</ele>
        <time>2026-07-17T19:00:29.531Z</time>
      </trkpt>
      <trkpt lat="46.135674" lon="13.719768">
        <ele>142.390350</ele>
        <time>2026-07-17T19:00:30.954Z</time>
      </trkpt>
      <trkpt lat="46.135414" lon="13.719543">
        <ele>141.501161</ele>
        <time>2026-07-17T19:00:33.916Z</time>
      </trkpt>
      <trkpt lat="46.135082" lon="13.719349">
        <ele>140.450600</ele>
        <time>2026-07-17T19:00:37.631Z</time>
      </trkpt>
      <trkpt lat="46.134687" lon="13.719052">
        <ele>139.144230</ele>
        <time>2026-07-17T19:00:44.889Z</time>
      </trkpt>
      <trkpt lat="46.134433" lon="13.718779">
        <ele>139.818740</ele>
        <time>2026-07-17T19:00:51.781Z</time>
      </trkpt>
      <trkpt lat="46.134346" lon="13.718634">
        <ele>140.232021</ele>
        <time>2026-07-17T19:00:54.815Z</time>
      </trkpt>
      <trkpt lat="46.133855" lon="13.717867">
        <ele>142.481996</ele>
        <time>2026-07-17T19:01:14.610Z</time>
      </trkpt>
      <trkpt lat="46.133148" lon="13.716997">
        <ele>144.931492</ele>
        <time>2026-07-17T19:01:46.948Z</time>
      </trkpt>
      <trkpt lat="46.132615" lon="13.716585">
        <ele>145.758240</ele>
        <time>2026-07-17T19:02:01.814Z</time>
      </trkpt>
      <trkpt lat="46.132056" lon="13.716212">
        <ele>146.600326</ele>
        <time>2026-07-17T19:02:11.354Z</time>
      </trkpt>
      <trkpt lat="46.131850" lon="13.715959">
        <ele>146.970198</ele>
        <time>2026-07-17T19:02:14.603Z</time>
      </trkpt>
      <trkpt lat="46.131348" lon="13.715494">
        <ele>147.078799</ele>
        <time>2026-07-17T19:02:21.168Z</time>
      </trkpt>
      <trkpt lat="46.130528" lon="13.714957">
        <ele>147.133825</ele>
        <time>2026-07-17T19:02:33.021Z</time>
      </trkpt>
      <trkpt lat="46.130374" lon="13.714802">
        <ele>147.145299</ele>
        <time>2026-07-17T19:02:37.187Z</time>
      </trkpt>
      <trkpt lat="46.130044" lon="13.714368">
        <ele>148.034187</ele>
        <time>2026-07-17T19:02:49.665Z</time>
      </trkpt>
      <trkpt lat="46.129811" lon="13.714111">
        <ele>148.962990</ele>
        <time>2026-07-17T19:02:59.677Z</time>
      </trkpt>
      <trkpt lat="46.128548" lon="13.713005">
        <ele>151.496364</ele>
        <time>2026-07-17T19:03:45.685Z</time>
      </trkpt>
      <trkpt lat="46.128043" lon="13.712697">
        <ele>148.516878</ele>
        <time>2026-07-17T19:03:50.836Z</time>
      </trkpt>
      <trkpt lat="46.127167" lon="13.712365">
        <ele>143.594830</ele>
        <time>2026-07-17T19:03:58.664Z</time>
      </trkpt>
      <trkpt lat="46.127019" lon="13.712253">
        <ele>142.775397</ele>
        <time>2026-07-17T19:04:00.115Z</time>
      </trkpt>
      <trkpt lat="46.126909" lon="13.712100">
        <ele>142.133755</ele>
        <time>2026-07-17T19:04:01.453Z</time>
      </trkpt>
      <trkpt lat="46.126833" lon="13.711839">
        <ele>141.309773</ele>
        <time>2026-07-17T19:04:03.207Z</time>
      </trkpt>
      <trkpt lat="46.126850" lon="13.711553">
        <ele>140.474296</ele>
        <time>2026-07-17T19:04:05.045Z</time>
      </trkpt>
      <trkpt lat="46.127086" lon="13.710719">
        <ele>137.852357</ele>
        <time>2026-07-17T19:04:11.429Z</time>
      </trkpt>
      <trkpt lat="46.127302" lon="13.709726">
        <ele>135.482897</ele>
        <time>2026-07-17T19:04:20.045Z</time>
      </trkpt>
      <trkpt lat="46.127361" lon="13.709351">
        <ele>135.417571</ele>
        <time>2026-07-17T19:04:22.916Z</time>
      </trkpt>
      <trkpt lat="46.127290" lon="13.707899">
        <ele>135.170292</ele>
        <time>2026-07-17T19:04:36.252Z</time>
      </trkpt>
      <trkpt lat="46.127223" lon="13.707280">
        <ele>135.182832</ele>
        <time>2026-07-17T19:04:45.778Z</time>
      </trkpt>
      <trkpt lat="46.127068" lon="13.706492">
        <ele>135.912669</ele>
        <time>2026-07-17T19:04:59.057Z</time>
      </trkpt>
      <trkpt lat="46.126591" lon="13.704701">
        <ele>137.476261</ele>
        <time>2026-07-17T19:05:25.269Z</time>
      </trkpt>
      <trkpt lat="46.126136" lon="13.703706">
        <ele>137.855351</ele>
        <time>2026-07-17T19:05:37.184Z</time>
      </trkpt>
      <trkpt lat="46.125822" lon="13.702629">
        <ele>138.236849</ele>
        <time>2026-07-17T19:05:50.712Z</time>
      </trkpt>
      <trkpt lat="46.125019" lon="13.701314">
        <ele>139.662117</ele>
        <time>2026-07-17T19:06:13.868Z</time>
      </trkpt>
      <trkpt lat="46.124480" lon="13.700333">
        <ele>140.428613</ele>
        <time>2026-07-17T19:06:33.107Z</time>
      </trkpt>
      <trkpt lat="46.123981" lon="13.699589">
        <ele>140.663968</ele>
        <time>2026-07-17T19:06:45.067Z</time>
      </trkpt>
      <trkpt lat="46.123327" lon="13.698865">
        <ele>140.920696</ele>
        <time>2026-07-17T19:06:55.673Z</time>
      </trkpt>
      <trkpt lat="46.123262" lon="13.698828">
        <ele>140.920275</ele>
        <time>2026-07-17T19:06:56.545Z</time>
      </trkpt>
      <trkpt lat="46.119272" lon="13.698165">
        <ele>140.778584</ele>
        <time>2026-07-17T19:07:57.903Z</time>
      </trkpt>
      <trkpt lat="46.117862" lon="13.697663">
        <ele>139.463175</ele>
        <time>2026-07-17T19:08:16.323Z</time>
      </trkpt>
      <trkpt lat="46.117386" lon="13.697369">
        <ele>137.927005</ele>
        <time>2026-07-17T19:08:21.904Z</time>
      </trkpt>
      <trkpt lat="46.116984" lon="13.697245">
        <ele>136.707405</ele>
        <time>2026-07-17T19:08:26.061Z</time>
      </trkpt>
      <trkpt lat="46.116694" lon="13.697095">
        <ele>135.793411</ele>
        <time>2026-07-17T19:08:29.075Z</time>
      </trkpt>
      <trkpt lat="46.115815" lon="13.696278">
        <ele>132.610736</ele>
        <time>2026-07-17T19:08:39.168Z</time>
      </trkpt>
      <trkpt lat="46.115515" lon="13.695912">
        <ele>131.397722</ele>
        <time>2026-07-17T19:08:43.156Z</time>
      </trkpt>
      <trkpt lat="46.115068" lon="13.695096">
        <ele>129.171885</ele>
        <time>2026-07-17T19:08:51.137Z</time>
      </trkpt>
      <trkpt lat="46.114674" lon="13.694047">
        <ele>127.232784</ele>
        <time>2026-07-17T19:09:00.078Z</time>
      </trkpt>
      <trkpt lat="46.114210" lon="13.693366">
        <ele>125.691366</ele>
        <time>2026-07-17T19:09:06.947Z</time>
      </trkpt>
      <trkpt lat="46.114142" lon="13.693228">
        <ele>125.418052</ele>
        <time>2026-07-17T19:09:08.178Z</time>
      </trkpt>
      <trkpt lat="46.114087" lon="13.693035">
        <ele>125.081198</ele>
        <time>2026-07-17T19:09:09.698Z</time>
      </trkpt>
      <trkpt lat="46.114009" lon="13.692552">
        <ele>124.855263</ele>
        <time>2026-07-17T19:09:13.355Z</time>
      </trkpt>
      <trkpt lat="46.114012" lon="13.692040">
        <ele>124.760240</ele>
        <time>2026-07-17T19:09:17.404Z</time>
      </trkpt>
      <trkpt lat="46.114230" lon="13.691002">
        <ele>124.558957</ele>
        <time>2026-07-17T19:09:29.676Z</time>
      </trkpt>
      <trkpt lat="46.114255" lon="13.690823">
        <ele>124.525070</ele>
        <time>2026-07-17T19:09:32.443Z</time>
      </trkpt>
      <trkpt lat="46.114262" lon="13.690488">
        <ele>124.462872</ele>
        <time>2026-07-17T19:09:37.879Z</time>
      </trkpt>
      <trkpt lat="46.114372" lon="13.689758">
        <ele>125.489582</ele>
        <time>2026-07-17T19:09:48.190Z</time>
      </trkpt>
      <trkpt lat="46.114323" lon="13.689336">
        <ele>126.155495</ele>
        <time>2026-07-17T19:09:52.176Z</time>
      </trkpt>
      <trkpt lat="46.114267" lon="13.689178">
        <ele>126.431669</ele>
        <time>2026-07-17T19:09:54.001Z</time>
      </trkpt>
      <trkpt lat="46.114095" lon="13.688859">
        <ele>127.060626</ele>
        <time>2026-07-17T19:09:59.139Z</time>
      </trkpt>
      <trkpt lat="46.113787" lon="13.688277">
        <ele>128.200176</ele>
        <time>2026-07-17T19:10:13.407Z</time>
      </trkpt>
      <trkpt lat="46.113722" lon="13.688014">
        <ele>129.161996</ele>
        <time>2026-07-17T19:10:20.010Z</time>
      </trkpt>
      <trkpt lat="46.113721" lon="13.687677">
        <ele>131.551227</ele>
        <time>2026-07-17T19:10:29.669Z</time>
      </trkpt>
      <trkpt lat="46.113809" lon="13.687308">
        <ele>134.317779</ele>
        <time>2026-07-17T19:10:42.961Z</time>
      </trkpt>
      <trkpt lat="46.113853" lon="13.687216">
        <ele>135.110188</ele>
        <time>2026-07-17T19:10:47.277Z</time>
      </trkpt>
      <trkpt lat="46.113972" lon="13.686967">
        <ele>137.254355</ele>
        <time>2026-07-17T19:11:00.336Z</time>
      </trkpt>
      <trkpt lat="46.114187" lon="13.686685">
        <ele>140.226188</ele>
        <time>2026-07-17T19:11:20.998Z</time>
      </trkpt>
      <trkpt lat="46.114324" lon="13.686567">
        <ele>141.858033</ele>
        <time>2026-07-17T19:11:33.057Z</time>
      </trkpt>
      <trkpt lat="46.114528" lon="13.686463">
        <ele>144.070790</ele>
        <time>2026-07-17T19:11:48.986Z</time>
      </trkpt>
      <trkpt lat="46.114846" lon="13.686364">
        <ele>147.060607</ele>
        <time>2026-07-17T19:12:09.427Z</time>
      </trkpt>
      <trkpt lat="46.114982" lon="13.686290">
        <ele>147.576978</ele>
        <time>2026-07-17T19:12:17.502Z</time>
      </trkpt>
      <trkpt lat="46.115032" lon="13.686193">
        <ele>147.874659</ele>
        <time>2026-07-17T19:12:21.812Z</time>
      </trkpt>
      <trkpt lat="46.115051" lon="13.686098">
        <ele>148.118154</ele>
        <time>2026-07-17T19:12:25.342Z</time>
      </trkpt>
      <trkpt lat="46.115027" lon="13.685897">
        <ele>148.620438</ele>
        <time>2026-07-17T19:12:31.944Z</time>
      </trkpt>
      <trkpt lat="46.114941" lon="13.685787">
        <ele>149.028756</ele>
        <time>2026-07-17T19:12:36.699Z</time>
      </trkpt>
      <trkpt lat="46.114878" lon="13.685754">
        <ele>149.266863</ele>
        <time>2026-07-17T19:12:39.158Z</time>
      </trkpt>
      <trkpt lat="46.114674" lon="13.685770">
        <ele>149.992650</ele>
        <time>2026-07-17T19:12:45.190Z</time>
      </trkpt>
      <trkpt lat="46.114453" lon="13.685833">
        <ele>150.792942</ele>
        <time>2026-07-17T19:12:49.916Z</time>
      </trkpt>
      <trkpt lat="46.113599" lon="13.686286">
        <ele>152.741481</ele>
        <time>2026-07-17T19:13:00.172Z</time>
      </trkpt>
      <trkpt lat="46.113554" lon="13.686311">
        <ele>152.621300</ele>
        <time>2026-07-17T19:13:00.660Z</time>
      </trkpt>
      <trkpt lat="46.113139" lon="13.686335">
        <ele>151.586184</ele>
        <time>2026-07-17T19:13:04.876Z</time>
      </trkpt>
      <trkpt lat="46.112834" lon="13.686264">
        <ele>150.816212</ele>
        <time>2026-07-17T19:13:08.016Z</time>
      </trkpt>
      <trkpt lat="46.111376" lon="13.685702">
        <ele>149.092586</ele>
        <time>2026-07-17T19:13:24.121Z</time>
      </trkpt>
      <trkpt lat="46.111101" lon="13.685414">
        <ele>149.241348</ele>
        <time>2026-07-17T19:13:29.283Z</time>
      </trkpt>
      <trkpt lat="46.110191" lon="13.683984">
        <ele>152.536553</ele>
        <time>2026-07-17T19:14:06.076Z</time>
      </trkpt>
      <trkpt lat="46.109283" lon="13.682455">
        <ele>160.023974</ele>
        <time>2026-07-17T19:14:59.619Z</time>
      </trkpt>
      <trkpt lat="46.108969" lon="13.681798">
        <ele>164.040098</ele>
        <time>2026-07-17T19:15:25.070Z</time>
      </trkpt>
      <trkpt lat="46.108469" lon="13.680603">
        <ele>171.064777</ele>
        <time>2026-07-17T19:16:10.780Z</time>
      </trkpt>
      <trkpt lat="46.107913" lon="13.679156">
        <ele>176.584787</ele>
        <time>2026-07-17T19:16:54.635Z</time>
      </trkpt>
      <trkpt lat="46.107849" lon="13.678934">
        <ele>177.348770</ele>
        <time>2026-07-17T19:16:59.555Z</time>
      </trkpt>
      <trkpt lat="46.107821" lon="13.678690">
        <ele>178.134653</ele>
        <time>2026-07-17T19:17:04.273Z</time>
      </trkpt>
      <trkpt lat="46.107823" lon="13.678379">
        <ele>179.122929</ele>
        <time>2026-07-17T19:17:09.699Z</time>
      </trkpt>
      <trkpt lat="46.107879" lon="13.678047">
        <ele>180.038100</ele>
        <time>2026-07-17T19:17:15.119Z</time>
      </trkpt>
      <trkpt lat="46.108065" lon="13.677112">
        <ele>180.302087</ele>
        <time>2026-07-17T19:17:27.170Z</time>
      </trkpt>
      <trkpt lat="46.108316" lon="13.674888">
        <ele>181.139067</ele>
        <time>2026-07-17T19:17:48.629Z</time>
      </trkpt>
      <trkpt lat="46.108469" lon="13.673544">
        <ele>181.953512</ele>
        <time>2026-07-17T19:18:07.026Z</time>
      </trkpt>
      <trkpt lat="46.108485" lon="13.672865">
        <ele>182.227246</ele>
        <time>2026-07-17T19:18:17.731Z</time>
      </trkpt>
      <trkpt lat="46.108431" lon="13.672119">
        <ele>181.952449</ele>
        <time>2026-07-17T19:18:27.993Z</time>
      </trkpt>
      <trkpt lat="46.108343" lon="13.671670">
        <ele>181.781503</ele>
        <time>2026-07-17T19:18:33.093Z</time>
      </trkpt>
      <trkpt lat="46.108250" lon="13.671335">
        <ele>181.649295</ele>
        <time>2026-07-17T19:18:36.295Z</time>
      </trkpt>
      <trkpt lat="46.108022" lon="13.670601">
        <ele>181.354621</ele>
        <time>2026-07-17T19:18:42.362Z</time>
      </trkpt>
      <trkpt lat="46.107940" lon="13.670083">
        <ele>180.118867</ele>
        <time>2026-07-17T19:18:46.016Z</time>
      </trkpt>
      <trkpt lat="46.107914" lon="13.669654">
        <ele>178.978432</ele>
        <time>2026-07-17T19:18:48.895Z</time>
      </trkpt>
      <trkpt lat="46.107857" lon="13.668420">
        <ele>175.703234</ele>
        <time>2026-07-17T19:18:57.106Z</time>
      </trkpt>
      <trkpt lat="46.107850" lon="13.668282">
        <ele>175.336798</ele>
        <time>2026-07-17T19:18:58.039Z</time>
      </trkpt>
      <trkpt lat="46.107819" lon="13.667469">
        <ele>173.864577</ele>
        <time>2026-07-17T19:19:03.723Z</time>
      </trkpt>
      <trkpt lat="46.107875" lon="13.667090">
        <ele>173.388430</ele>
        <time>2026-07-17T19:19:06.548Z</time>
      </trkpt>
      <trkpt lat="46.108048" lon="13.666741">
        <ele>172.861271</ele>
        <time>2026-07-17T19:19:09.786Z</time>
      </trkpt>
      <trkpt lat="46.108697" lon="13.665762">
        <ele>171.228601</ele>
        <time>2026-07-17T19:19:21.894Z</time>
      </trkpt>
      <trkpt lat="46.108846" lon="13.665466">
        <ele>170.976618</ele>
        <time>2026-07-17T19:19:25.352Z</time>
      </trkpt>
      <trkpt lat="46.108875" lon="13.665325">
        <ele>170.875304</ele>
        <time>2026-07-17T19:19:26.733Z</time>
      </trkpt>
      <trkpt lat="46.108922" lon="13.665103">
        <ele>170.715405</ele>
        <time>2026-07-17T19:19:28.840Z</time>
      </trkpt>
      <trkpt lat="46.108924" lon="13.664696">
        <ele>170.435031</ele>
        <time>2026-07-17T19:19:32.436Z</time>
      </trkpt>
      <trkpt lat="46.108586" lon="13.662116">
        <ele>167.164895</ele>
        <time>2026-07-17T19:19:53.650Z</time>
      </trkpt>
      <trkpt lat="46.108578" lon="13.660908">
        <ele>164.911168</ele>
        <time>2026-07-17T19:20:02.264Z</time>
      </trkpt>
      <trkpt lat="46.108547" lon="13.660637">
        <ele>163.893367</ele>
        <time>2026-07-17T19:20:04.110Z</time>
      </trkpt>
      <trkpt lat="46.108263" lon="13.659397">
        <ele>156.392426</ele>
        <time>2026-07-17T19:20:12.224Z</time>
      </trkpt>
      <trkpt lat="46.108162" lon="13.659161">
        <ele>154.799410</ele>
        <time>2026-07-17T19:20:13.872Z</time>
      </trkpt>
      <trkpt lat="46.106211" lon="13.656216">
        <ele>128.560389</ele>
        <time>2026-07-17T19:20:37.905Z</time>
      </trkpt>
      <trkpt lat="46.106155" lon="13.656116">
        <ele>128.207194</ele>
        <time>2026-07-17T19:20:38.783Z</time>
      </trkpt>
      <trkpt lat="46.105696" lon="13.655279">
        <ele>125.274993</ele>
        <time>2026-07-17T19:20:46.839Z</time>
      </trkpt>
      <trkpt lat="46.105310" lon="13.654780">
        <ele>123.220753</ele>
        <time>2026-07-17T19:20:56.503Z</time>
      </trkpt>
      <trkpt lat="46.104383" lon="13.653974">
        <ele>120.101956</ele>
        <time>2026-07-17T19:21:08.674Z</time>
      </trkpt>
      <trkpt lat="46.103248" lon="13.652867">
        <ele>115.650613</ele>
        <time>2026-07-17T19:21:21.606Z</time>
      </trkpt>
      <trkpt lat="46.102850" lon="13.652437">
        <ele>113.789429</ele>
        <time>2026-07-17T19:21:26.427Z</time>
      </trkpt>
      <trkpt lat="46.102344" lon="13.651779">
        <ele>111.239497</ele>
        <time>2026-07-17T19:21:33.590Z</time>
      </trkpt>
      <trkpt lat="46.101918" lon="13.651195">
        <ele>110.275314</ele>
        <time>2026-07-17T19:21:40.054Z</time>
      </trkpt>
      <trkpt lat="46.101514" lon="13.650648">
        <ele>109.371405</ele>
        <time>2026-07-17T19:21:46.367Z</time>
      </trkpt>
      <trkpt lat="46.101261" lon="13.650260">
        <ele>108.768991</ele>
        <time>2026-07-17T19:21:50.690Z</time>
      </trkpt>
      <trkpt lat="46.101010" lon="13.649876">
        <ele>108.356910</ele>
        <time>2026-07-17T19:21:54.836Z</time>
      </trkpt>
      <trkpt lat="46.100980" lon="13.649830">
        <ele>108.392123</ele>
        <time>2026-07-17T19:21:55.374Z</time>
      </trkpt>
      <trkpt lat="46.100835" lon="13.649583">
        <ele>108.572587</ele>
        <time>2026-07-17T19:21:58.298Z</time>
      </trkpt>
      <trkpt lat="46.100788" lon="13.649504">
        <ele>108.630631</ele>
        <time>2026-07-17T19:21:59.379Z</time>
      </trkpt>
      <trkpt lat="46.100637" lon="13.648948">
        <ele>108.963599</ele>
        <time>2026-07-17T19:22:06.679Z</time>
      </trkpt>
      <trkpt lat="46.100567" lon="13.648532">
        <ele>109.202301</ele>
        <time>2026-07-17T19:22:12.844Z</time>
      </trkpt>
      <trkpt lat="46.100558" lon="13.648005">
        <ele>109.496255</ele>
        <time>2026-07-17T19:22:21.511Z</time>
      </trkpt>
      <trkpt lat="46.100609" lon="13.646403">
        <ele>109.606981</ele>
        <time>2026-07-17T19:22:45.211Z</time>
      </trkpt>
      <trkpt lat="46.100555" lon="13.645782">
        <ele>109.534105</ele>
        <time>2026-07-17T19:22:51.284Z</time>
      </trkpt>
      <trkpt lat="46.100444" lon="13.645064">
        <ele>109.448447</ele>
        <time>2026-07-17T19:22:56.691Z</time>
      </trkpt>
      <trkpt lat="46.100287" lon="13.644256">
        <ele>109.268247</ele>
        <time>2026-07-17T19:23:02.606Z</time>
      </trkpt>
      <trkpt lat="46.100136" lon="13.643484">
        <ele>109.088806</ele>
        <time>2026-07-17T19:23:09.336Z</time>
      </trkpt>
      <trkpt lat="46.099879" lon="13.642225">
        <ele>109.207443</ele>
        <time>2026-07-17T19:23:29.024Z</time>
      </trkpt>
      <trkpt lat="46.099671" lon="13.641603">
        <ele>110.035806</ele>
        <time>2026-07-17T19:23:43.714Z</time>
      </trkpt>
      <trkpt lat="46.099448" lon="13.641147">
        <ele>110.705163</ele>
        <time>2026-07-17T19:23:54.014Z</time>
      </trkpt>
      <trkpt lat="46.098256" lon="13.639690">
        <ele>111.480490</ele>
        <time>2026-07-17T19:24:18.153Z</time>
      </trkpt>
      <trkpt lat="46.098116" lon="13.639576">
        <ele>111.385420</ele>
        <time>2026-07-17T19:24:20.088Z</time>
      </trkpt>
      <trkpt lat="46.097049" lon="13.639048">
        <ele>110.412606</ele>
        <time>2026-07-17T19:24:33.436Z</time>
      </trkpt>
      <trkpt lat="46.096782" lon="13.638980">
        <ele>109.993783</ele>
        <time>2026-07-17T19:24:36.547Z</time>
      </trkpt>
      <trkpt lat="46.096156" lon="13.638985">
        <ele>109.026772</ele>
        <time>2026-07-17T19:24:43.665Z</time>
      </trkpt>
      <trkpt lat="46.095435" lon="13.639094">
        <ele>108.017777</ele>
        <time>2026-07-17T19:24:51.838Z</time>
      </trkpt>
      <trkpt lat="46.095281" lon="13.639092">
        <ele>107.898306</ele>
        <time>2026-07-17T19:24:53.555Z</time>
      </trkpt>
      <trkpt lat="46.094841" lon="13.639039">
        <ele>107.555785</ele>
        <time>2026-07-17T19:24:58.586Z</time>
      </trkpt>
      <trkpt lat="46.094439" lon="13.638919">
        <ele>107.237321</ele>
        <time>2026-07-17T19:25:03.550Z</time>
      </trkpt>
      <trkpt lat="46.094225" lon="13.638808">
        <ele>107.060897</ele>
        <time>2026-07-17T19:25:06.496Z</time>
      </trkpt>
      <trkpt lat="46.094015" lon="13.638605">
        <ele>106.864771</ele>
        <time>2026-07-17T19:25:10.232Z</time>
      </trkpt>
      <trkpt lat="46.093485" lon="13.637811">
        <ele>107.618970</ele>
        <time>2026-07-17T19:25:25.036Z</time>
      </trkpt>
      <trkpt lat="46.092830" lon="13.636979">
        <ele>108.914467</ele>
        <time>2026-07-17T19:25:45.039Z</time>
      </trkpt>
      <trkpt lat="46.091446" lon="13.635069">
        <ele>111.750590</ele>
        <time>2026-07-17T19:26:25.749Z</time>
      </trkpt>
      <trkpt lat="46.090834" lon="13.634329">
        <ele>111.585040</ele>
        <time>2026-07-17T19:26:40.489Z</time>
      </trkpt>
      <trkpt lat="46.090563" lon="13.634104">
        <ele>111.328861</ele>
        <time>2026-07-17T19:26:45.094Z</time>
      </trkpt>
      <trkpt lat="46.089136" lon="13.633166">
        <ele>109.585820</ele>
        <time>2026-07-17T19:27:01.822Z</time>
      </trkpt>
      <trkpt lat="46.088022" lon="13.632658">
        <ele>107.929473</ele>
        <time>2026-07-17T19:27:15.396Z</time>
      </trkpt>
      <trkpt lat="46.087732" lon="13.632523">
        <ele>108.283495</ele>
        <time>2026-07-17T19:27:20.362Z</time>
      </trkpt>
      <trkpt lat="46.086622" lon="13.632029">
        <ele>109.633034</ele>
        <time>2026-07-17T19:27:43.844Z</time>
      </trkpt>
      <trkpt lat="46.086391" lon="13.631996">
        <ele>109.902705</ele>
        <time>2026-07-17T19:27:48.572Z</time>
      </trkpt>
      <trkpt lat="46.086249" lon="13.632017">
        <ele>110.271318</ele>
        <time>2026-07-17T19:27:52.560Z</time>
      </trkpt>
      <trkpt lat="46.086064" lon="13.632066">
        <ele>110.961656</ele>
        <time>2026-07-17T19:27:58.675Z</time>
      </trkpt>
      <trkpt lat="46.085589" lon="13.632085">
        <ele>112.705643</ele>
        <time>2026-07-17T19:28:11.630Z</time>
      </trkpt>
      <trkpt lat="46.085527" lon="13.632127">
        <ele>112.957057</ele>
        <time>2026-07-17T19:28:13.216Z</time>
      </trkpt>
      <trkpt lat="46.085504" lon="13.632082">
        <ele>113.099350</ele>
        <time>2026-07-17T19:28:14.263Z</time>
      </trkpt>
      <trkpt lat="46.085499" lon="13.631864">
        <ele>113.654583</ele>
        <time>2026-07-17T19:28:18.101Z</time>
      </trkpt>
      <trkpt lat="46.085497" lon="13.631766">
        <ele>113.904155</ele>
        <time>2026-07-17T19:28:19.843Z</time>
      </trkpt>
      <trkpt lat="46.085493" lon="13.631547">
        <ele>114.461824</ele>
        <time>2026-07-17T19:28:24.012Z</time>
      </trkpt>
      <trkpt lat="46.085492" lon="13.631474">
        <ele>114.647685</ele>
        <time>2026-07-17T19:28:25.432Z</time>
      </trkpt>
      <trkpt lat="46.085404" lon="13.631407">
        <ele>115.012924</ele>
        <time>2026-07-17T19:28:28.607Z</time>
      </trkpt>
      <trkpt lat="46.084928" lon="13.631446">
        <ele>116.815941</ele>
        <time>2026-07-17T19:28:46.861Z</time>
      </trkpt>
      <trkpt lat="46.084349" lon="13.631298">
        <ele>119.588736</ele>
        <time>2026-07-17T19:29:08.867Z</time>
      </trkpt>
      <trkpt lat="46.083975" lon="13.631157">
        <ele>121.411594</ele>
        <time>2026-07-17T19:29:20.845Z</time>
      </trkpt>
      <trkpt lat="46.083619" lon="13.630843">
        <ele>123.379502</ele>
        <time>2026-07-17T19:29:34.585Z</time>
      </trkpt>
      <trkpt lat="46.083325" lon="13.630651">
        <ele>124.901424</ele>
        <time>2026-07-17T19:29:45.519Z</time>
      </trkpt>
      <trkpt lat="46.083243" lon="13.630634">
        <ele>125.181570</ele>
        <time>2026-07-17T19:29:48.421Z</time>
      </trkpt>
      <trkpt lat="46.082997" lon="13.630823">
        <ele>125.877552</ele>
        <time>2026-07-17T19:29:57.287Z</time>
      </trkpt>
      <trkpt lat="46.082752" lon="13.630876">
        <ele>126.496117</ele>
        <time>2026-07-17T19:30:03.873Z</time>
      </trkpt>
      <trkpt lat="46.082650" lon="13.630836">
        <ele>126.760044</ele>
        <time>2026-07-17T19:30:06.521Z</time>
      </trkpt>
      <trkpt lat="46.082481" lon="13.630570">
        <ele>127.384755</ele>
        <time>2026-07-17T19:30:12.308Z</time>
      </trkpt>
      <trkpt lat="46.082109" lon="13.630233">
        <ele>128.481712</ele>
        <time>2026-07-17T19:30:21.439Z</time>
      </trkpt>
      <trkpt lat="46.081674" lon="13.629726">
        <ele>129.616318</ele>
        <time>2026-07-17T19:30:33.953Z</time>
      </trkpt>
      <trkpt lat="46.081423" lon="13.629381">
        <ele>129.795228</ele>
        <time>2026-07-17T19:30:40.738Z</time>
      </trkpt>
      <trkpt lat="46.081201" lon="13.629114">
        <ele>129.944377</ele>
        <time>2026-07-17T19:30:45.286Z</time>
      </trkpt>
      <trkpt lat="46.081082" lon="13.629015">
        <ele>130.015257</ele>
        <time>2026-07-17T19:30:47.332Z</time>
      </trkpt>
      <trkpt lat="46.080608" lon="13.628720">
        <ele>130.281604</ele>
        <time>2026-07-17T19:30:55.297Z</time>
      </trkpt>
      <trkpt lat="46.079771" lon="13.628680">
        <ele>130.078254</ele>
        <time>2026-07-17T19:31:07.742Z</time>
      </trkpt>
      <trkpt lat="46.079211" lon="13.628492">
        <ele>129.581833</ele>
        <time>2026-07-17T19:31:15.770Z</time>
      </trkpt>
      <trkpt lat="46.078275" lon="13.628060">
        <ele>128.111297</ele>
        <time>2026-07-17T19:31:26.981Z</time>
      </trkpt>
      <trkpt lat="46.077763" lon="13.628052">
        <ele>126.220315</ele>
        <time>2026-07-17T19:31:32.143Z</time>
      </trkpt>
      <trkpt lat="46.076613" lon="13.628070">
        <ele>121.947604</ele>
        <time>2026-07-17T19:31:43.122Z</time>
      </trkpt>
      <trkpt lat="46.076110" lon="13.628060">
        <ele>119.936426</ele>
        <time>2026-07-17T19:31:47.998Z</time>
      </trkpt>
      <trkpt lat="46.074990" lon="13.628106">
        <ele>115.456866</ele>
        <time>2026-07-17T19:31:59.128Z</time>
      </trkpt>
      <trkpt lat="46.074497" lon="13.628079">
        <ele>113.898449</ele>
        <time>2026-07-17T19:32:03.902Z</time>
      </trkpt>
      <trkpt lat="46.074039" lon="13.628015">
        <ele>112.533292</ele>
        <time>2026-07-17T19:32:08.175Z</time>
      </trkpt>
      <trkpt lat="46.073736" lon="13.627895">
        <ele>111.601046</ele>
        <time>2026-07-17T19:32:11.407Z</time>
      </trkpt>
      <trkpt lat="46.073236" lon="13.627604">
        <ele>110.001308</ele>
        <time>2026-07-17T19:32:18.276Z</time>
      </trkpt>
      <trkpt lat="46.072755" lon="13.627238">
        <ele>109.452742</ele>
        <time>2026-07-17T19:32:25.478Z</time>
      </trkpt>
      <trkpt lat="46.072641" lon="13.627036">
        <ele>109.334762</ele>
        <time>2026-07-17T19:32:27.713Z</time>
      </trkpt>
      <trkpt lat="46.072355" lon="13.626609">
        <ele>109.065846</ele>
        <time>2026-07-17T19:32:34.872Z</time>
      </trkpt>
      <trkpt lat="46.071996" lon="13.626449">
        <ele>108.820437</ele>
        <time>2026-07-17T19:32:40.944Z</time>
      </trkpt>
      <trkpt lat="46.071619" lon="13.626485">
        <ele>108.577434</ele>
        <time>2026-07-17T19:32:45.041Z</time>
      </trkpt>
      <trkpt lat="46.071176" lon="13.626633">
        <ele>108.501915</ele>
        <time>2026-07-17T19:32:49.703Z</time>
      </trkpt>
      <trkpt lat="46.070729" lon="13.626709">
        <ele>108.427167</ele>
        <time>2026-07-17T19:32:54.881Z</time>
      </trkpt>
      <trkpt lat="46.069751" lon="13.626710">
        <ele>108.425452</ele>
        <time>2026-07-17T19:33:15.504Z</time>
      </trkpt>
      <trkpt lat="46.069675" lon="13.626582">
        <ele>108.610433</ele>
        <time>2026-07-17T19:33:18.422Z</time>
      </trkpt>
      <trkpt lat="46.069653" lon="13.626119">
        <ele>109.119987</ele>
        <time>2026-07-17T19:33:26.112Z</time>
      </trkpt>
      <trkpt lat="46.069601" lon="13.625726">
        <ele>109.559269</ele>
        <time>2026-07-17T19:33:31.384Z</time>
      </trkpt>
      <trkpt lat="46.069553" lon="13.625529">
        <ele>109.788522</ele>
        <time>2026-07-17T19:33:33.701Z</time>
      </trkpt>
      <trkpt lat="46.069508" lon="13.625485">
        <ele>109.874579</ele>
        <time>2026-07-17T19:33:34.559Z</time>
      </trkpt>
      <trkpt lat="46.069402" lon="13.625505">
        <ele>110.043765</ele>
        <time>2026-07-17T19:33:36.341Z</time>
      </trkpt>
      <trkpt lat="46.069366" lon="13.625552">
        <ele>110.120635</ele>
        <time>2026-07-17T19:33:37.205Z</time>
      </trkpt>
      <trkpt lat="46.069332" lon="13.625626">
        <ele>110.218088</ele>
        <time>2026-07-17T19:33:38.327Z</time>
      </trkpt>
      <trkpt lat="46.069277" lon="13.625893">
        <ele>110.523898</ele>
        <time>2026-07-17T19:33:42.383Z</time>
      </trkpt>
      <trkpt lat="46.069229" lon="13.625988">
        <ele>110.652936</ele>
        <time>2026-07-17T19:33:44.133Z</time>
      </trkpt>
      <trkpt lat="46.069116" lon="13.626111">
        <ele>110.877035</ele>
        <time>2026-07-17T19:33:47.400Z</time>
      </trkpt>
      <trkpt lat="46.069012" lon="13.626299">
        <ele>111.149290</ele>
        <time>2026-07-17T19:33:51.371Z</time>
      </trkpt>
      <trkpt lat="46.068843" lon="13.626397">
        <ele>111.601445</ele>
        <time>2026-07-17T19:33:55.937Z</time>
      </trkpt>
      <trkpt lat="46.068710" lon="13.626389">
        <ele>111.931855</ele>
        <time>2026-07-17T19:33:59.298Z</time>
      </trkpt>
      <trkpt lat="46.068629" lon="13.626347">
        <ele>112.145521</ele>
        <time>2026-07-17T19:34:01.559Z</time>
      </trkpt>
      <trkpt lat="46.067927" lon="13.625949">
        <ele>114.017928</ele>
        <time>2026-07-17T19:34:21.615Z</time>
      </trkpt>
      <trkpt lat="46.067712" lon="13.625910">
        <ele>114.555795</ele>
        <time>2026-07-17T19:34:28.129Z</time>
      </trkpt>
      <trkpt lat="46.067427" lon="13.625986">
        <ele>115.275207</ele>
        <time>2026-07-17T19:34:36.503Z</time>
      </trkpt>
      <trkpt lat="46.066969" lon="13.626251">
        <ele>115.077111</ele>
        <time>2026-07-17T19:34:46.282Z</time>
      </trkpt>
      <trkpt lat="46.066097" lon="13.626388">
        <ele>113.846553</ele>
        <time>2026-07-17T19:34:55.891Z</time>
      </trkpt>
      <trkpt lat="46.065347" lon="13.626552">
        <ele>112.444881</ele>
        <time>2026-07-17T19:35:03.592Z</time>
      </trkpt>
      <trkpt lat="46.064938" lon="13.626574">
        <ele>111.191668</ele>
        <time>2026-07-17T19:35:07.685Z</time>
      </trkpt>
      <trkpt lat="46.064609" lon="13.626520">
        <ele>110.177773</ele>
        <time>2026-07-17T19:35:11.000Z</time>
      </trkpt>
      <trkpt lat="46.064279" lon="13.626404">
        <ele>109.137707</ele>
        <time>2026-07-17T19:35:14.415Z</time>
      </trkpt>
      <trkpt lat="46.063956" lon="13.626211">
        <ele>108.067064</ele>
        <time>2026-07-17T19:35:17.988Z</time>
      </trkpt>
      <trkpt lat="46.063470" lon="13.625776">
        <ele>107.221962</ele>
        <time>2026-07-17T19:35:24.185Z</time>
      </trkpt>
      <trkpt lat="46.063325" lon="13.625587">
        <ele>107.059262</ele>
        <time>2026-07-17T19:35:26.448Z</time>
      </trkpt>
      <trkpt lat="46.063241" lon="13.625404">
        <ele>106.932563</ele>
        <time>2026-07-17T19:35:28.289Z</time>
      </trkpt>
      <trkpt lat="46.063149" lon="13.625278">
        <ele>106.826944</ele>
        <time>2026-07-17T19:35:29.861Z</time>
      </trkpt>
      <trkpt lat="46.062937" lon="13.625080">
        <ele>106.616711</ele>
        <time>2026-07-17T19:35:33.155Z</time>
      </trkpt>
      <trkpt lat="46.061745" lon="13.623575">
        <ele>106.408384</ele>
        <time>2026-07-17T19:35:59.019Z</time>
      </trkpt>
      <trkpt lat="46.060835" lon="13.622540">
        <ele>106.486301</ele>
        <time>2026-07-17T19:36:18.862Z</time>
      </trkpt>
      <trkpt lat="46.060344" lon="13.621847">
        <ele>105.870447</ele>
        <time>2026-07-17T19:36:27.780Z</time>
      </trkpt>
      <trkpt lat="46.059739" lon="13.620806">
        <ele>104.999858</ele>
        <time>2026-07-17T19:36:38.360Z</time>
      </trkpt>
      <trkpt lat="46.059398" lon="13.620063">
        <ele>104.300422</ele>
        <time>2026-07-17T19:36:45.089Z</time>
      </trkpt>
      <trkpt lat="46.059108" lon="13.619243">
        <ele>103.577782</ele>
        <time>2026-07-17T19:36:52.799Z</time>
      </trkpt>
      <trkpt lat="46.058914" lon="13.618697">
        <ele>103.096143</ele>
        <time>2026-07-17T19:37:01.040Z</time>
      </trkpt>
      <trkpt lat="46.058629" lon="13.617879">
        <ele>102.870653</ele>
        <time>2026-07-17T19:37:14.787Z</time>
      </trkpt>
      <trkpt lat="46.058486" lon="13.617358">
        <ele>102.734896</ele>
        <time>2026-07-17T19:37:24.204Z</time>
      </trkpt>
      <trkpt lat="46.058377" lon="13.617021">
        <ele>102.644804</ele>
        <time>2026-07-17T19:37:30.194Z</time>
      </trkpt>
      <trkpt lat="46.058235" lon="13.616795">
        <ele>102.570930</ele>
        <time>2026-07-17T19:37:34.160Z</time>
      </trkpt>
      <trkpt lat="46.057755" lon="13.616243">
        <ele>101.212690</ele>
        <time>2026-07-17T19:37:43.662Z</time>
      </trkpt>
      <trkpt lat="46.057679" lon="13.616228">
        <ele>100.897514</ele>
        <time>2026-07-17T19:37:44.758Z</time>
      </trkpt>
      <trkpt lat="46.057636" lon="13.616272">
        <ele>100.680830</ele>
        <time>2026-07-17T19:37:45.511Z</time>
      </trkpt>
      <trkpt lat="46.057485" lon="13.616504">
        <ele>99.773937</ele>
        <time>2026-07-17T19:37:48.546Z</time>
      </trkpt>
      <trkpt lat="46.057150" lon="13.616895">
        <ele>98.002690</ele>
        <time>2026-07-17T19:37:54.341Z</time>
      </trkpt>
      <trkpt lat="46.056432" lon="13.617596">
        <ele>94.666298</ele>
        <time>2026-07-17T19:38:05.996Z</time>
      </trkpt>
      <trkpt lat="46.056213" lon="13.617014">
        <ele>93.455120</ele>
        <time>2026-07-17T19:38:12.553Z</time>
      </trkpt>
      <trkpt lat="46.055617" lon="13.615530">
        <ele>90.325244</ele>
        <time>2026-07-17T19:38:31.644Z</time>
      </trkpt>
      <trkpt lat="46.055562" lon="13.615392">
        <ele>90.192635</ele>
        <time>2026-07-17T19:38:33.500Z</time>
      </trkpt>
      <trkpt lat="46.055502" lon="13.615127">
        <ele>89.960357</ele>
        <time>2026-07-17T19:38:36.871Z</time>
      </trkpt>
      <trkpt lat="46.055416" lon="13.614558">
        <ele>89.475099</ele>
        <time>2026-07-17T19:38:43.579Z</time>
      </trkpt>
      <trkpt lat="46.055188" lon="13.613823">
        <ele>88.804223</ele>
        <time>2026-07-17T19:38:52.434Z</time>
      </trkpt>
      <trkpt lat="46.055025" lon="13.613569">
        <ele>88.515939</ele>
        <time>2026-07-17T19:38:56.499Z</time>
      </trkpt>
      <trkpt lat="46.054938" lon="13.613378">
        <ele>88.325557</ele>
        <time>2026-07-17T19:38:59.325Z</time>
      </trkpt>
      <trkpt lat="46.054839" lon="13.613041">
        <ele>88.371136</ele>
        <time>2026-07-17T19:39:04.330Z</time>
      </trkpt>
      <trkpt lat="46.054728" lon="13.612034">
        <ele>89.498732</ele>
        <time>2026-07-17T19:39:21.107Z</time>
      </trkpt>
      <trkpt lat="46.054585" lon="13.611236">
        <ele>90.410185</ele>
        <time>2026-07-17T19:39:38.634Z</time>
      </trkpt>
      <trkpt lat="46.054594" lon="13.610686">
        <ele>91.018598</ele>
        <time>2026-07-17T19:39:51.143Z</time>
      </trkpt>
      <trkpt lat="46.054542" lon="13.610245">
        <ele>91.376295</ele>
        <time>2026-07-17T19:40:01.009Z</time>
      </trkpt>
      <trkpt lat="46.054398" lon="13.609796">
        <ele>91.765801</ele>
        <time>2026-07-17T19:40:11.185Z</time>
      </trkpt>
      <trkpt lat="46.054139" lon="13.609227">
        <ele>92.301658</ele>
        <time>2026-07-17T19:40:22.802Z</time>
      </trkpt>
      <trkpt lat="46.053940" lon="13.608908">
        <ele>92.639437</ele>
        <time>2026-07-17T19:40:28.395Z</time>
      </trkpt>
      <trkpt lat="46.053728" lon="13.608220">
        <ele>93.060382</ele>
        <time>2026-07-17T19:40:38.270Z</time>
      </trkpt>
      <trkpt lat="46.053650" lon="13.607772">
        <ele>93.017566</ele>
        <time>2026-07-17T19:40:44.627Z</time>
      </trkpt>
      <trkpt lat="46.053567" lon="13.606110">
        <ele>92.863105</ele>
        <time>2026-07-17T19:41:06.982Z</time>
      </trkpt>
      <trkpt lat="46.053504" lon="13.605637">
        <ele>92.795231</ele>
        <time>2026-07-17T19:41:14.467Z</time>
      </trkpt>
      <trkpt lat="46.053338" lon="13.604962">
        <ele>92.650862</ele>
        <time>2026-07-17T19:41:24.791Z</time>
      </trkpt>
      <trkpt lat="46.053260" lon="13.604701">
        <ele>92.593574</ele>
        <time>2026-07-17T19:41:28.667Z</time>
      </trkpt>
      <trkpt lat="46.052111" lon="13.601574">
        <ele>91.188852</ele>
        <time>2026-07-17T19:42:13.530Z</time>
      </trkpt>
      <trkpt lat="46.052008" lon="13.601310">
        <ele>91.030855</ele>
        <time>2026-07-17T19:42:17.153Z</time>
      </trkpt>
      <trkpt lat="46.051875" lon="13.600789">
        <ele>90.427493</ele>
        <time>2026-07-17T19:42:23.623Z</time>
      </trkpt>
      <trkpt lat="46.051753" lon="13.600140">
        <ele>89.581939</ele>
        <time>2026-07-17T19:42:31.257Z</time>
      </trkpt>
      <trkpt lat="46.051615" lon="13.599229">
        <ele>88.409342</ele>
        <time>2026-07-17T19:42:41.478Z</time>
      </trkpt>
      <trkpt lat="46.051563" lon="13.598879">
        <ele>87.959227</ele>
        <time>2026-07-17T19:42:45.307Z</time>
      </trkpt>
      <trkpt lat="46.051397" lon="13.597898">
        <ele>86.934739</ele>
        <time>2026-07-17T19:42:55.870Z</time>
      </trkpt>
      <trkpt lat="46.051353" lon="13.597639">
        <ele>86.680449</ele>
        <time>2026-07-17T19:42:58.775Z</time>
      </trkpt>
      <trkpt lat="46.051277" lon="13.597419">
        <ele>86.446090</ele>
        <time>2026-07-17T19:43:01.564Z</time>
      </trkpt>
      <trkpt lat="46.051236" lon="13.597323">
        <ele>86.338592</ele>
        <time>2026-07-17T19:43:02.863Z</time>
      </trkpt>
      <trkpt lat="46.051175" lon="13.597210">
        <ele>86.202067</ele>
        <time>2026-07-17T19:43:04.568Z</time>
      </trkpt>
      <trkpt lat="46.051048" lon="13.596762">
        <ele>85.740559</ele>
        <time>2026-07-17T19:43:10.606Z</time>
      </trkpt>
      <trkpt lat="46.051000" lon="13.596570">
        <ele>85.545938</ele>
        <time>2026-07-17T19:43:13.301Z</time>
      </trkpt>
      <trkpt lat="46.050900" lon="13.595941">
        <ele>85.234115</ele>
        <time>2026-07-17T19:43:22.066Z</time>
      </trkpt>
      <trkpt lat="46.050663" lon="13.595185">
        <ele>85.237046</ele>
        <time>2026-07-17T19:43:34.454Z</time>
      </trkpt>
      <trkpt lat="46.050458" lon="13.594709">
        <ele>85.239026</ele>
        <time>2026-07-17T19:43:43.120Z</time>
      </trkpt>
      <trkpt lat="46.050120" lon="13.594142">
        <ele>85.241667</ele>
        <time>2026-07-17T19:43:53.239Z</time>
      </trkpt>
      <trkpt lat="46.049568" lon="13.593379">
        <ele>85.068393</ele>
        <time>2026-07-17T19:44:07.194Z</time>
      </trkpt>
      <trkpt lat="46.048765" lon="13.592706">
        <ele>84.827349</ele>
        <time>2026-07-17T19:44:24.582Z</time>
      </trkpt>
      <trkpt lat="46.048360" lon="13.592383">
        <ele>85.075819</ele>
        <time>2026-07-17T19:44:34.958Z</time>
      </trkpt>
      <trkpt lat="46.048161" lon="13.592207">
        <ele>85.342615</ele>
        <time>2026-07-17T19:44:40.636Z</time>
      </trkpt>
      <trkpt lat="46.047984" lon="13.592076">
        <ele>85.569976</ele>
        <time>2026-07-17T19:44:45.564Z</time>
      </trkpt>
      <trkpt lat="46.047810" lon="13.591927">
        <ele>85.801250</ele>
        <time>2026-07-17T19:44:49.732Z</time>
      </trkpt>
      <trkpt lat="46.047597" lon="13.591625">
        <ele>86.142700</ele>
        <time>2026-07-17T19:44:56.360Z</time>
      </trkpt>
      <trkpt lat="46.047441" lon="13.591349">
        <ele>86.424973</ele>
        <time>2026-07-17T19:45:02.636Z</time>
      </trkpt>
      <trkpt lat="46.047406" lon="13.591285">
        <ele>86.489589</ele>
        <time>2026-07-17T19:45:04.295Z</time>
      </trkpt>
      <trkpt lat="46.047322" lon="13.591157">
        <ele>86.629287</ele>
        <time>2026-07-17T19:45:07.978Z</time>
      </trkpt>
      <trkpt lat="46.047196" lon="13.591069">
        <ele>86.789277</ele>
        <time>2026-07-17T19:45:12.506Z</time>
      </trkpt>
      <trkpt lat="46.047103" lon="13.591054">
        <ele>86.996665</ele>
        <time>2026-07-17T19:45:15.507Z</time>
      </trkpt>
      <trkpt lat="46.046980" lon="13.591041">
        <ele>87.353273</ele>
        <time>2026-07-17T19:45:19.510Z</time>
      </trkpt>
      <trkpt lat="46.046748" lon="13.590895">
        <ele>88.085298</ele>
        <time>2026-07-17T19:45:27.661Z</time>
      </trkpt>
      <trkpt lat="46.046141" lon="13.590458">
        <ele>90.047353</ele>
        <time>2026-07-17T19:45:48.408Z</time>
      </trkpt>
      <trkpt lat="46.045554" lon="13.590080">
        <ele>91.906479</ele>
        <time>2026-07-17T19:46:11.136Z</time>
      </trkpt>
      <trkpt lat="46.045375" lon="13.589935">
        <ele>92.255368</ele>
        <time>2026-07-17T19:46:17.864Z</time>
      </trkpt>
      <trkpt lat="46.045296" lon="13.589788">
        <ele>92.433634</ele>
        <time>2026-07-17T19:46:21.919Z</time>
      </trkpt>
      <trkpt lat="46.044960" lon="13.589353">
        <ele>93.057686</ele>
        <time>2026-07-17T19:46:35.154Z</time>
      </trkpt>
      <trkpt lat="46.043895" lon="13.588806">
        <ele>94.423950</ele>
        <time>2026-07-17T19:47:00.340Z</time>
      </trkpt>
      <trkpt lat="46.043703" lon="13.588716">
        <ele>94.175683</ele>
        <time>2026-07-17T19:47:04.018Z</time>
      </trkpt>
      <trkpt lat="46.043573" lon="13.588712">
        <ele>94.015798</ele>
        <time>2026-07-17T19:47:06.483Z</time>
      </trkpt>
      <trkpt lat="46.043223" lon="13.588727">
        <ele>93.585244</ele>
        <time>2026-07-17T19:47:12.701Z</time>
      </trkpt>
      <trkpt lat="46.043017" lon="13.588639">
        <ele>93.321044</ele>
        <time>2026-07-17T19:47:16.085Z</time>
      </trkpt>
      <trkpt lat="46.042694" lon="13.588237">
        <ele>92.796201</ele>
        <time>2026-07-17T19:47:22.549Z</time>
      </trkpt>
      <trkpt lat="46.042511" lon="13.588123">
        <ele>92.551047</ele>
        <time>2026-07-17T19:47:25.706Z</time>
      </trkpt>
      <trkpt lat="46.042270" lon="13.588007">
        <ele>92.200479</ele>
        <time>2026-07-17T19:47:29.894Z</time>
      </trkpt>
      <trkpt lat="46.041951" lon="13.588084">
        <ele>91.572562</ele>
        <time>2026-07-17T19:47:35.957Z</time>
      </trkpt>
      <trkpt lat="46.041828" lon="13.588074">
        <ele>91.333398</ele>
        <time>2026-07-17T19:47:38.009Z</time>
      </trkpt>
      <trkpt lat="46.041720" lon="13.588021">
        <ele>91.111904</ele>
        <time>2026-07-17T19:47:39.818Z</time>
      </trkpt>
      <trkpt lat="46.041417" lon="13.587654">
        <ele>90.343408</ele>
        <time>2026-07-17T19:47:45.756Z</time>
      </trkpt>
      <trkpt lat="46.041371" lon="13.587644">
        <ele>90.253095</ele>
        <time>2026-07-17T19:47:46.453Z</time>
      </trkpt>
      <trkpt lat="46.041284" lon="13.587662">
        <ele>90.082467</ele>
        <time>2026-07-17T19:47:47.783Z</time>
      </trkpt>
      <trkpt lat="46.041142" lon="13.587776">
        <ele>89.766883</ele>
        <time>2026-07-17T19:47:50.358Z</time>
      </trkpt>
      <trkpt lat="46.041001" lon="13.587823">
        <ele>89.485924</ele>
        <time>2026-07-17T19:47:52.801Z</time>
      </trkpt>
      <trkpt lat="46.040692" lon="13.587860">
        <ele>88.883984</ele>
        <time>2026-07-17T19:47:58.113Z</time>
      </trkpt>
      <trkpt lat="46.040272" lon="13.587922">
        <ele>87.647726</ele>
        <time>2026-07-17T19:48:04.535Z</time>
      </trkpt>
      <trkpt lat="46.040160" lon="13.588074">
        <ele>87.182709</ele>
        <time>2026-07-17T19:48:06.752Z</time>
      </trkpt>
      <trkpt lat="46.040043" lon="13.587983">
        <ele>86.780880</ele>
        <time>2026-07-17T19:48:08.032Z</time>
      </trkpt>
      <trkpt lat="46.039740" lon="13.587978">
        <ele>85.865123</ele>
        <time>2026-07-17T19:48:10.985Z</time>
      </trkpt>
      <trkpt lat="46.039708" lon="13.587980">
        <ele>85.768325</ele>
        <time>2026-07-17T19:48:11.304Z</time>
      </trkpt>
      <trkpt lat="46.039694" lon="13.588076">
        <ele>85.562538</ele>
        <time>2026-07-17T19:48:12.278Z</time>
      </trkpt>
      <trkpt lat="46.039629" lon="13.588210">
        <ele>85.219595</ele>
        <time>2026-07-17T19:48:13.934Z</time>
      </trkpt>
      <trkpt lat="46.039513" lon="13.588582">
        <ele>84.364080</ele>
        <time>2026-07-17T19:48:18.051Z</time>
      </trkpt>
      <trkpt lat="46.039274" lon="13.588862">
        <ele>83.433100</ele>
        <time>2026-07-17T19:48:22.636Z</time>
      </trkpt>
      <trkpt lat="46.038927" lon="13.589130">
        <ele>82.925606</ele>
        <time>2026-07-17T19:48:28.474Z</time>
      </trkpt>
      <trkpt lat="46.038625" lon="13.589565">
        <ele>82.411731</ele>
        <time>2026-07-17T19:48:35.299Z</time>
      </trkpt>
      <trkpt lat="46.038513" lon="13.589776">
        <ele>82.189868</ele>
        <time>2026-07-17T19:48:38.534Z</time>
      </trkpt>
      <trkpt lat="46.038476" lon="13.589845">
        <ele>82.117041</ele>
        <time>2026-07-17T19:48:39.596Z</time>
      </trkpt>
      <trkpt lat="46.038077" lon="13.590769">
        <ele>81.222951</ele>
        <time>2026-07-17T19:48:54.642Z</time>
      </trkpt>
      <trkpt lat="46.037754" lon="13.591323">
        <ele>82.530200</ele>
        <time>2026-07-17T19:49:04.982Z</time>
      </trkpt>
      <trkpt lat="46.037589" lon="13.591703">
        <ele>83.340084</ele>
        <time>2026-07-17T19:49:12.696Z</time>
      </trkpt>
      <trkpt lat="46.037351" lon="13.592561">
        <ele>85.009609</ele>
        <time>2026-07-17T19:49:33.680Z</time>
      </trkpt>
      <trkpt lat="46.037251" lon="13.592963">
        <ele>85.781221</ele>
        <time>2026-07-17T19:49:45.842Z</time>
      </trkpt>
      <trkpt lat="46.036714" lon="13.594213">
        <ele>92.093770</ele>
        <time>2026-07-17T19:50:34.723Z</time>
      </trkpt>
      <trkpt lat="46.036327" lon="13.594658">
        <ele>95.235970</ele>
        <time>2026-07-17T19:50:58.322Z</time>
      </trkpt>
      <trkpt lat="46.036035" lon="13.594885">
        <ele>97.339661</ele>
        <time>2026-07-17T19:51:13.185Z</time>
      </trkpt>
      <trkpt lat="46.035470" lon="13.595204">
        <ele>100.979121</ele>
        <time>2026-07-17T19:51:39.099Z</time>
      </trkpt>
      <trkpt lat="46.035368" lon="13.595211">
        <ele>101.591540</ele>
        <time>2026-07-17T19:51:43.596Z</time>
      </trkpt>
      <trkpt lat="46.034883" lon="13.595125">
        <ele>104.522186</ele>
        <time>2026-07-17T19:52:05.787Z</time>
      </trkpt>
      <trkpt lat="46.034489" lon="13.595118">
        <ele>106.885303</ele>
        <time>2026-07-17T19:52:23.183Z</time>
      </trkpt>
      <trkpt lat="46.034458" lon="13.594980">
        <ele>107.489193</ele>
        <time>2026-07-17T19:52:27.859Z</time>
      </trkpt>
      <trkpt lat="46.034359" lon="13.594891">
        <ele>108.168159</ele>
        <time>2026-07-17T19:52:33.194Z</time>
      </trkpt>
      <trkpt lat="46.034224" lon="13.594838">
        <ele>108.820724</ele>
        <time>2026-07-17T19:52:39.428Z</time>
      </trkpt>
      <trkpt lat="46.033761" lon="13.594679">
        <ele>111.040537</ele>
        <time>2026-07-17T19:52:59.121Z</time>
      </trkpt>
      <trkpt lat="46.033677" lon="13.594642">
        <ele>111.450195</ele>
        <time>2026-07-17T19:53:02.473Z</time>
      </trkpt>
      <trkpt lat="46.033484" lon="13.594390">
        <ele>112.665050</ele>
        <time>2026-07-17T19:53:12.471Z</time>
      </trkpt>
      <trkpt lat="46.033439" lon="13.594337">
        <ele>112.936141</ele>
        <time>2026-07-17T19:53:14.675Z</time>
      </trkpt>
      <trkpt lat="46.033155" lon="13.594115">
        <ele>114.443098</ele>
        <time>2026-07-17T19:53:26.198Z</time>
      </trkpt>
      <trkpt lat="46.032496" lon="13.593860">
        <ele>116.178872</ele>
        <time>2026-07-17T19:53:52.874Z</time>
      </trkpt>
      <trkpt lat="46.032148" lon="13.593777">
        <ele>115.740260</ele>
        <time>2026-07-17T19:54:02.258Z</time>
      </trkpt>
      <trkpt lat="46.031812" lon="13.593551">
        <ele>115.279152</ele>
        <time>2026-07-17T19:54:08.770Z</time>
      </trkpt>
      <trkpt lat="46.031590" lon="13.593534">
        <ele>115.002717</ele>
        <time>2026-07-17T19:54:12.227Z</time>
      </trkpt>
      <trkpt lat="46.031513" lon="13.593633">
        <ele>114.874375</ele>
        <time>2026-07-17T19:54:13.714Z</time>
      </trkpt>
      <trkpt lat="46.031166" lon="13.593889">
        <ele>114.389593</ele>
        <time>2026-07-17T19:54:19.110Z</time>
      </trkpt>
      <trkpt lat="46.030874" lon="13.594152">
        <ele>112.946525</ele>
        <time>2026-07-17T19:54:23.543Z</time>
      </trkpt>
      <trkpt lat="46.030146" lon="13.594423">
        <ele>108.687969</ele>
        <time>2026-07-17T19:54:32.905Z</time>
      </trkpt>
      <trkpt lat="46.029966" lon="13.594436">
        <ele>107.667245</ele>
        <time>2026-07-17T19:54:35.244Z</time>
      </trkpt>
      <trkpt lat="46.029683" lon="13.594334">
        <ele>106.015033</ele>
        <time>2026-07-17T19:54:39.213Z</time>
      </trkpt>
      <trkpt lat="46.029417" lon="13.594420">
        <ele>104.471035</ele>
        <time>2026-07-17T19:54:43.260Z</time>
      </trkpt>
      <trkpt lat="46.029013" lon="13.594323">
        <ele>102.695496</ele>
        <time>2026-07-17T19:54:50.862Z</time>
      </trkpt>
      <trkpt lat="46.028696" lon="13.594209">
        <ele>101.372538</ele>
        <time>2026-07-17T19:54:55.949Z</time>
      </trkpt>
      <trkpt lat="46.028401" lon="13.593903">
        <ele>99.900535</ele>
        <time>2026-07-17T19:55:01.108Z</time>
      </trkpt>
      <trkpt lat="46.028298" lon="13.593834">
        <ele>99.440577</ele>
        <time>2026-07-17T19:55:02.678Z</time>
      </trkpt>
      <trkpt lat="46.028210" lon="13.593810">
        <ele>99.077928</ele>
        <time>2026-07-17T19:55:03.865Z</time>
      </trkpt>
      <trkpt lat="46.028134" lon="13.593843">
        <ele>98.756519</ele>
        <time>2026-07-17T19:55:04.927Z</time>
      </trkpt>
      <trkpt lat="46.028138" lon="13.594046">
        <ele>98.185598</ele>
        <time>2026-07-17T19:55:06.229Z</time>
      </trkpt>
      <trkpt lat="46.028191" lon="13.594298">
        <ele>97.445365</ele>
        <time>2026-07-17T19:55:07.908Z</time>
      </trkpt>
      <trkpt lat="46.028230" lon="13.594595">
        <ele>96.645370</ele>
        <time>2026-07-17T19:55:09.819Z</time>
      </trkpt>
      <trkpt lat="46.028231" lon="13.594698">
        <ele>96.435096</ele>
        <time>2026-07-17T19:55:10.474Z</time>
      </trkpt>
      <trkpt lat="46.028010" lon="13.595125">
        <ele>95.347931</ele>
        <time>2026-07-17T19:55:13.783Z</time>
      </trkpt>
      <trkpt lat="46.027969" lon="13.595237">
        <ele>95.089473</ele>
        <time>2026-07-17T19:55:14.564Z</time>
      </trkpt>
      <trkpt lat="46.027555" lon="13.595770">
        <ele>93.456890</ele>
        <time>2026-07-17T19:55:19.669Z</time>
      </trkpt>
      <trkpt lat="46.027299" lon="13.596181">
        <ele>92.329776</ele>
        <time>2026-07-17T19:55:24.888Z</time>
      </trkpt>
      <trkpt lat="46.027224" lon="13.596421">
        <ele>91.792520</ele>
        <time>2026-07-17T19:55:29.387Z</time>
      </trkpt>
      <trkpt lat="46.027196" lon="13.596654">
        <ele>91.817800</ele>
        <time>2026-07-17T19:55:34.427Z</time>
      </trkpt>
      <trkpt lat="46.026750" lon="13.597769">
        <ele>96.631366</ele>
        <time>2026-07-17T19:56:10.375Z</time>
      </trkpt>
      <trkpt lat="46.026449" lon="13.598765">
        <ele>100.694788</ele>
        <time>2026-07-17T19:56:42.120Z</time>
      </trkpt>
      <trkpt lat="46.026375" lon="13.599703">
        <ele>101.747838</ele>
        <time>2026-07-17T19:57:02.449Z</time>
      </trkpt>
      <trkpt lat="46.026212" lon="13.600959">
        <ele>102.639368</ele>
        <time>2026-07-17T19:57:17.725Z</time>
      </trkpt>
      <trkpt lat="46.025952" lon="13.602276">
        <ele>100.885358</ele>
        <time>2026-07-17T19:57:27.192Z</time>
      </trkpt>
      <trkpt lat="46.025874" lon="13.602605">
        <ele>100.046405</ele>
        <time>2026-07-17T19:57:29.515Z</time>
      </trkpt>
      <trkpt lat="46.025647" lon="13.603250">
        <ele>98.301349</ele>
        <time>2026-07-17T19:57:34.393Z</time>
      </trkpt>
      <trkpt lat="46.025311" lon="13.603808">
        <ele>96.606581</ele>
        <time>2026-07-17T19:57:39.434Z</time>
      </trkpt>
      <trkpt lat="46.024122" lon="13.605171">
        <ele>93.460431</ele>
        <time>2026-07-17T19:57:56.290Z</time>
      </trkpt>
      <trkpt lat="46.023936" lon="13.605345">
        <ele>93.006289</ele>
        <time>2026-07-17T19:57:58.846Z</time>
      </trkpt>
      <trkpt lat="46.023510" lon="13.605623">
        <ele>92.491732</ele>
        <time>2026-07-17T19:58:04.363Z</time>
      </trkpt>
      <trkpt lat="46.023303" lon="13.605716">
        <ele>92.253166</ele>
        <time>2026-07-17T19:58:07.000Z</time>
      </trkpt>
      <trkpt lat="46.021805" lon="13.606142">
        <ele>90.954287</ele>
        <time>2026-07-17T19:58:25.754Z</time>
      </trkpt>
      <trkpt lat="46.021526" lon="13.606267">
        <ele>90.899171</ele>
        <time>2026-07-17T19:58:29.462Z</time>
      </trkpt>
      <trkpt lat="46.020957" lon="13.606346">
        <ele>90.791343</ele>
        <time>2026-07-17T19:58:37.303Z</time>
      </trkpt>
      <trkpt lat="46.020525" lon="13.606338">
        <ele>90.709849</ele>
        <time>2026-07-17T19:58:44.076Z</time>
      </trkpt>
      <trkpt lat="46.019428" lon="13.606110">
        <ele>92.808072</ele>
        <time>2026-07-17T19:59:07.227Z</time>
      </trkpt>
      <trkpt lat="46.019101" lon="13.605946">
        <ele>93.523272</ele>
        <time>2026-07-17T19:59:15.256Z</time>
      </trkpt>
      <trkpt lat="46.018833" lon="13.605683">
        <ele>94.193132</ele>
        <time>2026-07-17T19:59:23.614Z</time>
      </trkpt>
      <trkpt lat="46.018608" lon="13.605518">
        <ele>95.118656</ele>
        <time>2026-07-17T19:59:31.033Z</time>
      </trkpt>
      <trkpt lat="46.018367" lon="13.605429">
        <ele>96.311592</ele>
        <time>2026-07-17T19:59:39.451Z</time>
      </trkpt>
      <trkpt lat="46.018167" lon="13.605400">
        <ele>97.275398</ele>
        <time>2026-07-17T19:59:46.965Z</time>
      </trkpt>
      <trkpt lat="46.017939" lon="13.605401">
        <ele>98.368615</ele>
        <time>2026-07-17T19:59:55.624Z</time>
      </trkpt>
      <trkpt lat="46.017662" lon="13.605454">
        <ele>99.708444</ele>
        <time>2026-07-17T20:00:06.404Z</time>
      </trkpt>
      <trkpt lat="46.017261" lon="13.605622">
        <ele>101.710874</ele>
        <time>2026-07-17T20:00:21.943Z</time>
      </trkpt>
      <trkpt lat="46.017105" lon="13.605718">
        <ele>102.524300</ele>
        <time>2026-07-17T20:00:27.819Z</time>
      </trkpt>
      <trkpt lat="46.016978" lon="13.605731">
        <ele>103.057951</ele>
        <time>2026-07-17T20:00:32.080Z</time>
      </trkpt>
      <trkpt lat="46.016818" lon="13.605806">
        <ele>103.255583</ele>
        <time>2026-07-17T20:00:37.417Z</time>
      </trkpt>
      <trkpt lat="46.016574" lon="13.606037">
        <ele>103.598560</ele>
        <time>2026-07-17T20:00:45.785Z</time>
      </trkpt>
      <trkpt lat="46.016416" lon="13.606293">
        <ele>103.877916</ele>
        <time>2026-07-17T20:00:51.352Z</time>
      </trkpt>
      <trkpt lat="46.015657" lon="13.607357">
        <ele>105.122071</ele>
        <time>2026-07-17T20:01:06.987Z</time>
      </trkpt>
      <trkpt lat="46.015418" lon="13.607838">
        <ele>103.613625</ele>
        <time>2026-07-17T20:01:11.712Z</time>
      </trkpt>
      <trkpt lat="46.014671" lon="13.609597">
        <ele>98.001190</ele>
        <time>2026-07-17T20:01:25.330Z</time>
      </trkpt>
      <trkpt lat="46.014246" lon="13.610514">
        <ele>95.065541</ele>
        <time>2026-07-17T20:01:32.261Z</time>
      </trkpt>
      <trkpt lat="46.014093" lon="13.610722">
        <ele>94.258737</ele>
        <time>2026-07-17T20:01:34.209Z</time>
      </trkpt>
      <trkpt lat="46.013888" lon="13.610942">
        <ele>93.278408</ele>
        <time>2026-07-17T20:01:36.621Z</time>
      </trkpt>
      <trkpt lat="46.013239" lon="13.611192">
        <ele>92.060848</ele>
        <time>2026-07-17T20:01:44.062Z</time>
      </trkpt>
      <trkpt lat="46.012785" lon="13.611484">
        <ele>95.397627</ele>
        <time>2026-07-17T20:02:02.406Z</time>
      </trkpt>
      <trkpt lat="46.012566" lon="13.611591">
        <ele>96.949571</ele>
        <time>2026-07-17T20:02:12.243Z</time>
      </trkpt>
      <trkpt lat="46.012355" lon="13.611628">
        <ele>98.375989</ele>
        <time>2026-07-17T20:02:22.302Z</time>
      </trkpt>
      <trkpt lat="46.012322" lon="13.611548">
        <ele>98.809645</ele>
        <time>2026-07-17T20:02:25.597Z</time>
      </trkpt>
      <trkpt lat="46.012293" lon="13.611261">
        <ele>100.161320</ele>
        <time>2026-07-17T20:02:36.046Z</time>
      </trkpt>
      <trkpt lat="46.012273" lon="13.611201">
        <ele>100.471498</ele>
        <time>2026-07-17T20:02:38.594Z</time>
      </trkpt>
      <trkpt lat="46.012225" lon="13.611187">
        <ele>100.800153</ele>
        <time>2026-07-17T20:02:41.375Z</time>
      </trkpt>
      <trkpt lat="46.012101" lon="13.611254">
        <ele>101.688939</ele>
        <time>2026-07-17T20:02:57.835Z</time>
      </trkpt>
      <trkpt lat="46.011895" lon="13.611348">
        <ele>103.139101</ele>
        <time>2026-07-17T20:03:10.354Z</time>
      </trkpt>
      <trkpt lat="46.011572" lon="13.611381">
        <ele>106.702752</ele>
        <time>2026-07-17T20:03:30.606Z</time>
      </trkpt>
      <trkpt lat="46.011371" lon="13.611435">
        <ele>109.007690</ele>
        <time>2026-07-17T20:03:44.103Z</time>
      </trkpt>
      <trkpt lat="46.010790" lon="13.611712">
        <ele>115.906903</ele>
        <time>2026-07-17T20:04:18.377Z</time>
      </trkpt>
      <trkpt lat="46.010506" lon="13.611929">
        <ele>119.531247</ele>
        <time>2026-07-17T20:04:37.709Z</time>
      </trkpt>
      <trkpt lat="46.009909" lon="13.612494">
        <ele>127.174382</ele>
        <time>2026-07-17T20:05:23.754Z</time>
      </trkpt>
      <trkpt lat="46.009476" lon="13.613060">
        <ele>133.097774</ele>
        <time>2026-07-17T20:06:03.216Z</time>
      </trkpt>
      <trkpt lat="46.009235" lon="13.613432">
        <ele>136.676368</ele>
        <time>2026-07-17T20:06:24.994Z</time>
      </trkpt>
      <trkpt lat="46.009015" lon="13.613931">
        <ele>140.834166</ele>
        <time>2026-07-17T20:06:44.954Z</time>
      </trkpt>
      <trkpt lat="46.008901" lon="13.614284">
        <ele>140.831362</ele>
        <time>2026-07-17T20:06:53.892Z</time>
      </trkpt>
      <trkpt lat="46.008812" lon="13.614749">
        <ele>139.093862</ele>
        <time>2026-07-17T20:06:59.424Z</time>
      </trkpt>
      <trkpt lat="46.008711" lon="13.615439">
        <ele>136.553683</ele>
        <time>2026-07-17T20:07:04.032Z</time>
      </trkpt>
      <trkpt lat="46.008706" lon="13.615700">
        <ele>135.613127</ele>
        <time>2026-07-17T20:07:05.607Z</time>
      </trkpt>
      <trkpt lat="46.008769" lon="13.616159">
        <ele>133.927699</ele>
        <time>2026-07-17T20:07:08.361Z</time>
      </trkpt>
      <trkpt lat="46.008793" lon="13.616635">
        <ele>132.113852</ele>
        <time>2026-07-17T20:07:11.128Z</time>
      </trkpt>
      <trkpt lat="46.008726" lon="13.617290">
        <ele>128.714610</ele>
        <time>2026-07-17T20:07:14.975Z</time>
      </trkpt>
      <trkpt lat="46.008586" lon="13.618247">
        <ele>123.693268</ele>
        <time>2026-07-17T20:07:20.893Z</time>
      </trkpt>
      <trkpt lat="46.008507" lon="13.618588">
        <ele>121.847636</ele>
        <time>2026-07-17T20:07:23.308Z</time>
      </trkpt>
      <trkpt lat="46.008297" lon="13.619253">
        <ele>119.412692</ele>
        <time>2026-07-17T20:07:29.593Z</time>
      </trkpt>
      <trkpt lat="46.007944" lon="13.620049">
        <ele>120.710106</ele>
        <time>2026-07-17T20:07:47.387Z</time>
      </trkpt>
      <trkpt lat="46.006837" lon="13.622056">
        <ele>123.152398</ele>
        <time>2026-07-17T20:08:33.012Z</time>
      </trkpt>
      <trkpt lat="46.006594" lon="13.622569">
        <ele>123.407398</ele>
        <time>2026-07-17T20:08:39.602Z</time>
      </trkpt>
      <trkpt lat="46.006054" lon="13.623496">
        <ele>123.218896</ele>
        <time>2026-07-17T20:08:49.117Z</time>
      </trkpt>
      <trkpt lat="46.005266" lon="13.625186">
        <ele>120.191102</ele>
        <time>2026-07-17T20:09:03.936Z</time>
      </trkpt>
      <trkpt lat="46.003115" lon="13.628468">
        <ele>115.488873</ele>
        <time>2026-07-17T20:09:41.959Z</time>
      </trkpt>
      <trkpt lat="46.002691" lon="13.628970">
        <ele>114.477112</ele>
        <time>2026-07-17T20:09:47.535Z</time>
      </trkpt>
      <trkpt lat="46.002243" lon="13.629411">
        <ele>113.590181</ele>
        <time>2026-07-17T20:09:52.919Z</time>
      </trkpt>
      <trkpt lat="46.001734" lon="13.629824">
        <ele>112.647180</ele>
        <time>2026-07-17T20:09:58.935Z</time>
      </trkpt>
      <trkpt lat="46.001084" lon="13.630239">
        <ele>111.499565</ele>
        <time>2026-07-17T20:10:08.361Z</time>
      </trkpt>
      <trkpt lat="46.000087" lon="13.630757">
        <ele>115.391222</ele>
        <time>2026-07-17T20:10:36.494Z</time>
      </trkpt>
      <trkpt lat="45.999464" lon="13.631218">
        <ele>117.993565</ele>
        <time>2026-07-17T20:11:02.858Z</time>
      </trkpt>
      <trkpt lat="45.998983" lon="13.631634">
        <ele>120.386921</ele>
        <time>2026-07-17T20:11:25.047Z</time>
      </trkpt>
      <trkpt lat="45.998754" lon="13.631878">
        <ele>121.616387</ele>
        <time>2026-07-17T20:11:36.063Z</time>
      </trkpt>
      <trkpt lat="45.998582" lon="13.632096">
        <ele>122.605325</ele>
        <time>2026-07-17T20:11:44.625Z</time>
      </trkpt>
      <trkpt lat="45.998236" lon="13.632642">
        <ele>124.820824</ele>
        <time>2026-07-17T20:12:00.714Z</time>
      </trkpt>
      <trkpt lat="45.997862" lon="13.633337">
        <ele>125.082189</ele>
        <time>2026-07-17T20:12:12.908Z</time>
      </trkpt>
      <trkpt lat="45.997141" lon="13.635110">
        <ele>121.664785</ele>
        <time>2026-07-17T20:12:27.320Z</time>
      </trkpt>
      <trkpt lat="45.996881" lon="13.635689">
        <ele>119.086335</ele>
        <time>2026-07-17T20:12:31.679Z</time>
      </trkpt>
      <trkpt lat="45.996631" lon="13.636345">
        <ele>116.228624</ele>
        <time>2026-07-17T20:12:36.374Z</time>
      </trkpt>
      <trkpt lat="45.996265" lon="13.636940">
        <ele>113.193295</ele>
        <time>2026-07-17T20:12:41.388Z</time>
      </trkpt>
      <trkpt lat="45.995726" lon="13.637702">
        <ele>111.786133</ele>
        <time>2026-07-17T20:12:48.746Z</time>
      </trkpt>
      <trkpt lat="45.995310" lon="13.638117">
        <ele>111.839978</ele>
        <time>2026-07-17T20:12:55.630Z</time>
      </trkpt>
      <trkpt lat="45.994865" lon="13.638480">
        <ele>111.894392</ele>
        <time>2026-07-17T20:13:08.332Z</time>
      </trkpt>
      <trkpt lat="45.994551" lon="13.638601">
        <ele>112.032726</ele>
        <time>2026-07-17T20:13:18.856Z</time>
      </trkpt>
      <trkpt lat="45.993743" lon="13.639147">
        <ele>114.844235</ele>
        <time>2026-07-17T20:13:48.979Z</time>
      </trkpt>
      <trkpt lat="45.992956" lon="13.639941">
        <ele>117.643713</ele>
        <time>2026-07-17T20:14:12.101Z</time>
      </trkpt>
      <trkpt lat="45.991848" lon="13.641207">
        <ele>118.485873</ele>
        <time>2026-07-17T20:14:33.438Z</time>
      </trkpt>
      <trkpt lat="45.990793" lon="13.642277">
        <ele>118.745331</ele>
        <time>2026-07-17T20:14:57.132Z</time>
      </trkpt>
      <trkpt lat="45.990625" lon="13.642484">
        <ele>118.763972</ele>
        <time>2026-07-17T20:15:00.860Z</time>
      </trkpt>
      <trkpt lat="45.988898" lon="13.645287">
        <ele>116.422115</ele>
        <time>2026-07-17T20:15:31.661Z</time>
      </trkpt>
      <trkpt lat="45.988557" lon="13.645937">
        <ele>116.209563</ele>
        <time>2026-07-17T20:15:37.914Z</time>
      </trkpt>
      <trkpt lat="45.988236" lon="13.646617">
        <ele>115.995022</ele>
        <time>2026-07-17T20:15:48.285Z</time>
      </trkpt>
      <trkpt lat="45.987982" lon="13.647177">
        <ele>115.805874</ele>
        <time>2026-07-17T20:15:56.285Z</time>
      </trkpt>
      <trkpt lat="45.987724" lon="13.647658">
        <ele>115.406781</ele>
        <time>2026-07-17T20:16:02.407Z</time>
      </trkpt>
      <trkpt lat="45.987581" lon="13.648021">
        <ele>115.132717</ele>
        <time>2026-07-17T20:16:07.571Z</time>
      </trkpt>
      <trkpt lat="45.987418" lon="13.648622">
        <ele>114.708986</ele>
        <time>2026-07-17T20:16:14.012Z</time>
      </trkpt>
      <trkpt lat="45.987296" lon="13.648931">
        <ele>114.475563</ele>
        <time>2026-07-17T20:16:16.704Z</time>
      </trkpt>
      <trkpt lat="45.986738" lon="13.650036">
        <ele>112.162855</ele>
        <time>2026-07-17T20:16:26.151Z</time>
      </trkpt>
      <trkpt lat="45.986127" lon="13.651034">
        <ele>109.047145</ele>
        <time>2026-07-17T20:16:35.486Z</time>
      </trkpt>
      <trkpt lat="45.985391" lon="13.652153">
        <ele>106.178285</ele>
        <time>2026-07-17T20:16:46.054Z</time>
      </trkpt>
      <trkpt lat="45.985003" lon="13.652611">
        <ele>104.963100</ele>
        <time>2026-07-17T20:16:51.313Z</time>
      </trkpt>
      <trkpt lat="45.984382" lon="13.653160">
        <ele>103.364457</ele>
        <time>2026-07-17T20:17:01.052Z</time>
      </trkpt>
      <trkpt lat="45.983481" lon="13.653697">
        <ele>101.768678</ele>
        <time>2026-07-17T20:17:14.633Z</time>
      </trkpt>
      <trkpt lat="45.983237" lon="13.653876">
        <ele>101.320526</ele>
        <time>2026-07-17T20:17:17.561Z</time>
      </trkpt>
      <trkpt lat="45.982770" lon="13.654058">
        <ele>100.021311</ele>
        <time>2026-07-17T20:17:22.283Z</time>
      </trkpt>
      <trkpt lat="45.982414" lon="13.654059">
        <ele>98.200802</ele>
        <time>2026-07-17T20:17:25.571Z</time>
      </trkpt>
      <trkpt lat="45.982277" lon="13.654032">
        <ele>97.493675</ele>
        <time>2026-07-17T20:17:26.830Z</time>
      </trkpt>
      <trkpt lat="45.982151" lon="13.653987">
        <ele>96.829793</ele>
        <time>2026-07-17T20:17:28.007Z</time>
      </trkpt>
      <trkpt lat="45.981756" lon="13.653708">
        <ele>94.579662</ele>
        <time>2026-07-17T20:17:32.025Z</time>
      </trkpt>
      <trkpt lat="45.981342" lon="13.653372">
        <ele>92.149081</ele>
        <time>2026-07-17T20:17:36.474Z</time>
      </trkpt>
      <trkpt lat="45.981132" lon="13.653148">
        <ele>91.132707</ele>
        <time>2026-07-17T20:17:38.996Z</time>
      </trkpt>
      <trkpt lat="45.980677" lon="13.652521">
        <ele>89.273737</ele>
        <time>2026-07-17T20:17:45.380Z</time>
      </trkpt>
      <trkpt lat="45.980443" lon="13.652277">
        <ele>88.421009</ele>
        <time>2026-07-17T20:17:48.472Z</time>
      </trkpt>
      <trkpt lat="45.980199" lon="13.652089">
        <ele>87.604281</ele>
        <time>2026-07-17T20:17:51.518Z</time>
      </trkpt>
      <trkpt lat="45.979714" lon="13.651796">
        <ele>86.121949</ele>
        <time>2026-07-17T20:17:57.347Z</time>
      </trkpt>
      <trkpt lat="45.979446" lon="13.651542">
        <ele>85.489864</ele>
        <time>2026-07-17T20:18:00.715Z</time>
      </trkpt>
      <trkpt lat="45.979279" lon="13.651308">
        <ele>85.030745</ele>
        <time>2026-07-17T20:18:03.062Z</time>
      </trkpt>
      <trkpt lat="45.979088" lon="13.650806">
        <ele>84.247366</ele>
        <time>2026-07-17T20:18:06.969Z</time>
      </trkpt>
      <trkpt lat="45.979010" lon="13.650664">
        <ele>83.999609</ele>
        <time>2026-07-17T20:18:08.254Z</time>
      </trkpt>
      <trkpt lat="45.978468" lon="13.649797">
        <ele>82.987411</ele>
        <time>2026-07-17T20:18:17.997Z</time>
      </trkpt>
      <trkpt lat="45.977651" lon="13.648421">
        <ele>85.088314</ele>
        <time>2026-07-17T20:18:51.032Z</time>
      </trkpt>
      <trkpt lat="45.977292" lon="13.647977">
        <ele>85.659670</ele>
        <time>2026-07-17T20:19:02.730Z</time>
      </trkpt>
      <trkpt lat="45.976696" lon="13.646998">
        <ele>85.034920</ele>
        <time>2026-07-17T20:19:13.594Z</time>
      </trkpt>
      <trkpt lat="45.976305" lon="13.646441">
        <ele>84.654886</ele>
        <time>2026-07-17T20:19:19.198Z</time>
      </trkpt>
      <trkpt lat="45.976228" lon="13.646363">
        <ele>84.589843</ele>
        <time>2026-07-17T20:19:20.238Z</time>
      </trkpt>
      <trkpt lat="45.976090" lon="13.646257">
        <ele>84.481792</ele>
        <time>2026-07-17T20:19:22.180Z</time>
      </trkpt>
      <trkpt lat="45.975910" lon="13.645999">
        <ele>85.229218</ele>
        <time>2026-07-17T20:19:26.537Z</time>
      </trkpt>
      <trkpt lat="45.975679" lon="13.645452">
        <ele>86.540705</ele>
        <time>2026-07-17T20:19:38.297Z</time>
      </trkpt>
      <trkpt lat="45.975660" lon="13.645364">
        <ele>86.729515</ele>
        <time>2026-07-17T20:19:40.398Z</time>
      </trkpt>
      <trkpt lat="45.975667" lon="13.645074">
        <ele>87.324074</ele>
        <time>2026-07-17T20:19:47.439Z</time>
      </trkpt>
      <trkpt lat="45.975619" lon="13.644628">
        <ele>88.248808</ele>
        <time>2026-07-17T20:19:58.470Z</time>
      </trkpt>
      <trkpt lat="45.975652" lon="13.644286">
        <ele>88.956277</ele>
        <time>2026-07-17T20:20:06.662Z</time>
      </trkpt>
      <trkpt lat="45.975676" lon="13.644232">
        <ele>89.087613</ele>
        <time>2026-07-17T20:20:08.162Z</time>
      </trkpt>
      <trkpt lat="45.975695" lon="13.644238">
        <ele>89.144964</ele>
        <time>2026-07-17T20:20:08.773Z</time>
      </trkpt>
      <trkpt lat="45.975770" lon="13.644583">
        <ele>89.837907</ele>
        <time>2026-07-17T20:20:16.503Z</time>
      </trkpt>
      <trkpt lat="45.975885" lon="13.644793">
        <ele>90.127354</ele>
        <time>2026-07-17T20:20:21.638Z</time>
      </trkpt>
      <trkpt lat="45.975996" lon="13.645342">
        <ele>90.746342</ele>
        <time>2026-07-17T20:20:30.855Z</time>
      </trkpt>
      <trkpt lat="45.976280" lon="13.646219">
        <ele>91.793793</ele>
        <time>2026-07-17T20:20:41.604Z</time>
      </trkpt>
      <trkpt lat="45.976332" lon="13.646637">
        <ele>92.253509</ele>
        <time>2026-07-17T20:20:45.562Z</time>
      </trkpt>
      <trkpt lat="45.976328" lon="13.646798">
        <ele>92.427917</ele>
        <time>2026-07-17T20:20:47.455Z</time>
      </trkpt>
      <trkpt lat="45.976280" lon="13.647102">
        <ele>92.885749</ele>
        <time>2026-07-17T20:20:51.617Z</time>
      </trkpt>
      <trkpt lat="45.975691" lon="13.648903">
        <ele>96.488641</ele>
        <time>2026-07-17T20:21:30.765Z</time>
      </trkpt>
      <trkpt lat="45.975672" lon="13.648954">
        <ele>96.593383</ele>
        <time>2026-07-17T20:21:31.844Z</time>
      </trkpt>
      <trkpt lat="45.975550" lon="13.649010">
        <ele>96.926919</ele>
        <time>2026-07-17T20:21:35.001Z</time>
      </trkpt>
      <trkpt lat="45.975521" lon="13.649015">
        <ele>97.002993</ele>
        <time>2026-07-17T20:21:35.743Z</time>
      </trkpt>
      <trkpt lat="45.975407" lon="13.648915">
        <ele>97.298204</ele>
        <time>2026-07-17T20:21:38.891Z</time>
      </trkpt>
      <trkpt lat="45.975250" lon="13.648786">
        <ele>97.458615</ele>
        <time>2026-07-17T20:21:43.000Z</time>
      </trkpt>
      <trkpt lat="45.975051" lon="13.648677">
        <ele>97.647540</ele>
        <time>2026-07-17T20:21:47.481Z</time>
      </trkpt>
      <trkpt lat="45.974752" lon="13.648606">
        <ele>97.916419</ele>
        <time>2026-07-17T20:21:53.420Z</time>
      </trkpt>
      <trkpt lat="45.974648" lon="13.648590">
        <ele>98.009220</ele>
        <time>2026-07-17T20:21:55.383Z</time>
      </trkpt>
      <trkpt lat="45.974277" lon="13.648604">
        <ele>98.338507</ele>
        <time>2026-07-17T20:22:01.419Z</time>
      </trkpt>
      <trkpt lat="45.973773" lon="13.648729">
        <ele>98.792280</ele>
        <time>2026-07-17T20:22:09.862Z</time>
      </trkpt>
      <trkpt lat="45.973682" lon="13.648734">
        <ele>98.861449</ele>
        <time>2026-07-17T20:22:11.173Z</time>
      </trkpt>
      <trkpt lat="45.973442" lon="13.648675">
        <ele>98.669120</ele>
        <time>2026-07-17T20:22:14.407Z</time>
      </trkpt>
      <trkpt lat="45.973276" lon="13.648620">
        <ele>98.534560</ele>
        <time>2026-07-17T20:22:16.558Z</time>
      </trkpt>
      <trkpt lat="45.972984" lon="13.648434">
        <ele>98.282310</ele>
        <time>2026-07-17T20:22:20.495Z</time>
      </trkpt>
      <trkpt lat="45.972866" lon="13.648335">
        <ele>98.174410</ele>
        <time>2026-07-17T20:22:22.143Z</time>
      </trkpt>
      <trkpt lat="45.972561" lon="13.648088">
        <ele>97.897943</ele>
        <time>2026-07-17T20:22:26.336Z</time>
      </trkpt>
      <trkpt lat="45.972480" lon="13.648005">
        <ele>97.819392</ele>
        <time>2026-07-17T20:22:27.523Z</time>
      </trkpt>
      <trkpt lat="45.972201" lon="13.647702">
        <ele>97.543270</ele>
        <time>2026-07-17T20:22:31.710Z</time>
      </trkpt>
      <trkpt lat="45.972140" lon="13.647626">
        <ele>97.479531</ele>
        <time>2026-07-17T20:22:32.684Z</time>
      </trkpt>
      <trkpt lat="45.972043" lon="13.647476">
        <ele>97.437355</ele>
        <time>2026-07-17T20:22:34.365Z</time>
      </trkpt>
      <trkpt lat="45.971726" lon="13.647735">
        <ele>97.405394</ele>
        <time>2026-07-17T20:22:40.754Z</time>
      </trkpt>
      <trkpt lat="45.970857" lon="13.648090">
        <ele>97.326195</ele>
        <time>2026-07-17T20:22:59.978Z</time>
      </trkpt>
      <trkpt lat="45.970597" lon="13.648215">
        <ele>97.302161</ele>
        <time>2026-07-17T20:23:06.138Z</time>
      </trkpt>
      <trkpt lat="45.970104" lon="13.648535">
        <ele>97.378224</ele>
        <time>2026-07-17T20:23:17.773Z</time>
      </trkpt>
      <trkpt lat="45.969858" lon="13.648712">
        <ele>97.442476</ele>
        <time>2026-07-17T20:23:23.584Z</time>
      </trkpt>
      <trkpt lat="45.969526" lon="13.648831">
        <ele>97.522403</ele>
        <time>2026-07-17T20:23:30.820Z</time>
      </trkpt>
      <trkpt lat="45.969228" lon="13.648853">
        <ele>97.592108</ele>
        <time>2026-07-17T20:23:37.172Z</time>
      </trkpt>
      <trkpt lat="45.968957" lon="13.648929">
        <ele>97.656606</ele>
        <time>2026-07-17T20:23:42.917Z</time>
      </trkpt>
      <trkpt lat="45.968677" lon="13.649093">
        <ele>97.691654</ele>
        <time>2026-07-17T20:23:49.007Z</time>
      </trkpt>
      <trkpt lat="45.968330" lon="13.649337">
        <ele>97.609488</ele>
        <time>2026-07-17T20:23:57.014Z</time>
      </trkpt>
      <trkpt lat="45.968219" lon="13.649363">
        <ele>97.585563</ele>
        <time>2026-07-17T20:23:59.377Z</time>
      </trkpt>
      <trkpt lat="45.968055" lon="13.649339">
        <ele>97.550493</ele>
        <time>2026-07-17T20:24:02.962Z</time>
      </trkpt>
      <trkpt lat="45.967803" lon="13.649187">
        <ele>97.492362</ele>
        <time>2026-07-17T20:24:08.657Z</time>
      </trkpt>
      <trkpt lat="45.967691" lon="13.649158">
        <ele>97.468152</ele>
        <time>2026-07-17T20:24:10.893Z</time>
      </trkpt>
      <trkpt lat="45.967642" lon="13.649145">
        <ele>97.457552</ele>
        <time>2026-07-17T20:24:11.854Z</time>
      </trkpt>
      <trkpt lat="45.967378" lon="13.649181">
        <ele>97.401137</ele>
        <time>2026-07-17T20:24:16.730Z</time>
      </trkpt>
      <trkpt lat="45.967090" lon="13.649221">
        <ele>97.339583</ele>
        <time>2026-07-17T20:24:21.784Z</time>
      </trkpt>
      <trkpt lat="45.966866" lon="13.649182">
        <ele>97.182224</ele>
        <time>2026-07-17T20:24:25.738Z</time>
      </trkpt>
      <trkpt lat="45.966432" lon="13.648399">
        <ele>96.563139</ele>
        <time>2026-07-17T20:24:37.961Z</time>
      </trkpt>
      <trkpt lat="45.966226" lon="13.648078">
        <ele>96.293063</ele>
        <time>2026-07-17T20:24:43.208Z</time>
      </trkpt>
      <trkpt lat="45.966183" lon="13.648010">
        <ele>96.236234</ele>
        <time>2026-07-17T20:24:44.332Z</time>
      </trkpt>
      <trkpt lat="45.966149" lon="13.648051">
        <ele>96.196778</ele>
        <time>2026-07-17T20:24:47.379Z</time>
      </trkpt>
      <trkpt lat="45.966076" lon="13.648012">
        <ele>96.127523</ele>
        <time>2026-07-17T20:24:48.739Z</time>
      </trkpt>
      <trkpt lat="45.965986" lon="13.648092">
        <ele>96.033435</ele>
        <time>2026-07-17T20:24:50.549Z</time>
      </trkpt>
      <trkpt lat="45.965949" lon="13.648032">
        <ele>95.983852</ele>
        <time>2026-07-17T20:24:51.556Z</time>
      </trkpt>
      <trkpt lat="45.965889" lon="13.647913">
        <ele>95.892972</ele>
        <time>2026-07-17T20:24:53.339Z</time>
      </trkpt>
      <trkpt lat="45.965919" lon="13.647823">
        <ele>95.831269</ele>
        <time>2026-07-17T20:24:54.252Z</time>
      </trkpt>
      <trkpt lat="45.965912" lon="13.647751">
        <ele>95.786327</ele>
        <time>2026-07-17T20:24:54.875Z</time>
      </trkpt>
      <trkpt lat="45.965550" lon="13.647143">
        <ele>95.230475</ele>
        <time>2026-07-17T20:25:02.081Z</time>
      </trkpt>
      <trkpt lat="45.965590" lon="13.647091">
        <ele>95.175808</ele>
        <time>2026-07-17T20:25:03.000Z</time>
      </trkpt>
      <trkpt lat="45.965260" lon="13.646724">
        <ele>94.752855</ele>
        <time>2026-07-17T20:25:08.094Z</time>
      </trkpt>
      <trkpt lat="45.964485" lon="13.645456">
        <ele>93.643605</ele>
        <time>2026-07-17T20:25:22.077Z</time>
      </trkpt>
      <trkpt lat="45.964302" lon="13.645272">
        <ele>93.471098</ele>
        <time>2026-07-17T20:25:24.749Z</time>
      </trkpt>
      <trkpt lat="45.964147" lon="13.645217">
        <ele>93.347748</ele>
        <time>2026-07-17T20:25:26.681Z</time>
      </trkpt>
      <trkpt lat="45.964166" lon="13.645125">
        <ele>93.296202</ele>
        <time>2026-07-17T20:25:27.486Z</time>
      </trkpt>
      <trkpt lat="45.964087" lon="13.645099">
        <ele>93.233585</ele>
        <time>2026-07-17T20:25:28.483Z</time>
      </trkpt>
      <trkpt lat="45.964507" lon="13.643172">
        <ele>92.410503</ele>
        <time>2026-07-17T20:25:47.283Z</time>
      </trkpt>
      <trkpt lat="45.964661" lon="13.642495">
        <ele>92.302993</ele>
        <time>2026-07-17T20:25:54.312Z</time>
      </trkpt>
      <trkpt lat="45.964752" lon="13.642197">
        <ele>92.253868</ele>
        <time>2026-07-17T20:25:57.502Z</time>
      </trkpt>
      <trkpt lat="45.964840" lon="13.641992">
        <ele>92.217503</ele>
        <time>2026-07-17T20:25:59.879Z</time>
      </trkpt>
      <trkpt lat="45.964844" lon="13.641737">
        <ele>92.179007</ele>
        <time>2026-07-17T20:26:02.453Z</time>
      </trkpt>
      <trkpt lat="45.964726" lon="13.641486">
        <ele>92.133273</ele>
        <time>2026-07-17T20:26:05.597Z</time>
      </trkpt>
      <trkpt lat="45.964361" lon="13.641366">
        <ele>92.127877</ele>
        <time>2026-07-17T20:26:11.105Z</time>
      </trkpt>
      <trkpt lat="45.964053" lon="13.641259">
        <ele>92.133448</ele>
        <time>2026-07-17T20:26:15.809Z</time>
      </trkpt>
      <trkpt lat="45.962268" lon="13.640626">
        <ele>91.965192</ele>
        <time>2026-07-17T20:26:43.369Z</time>
      </trkpt>
      <trkpt lat="45.961806" lon="13.640471">
        <ele>91.833602</ele>
        <time>2026-07-17T20:26:49.579Z</time>
      </trkpt>
      <trkpt lat="45.961450" lon="13.640348">
        <ele>91.732045</ele>
        <time>2026-07-17T20:26:54.419Z</time>
      </trkpt>
      <trkpt lat="45.961464" lon="13.640268">
        <ele>91.716138</ele>
        <time>2026-07-17T20:27:00.658Z</time>
      </trkpt>
      <trkpt lat="45.961512" lon="13.640028">
        <ele>91.667984</ele>
        <time>2026-07-17T20:27:19.586Z</time>
      </trkpt>
      <trkpt lat="45.961558" lon="13.639797">
        <ele>91.654902</ele>
        <time>2026-07-17T20:27:37.890Z</time>
      </trkpt>
      <trkpt lat="45.961456" lon="13.639759">
        <ele>91.654902</ele>
        <time>2026-07-17T20:27:39.352Z</time>
      </trkpt>
      <trkpt lat="45.961364" lon="13.639727">
        <ele>91.654902</ele>
        <time>2026-07-17T20:27:40.732Z</time>
      </trkpt>
      <trkpt lat="45.961305" lon="13.640009">
        <ele>91.654902</ele>
        <time>2026-07-17T20:27:43.677Z</time>
      </trkpt>
      <trkpt lat="45.961263" lon="13.640066">
        <ele>91.654902</ele>
        <time>2026-07-17T20:27:44.550Z</time>
      </trkpt>
      <trkpt lat="45.961142" lon="13.640027">
        <ele>91.654902</ele>
        <time>2026-07-17T20:27:46.373Z</time>
      </trkpt>
      <trkpt lat="45.960986" lon="13.639975">
        <ele>91.654902</ele>
        <time>2026-07-17T20:27:48.803Z</time>
      </trkpt>
      <trkpt lat="45.960825" lon="13.639922">
        <ele>91.654902</ele>
        <time>2026-07-17T20:27:51.531Z</time>
      </trkpt>
      <trkpt lat="45.960677" lon="13.639874">
        <ele>91.654902</ele>
        <time>2026-07-17T20:27:54.194Z</time>
      </trkpt>
    </trkseg>
  </trk>
</gpx>