<?xml version='1.0' encoding='UTF-8'?>
<gpx version="1.1" creator="https://www.komoot.de" xmlns="http://www.topografix.com/GPX/1/1" xmlns:xsi="http://www.w3.org/2001/XMLSchema-instance" xsi:schemaLocation="http://www.topografix.com/GPX/1/1 http://www.topografix.com/GPX/1/1/gpx.xsd">
  <metadata>
    <name>Tour of Slovenia - T3</name>
    <author>
      <link href="https://www.komoot.de">
        <text>komoot</text>
        <type>text/html</type>
      </link>
    </author>
  </metadata>
  <trk>
    <name>Tour of Slovenia - T3</name>
    <type>racebike</type>
    <trkseg>
      <trkpt lat="46.051463" lon="14.506062">
        <ele>299.410844</ele>
        <time>2026-07-17T14:48:56.329Z</time>
      </trkpt>
      <trkpt lat="46.051561" lon="14.505810">
        <ele>299.410844</ele>
        <time>2026-07-17T14:49:10.280Z</time>
      </trkpt>
      <trkpt lat="46.051608" lon="14.505692">
        <ele>299.410844</ele>
        <time>2026-07-17T14:49:16.812Z</time>
      </trkpt>
      <trkpt lat="46.051668" lon="14.505538">
        <ele>299.410844</ele>
        <time>2026-07-17T14:49:25.398Z</time>
      </trkpt>
      <trkpt lat="46.051875" lon="14.504918">
        <ele>299.410844</ele>
        <time>2026-07-17T14:49:47.664Z</time>
      </trkpt>
      <trkpt lat="46.052007" lon="14.504524">
        <ele>300.294186</ele>
        <time>2026-07-17T14:50:02.057Z</time>
      </trkpt>
      <trkpt lat="46.052315" lon="14.503577">
        <ele>302.436575</ele>
        <time>2026-07-17T14:50:27.744Z</time>
      </trkpt>
      <trkpt lat="46.052342" lon="14.503472">
        <ele>302.665957</ele>
        <time>2026-07-17T14:50:29.840Z</time>
      </trkpt>
      <trkpt lat="46.051753" lon="14.503220">
        <ele>304.479537</ele>
        <time>2026-07-17T14:50:44.488Z</time>
      </trkpt>
      <trkpt lat="46.051769" lon="14.503138">
        <ele>304.654028</ele>
        <time>2026-07-17T14:50:48.562Z</time>
      </trkpt>
      <trkpt lat="46.051809" lon="14.502968">
        <ele>304.654814</ele>
        <time>2026-07-17T14:50:57.238Z</time>
      </trkpt>
      <trkpt lat="46.051855" lon="14.502749">
        <ele>304.553701</ele>
        <time>2026-07-17T14:50:59.354Z</time>
      </trkpt>
      <trkpt lat="46.052012" lon="14.501991">
        <ele>304.204138</ele>
        <time>2026-07-17T14:51:05.871Z</time>
      </trkpt>
      <trkpt lat="46.052211" lon="14.502079">
        <ele>304.071593</ele>
        <time>2026-07-17T14:51:08.432Z</time>
      </trkpt>
      <trkpt lat="46.052423" lon="14.502173">
        <ele>303.930357</ele>
        <time>2026-07-17T14:51:11.176Z</time>
      </trkpt>
      <trkpt lat="46.052625" lon="14.502262">
        <ele>303.795856</ele>
        <time>2026-07-17T14:51:13.771Z</time>
      </trkpt>
      <trkpt lat="46.052683" lon="14.502287">
        <ele>303.757308</ele>
        <time>2026-07-17T14:51:14.567Z</time>
      </trkpt>
      <trkpt lat="46.052791" lon="14.501782">
        <ele>303.459862</ele>
        <time>2026-07-17T14:51:21.545Z</time>
      </trkpt>
      <trkpt lat="46.052793" lon="14.501768">
        <ele>303.445605</ele>
        <time>2026-07-17T14:51:21.746Z</time>
      </trkpt>
      <trkpt lat="46.052902" lon="14.501258">
        <ele>302.913332</ele>
        <time>2026-07-17T14:51:28.898Z</time>
      </trkpt>
      <trkpt lat="46.052917" lon="14.501186">
        <ele>302.838350</ele>
        <time>2026-07-17T14:51:29.772Z</time>
      </trkpt>
      <trkpt lat="46.053122" lon="14.500198">
        <ele>301.809777</ele>
        <time>2026-07-17T14:51:41.377Z</time>
      </trkpt>
      <trkpt lat="46.053147" lon="14.500077">
        <ele>301.683851</ele>
        <time>2026-07-17T14:51:42.344Z</time>
      </trkpt>
      <trkpt lat="46.053189" lon="14.499873">
        <ele>301.471609</ele>
        <time>2026-07-17T14:51:43.993Z</time>
      </trkpt>
      <trkpt lat="46.053243" lon="14.499613">
        <ele>301.200911</ele>
        <time>2026-07-17T14:51:46.100Z</time>
      </trkpt>
      <trkpt lat="46.053264" lon="14.499507">
        <ele>301.090959</ele>
        <time>2026-07-17T14:51:46.939Z</time>
      </trkpt>
      <trkpt lat="46.053263" lon="14.499397">
        <ele>300.983630</ele>
        <time>2026-07-17T14:51:47.765Z</time>
      </trkpt>
      <trkpt lat="46.053339" lon="14.499035">
        <ele>300.715179</ele>
        <time>2026-07-17T14:51:50.552Z</time>
      </trkpt>
      <trkpt lat="46.053501" lon="14.499079">
        <ele>300.546569</ele>
        <time>2026-07-17T14:51:55.587Z</time>
      </trkpt>
      <trkpt lat="46.053549" lon="14.499050">
        <ele>300.493335</ele>
        <time>2026-07-17T14:51:57.201Z</time>
      </trkpt>
      <trkpt lat="46.053592" lon="14.498961">
        <ele>300.416360</ele>
        <time>2026-07-17T14:51:59.465Z</time>
      </trkpt>
      <trkpt lat="46.053593" lon="14.498853">
        <ele>300.339695</ele>
        <time>2026-07-17T14:52:01.744Z</time>
      </trkpt>
      <trkpt lat="46.053566" lon="14.498784">
        <ele>300.283469</ele>
        <time>2026-07-17T14:52:03.443Z</time>
      </trkpt>
      <trkpt lat="46.053426" lon="14.498693">
        <ele>300.126384</ele>
        <time>2026-07-17T14:52:08.234Z</time>
      </trkpt>
      <trkpt lat="46.053534" lon="14.498238">
        <ele>299.785055</ele>
        <time>2026-07-17T14:52:13.687Z</time>
      </trkpt>
      <trkpt lat="46.053659" lon="14.497639">
        <ele>299.341077</ele>
        <time>2026-07-17T14:52:22.221Z</time>
      </trkpt>
      <trkpt lat="46.053754" lon="14.497668">
        <ele>299.241755</ele>
        <time>2026-07-17T14:52:26.030Z</time>
      </trkpt>
      <trkpt lat="46.053845" lon="14.497636">
        <ele>299.165566</ele>
        <time>2026-07-17T14:52:29.874Z</time>
      </trkpt>
      <trkpt lat="46.053895" lon="14.497526">
        <ele>299.534625</ele>
        <time>2026-07-17T14:52:33.734Z</time>
      </trkpt>
      <trkpt lat="46.053884" lon="14.497407">
        <ele>299.871564</ele>
        <time>2026-07-17T14:52:37.389Z</time>
      </trkpt>
      <trkpt lat="46.053947" lon="14.497391">
        <ele>300.130279</ele>
        <time>2026-07-17T14:52:38.807Z</time>
      </trkpt>
      <trkpt lat="46.053976" lon="14.497295">
        <ele>300.424135</ele>
        <time>2026-07-17T14:52:43.860Z</time>
      </trkpt>
      <trkpt lat="46.053989" lon="14.497003">
        <ele>301.245356</ele>
        <time>2026-07-17T14:52:57.980Z</time>
      </trkpt>
      <trkpt lat="46.054034" lon="14.496664">
        <ele>302.214053</ele>
        <time>2026-07-17T14:53:14.593Z</time>
      </trkpt>
      <trkpt lat="46.053882" lon="14.496585">
        <ele>302.867544</ele>
        <time>2026-07-17T14:53:25.879Z</time>
      </trkpt>
      <trkpt lat="46.053899" lon="14.496508">
        <ele>303.094327</ele>
        <time>2026-07-17T14:53:29.764Z</time>
      </trkpt>
      <trkpt lat="46.054113" lon="14.495487">
        <ele>306.087741</ele>
        <time>2026-07-17T14:54:21.275Z</time>
      </trkpt>
      <trkpt lat="46.054306" lon="14.494573">
        <ele>309.456497</ele>
        <time>2026-07-17T14:55:07.419Z</time>
      </trkpt>
      <trkpt lat="46.054328" lon="14.494468">
        <ele>309.854563</ele>
        <time>2026-07-17T14:55:12.702Z</time>
      </trkpt>
      <trkpt lat="46.054356" lon="14.494331">
        <ele>310.372891</ele>
        <time>2026-07-17T14:55:19.606Z</time>
      </trkpt>
      <trkpt lat="46.054234" lon="14.494114">
        <ele>311.386461</ele>
        <time>2026-07-17T14:55:33.119Z</time>
      </trkpt>
      <trkpt lat="46.054013" lon="14.493967">
        <ele>312.659422</ele>
        <time>2026-07-17T14:55:50.032Z</time>
      </trkpt>
      <trkpt lat="46.054004" lon="14.493857">
        <ele>313.061412</ele>
        <time>2026-07-17T14:55:55.374Z</time>
      </trkpt>
      <trkpt lat="46.054096" lon="14.493683">
        <ele>313.855316</ele>
        <time>2026-07-17T14:56:05.947Z</time>
      </trkpt>
      <trkpt lat="46.054049" lon="14.493412">
        <ele>314.869108</ele>
        <time>2026-07-17T14:56:19.420Z</time>
      </trkpt>
      <trkpt lat="46.054017" lon="14.493306">
        <ele>315.288639</ele>
        <time>2026-07-17T14:56:25.009Z</time>
      </trkpt>
      <trkpt lat="46.054120" lon="14.493177">
        <ele>315.852945</ele>
        <time>2026-07-17T14:56:30.994Z</time>
      </trkpt>
      <trkpt lat="46.054331" lon="14.493003">
        <ele>316.019222</ele>
        <time>2026-07-17T14:56:41.057Z</time>
      </trkpt>
      <trkpt lat="46.054387" lon="14.492907">
        <ele>316.078749</ele>
        <time>2026-07-17T14:56:44.513Z</time>
      </trkpt>
      <trkpt lat="46.054458" lon="14.492674">
        <ele>316.199535</ele>
        <time>2026-07-17T14:56:51.332Z</time>
      </trkpt>
      <trkpt lat="46.054569" lon="14.492729">
        <ele>316.279818</ele>
        <time>2026-07-17T14:57:01.748Z</time>
      </trkpt>
      <trkpt lat="46.054807" lon="14.492774">
        <ele>316.443996</ele>
        <time>2026-07-17T14:57:22.581Z</time>
      </trkpt>
      <trkpt lat="46.054994" lon="14.493085">
        <ele>316.639314</ele>
        <time>2026-07-17T14:57:45.996Z</time>
      </trkpt>
      <trkpt lat="46.055064" lon="14.493152">
        <ele>316.696791</ele>
        <time>2026-07-17T14:57:52.526Z</time>
      </trkpt>
      <trkpt lat="46.055123" lon="14.493177">
        <ele>316.738853</ele>
        <time>2026-07-17T14:57:57.296Z</time>
      </trkpt>
      <trkpt lat="46.055670" lon="14.493369">
        <ele>316.609272</ele>
        <time>2026-07-17T14:58:37.293Z</time>
      </trkpt>
      <trkpt lat="46.055909" lon="14.493573">
        <ele>315.253257</ele>
        <time>2026-07-17T14:58:56.101Z</time>
      </trkpt>
      <trkpt lat="46.056024" lon="14.493769">
        <ele>314.383769</ele>
        <time>2026-07-17T14:59:08.024Z</time>
      </trkpt>
      <trkpt lat="46.056067" lon="14.493941">
        <ele>313.764444</ele>
        <time>2026-07-17T14:59:16.468Z</time>
      </trkpt>
      <trkpt lat="46.056071" lon="14.494092">
        <ele>313.252544</ele>
        <time>2026-07-17T14:59:23.392Z</time>
      </trkpt>
      <trkpt lat="46.056018" lon="14.494400">
        <ele>312.177563</ele>
        <time>2026-07-17T14:59:37.790Z</time>
      </trkpt>
      <trkpt lat="46.055864" lon="14.495080">
        <ele>309.754422</ele>
        <time>2026-07-17T15:00:09.848Z</time>
      </trkpt>
      <trkpt lat="46.055654" lon="14.495992">
        <ele>306.722928</ele>
        <time>2026-07-17T15:00:52.974Z</time>
      </trkpt>
      <trkpt lat="46.055594" lon="14.496246">
        <ele>305.928119</ele>
        <time>2026-07-17T15:01:05.228Z</time>
      </trkpt>
      <trkpt lat="46.055320" lon="14.497437">
        <ele>302.211241</ele>
        <time>2026-07-17T15:01:22.751Z</time>
      </trkpt>
      <trkpt lat="46.055260" lon="14.497705">
        <ele>301.377060</ele>
        <time>2026-07-17T15:01:26.861Z</time>
      </trkpt>
      <trkpt lat="46.055256" lon="14.497722">
        <ele>301.323886</ele>
        <time>2026-07-17T15:01:27.121Z</time>
      </trkpt>
      <trkpt lat="46.055231" lon="14.497828">
        <ele>300.992246</ele>
        <time>2026-07-17T15:01:32.500Z</time>
      </trkpt>
      <trkpt lat="46.055333" lon="14.497860">
        <ele>300.593533</ele>
        <time>2026-07-17T15:01:33.596Z</time>
      </trkpt>
      <trkpt lat="46.055641" lon="14.498111">
        <ele>300.346884</ele>
        <time>2026-07-17T15:01:37.529Z</time>
      </trkpt>
      <trkpt lat="46.056035" lon="14.498432">
        <ele>300.031388</ele>
        <time>2026-07-17T15:01:43.285Z</time>
      </trkpt>
      <trkpt lat="46.056092" lon="14.498457">
        <ele>299.989856</ele>
        <time>2026-07-17T15:01:44.116Z</time>
      </trkpt>
      <trkpt lat="46.056118" lon="14.498421">
        <ele>299.964722</ele>
        <time>2026-07-17T15:01:44.649Z</time>
      </trkpt>
      <trkpt lat="46.056280" lon="14.498533">
        <ele>299.839475</ele>
        <time>2026-07-17T15:01:47.244Z</time>
      </trkpt>
      <trkpt lat="46.056598" lon="14.498536">
        <ele>299.617806</ele>
        <time>2026-07-17T15:01:52.147Z</time>
      </trkpt>
      <trkpt lat="46.057018" lon="14.498551">
        <ele>299.376128</ele>
        <time>2026-07-17T15:01:58.987Z</time>
      </trkpt>
      <trkpt lat="46.057481" lon="14.498567">
        <ele>299.742425</ele>
        <time>2026-07-17T15:02:06.973Z</time>
      </trkpt>
      <trkpt lat="46.057734" lon="14.498575">
        <ele>299.942574</ele>
        <time>2026-07-17T15:02:11.363Z</time>
      </trkpt>
      <trkpt lat="46.057777" lon="14.498576">
        <ele>299.976587</ele>
        <time>2026-07-17T15:02:12.095Z</time>
      </trkpt>
      <trkpt lat="46.058002" lon="14.498581">
        <ele>300.154563</ele>
        <time>2026-07-17T15:02:15.945Z</time>
      </trkpt>
      <trkpt lat="46.058034" lon="14.498582">
        <ele>300.179878</ele>
        <time>2026-07-17T15:02:16.521Z</time>
      </trkpt>
      <trkpt lat="46.058137" lon="14.498585">
        <ele>300.261359</ele>
        <time>2026-07-17T15:02:18.341Z</time>
      </trkpt>
      <trkpt lat="46.058339" lon="14.498591">
        <ele>300.421157</ele>
        <time>2026-07-17T15:02:21.996Z</time>
      </trkpt>
      <trkpt lat="46.058635" lon="14.498593">
        <ele>300.655269</ele>
        <time>2026-07-17T15:02:27.490Z</time>
      </trkpt>
      <trkpt lat="46.058831" lon="14.498495">
        <ele>300.892630</ele>
        <time>2026-07-17T15:02:31.591Z</time>
      </trkpt>
      <trkpt lat="46.058994" lon="14.498397">
        <ele>301.246189</ele>
        <time>2026-07-17T15:02:35.419Z</time>
      </trkpt>
      <trkpt lat="46.059412" lon="14.497946">
        <ele>302.291497</ele>
        <time>2026-07-17T15:02:46.842Z</time>
      </trkpt>
      <trkpt lat="46.059575" lon="14.497778">
        <ele>302.692661</ele>
        <time>2026-07-17T15:02:51.159Z</time>
      </trkpt>
      <trkpt lat="46.059660" lon="14.497681">
        <ele>302.909706</ele>
        <time>2026-07-17T15:02:53.502Z</time>
      </trkpt>
      <trkpt lat="46.059704" lon="14.497631">
        <ele>303.021876</ele>
        <time>2026-07-17T15:02:54.686Z</time>
      </trkpt>
      <trkpt lat="46.059761" lon="14.497597">
        <ele>303.145369</ele>
        <time>2026-07-17T15:02:56.015Z</time>
      </trkpt>
      <trkpt lat="46.059834" lon="14.497489">
        <ele>303.354801</ele>
        <time>2026-07-17T15:02:58.219Z</time>
      </trkpt>
      <trkpt lat="46.060680" lon="14.496605">
        <ele>307.540494</ele>
        <time>2026-07-17T15:03:25.631Z</time>
      </trkpt>
      <trkpt lat="46.060763" lon="14.496457">
        <ele>308.319860</ele>
        <time>2026-07-17T15:03:30.052Z</time>
      </trkpt>
      <trkpt lat="46.060800" lon="14.496371">
        <ele>308.734290</ele>
        <time>2026-07-17T15:03:32.518Z</time>
      </trkpt>
      <trkpt lat="46.060856" lon="14.496111">
        <ele>309.849263</ele>
        <time>2026-07-17T15:03:39.720Z</time>
      </trkpt>
      <trkpt lat="46.060859" lon="14.495950">
        <ele>310.508891</ele>
        <time>2026-07-17T15:03:44.067Z</time>
      </trkpt>
      <trkpt lat="46.060852" lon="14.495880">
        <ele>310.798544</ele>
        <time>2026-07-17T15:03:46.081Z</time>
      </trkpt>
      <trkpt lat="46.060701" lon="14.495379">
        <ele>313.035640</ele>
        <time>2026-07-17T15:04:02.055Z</time>
      </trkpt>
      <trkpt lat="46.060637" lon="14.495151">
        <ele>314.042950</ele>
        <time>2026-07-17T15:04:10.253Z</time>
      </trkpt>
      <trkpt lat="46.060556" lon="14.494708">
        <ele>316.338425</ele>
        <time>2026-07-17T15:04:27.191Z</time>
      </trkpt>
      <trkpt lat="46.060509" lon="14.494636">
        <ele>316.925585</ele>
        <time>2026-07-17T15:04:31.233Z</time>
      </trkpt>
      <trkpt lat="46.060449" lon="14.494616">
        <ele>317.452744</ele>
        <time>2026-07-17T15:04:34.602Z</time>
      </trkpt>
      <trkpt lat="46.060455" lon="14.494475">
        <ele>318.291824</ele>
        <time>2026-07-17T15:04:41.486Z</time>
      </trkpt>
      <trkpt lat="46.060403" lon="14.494460">
        <ele>318.745773</ele>
        <time>2026-07-17T15:04:45.744Z</time>
      </trkpt>
      <trkpt lat="46.060269" lon="14.494332">
        <ele>320.121906</ele>
        <time>2026-07-17T15:04:59.562Z</time>
      </trkpt>
      <trkpt lat="46.060200" lon="14.494228">
        <ele>320.976573</ele>
        <time>2026-07-17T15:05:08.620Z</time>
      </trkpt>
      <trkpt lat="46.060128" lon="14.494045">
        <ele>322.226126</ele>
        <time>2026-07-17T15:05:22.015Z</time>
      </trkpt>
      <trkpt lat="46.059982" lon="14.493911">
        <ele>323.707816</ele>
        <time>2026-07-17T15:05:37.739Z</time>
      </trkpt>
      <trkpt lat="46.059937" lon="14.493901">
        <ele>324.097569</ele>
        <time>2026-07-17T15:05:41.468Z</time>
      </trkpt>
      <trkpt lat="46.059812" lon="14.493728">
        <ele>325.581091</ele>
        <time>2026-07-17T15:05:55.091Z</time>
      </trkpt>
      <trkpt lat="46.060116" lon="14.493168">
        <ele>329.804349</ele>
        <time>2026-07-17T15:06:21.023Z</time>
      </trkpt>
      <trkpt lat="46.060217" lon="14.492921">
        <ele>329.941513</ele>
        <time>2026-07-17T15:06:28.229Z</time>
      </trkpt>
      <trkpt lat="46.060217" lon="14.492757">
        <ele>329.557005</ele>
        <time>2026-07-17T15:06:31.859Z</time>
      </trkpt>
      <trkpt lat="46.060217" lon="14.492921">
        <ele>329.172496</ele>
        <time>2026-07-17T15:06:34.653Z</time>
      </trkpt>
      <trkpt lat="46.060116" lon="14.493168">
        <ele>328.500318</ele>
        <time>2026-07-17T15:06:39.137Z</time>
      </trkpt>
      <trkpt lat="46.059812" lon="14.493728">
        <ele>326.833309</ele>
        <time>2026-07-17T15:06:48.519Z</time>
      </trkpt>
      <trkpt lat="46.059937" lon="14.493901">
        <ele>326.247731</ele>
        <time>2026-07-17T15:06:52.926Z</time>
      </trkpt>
      <trkpt lat="46.059982" lon="14.493911">
        <ele>326.093887</ele>
        <time>2026-07-17T15:06:54.093Z</time>
      </trkpt>
      <trkpt lat="46.060128" lon="14.494045">
        <ele>325.509032</ele>
        <time>2026-07-17T15:06:58.473Z</time>
      </trkpt>
      <trkpt lat="46.060200" lon="14.494228">
        <ele>325.015807</ele>
        <time>2026-07-17T15:07:02.290Z</time>
      </trkpt>
      <trkpt lat="46.060269" lon="14.494332">
        <ele>324.678452</ele>
        <time>2026-07-17T15:07:04.976Z</time>
      </trkpt>
      <trkpt lat="46.060403" lon="14.494460">
        <ele>324.226731</ele>
        <time>2026-07-17T15:07:09.377Z</time>
      </trkpt>
      <trkpt lat="46.060455" lon="14.494475">
        <ele>324.142779</ele>
        <time>2026-07-17T15:07:10.882Z</time>
      </trkpt>
      <trkpt lat="46.060449" lon="14.494616">
        <ele>323.987601</ele>
        <time>2026-07-17T15:07:20.466Z</time>
      </trkpt>
      <trkpt lat="46.060509" lon="14.494636">
        <ele>323.890110</ele>
        <time>2026-07-17T15:07:21.069Z</time>
      </trkpt>
      <trkpt lat="46.060657" lon="14.494029">
        <ele>323.183364</ele>
        <time>2026-07-17T15:08:06.906Z</time>
      </trkpt>
      <trkpt lat="46.060621" lon="14.493849">
        <ele>322.977588</ele>
        <time>2026-07-17T15:08:21.259Z</time>
      </trkpt>
      <trkpt lat="46.060649" lon="14.493802">
        <ele>322.909542</ele>
        <time>2026-07-17T15:08:26.199Z</time>
      </trkpt>
      <trkpt lat="46.060713" lon="14.493785">
        <ele>322.806519</ele>
        <time>2026-07-17T15:08:33.573Z</time>
      </trkpt>
      <trkpt lat="46.060799" lon="14.493858">
        <ele>322.648515</ele>
        <time>2026-07-17T15:08:45.211Z</time>
      </trkpt>
      <trkpt lat="46.060824" lon="14.493920">
        <ele>322.569745</ele>
        <time>2026-07-17T15:08:50.864Z</time>
      </trkpt>
      <trkpt lat="46.060808" lon="14.494374">
        <ele>322.070392</ele>
        <time>2026-07-17T15:09:27.653Z</time>
      </trkpt>
      <trkpt lat="46.060830" lon="14.494559">
        <ele>321.864211</ele>
        <time>2026-07-17T15:09:42.614Z</time>
      </trkpt>
      <trkpt lat="46.061048" lon="14.494438">
        <ele>321.494391</ele>
        <time>2026-07-17T15:10:08.679Z</time>
      </trkpt>
      <trkpt lat="46.061228" lon="14.494466">
        <ele>321.166540</ele>
        <time>2026-07-17T15:10:27.803Z</time>
      </trkpt>
      <trkpt lat="46.061330" lon="14.494570">
        <ele>320.936396</ele>
        <time>2026-07-17T15:10:40.537Z</time>
      </trkpt>
      <trkpt lat="46.061389" lon="14.494782">
        <ele>320.644457</ele>
        <time>2026-07-17T15:10:56.640Z</time>
      </trkpt>
      <trkpt lat="46.061611" lon="14.494959">
        <ele>320.177140</ele>
        <time>2026-07-17T15:11:22.986Z</time>
      </trkpt>
      <trkpt lat="46.061947" lon="14.494945">
        <ele>319.557988</ele>
        <time>2026-07-17T15:11:27.181Z</time>
      </trkpt>
      <trkpt lat="46.062262" lon="14.494889">
        <ele>318.973379</ele>
        <time>2026-07-17T15:11:30.645Z</time>
      </trkpt>
      <trkpt lat="46.062526" lon="14.494745">
        <ele>318.453443</ele>
        <time>2026-07-17T15:11:33.569Z</time>
      </trkpt>
      <trkpt lat="46.062574" lon="14.494703">
        <ele>318.350010</ele>
        <time>2026-07-17T15:11:34.156Z</time>
      </trkpt>
      <trkpt lat="46.062754" lon="14.494473">
        <ele>317.739711</ele>
        <time>2026-07-17T15:11:36.631Z</time>
      </trkpt>
      <trkpt lat="46.062996" lon="14.494231">
        <ele>316.819329</ele>
        <time>2026-07-17T15:11:39.616Z</time>
      </trkpt>
      <trkpt lat="46.063188" lon="14.494053">
        <ele>316.105977</ele>
        <time>2026-07-17T15:11:41.947Z</time>
      </trkpt>
      <trkpt lat="46.063344" lon="14.493892">
        <ele>315.506427</ele>
        <time>2026-07-17T15:11:44.782Z</time>
      </trkpt>
      <trkpt lat="46.063662" lon="14.493481">
        <ele>314.171737</ele>
        <time>2026-07-17T15:11:50.949Z</time>
      </trkpt>
      <trkpt lat="46.064040" lon="14.493043">
        <ele>312.656191</ele>
        <time>2026-07-17T15:11:57.792Z</time>
      </trkpt>
      <trkpt lat="46.064257" lon="14.492880">
        <ele>312.099023</ele>
        <time>2026-07-17T15:12:01.393Z</time>
      </trkpt>
      <trkpt lat="46.064292" lon="14.492861">
        <ele>312.020326</ele>
        <time>2026-07-17T15:12:01.786Z</time>
      </trkpt>
      <trkpt lat="46.064371" lon="14.492804">
        <ele>311.834429</ele>
        <time>2026-07-17T15:12:02.761Z</time>
      </trkpt>
      <trkpt lat="46.064657" lon="14.492598">
        <ele>311.161667</ele>
        <time>2026-07-17T15:12:06.435Z</time>
      </trkpt>
      <trkpt lat="46.064791" lon="14.492422">
        <ele>310.780188</ele>
        <time>2026-07-17T15:12:08.531Z</time>
      </trkpt>
      <trkpt lat="46.065318" lon="14.491462">
        <ele>308.993002</ele>
        <time>2026-07-17T15:12:17.862Z</time>
      </trkpt>
      <trkpt lat="46.065356" lon="14.491390">
        <ele>308.860931</ele>
        <time>2026-07-17T15:12:18.564Z</time>
      </trkpt>
      <trkpt lat="46.065757" lon="14.490659">
        <ele>307.678306</ele>
        <time>2026-07-17T15:12:25.920Z</time>
      </trkpt>
      <trkpt lat="46.065775" lon="14.490630">
        <ele>307.629636</ele>
        <time>2026-07-17T15:12:26.219Z</time>
      </trkpt>
      <trkpt lat="46.065911" lon="14.490408">
        <ele>307.259206</ele>
        <time>2026-07-17T15:12:28.398Z</time>
      </trkpt>
      <trkpt lat="46.066023" lon="14.490227">
        <ele>306.955853</ele>
        <time>2026-07-17T15:12:30.151Z</time>
      </trkpt>
      <trkpt lat="46.066064" lon="14.490160">
        <ele>306.844110</ele>
        <time>2026-07-17T15:12:30.793Z</time>
      </trkpt>
      <trkpt lat="46.066164" lon="14.489998">
        <ele>306.572893</ele>
        <time>2026-07-17T15:12:32.378Z</time>
      </trkpt>
      <trkpt lat="46.066373" lon="14.489617">
        <ele>305.965382</ele>
        <time>2026-07-17T15:12:36.137Z</time>
      </trkpt>
      <trkpt lat="46.066450" lon="14.489492">
        <ele>305.756302</ele>
        <time>2026-07-17T15:12:37.540Z</time>
      </trkpt>
      <trkpt lat="46.066427" lon="14.489287">
        <ele>305.498977</ele>
        <time>2026-07-17T15:12:39.308Z</time>
      </trkpt>
      <trkpt lat="46.066441" lon="14.488980">
        <ele>305.422018</ele>
        <time>2026-07-17T15:12:41.953Z</time>
      </trkpt>
      <trkpt lat="46.066506" lon="14.488996">
        <ele>305.398244</ele>
        <time>2026-07-17T15:12:49.039Z</time>
      </trkpt>
      <trkpt lat="46.066504" lon="14.488840">
        <ele>305.359215</ele>
        <time>2026-07-17T15:12:50.416Z</time>
      </trkpt>
      <trkpt lat="46.066598" lon="14.488097">
        <ele>305.170295</ele>
        <time>2026-07-17T15:12:58.991Z</time>
      </trkpt>
      <trkpt lat="46.066609" lon="14.488034">
        <ele>305.154044</ele>
        <time>2026-07-17T15:12:59.848Z</time>
      </trkpt>
      <trkpt lat="46.066674" lon="14.487779">
        <ele>305.086089</ele>
        <time>2026-07-17T15:13:02.683Z</time>
      </trkpt>
      <trkpt lat="46.066815" lon="14.487314">
        <ele>304.959150</ele>
        <time>2026-07-17T15:13:07.599Z</time>
      </trkpt>
      <trkpt lat="46.067092" lon="14.486685">
        <ele>304.719197</ele>
        <time>2026-07-17T15:13:14.283Z</time>
      </trkpt>
      <trkpt lat="46.067281" lon="14.486372">
        <ele>304.544381</ele>
        <time>2026-07-17T15:13:17.783Z</time>
      </trkpt>
      <trkpt lat="46.067404" lon="14.486176">
        <ele>304.433039</ele>
        <time>2026-07-17T15:13:20.237Z</time>
      </trkpt>
      <trkpt lat="46.067783" lon="14.485632">
        <ele>304.108244</ele>
        <time>2026-07-17T15:13:27.131Z</time>
      </trkpt>
      <trkpt lat="46.067896" lon="14.485464">
        <ele>304.009665</ele>
        <time>2026-07-17T15:13:29.018Z</time>
      </trkpt>
      <trkpt lat="46.067945" lon="14.485322">
        <ele>303.942850</ele>
        <time>2026-07-17T15:13:30.343Z</time>
      </trkpt>
      <trkpt lat="46.068056" lon="14.485156">
        <ele>303.845721</ele>
        <time>2026-07-17T15:13:32.486Z</time>
      </trkpt>
      <trkpt lat="46.068093" lon="14.485102">
        <ele>303.813746</ele>
        <time>2026-07-17T15:13:33.227Z</time>
      </trkpt>
      <trkpt lat="46.068139" lon="14.485028">
        <ele>303.771887</ele>
        <time>2026-07-17T15:13:34.207Z</time>
      </trkpt>
      <trkpt lat="46.068219" lon="14.484905">
        <ele>303.762791</ele>
        <time>2026-07-17T15:13:35.835Z</time>
      </trkpt>
      <trkpt lat="46.068381" lon="14.484644">
        <ele>303.772594</ele>
        <time>2026-07-17T15:13:39.354Z</time>
      </trkpt>
      <trkpt lat="46.068480" lon="14.484426">
        <ele>303.779888</ele>
        <time>2026-07-17T15:13:42.135Z</time>
      </trkpt>
      <trkpt lat="46.068525" lon="14.484326">
        <ele>303.783225</ele>
        <time>2026-07-17T15:13:43.442Z</time>
      </trkpt>
      <trkpt lat="46.068700" lon="14.483909">
        <ele>303.796868</ele>
        <time>2026-07-17T15:13:48.755Z</time>
      </trkpt>
      <trkpt lat="46.068728" lon="14.483845">
        <ele>303.798986</ele>
        <time>2026-07-17T15:13:49.567Z</time>
      </trkpt>
      <trkpt lat="46.068767" lon="14.483752">
        <ele>303.802028</ele>
        <time>2026-07-17T15:13:50.704Z</time>
      </trkpt>
      <trkpt lat="46.069061" lon="14.483036">
        <ele>303.825319</ele>
        <time>2026-07-17T15:13:59.575Z</time>
      </trkpt>
      <trkpt lat="46.069089" lon="14.482981">
        <ele>303.827228</ele>
        <time>2026-07-17T15:14:00.291Z</time>
      </trkpt>
      <trkpt lat="46.069315" lon="14.482455">
        <ele>303.968727</ele>
        <time>2026-07-17T15:14:06.920Z</time>
      </trkpt>
      <trkpt lat="46.069398" lon="14.482198">
        <ele>304.052217</ele>
        <time>2026-07-17T15:14:10.178Z</time>
      </trkpt>
      <trkpt lat="46.069424" lon="14.482136">
        <ele>304.073553</ele>
        <time>2026-07-17T15:14:11.032Z</time>
      </trkpt>
      <trkpt lat="46.069708" lon="14.481446">
        <ele>304.309840</ele>
        <time>2026-07-17T15:14:20.312Z</time>
      </trkpt>
      <trkpt lat="46.069875" lon="14.481041">
        <ele>304.448595</ele>
        <time>2026-07-17T15:14:25.994Z</time>
      </trkpt>
      <trkpt lat="46.069903" lon="14.480972">
        <ele>304.472138</ele>
        <time>2026-07-17T15:14:26.980Z</time>
      </trkpt>
      <trkpt lat="46.070314" lon="14.479992">
        <ele>304.651177</ele>
        <time>2026-07-17T15:14:40.335Z</time>
      </trkpt>
      <trkpt lat="46.070389" lon="14.479813">
        <ele>304.667305</ele>
        <time>2026-07-17T15:14:42.627Z</time>
      </trkpt>
      <trkpt lat="46.070441" lon="14.479715">
        <ele>304.676821</ele>
        <time>2026-07-17T15:14:43.950Z</time>
      </trkpt>
      <trkpt lat="46.070498" lon="14.479589">
        <ele>304.688423</ele>
        <time>2026-07-17T15:14:45.472Z</time>
      </trkpt>
      <trkpt lat="46.070443" lon="14.479535">
        <ele>304.695821</ele>
        <time>2026-07-17T15:14:46.452Z</time>
      </trkpt>
      <trkpt lat="46.070397" lon="14.479490">
        <ele>304.702001</ele>
        <time>2026-07-17T15:14:47.250Z</time>
      </trkpt>
      <trkpt lat="46.070325" lon="14.479496">
        <ele>304.710019</ele>
        <time>2026-07-17T15:14:48.306Z</time>
      </trkpt>
      <trkpt lat="46.070219" lon="14.479390">
        <ele>304.724362</ele>
        <time>2026-07-17T15:14:50.138Z</time>
      </trkpt>
      <trkpt lat="46.069973" lon="14.479118">
        <ele>304.758830</ele>
        <time>2026-07-17T15:14:54.526Z</time>
      </trkpt>
      <trkpt lat="46.069893" lon="14.479123">
        <ele>304.767732</ele>
        <time>2026-07-17T15:14:55.708Z</time>
      </trkpt>
      <trkpt lat="46.069232" lon="14.478394">
        <ele>305.222824</ele>
        <time>2026-07-17T15:15:07.531Z</time>
      </trkpt>
      <trkpt lat="46.068881" lon="14.478002">
        <ele>305.546434</ele>
        <time>2026-07-17T15:15:14.892Z</time>
      </trkpt>
      <trkpt lat="46.068736" lon="14.477840">
        <ele>305.680139</ele>
        <time>2026-07-17T15:15:18.291Z</time>
      </trkpt>
      <trkpt lat="46.068719" lon="14.477720">
        <ele>305.742067</ele>
        <time>2026-07-17T15:15:19.897Z</time>
      </trkpt>
      <trkpt lat="46.068540" lon="14.477448">
        <ele>305.931629</ele>
        <time>2026-07-17T15:15:24.988Z</time>
      </trkpt>
      <trkpt lat="46.068514" lon="14.477381">
        <ele>305.970446</ele>
        <time>2026-07-17T15:15:26.063Z</time>
      </trkpt>
      <trkpt lat="46.068525" lon="14.477208">
        <ele>306.058288</ele>
        <time>2026-07-17T15:15:28.665Z</time>
      </trkpt>
      <trkpt lat="46.068451" lon="14.477186">
        <ele>306.134611</ele>
        <time>2026-07-17T15:15:30.367Z</time>
      </trkpt>
      <trkpt lat="46.068371" lon="14.477160">
        <ele>306.363500</ele>
        <time>2026-07-17T15:15:32.271Z</time>
      </trkpt>
      <trkpt lat="46.068297" lon="14.477221">
        <ele>306.601429</ele>
        <time>2026-07-17T15:15:34.320Z</time>
      </trkpt>
      <trkpt lat="46.068125" lon="14.476927">
        <ele>307.346124</ele>
        <time>2026-07-17T15:15:41.059Z</time>
      </trkpt>
      <trkpt lat="46.068069" lon="14.476828">
        <ele>307.593471</ele>
        <time>2026-07-17T15:15:43.482Z</time>
      </trkpt>
      <trkpt lat="46.068035" lon="14.476767">
        <ele>307.744990</ele>
        <time>2026-07-17T15:15:44.967Z</time>
      </trkpt>
      <trkpt lat="46.067838" lon="14.476420">
        <ele>308.613222</ele>
        <time>2026-07-17T15:15:53.805Z</time>
      </trkpt>
      <trkpt lat="46.067710" lon="14.476164">
        <ele>309.224269</ele>
        <time>2026-07-17T15:16:00.322Z</time>
      </trkpt>
      <trkpt lat="46.067372" lon="14.475501">
        <ele>310.817462</ele>
        <time>2026-07-17T15:16:16.367Z</time>
      </trkpt>
      <trkpt lat="46.067049" lon="14.474943">
        <ele>311.292297</ele>
        <time>2026-07-17T15:16:28.823Z</time>
      </trkpt>
      <trkpt lat="46.066778" lon="14.474646">
        <ele>311.436171</ele>
        <time>2026-07-17T15:16:35.367Z</time>
      </trkpt>
      <trkpt lat="46.066478" lon="14.474467">
        <ele>311.573387</ele>
        <time>2026-07-17T15:16:40.313Z</time>
      </trkpt>
      <trkpt lat="46.066010" lon="14.474331">
        <ele>311.775147</ele>
        <time>2026-07-17T15:16:46.286Z</time>
      </trkpt>
      <trkpt lat="46.064902" lon="14.474052">
        <ele>310.766684</ele>
        <time>2026-07-17T15:16:59.126Z</time>
      </trkpt>
      <trkpt lat="46.064698" lon="14.473959">
        <ele>310.488961</ele>
        <time>2026-07-17T15:17:01.670Z</time>
      </trkpt>
      <trkpt lat="46.064521" lon="14.473831">
        <ele>310.231914</ele>
        <time>2026-07-17T15:17:04.021Z</time>
      </trkpt>
      <trkpt lat="46.064543" lon="14.473781">
        <ele>310.178593</ele>
        <time>2026-07-17T15:17:04.512Z</time>
      </trkpt>
      <trkpt lat="46.064377" lon="14.473607">
        <ele>309.912164</ele>
        <time>2026-07-17T15:17:06.971Z</time>
      </trkpt>
      <trkpt lat="46.064263" lon="14.473429">
        <ele>309.694001</ele>
        <time>2026-07-17T15:17:08.981Z</time>
      </trkpt>
      <trkpt lat="46.064267" lon="14.473319">
        <ele>309.594797</ele>
        <time>2026-07-17T15:17:09.896Z</time>
      </trkpt>
      <trkpt lat="46.064481" lon="14.472803">
        <ele>309.409444</ele>
        <time>2026-07-17T15:17:15.035Z</time>
      </trkpt>
      <trkpt lat="46.064619" lon="14.472539">
        <ele>309.324590</ele>
        <time>2026-07-17T15:17:18.001Z</time>
      </trkpt>
      <trkpt lat="46.064788" lon="14.472063">
        <ele>309.187325</ele>
        <time>2026-07-17T15:17:23.104Z</time>
      </trkpt>
      <trkpt lat="46.065147" lon="14.471549">
        <ele>309.000099</ele>
        <time>2026-07-17T15:17:30.757Z</time>
      </trkpt>
      <trkpt lat="46.065295" lon="14.471010">
        <ele>308.824767</ele>
        <time>2026-07-17T15:17:36.992Z</time>
      </trkpt>
      <trkpt lat="46.065561" lon="14.470558">
        <ele>308.556086</ele>
        <time>2026-07-17T15:17:43.195Z</time>
      </trkpt>
      <trkpt lat="46.065612" lon="14.470429">
        <ele>308.488781</ele>
        <time>2026-07-17T15:17:44.605Z</time>
      </trkpt>
      <trkpt lat="46.065618" lon="14.470335">
        <ele>308.445988</ele>
        <time>2026-07-17T15:17:45.449Z</time>
      </trkpt>
      <trkpt lat="46.065625" lon="14.470270">
        <ele>308.416170</ele>
        <time>2026-07-17T15:17:46.033Z</time>
      </trkpt>
      <trkpt lat="46.065661" lon="14.470275">
        <ele>308.392540</ele>
        <time>2026-07-17T15:17:46.485Z</time>
      </trkpt>
      <trkpt lat="46.065736" lon="14.470283">
        <ele>308.343404</ele>
        <time>2026-07-17T15:17:51.735Z</time>
      </trkpt>
      <trkpt lat="46.065816" lon="14.470294">
        <ele>308.290898</ele>
        <time>2026-07-17T15:17:57.320Z</time>
      </trkpt>
      <trkpt lat="46.065937" lon="14.470298">
        <ele>308.211821</ele>
        <time>2026-07-17T15:18:05.711Z</time>
      </trkpt>
      <trkpt lat="46.066019" lon="14.470026">
        <ele>308.077381</ele>
        <time>2026-07-17T15:18:20.011Z</time>
      </trkpt>
      <trkpt lat="46.066091" lon="14.469917">
        <ele>308.009158</ele>
        <time>2026-07-17T15:18:27.262Z</time>
      </trkpt>
      <trkpt lat="46.066135" lon="14.469872">
        <ele>307.973908</ele>
        <time>2026-07-17T15:18:31.015Z</time>
      </trkpt>
      <trkpt lat="46.066259" lon="14.469859">
        <ele>307.892677</ele>
        <time>2026-07-17T15:18:39.635Z</time>
      </trkpt>
      <trkpt lat="46.066305" lon="14.469663">
        <ele>307.798882</ele>
        <time>2026-07-17T15:18:49.645Z</time>
      </trkpt>
      <trkpt lat="46.066347" lon="14.469267">
        <ele>307.725975</ele>
        <time>2026-07-17T15:19:08.925Z</time>
      </trkpt>
      <trkpt lat="46.066403" lon="14.468791">
        <ele>307.761590</ele>
        <time>2026-07-17T15:19:32.221Z</time>
      </trkpt>
      <trkpt lat="46.066347" lon="14.469267">
        <ele>307.797205</ele>
        <time>2026-07-17T15:19:55.518Z</time>
      </trkpt>
      <trkpt lat="46.066305" lon="14.469663">
        <ele>307.826756</ele>
        <time>2026-07-17T15:20:14.798Z</time>
      </trkpt>
      <trkpt lat="46.066259" lon="14.469859">
        <ele>307.842020</ele>
        <time>2026-07-17T15:20:24.807Z</time>
      </trkpt>
      <trkpt lat="46.066135" lon="14.469872">
        <ele>307.855238</ele>
        <time>2026-07-17T15:20:33.427Z</time>
      </trkpt>
      <trkpt lat="46.066091" lon="14.469917">
        <ele>307.860975</ele>
        <time>2026-07-17T15:20:37.180Z</time>
      </trkpt>
      <trkpt lat="46.066019" lon="14.470026">
        <ele>307.872077</ele>
        <time>2026-07-17T15:20:44.430Z</time>
      </trkpt>
      <trkpt lat="46.065937" lon="14.470298">
        <ele>307.893954</ele>
        <time>2026-07-17T15:20:58.730Z</time>
      </trkpt>
      <trkpt lat="46.065816" lon="14.470294">
        <ele>307.865575</ele>
        <time>2026-07-17T15:21:07.119Z</time>
      </trkpt>
      <trkpt lat="46.065736" lon="14.470283">
        <ele>307.801085</ele>
        <time>2026-07-17T15:21:12.704Z</time>
      </trkpt>
      <trkpt lat="46.065661" lon="14.470275">
        <ele>307.740734</ele>
        <time>2026-07-17T15:21:17.954Z</time>
      </trkpt>
      <trkpt lat="46.065625" lon="14.470270">
        <ele>307.711711</ele>
        <time>2026-07-17T15:21:18.442Z</time>
      </trkpt>
      <trkpt lat="46.065618" lon="14.470335">
        <ele>307.675087</ele>
        <time>2026-07-17T15:21:19.048Z</time>
      </trkpt>
      <trkpt lat="46.065738" lon="14.470335">
        <ele>307.578789</ele>
        <time>2026-07-17T15:21:20.590Z</time>
      </trkpt>
      <trkpt lat="46.065825" lon="14.470358">
        <ele>307.507808</ele>
        <time>2026-07-17T15:21:21.667Z</time>
      </trkpt>
      <trkpt lat="46.066181" lon="14.470469">
        <ele>307.215515</ele>
        <time>2026-07-17T15:21:25.919Z</time>
      </trkpt>
      <trkpt lat="46.066572" lon="14.470578">
        <ele>306.895929</ele>
        <time>2026-07-17T15:21:30.556Z</time>
      </trkpt>
      <trkpt lat="46.067126" lon="14.470726">
        <ele>306.448750</ele>
        <time>2026-07-17T15:21:37.147Z</time>
      </trkpt>
      <trkpt lat="46.067740" lon="14.470871">
        <ele>306.116680</ele>
        <time>2026-07-17T15:21:45.544Z</time>
      </trkpt>
      <trkpt lat="46.068512" lon="14.471023">
        <ele>305.700826</ele>
        <time>2026-07-17T15:21:56.602Z</time>
      </trkpt>
      <trkpt lat="46.068654" lon="14.471082">
        <ele>305.621952</ele>
        <time>2026-07-17T15:21:58.568Z</time>
      </trkpt>
      <trkpt lat="46.068677" lon="14.470987">
        <ele>305.584695</ele>
        <time>2026-07-17T15:21:59.471Z</time>
      </trkpt>
      <trkpt lat="46.068836" lon="14.470341">
        <ele>305.329697</ele>
        <time>2026-07-17T15:22:05.441Z</time>
      </trkpt>
      <trkpt lat="46.068869" lon="14.470157">
        <ele>305.258827</ele>
        <time>2026-07-17T15:22:07.076Z</time>
      </trkpt>
      <trkpt lat="46.068484" lon="14.469753">
        <ele>305.002864</ele>
        <time>2026-07-17T15:22:13.024Z</time>
      </trkpt>
      <trkpt lat="46.068330" lon="14.469592">
        <ele>304.900610</ele>
        <time>2026-07-17T15:22:15.478Z</time>
      </trkpt>
      <trkpt lat="46.068256" lon="14.469516">
        <ele>304.851772</ele>
        <time>2026-07-17T15:22:16.660Z</time>
      </trkpt>
      <trkpt lat="46.068262" lon="14.469469">
        <ele>304.833951</ele>
        <time>2026-07-17T15:22:17.101Z</time>
      </trkpt>
      <trkpt lat="46.068747" lon="14.468485">
        <ele>304.596017</ele>
        <time>2026-07-17T15:22:28.816Z</time>
      </trkpt>
      <trkpt lat="46.069102" lon="14.468869">
        <ele>304.699300</ele>
        <time>2026-07-17T15:22:35.742Z</time>
      </trkpt>
      <trkpt lat="46.069433" lon="14.469213">
        <ele>304.794256</ele>
        <time>2026-07-17T15:22:42.457Z</time>
      </trkpt>
      <trkpt lat="46.069530" lon="14.469002">
        <ele>304.835120</ele>
        <time>2026-07-17T15:22:45.371Z</time>
      </trkpt>
      <trkpt lat="46.069609" lon="14.468704">
        <ele>304.886623</ele>
        <time>2026-07-17T15:22:49.048Z</time>
      </trkpt>
      <trkpt lat="46.069711" lon="14.468284">
        <ele>304.966238</ele>
        <time>2026-07-17T15:22:54.110Z</time>
      </trkpt>
      <trkpt lat="46.069952" lon="14.468485">
        <ele>305.093921</ele>
        <time>2026-07-17T15:22:58.640Z</time>
      </trkpt>
      <trkpt lat="46.070258" lon="14.468743">
        <ele>305.256487</ele>
        <time>2026-07-17T15:23:04.499Z</time>
      </trkpt>
      <trkpt lat="46.070526" lon="14.468962">
        <ele>305.397760</ele>
        <time>2026-07-17T15:23:09.646Z</time>
      </trkpt>
      <trkpt lat="46.070839" lon="14.469233">
        <ele>305.565196</ele>
        <time>2026-07-17T15:23:15.793Z</time>
      </trkpt>
      <trkpt lat="46.071188" lon="14.469520">
        <ele>305.749450</ele>
        <time>2026-07-17T15:23:22.651Z</time>
      </trkpt>
      <trkpt lat="46.071289" lon="14.469591">
        <ele>305.783702</ele>
        <time>2026-07-17T15:23:24.580Z</time>
      </trkpt>
      <trkpt lat="46.071334" lon="14.469477">
        <ele>305.797404</ele>
        <time>2026-07-17T15:23:26.124Z</time>
      </trkpt>
      <trkpt lat="46.071473" lon="14.469126">
        <ele>305.839624</ele>
        <time>2026-07-17T15:23:30.805Z</time>
      </trkpt>
      <trkpt lat="46.071597" lon="14.468821">
        <ele>305.876554</ele>
        <time>2026-07-17T15:23:34.664Z</time>
      </trkpt>
      <trkpt lat="46.071654" lon="14.468687">
        <ele>305.892974</ele>
        <time>2026-07-17T15:23:36.334Z</time>
      </trkpt>
      <trkpt lat="46.071726" lon="14.468508">
        <ele>305.914589</ele>
        <time>2026-07-17T15:23:38.507Z</time>
      </trkpt>
      <trkpt lat="46.071853" lon="14.468200">
        <ele>305.952018</ele>
        <time>2026-07-17T15:23:42.100Z</time>
      </trkpt>
      <trkpt lat="46.071971" lon="14.467932">
        <ele>305.985177</ele>
        <time>2026-07-17T15:23:45.251Z</time>
      </trkpt>
      <trkpt lat="46.072118" lon="14.467607">
        <ele>306.025706</ele>
        <time>2026-07-17T15:23:49.155Z</time>
      </trkpt>
      <trkpt lat="46.072200" lon="14.467432">
        <ele>306.050622</ele>
        <time>2026-07-17T15:23:51.296Z</time>
      </trkpt>
      <trkpt lat="46.072338" lon="14.467126">
        <ele>306.153702</ele>
        <time>2026-07-17T15:23:55.028Z</time>
      </trkpt>
      <trkpt lat="46.072468" lon="14.466823">
        <ele>306.254322</ele>
        <time>2026-07-17T15:23:58.714Z</time>
      </trkpt>
      <trkpt lat="46.072954" lon="14.465538">
        <ele>306.667674</ele>
        <time>2026-07-17T15:24:16.011Z</time>
      </trkpt>
      <trkpt lat="46.073085" lon="14.465292">
        <ele>306.755261</ele>
        <time>2026-07-17T15:24:19.953Z</time>
      </trkpt>
      <trkpt lat="46.073253" lon="14.464805">
        <ele>306.858768</ele>
        <time>2026-07-17T15:24:26.581Z</time>
      </trkpt>
      <trkpt lat="46.073318" lon="14.464612">
        <ele>306.896104</ele>
        <time>2026-07-17T15:24:29.119Z</time>
      </trkpt>
      <trkpt lat="46.073345" lon="14.464522">
        <ele>306.913168</ele>
        <time>2026-07-17T15:24:30.267Z</time>
      </trkpt>
      <trkpt lat="46.073363" lon="14.464462">
        <ele>306.924544</ele>
        <time>2026-07-17T15:24:31.044Z</time>
      </trkpt>
      <trkpt lat="46.073585" lon="14.463631">
        <ele>307.079511</ele>
        <time>2026-07-17T15:24:41.108Z</time>
      </trkpt>
      <trkpt lat="46.073609" lon="14.463527">
        <ele>307.098585</ele>
        <time>2026-07-17T15:24:42.230Z</time>
      </trkpt>
      <trkpt lat="46.073704" lon="14.463006">
        <ele>307.192331</ele>
        <time>2026-07-17T15:24:47.460Z</time>
      </trkpt>
      <trkpt lat="46.073704" lon="14.462811">
        <ele>307.226266</ele>
        <time>2026-07-17T15:24:49.291Z</time>
      </trkpt>
      <trkpt lat="46.073730" lon="14.462658">
        <ele>307.224440</ele>
        <time>2026-07-17T15:24:50.768Z</time>
      </trkpt>
      <trkpt lat="46.073827" lon="14.462541">
        <ele>307.217750</ele>
        <time>2026-07-17T15:24:52.504Z</time>
      </trkpt>
      <trkpt lat="46.073886" lon="14.462235">
        <ele>307.206098</ele>
        <time>2026-07-17T15:24:55.573Z</time>
      </trkpt>
      <trkpt lat="46.073913" lon="14.462195">
        <ele>307.204050</ele>
        <time>2026-07-17T15:24:56.124Z</time>
      </trkpt>
      <trkpt lat="46.073936" lon="14.462151">
        <ele>307.202029</ele>
        <time>2026-07-17T15:24:56.669Z</time>
      </trkpt>
      <trkpt lat="46.073943" lon="14.462066">
        <ele>307.198888</ele>
        <time>2026-07-17T15:24:57.516Z</time>
      </trkpt>
      <trkpt lat="46.073951" lon="14.461981">
        <ele>307.195741</ele>
        <time>2026-07-17T15:24:58.365Z</time>
      </trkpt>
      <trkpt lat="46.073954" lon="14.461933">
        <ele>307.193973</ele>
        <time>2026-07-17T15:24:58.843Z</time>
      </trkpt>
      <trkpt lat="46.073948" lon="14.461883">
        <ele>307.192111</ele>
        <time>2026-07-17T15:24:59.331Z</time>
      </trkpt>
      <trkpt lat="46.073832" lon="14.461857">
        <ele>307.185902</ele>
        <time>2026-07-17T15:25:01.004Z</time>
      </trkpt>
      <trkpt lat="46.073915" lon="14.461089">
        <ele>307.157384</ele>
        <time>2026-07-17T15:25:08.642Z</time>
      </trkpt>
      <trkpt lat="46.073955" lon="14.460464">
        <ele>307.134781</ele>
        <time>2026-07-17T15:25:15.461Z</time>
      </trkpt>
      <trkpt lat="46.073985" lon="14.459999">
        <ele>307.268146</ele>
        <time>2026-07-17T15:25:21.137Z</time>
      </trkpt>
      <trkpt lat="46.073988" lon="14.459883">
        <ele>307.301295</ele>
        <time>2026-07-17T15:25:22.585Z</time>
      </trkpt>
      <trkpt lat="46.073986" lon="14.459483">
        <ele>307.415528</ele>
        <time>2026-07-17T15:25:27.528Z</time>
      </trkpt>
      <trkpt lat="46.073984" lon="14.459113">
        <ele>307.521193</ele>
        <time>2026-07-17T15:25:32.150Z</time>
      </trkpt>
      <trkpt lat="46.073977" lon="14.458994">
        <ele>307.555298</ele>
        <time>2026-07-17T15:25:33.677Z</time>
      </trkpt>
      <trkpt lat="46.073764" lon="14.457080">
        <ele>307.478733</ele>
        <time>2026-07-17T15:25:54.366Z</time>
      </trkpt>
      <trkpt lat="46.073745" lon="14.456667">
        <ele>307.278710</ele>
        <time>2026-07-17T15:25:57.854Z</time>
      </trkpt>
      <trkpt lat="46.073754" lon="14.456292">
        <ele>307.097380</ele>
        <time>2026-07-17T15:26:00.946Z</time>
      </trkpt>
      <trkpt lat="46.073810" lon="14.456326">
        <ele>307.055051</ele>
        <time>2026-07-17T15:26:01.668Z</time>
      </trkpt>
      <trkpt lat="46.073879" lon="14.455799">
        <ele>306.795878</ele>
        <time>2026-07-17T15:26:06.062Z</time>
      </trkpt>
      <trkpt lat="46.073926" lon="14.455724">
        <ele>306.747036</ele>
        <time>2026-07-17T15:26:06.889Z</time>
      </trkpt>
      <trkpt lat="46.074004" lon="14.455679">
        <ele>306.688511</ele>
        <time>2026-07-17T15:26:07.874Z</time>
      </trkpt>
      <trkpt lat="46.074036" lon="14.455529">
        <ele>306.621711</ele>
        <time>2026-07-17T15:26:09.171Z</time>
      </trkpt>
      <trkpt lat="46.074055" lon="14.455391">
        <ele>306.620530</ele>
        <time>2026-07-17T15:26:10.364Z</time>
      </trkpt>
      <trkpt lat="46.074012" lon="14.455348">
        <ele>306.619896</ele>
        <time>2026-07-17T15:26:11.007Z</time>
      </trkpt>
      <trkpt lat="46.074055" lon="14.455147">
        <ele>306.618130</ele>
        <time>2026-07-17T15:26:21.126Z</time>
      </trkpt>
      <trkpt lat="46.074081" lon="14.455063">
        <ele>306.617358</ele>
        <time>2026-07-17T15:26:25.559Z</time>
      </trkpt>
      <trkpt lat="46.074119" lon="14.454945">
        <ele>306.616266</ele>
        <time>2026-07-17T15:26:31.819Z</time>
      </trkpt>
      <trkpt lat="46.074174" lon="14.454757">
        <ele>306.614553</ele>
        <time>2026-07-17T15:26:41.704Z</time>
      </trkpt>
      <trkpt lat="46.074208" lon="14.454498">
        <ele>306.612340</ele>
        <time>2026-07-17T15:26:54.392Z</time>
      </trkpt>
      <trkpt lat="46.074218" lon="14.454422">
        <ele>306.611690</ele>
        <time>2026-07-17T15:26:58.103Z</time>
      </trkpt>
      <trkpt lat="46.074205" lon="14.454033">
        <ele>306.608420</ele>
        <time>2026-07-17T15:27:16.909Z</time>
      </trkpt>
      <trkpt lat="46.074194" lon="14.453915">
        <ele>306.607421</ele>
        <time>2026-07-17T15:27:22.620Z</time>
      </trkpt>
      <trkpt lat="46.074165" lon="14.453540">
        <ele>306.604253</ele>
        <time>2026-07-17T15:27:40.828Z</time>
      </trkpt>
      <trkpt lat="46.074154" lon="14.453105">
        <ele>306.600598</ele>
        <time>2026-07-17T15:28:01.816Z</time>
      </trkpt>
      <trkpt lat="46.074126" lon="14.452880">
        <ele>306.776828</ele>
        <time>2026-07-17T15:28:12.837Z</time>
      </trkpt>
      <trkpt lat="46.074077" lon="14.452597">
        <ele>307.080844</ele>
        <time>2026-07-17T15:28:26.910Z</time>
      </trkpt>
      <trkpt lat="46.074038" lon="14.452600">
        <ele>307.139522</ele>
        <time>2026-07-17T15:28:31.396Z</time>
      </trkpt>
      <trkpt lat="46.074024" lon="14.452481">
        <ele>307.265326</ele>
        <time>2026-07-17T15:28:33.118Z</time>
      </trkpt>
      <trkpt lat="46.073962" lon="14.452177">
        <ele>307.595591</ele>
        <time>2026-07-17T15:28:37.567Z</time>
      </trkpt>
      <trkpt lat="46.073935" lon="14.452078">
        <ele>307.706465</ele>
        <time>2026-07-17T15:28:39.113Z</time>
      </trkpt>
      <trkpt lat="46.073793" lon="14.451621">
        <ele>308.228389</ele>
        <time>2026-07-17T15:28:46.306Z</time>
      </trkpt>
      <trkpt lat="46.073694" lon="14.451330">
        <ele>308.566205</ele>
        <time>2026-07-17T15:28:51.131Z</time>
      </trkpt>
      <trkpt lat="46.073611" lon="14.451069">
        <ele>308.865465</ele>
        <time>2026-07-17T15:28:55.583Z</time>
      </trkpt>
      <trkpt lat="46.073564" lon="14.450803">
        <ele>309.151567</ele>
        <time>2026-07-17T15:28:59.922Z</time>
      </trkpt>
      <trkpt lat="46.073564" lon="14.450474">
        <ele>309.543192</ele>
        <time>2026-07-17T15:29:05.182Z</time>
      </trkpt>
      <trkpt lat="46.073602" lon="14.450247">
        <ele>309.848326</ele>
        <time>2026-07-17T15:29:08.881Z</time>
      </trkpt>
      <trkpt lat="46.073767" lon="14.449789">
        <ele>310.522678</ele>
        <time>2026-07-17T15:29:16.976Z</time>
      </trkpt>
      <trkpt lat="46.073891" lon="14.449458">
        <ele>311.014226</ele>
        <time>2026-07-17T15:29:22.813Z</time>
      </trkpt>
      <trkpt lat="46.073910" lon="14.449402">
        <ele>311.095684</ele>
        <time>2026-07-17T15:29:23.794Z</time>
      </trkpt>
      <trkpt lat="46.074152" lon="14.448698">
        <ele>312.122330</ele>
        <time>2026-07-17T15:29:35.680Z</time>
      </trkpt>
      <trkpt lat="46.074404" lon="14.447920">
        <ele>313.453529</ele>
        <time>2026-07-17T15:29:49.160Z</time>
      </trkpt>
      <trkpt lat="46.074421" lon="14.447866">
        <ele>313.560285</ele>
        <time>2026-07-17T15:29:50.150Z</time>
      </trkpt>
      <trkpt lat="46.074620" lon="14.447097">
        <ele>315.037870</ele>
        <time>2026-07-17T15:30:03.149Z</time>
      </trkpt>
      <trkpt lat="46.074653" lon="14.446958">
        <ele>315.302354</ele>
        <time>2026-07-17T15:30:05.718Z</time>
      </trkpt>
      <trkpt lat="46.074730" lon="14.446603">
        <ele>315.971956</ele>
        <time>2026-07-17T15:30:12.565Z</time>
      </trkpt>
      <trkpt lat="46.074840" lon="14.446056">
        <ele>316.997235</ele>
        <time>2026-07-17T15:30:23.909Z</time>
      </trkpt>
      <trkpt lat="46.074849" lon="14.445864">
        <ele>317.343671</ele>
        <time>2026-07-17T15:30:27.952Z</time>
      </trkpt>
      <trkpt lat="46.074737" lon="14.444629">
        <ele>320.158773</ele>
        <time>2026-07-17T15:30:51.858Z</time>
      </trkpt>
      <trkpt lat="46.074732" lon="14.444138">
        <ele>321.270101</ele>
        <time>2026-07-17T15:31:00.481Z</time>
      </trkpt>
      <trkpt lat="46.074756" lon="14.443873">
        <ele>321.874925</ele>
        <time>2026-07-17T15:31:05.313Z</time>
      </trkpt>
      <trkpt lat="46.074832" lon="14.443457">
        <ele>322.848497</ele>
        <time>2026-07-17T15:31:13.521Z</time>
      </trkpt>
      <trkpt lat="46.074910" lon="14.443127">
        <ele>323.937226</ele>
        <time>2026-07-17T15:31:20.752Z</time>
      </trkpt>
      <trkpt lat="46.075063" lon="14.442614">
        <ele>326.120904</ele>
        <time>2026-07-17T15:31:33.238Z</time>
      </trkpt>
      <trkpt lat="46.075186" lon="14.441888">
        <ele>329.043428</ele>
        <time>2026-07-17T15:31:52.198Z</time>
      </trkpt>
      <trkpt lat="46.075238" lon="14.441715">
        <ele>329.780733</ele>
        <time>2026-07-17T15:31:57.696Z</time>
      </trkpt>
      <trkpt lat="46.075710" lon="14.440646">
        <ele>334.883303</ele>
        <time>2026-07-17T15:32:36.715Z</time>
      </trkpt>
      <trkpt lat="46.075977" lon="14.440268">
        <ele>337.219478</ele>
        <time>2026-07-17T15:32:51.619Z</time>
      </trkpt>
      <trkpt lat="46.076028" lon="14.440070">
        <ele>338.134120</ele>
        <time>2026-07-17T15:32:57.138Z</time>
      </trkpt>
      <trkpt lat="46.076037" lon="14.439663">
        <ele>339.897535</ele>
        <time>2026-07-17T15:33:07.633Z</time>
      </trkpt>
      <trkpt lat="46.075978" lon="14.439074">
        <ele>342.474665</ele>
        <time>2026-07-17T15:33:22.591Z</time>
      </trkpt>
      <trkpt lat="46.075986" lon="14.438750">
        <ele>343.878642</ele>
        <time>2026-07-17T15:33:30.753Z</time>
      </trkpt>
      <trkpt lat="46.076021" lon="14.438374">
        <ele>346.149688</ele>
        <time>2026-07-17T15:33:40.431Z</time>
      </trkpt>
      <trkpt lat="46.076185" lon="14.437786">
        <ele>350.751289</ele>
        <time>2026-07-17T15:34:01.496Z</time>
      </trkpt>
      <trkpt lat="46.076198" lon="14.437736">
        <ele>351.138998</ele>
        <time>2026-07-17T15:34:03.574Z</time>
      </trkpt>
      <trkpt lat="46.076299" lon="14.437315">
        <ele>354.373488</ele>
        <time>2026-07-17T15:34:22.561Z</time>
      </trkpt>
      <trkpt lat="46.076328" lon="14.436985">
        <ele>356.788741</ele>
        <time>2026-07-17T15:34:38.216Z</time>
      </trkpt>
      <trkpt lat="46.076315" lon="14.436813">
        <ele>358.045010</ele>
        <time>2026-07-17T15:34:46.764Z</time>
      </trkpt>
      <trkpt lat="46.076225" lon="14.436549">
        <ele>360.180860</ele>
        <time>2026-07-17T15:35:02.252Z</time>
      </trkpt>
      <trkpt lat="46.076049" lon="14.436328">
        <ele>362.623932</ele>
        <time>2026-07-17T15:35:18.750Z</time>
      </trkpt>
      <trkpt lat="46.075855" lon="14.436192">
        <ele>363.776573</ele>
        <time>2026-07-17T15:35:32.701Z</time>
      </trkpt>
      <trkpt lat="46.075407" lon="14.436022">
        <ele>364.960490</ele>
        <time>2026-07-17T15:35:55.955Z</time>
      </trkpt>
      <trkpt lat="46.075330" lon="14.435965">
        <ele>365.181703</ele>
        <time>2026-07-17T15:35:59.294Z</time>
      </trkpt>
      <trkpt lat="46.075265" lon="14.435865">
        <ele>365.424652</ele>
        <time>2026-07-17T15:36:02.888Z</time>
      </trkpt>
      <trkpt lat="46.075203" lon="14.435581">
        <ele>365.952488</ele>
        <time>2026-07-17T15:36:08.381Z</time>
      </trkpt>
      <trkpt lat="46.075190" lon="14.435409">
        <ele>366.259225</ele>
        <time>2026-07-17T15:36:10.979Z</time>
      </trkpt>
      <trkpt lat="46.075294" lon="14.434991">
        <ele>367.046502</ele>
        <time>2026-07-17T15:36:14.549Z</time>
      </trkpt>
      <trkpt lat="46.075290" lon="14.434900">
        <ele>367.208155</ele>
        <time>2026-07-17T15:36:15.153Z</time>
      </trkpt>
      <trkpt lat="46.075193" lon="14.434804">
        <ele>367.508851</ele>
        <time>2026-07-17T15:36:16.262Z</time>
      </trkpt>
      <trkpt lat="46.074703" lon="14.434988">
        <ele>365.668728</ele>
        <time>2026-07-17T15:36:20.680Z</time>
      </trkpt>
      <trkpt lat="46.074314" lon="14.435013">
        <ele>362.699558</ele>
        <time>2026-07-17T15:36:24.001Z</time>
      </trkpt>
      <trkpt lat="46.073865" lon="14.434919">
        <ele>359.239900</ele>
        <time>2026-07-17T15:36:27.999Z</time>
      </trkpt>
      <trkpt lat="46.073505" lon="14.434762">
        <ele>356.371926</ele>
        <time>2026-07-17T15:36:31.439Z</time>
      </trkpt>
      <trkpt lat="46.073273" lon="14.434701">
        <ele>354.573678</ele>
        <time>2026-07-17T15:36:33.594Z</time>
      </trkpt>
      <trkpt lat="46.073181" lon="14.434722">
        <ele>353.901322</ele>
        <time>2026-07-17T15:36:34.434Z</time>
      </trkpt>
      <trkpt lat="46.073124" lon="14.434814">
        <ele>353.305337</ele>
        <time>2026-07-17T15:36:35.220Z</time>
      </trkpt>
      <trkpt lat="46.073139" lon="14.434946">
        <ele>352.659050</ele>
        <time>2026-07-17T15:36:36.059Z</time>
      </trkpt>
      <trkpt lat="46.073196" lon="14.435031">
        <ele>352.087847</ele>
        <time>2026-07-17T15:36:36.811Z</time>
      </trkpt>
      <trkpt lat="46.073357" lon="14.435149">
        <ele>350.829900</ele>
        <time>2026-07-17T15:36:38.446Z</time>
      </trkpt>
      <trkpt lat="46.073374" lon="14.435272">
        <ele>350.223921</ele>
        <time>2026-07-17T15:36:39.232Z</time>
      </trkpt>
      <trkpt lat="46.073354" lon="14.435331">
        <ele>349.906638</ele>
        <time>2026-07-17T15:36:39.650Z</time>
      </trkpt>
      <trkpt lat="46.073268" lon="14.435370">
        <ele>349.278728</ele>
        <time>2026-07-17T15:36:40.463Z</time>
      </trkpt>
      <trkpt lat="46.073100" lon="14.435259">
        <ele>347.991590</ele>
        <time>2026-07-17T15:36:42.155Z</time>
      </trkpt>
      <trkpt lat="46.072979" lon="14.435130">
        <ele>346.943403</ele>
        <time>2026-07-17T15:36:43.549Z</time>
      </trkpt>
      <trkpt lat="46.072907" lon="14.434989">
        <ele>346.097472</ele>
        <time>2026-07-17T15:36:44.685Z</time>
      </trkpt>
      <trkpt lat="46.072805" lon="14.434494">
        <ele>343.602482</ele>
        <time>2026-07-17T15:36:47.928Z</time>
      </trkpt>
      <trkpt lat="46.072707" lon="14.434143">
        <ele>341.774341</ele>
        <time>2026-07-17T15:36:50.201Z</time>
      </trkpt>
      <trkpt lat="46.072272" lon="14.432958">
        <ele>334.570547</ele>
        <time>2026-07-17T15:36:58.227Z</time>
      </trkpt>
      <trkpt lat="46.072197" lon="14.432562">
        <ele>332.364834</ele>
        <time>2026-07-17T15:37:00.732Z</time>
      </trkpt>
      <trkpt lat="46.072087" lon="14.431326">
        <ele>327.039734</ele>
        <time>2026-07-17T15:37:08.774Z</time>
      </trkpt>
      <trkpt lat="46.072035" lon="14.431003">
        <ele>326.381523</ele>
        <time>2026-07-17T15:37:11.033Z</time>
      </trkpt>
      <trkpt lat="46.071912" lon="14.430671">
        <ele>325.634396</ele>
        <time>2026-07-17T15:37:13.705Z</time>
      </trkpt>
      <trkpt lat="46.071726" lon="14.430374">
        <ele>324.840147</ele>
        <time>2026-07-17T15:37:16.695Z</time>
      </trkpt>
      <trkpt lat="46.071320" lon="14.429891">
        <ele>323.333884</ele>
        <time>2026-07-17T15:37:22.830Z</time>
      </trkpt>
      <trkpt lat="46.070871" lon="14.429367">
        <ele>322.352880</ele>
        <time>2026-07-17T15:37:29.644Z</time>
      </trkpt>
      <trkpt lat="46.070702" lon="14.429129">
        <ele>322.124241</ele>
        <time>2026-07-17T15:37:32.323Z</time>
      </trkpt>
      <trkpt lat="46.070511" lon="14.428814">
        <ele>321.843377</ele>
        <time>2026-07-17T15:37:35.804Z</time>
      </trkpt>
      <trkpt lat="46.070123" lon="14.427945">
        <ele>321.149588</ele>
        <time>2026-07-17T15:37:44.750Z</time>
      </trkpt>
      <trkpt lat="46.070060" lon="14.427804">
        <ele>321.036993</ele>
        <time>2026-07-17T15:37:46.189Z</time>
      </trkpt>
      <trkpt lat="46.069309" lon="14.426077">
        <ele>320.824579</ele>
        <time>2026-07-17T15:38:07.225Z</time>
      </trkpt>
      <trkpt lat="46.068987" lon="14.425349">
        <ele>320.614444</ele>
        <time>2026-07-17T15:38:16.241Z</time>
      </trkpt>
      <trkpt lat="46.068806" lon="14.425015">
        <ele>320.245052</ele>
        <time>2026-07-17T15:38:20.476Z</time>
      </trkpt>
      <trkpt lat="46.068411" lon="14.424485">
        <ele>319.567086</ele>
        <time>2026-07-17T15:38:27.372Z</time>
      </trkpt>
      <trkpt lat="46.068008" lon="14.423558">
        <ele>318.613595</ele>
        <time>2026-07-17T15:38:35.456Z</time>
      </trkpt>
      <trkpt lat="46.067822" lon="14.423211">
        <ele>318.123134</ele>
        <time>2026-07-17T15:38:38.747Z</time>
      </trkpt>
      <trkpt lat="46.067571" lon="14.422878">
        <ele>317.533110</ele>
        <time>2026-07-17T15:38:42.520Z</time>
      </trkpt>
      <trkpt lat="46.067355" lon="14.422664">
        <ele>317.079783</ele>
        <time>2026-07-17T15:38:45.414Z</time>
      </trkpt>
      <trkpt lat="46.067135" lon="14.422521">
        <ele>316.662381</ele>
        <time>2026-07-17T15:38:48.043Z</time>
      </trkpt>
      <trkpt lat="46.066945" lon="14.422489">
        <ele>316.331532</ele>
        <time>2026-07-17T15:38:50.179Z</time>
      </trkpt>
      <trkpt lat="46.066937" lon="14.422412">
        <ele>316.238103</ele>
        <time>2026-07-17T15:38:50.781Z</time>
      </trkpt>
      <trkpt lat="46.066876" lon="14.422301">
        <ele>316.068184</ele>
        <time>2026-07-17T15:38:51.936Z</time>
      </trkpt>
      <trkpt lat="46.066716" lon="14.422005">
        <ele>315.617915</ele>
        <time>2026-07-17T15:38:55.005Z</time>
      </trkpt>
      <trkpt lat="46.066655" lon="14.421904">
        <ele>315.457229</ele>
        <time>2026-07-17T15:38:56.169Z</time>
      </trkpt>
      <trkpt lat="46.066368" lon="14.421541">
        <ele>315.148038</ele>
        <time>2026-07-17T15:39:01.079Z</time>
      </trkpt>
      <trkpt lat="46.066003" lon="14.421019">
        <ele>314.769805</ele>
        <time>2026-07-17T15:39:07.702Z</time>
      </trkpt>
      <trkpt lat="46.065853" lon="14.420653">
        <ele>314.552856</ele>
        <time>2026-07-17T15:39:11.682Z</time>
      </trkpt>
      <trkpt lat="46.065682" lon="14.420361">
        <ele>314.357840</ele>
        <time>2026-07-17T15:39:15.206Z</time>
      </trkpt>
      <trkpt lat="46.065594" lon="14.420265">
        <ele>314.276657</ele>
        <time>2026-07-17T15:39:16.667Z</time>
      </trkpt>
      <trkpt lat="46.065177" lon="14.420062">
        <ele>313.850089</ele>
        <time>2026-07-17T15:39:22.396Z</time>
      </trkpt>
      <trkpt lat="46.064954" lon="14.419819">
        <ele>313.484301</ele>
        <time>2026-07-17T15:39:25.632Z</time>
      </trkpt>
      <trkpt lat="46.064871" lon="14.419648">
        <ele>313.294846</ele>
        <time>2026-07-17T15:39:27.236Z</time>
      </trkpt>
      <trkpt lat="46.064725" lon="14.419046">
        <ele>312.715901</ele>
        <time>2026-07-17T15:39:32.163Z</time>
      </trkpt>
      <trkpt lat="46.064643" lon="14.418838">
        <ele>312.498718</ele>
        <time>2026-07-17T15:39:34.017Z</time>
      </trkpt>
      <trkpt lat="46.064510" lon="14.418600">
        <ele>312.221287</ele>
        <time>2026-07-17T15:39:36.394Z</time>
      </trkpt>
      <trkpt lat="46.064305" lon="14.418204">
        <ele>311.772743</ele>
        <time>2026-07-17T15:39:40.399Z</time>
      </trkpt>
      <trkpt lat="46.064147" lon="14.417759">
        <ele>311.919470</ele>
        <time>2026-07-17T15:39:44.788Z</time>
      </trkpt>
      <trkpt lat="46.064082" lon="14.417480">
        <ele>312.041181</ele>
        <time>2026-07-17T15:39:47.586Z</time>
      </trkpt>
      <trkpt lat="46.064059" lon="14.416960">
        <ele>312.256664</ele>
        <time>2026-07-17T15:39:54.121Z</time>
      </trkpt>
      <trkpt lat="46.064057" lon="14.416833">
        <ele>312.309199</ele>
        <time>2026-07-17T15:39:55.920Z</time>
      </trkpt>
      <trkpt lat="46.064097" lon="14.416823">
        <ele>312.333396</ele>
        <time>2026-07-17T15:39:56.761Z</time>
      </trkpt>
      <trkpt lat="46.064149" lon="14.416809">
        <ele>312.364925</ele>
        <time>2026-07-17T15:39:57.876Z</time>
      </trkpt>
      <trkpt lat="46.064307" lon="14.416656">
        <ele>312.478379</ele>
        <time>2026-07-17T15:40:01.962Z</time>
      </trkpt>
      <trkpt lat="46.064615" lon="14.416274">
        <ele>312.720569</ele>
        <time>2026-07-17T15:40:10.632Z</time>
      </trkpt>
      <trkpt lat="46.064998" lon="14.415735">
        <ele>313.193834</ele>
        <time>2026-07-17T15:40:21.527Z</time>
      </trkpt>
      <trkpt lat="46.065384" lon="14.415107">
        <ele>313.767433</ele>
        <time>2026-07-17T15:40:32.409Z</time>
      </trkpt>
      <trkpt lat="46.065970" lon="14.413857">
        <ele>314.756406</ele>
        <time>2026-07-17T15:40:50.698Z</time>
      </trkpt>
      <trkpt lat="46.066181" lon="14.413490">
        <ele>315.020263</ele>
        <time>2026-07-17T15:40:56.649Z</time>
      </trkpt>
      <trkpt lat="46.066250" lon="14.413338">
        <ele>315.120819</ele>
        <time>2026-07-17T15:40:58.978Z</time>
      </trkpt>
      <trkpt lat="46.066346" lon="14.412883">
        <ele>315.384092</ele>
        <time>2026-07-17T15:41:05.230Z</time>
      </trkpt>
      <trkpt lat="46.066403" lon="14.412728">
        <ele>315.481206</ele>
        <time>2026-07-17T15:41:07.591Z</time>
      </trkpt>
      <trkpt lat="46.066622" lon="14.412484">
        <ele>315.702064</ele>
        <time>2026-07-17T15:41:13.006Z</time>
      </trkpt>
      <trkpt lat="46.066694" lon="14.412436">
        <ele>315.765359</ele>
        <time>2026-07-17T15:41:14.564Z</time>
      </trkpt>
      <trkpt lat="46.067197" lon="14.411897">
        <ele>315.893993</ele>
        <time>2026-07-17T15:41:25.114Z</time>
      </trkpt>
      <trkpt lat="46.067338" lon="14.411705">
        <ele>315.822836</ele>
        <time>2026-07-17T15:41:27.842Z</time>
      </trkpt>
      <trkpt lat="46.067470" lon="14.411461">
        <ele>315.744088</ele>
        <time>2026-07-17T15:41:30.699Z</time>
      </trkpt>
      <trkpt lat="46.067510" lon="14.411299">
        <ele>315.700323</ele>
        <time>2026-07-17T15:41:32.214Z</time>
      </trkpt>
      <trkpt lat="46.067577" lon="14.410631">
        <ele>315.528541</ele>
        <time>2026-07-17T15:41:38.051Z</time>
      </trkpt>
      <trkpt lat="46.067624" lon="14.410459">
        <ele>315.481491</ele>
        <time>2026-07-17T15:41:39.639Z</time>
      </trkpt>
      <trkpt lat="46.067696" lon="14.410314">
        <ele>315.436109</ele>
        <time>2026-07-17T15:41:41.172Z</time>
      </trkpt>
      <trkpt lat="46.067816" lon="14.410105">
        <ele>315.367064</ele>
        <time>2026-07-17T15:41:43.516Z</time>
      </trkpt>
      <trkpt lat="46.067919" lon="14.409908">
        <ele>315.446107</ele>
        <time>2026-07-17T15:41:45.665Z</time>
      </trkpt>
      <trkpt lat="46.067940" lon="14.409859">
        <ele>315.475775</ele>
        <time>2026-07-17T15:41:46.174Z</time>
      </trkpt>
      <trkpt lat="46.067968" lon="14.409788">
        <ele>315.517842</ele>
        <time>2026-07-17T15:41:46.893Z</time>
      </trkpt>
      <trkpt lat="46.068226" lon="14.409204">
        <ele>315.874469</ele>
        <time>2026-07-17T15:41:53.688Z</time>
      </trkpt>
      <trkpt lat="46.068764" lon="14.408418">
        <ele>316.443206</ele>
        <time>2026-07-17T15:42:09.478Z</time>
      </trkpt>
      <trkpt lat="46.068966" lon="14.408220">
        <ele>316.624570</ele>
        <time>2026-07-17T15:42:14.931Z</time>
      </trkpt>
      <trkpt lat="46.069079" lon="14.408171">
        <ele>316.721973</ele>
        <time>2026-07-17T15:42:17.510Z</time>
      </trkpt>
      <trkpt lat="46.069235" lon="14.407994">
        <ele>316.925706</ele>
        <time>2026-07-17T15:42:21.852Z</time>
      </trkpt>
      <trkpt lat="46.069587" lon="14.407497">
        <ele>317.431356</ele>
        <time>2026-07-17T15:42:32.247Z</time>
      </trkpt>
      <trkpt lat="46.069778" lon="14.407180">
        <ele>317.730273</ele>
        <time>2026-07-17T15:42:38.257Z</time>
      </trkpt>
      <trkpt lat="46.070115" lon="14.406491">
        <ele>318.330452</ele>
        <time>2026-07-17T15:42:48.578Z</time>
      </trkpt>
      <trkpt lat="46.070385" lon="14.405875">
        <ele>318.553685</ele>
        <time>2026-07-17T15:42:55.738Z</time>
      </trkpt>
      <trkpt lat="46.070537" lon="14.405359">
        <ele>318.580621</ele>
        <time>2026-07-17T15:43:01.097Z</time>
      </trkpt>
      <trkpt lat="46.070846" lon="14.404800">
        <ele>318.614964</ele>
        <time>2026-07-17T15:43:08.191Z</time>
      </trkpt>
      <trkpt lat="46.070981" lon="14.404476">
        <ele>318.633124</ele>
        <time>2026-07-17T15:43:11.925Z</time>
      </trkpt>
      <trkpt lat="46.071241" lon="14.403186">
        <ele>319.397144</ele>
        <time>2026-07-17T15:43:27.976Z</time>
      </trkpt>
      <trkpt lat="46.071250" lon="14.403075">
        <ele>319.494568</ele>
        <time>2026-07-17T15:43:29.519Z</time>
      </trkpt>
      <trkpt lat="46.071213" lon="14.403000">
        <ele>319.574795</ele>
        <time>2026-07-17T15:43:30.702Z</time>
      </trkpt>
      <trkpt lat="46.071502" lon="14.402456">
        <ele>320.172104</ele>
        <time>2026-07-17T15:43:40.107Z</time>
      </trkpt>
      <trkpt lat="46.072338" lon="14.401421">
        <ele>321.574282</ele>
        <time>2026-07-17T15:44:05.507Z</time>
      </trkpt>
      <trkpt lat="46.072527" lon="14.401016">
        <ele>322.011353</ele>
        <time>2026-07-17T15:44:13.496Z</time>
      </trkpt>
      <trkpt lat="46.072822" lon="14.400166">
        <ele>322.862410</ele>
        <time>2026-07-17T15:44:25.764Z</time>
      </trkpt>
      <trkpt lat="46.072982" lon="14.399690">
        <ele>323.193115</ele>
        <time>2026-07-17T15:44:32.077Z</time>
      </trkpt>
      <trkpt lat="46.073171" lon="14.399131">
        <ele>322.933479</ele>
        <time>2026-07-17T15:44:38.192Z</time>
      </trkpt>
      <trkpt lat="46.073276" lon="14.398943">
        <ele>322.832709</ele>
        <time>2026-07-17T15:44:40.226Z</time>
      </trkpt>
      <trkpt lat="46.073651" lon="14.398620">
        <ele>322.569798</ele>
        <time>2026-07-17T15:44:45.007Z</time>
      </trkpt>
      <trkpt lat="46.073830" lon="14.398376">
        <ele>322.421529</ele>
        <time>2026-07-17T15:44:47.708Z</time>
      </trkpt>
      <trkpt lat="46.073973" lon="14.397948">
        <ele>322.223189</ele>
        <time>2026-07-17T15:44:51.927Z</time>
      </trkpt>
      <trkpt lat="46.074162" lon="14.397195">
        <ele>322.927244</ele>
        <time>2026-07-17T15:45:02.150Z</time>
      </trkpt>
      <trkpt lat="46.074224" lon="14.396719">
        <ele>323.510808</ele>
        <time>2026-07-17T15:45:09.284Z</time>
      </trkpt>
      <trkpt lat="46.074496" lon="14.395860">
        <ele>324.648555</ele>
        <time>2026-07-17T15:45:24.989Z</time>
      </trkpt>
      <trkpt lat="46.074559" lon="14.394501">
        <ele>325.991457</ele>
        <time>2026-07-17T15:45:50.145Z</time>
      </trkpt>
      <trkpt lat="46.074683" lon="14.393128">
        <ele>327.166948</ele>
        <time>2026-07-17T15:46:08.909Z</time>
      </trkpt>
      <trkpt lat="46.074701" lon="14.392968">
        <ele>327.304559</ele>
        <time>2026-07-17T15:46:10.393Z</time>
      </trkpt>
      <trkpt lat="46.074843" lon="14.392291">
        <ele>327.030779</ele>
        <time>2026-07-17T15:46:16.142Z</time>
      </trkpt>
      <trkpt lat="46.075051" lon="14.391180">
        <ele>325.991996</ele>
        <time>2026-07-17T15:46:24.978Z</time>
      </trkpt>
      <trkpt lat="46.075246" lon="14.389593">
        <ele>325.143165</ele>
        <time>2026-07-17T15:46:38.172Z</time>
      </trkpt>
      <trkpt lat="46.075319" lon="14.389404">
        <ele>325.143926</ele>
        <time>2026-07-17T15:46:40.642Z</time>
      </trkpt>
      <trkpt lat="46.075413" lon="14.389245">
        <ele>325.144662</ele>
        <time>2026-07-17T15:46:43.246Z</time>
      </trkpt>
      <trkpt lat="46.075591" lon="14.389013">
        <ele>325.145879</ele>
        <time>2026-07-17T15:46:47.920Z</time>
      </trkpt>
      <trkpt lat="46.075781" lon="14.388815">
        <ele>325.147068</ele>
        <time>2026-07-17T15:46:52.757Z</time>
      </trkpt>
      <trkpt lat="46.076090" lon="14.388619">
        <ele>325.148781</ele>
        <time>2026-07-17T15:46:58.092Z</time>
      </trkpt>
      <trkpt lat="46.076332" lon="14.388517">
        <ele>325.170799</ele>
        <time>2026-07-17T15:47:01.617Z</time>
      </trkpt>
      <trkpt lat="46.076482" lon="14.388399">
        <ele>325.316789</ele>
        <time>2026-07-17T15:47:03.928Z</time>
      </trkpt>
      <trkpt lat="46.076505" lon="14.388368">
        <ele>325.343690</ele>
        <time>2026-07-17T15:47:04.376Z</time>
      </trkpt>
      <trkpt lat="46.076568" lon="14.388285">
        <ele>325.416605</ele>
        <time>2026-07-17T15:47:05.567Z</time>
      </trkpt>
      <trkpt lat="46.076618" lon="14.388156">
        <ele>325.504182</ele>
        <time>2026-07-17T15:47:07.035Z</time>
      </trkpt>
      <trkpt lat="46.076656" lon="14.387955">
        <ele>325.627650</ele>
        <time>2026-07-17T15:47:09.077Z</time>
      </trkpt>
      <trkpt lat="46.076599" lon="14.387601">
        <ele>325.843026</ele>
        <time>2026-07-17T15:47:12.932Z</time>
      </trkpt>
      <trkpt lat="46.076421" lon="14.387141">
        <ele>326.155192</ele>
        <time>2026-07-17T15:47:20.157Z</time>
      </trkpt>
      <trkpt lat="46.076345" lon="14.386745">
        <ele>326.398699</ele>
        <time>2026-07-17T15:47:25.760Z</time>
      </trkpt>
      <trkpt lat="46.076337" lon="14.386123">
        <ele>326.998432</ele>
        <time>2026-07-17T15:47:35.096Z</time>
      </trkpt>
      <trkpt lat="46.076476" lon="14.385558">
        <ele>328.369529</ele>
        <time>2026-07-17T15:47:44.795Z</time>
      </trkpt>
      <trkpt lat="46.076689" lon="14.384849">
        <ele>330.136649</ele>
        <time>2026-07-17T15:47:59.526Z</time>
      </trkpt>
      <trkpt lat="46.076696" lon="14.384716">
        <ele>330.441713</ele>
        <time>2026-07-17T15:48:02.312Z</time>
      </trkpt>
      <trkpt lat="46.076701" lon="14.384635">
        <ele>330.627703</ele>
        <time>2026-07-17T15:48:04.085Z</time>
      </trkpt>
      <trkpt lat="46.076673" lon="14.384415">
        <ele>331.139271</ele>
        <time>2026-07-17T15:48:08.985Z</time>
      </trkpt>
      <trkpt lat="46.076657" lon="14.384347">
        <ele>331.303500</ele>
        <time>2026-07-17T15:48:10.577Z</time>
      </trkpt>
      <trkpt lat="46.076993" lon="14.384175">
        <ele>332.479077</ele>
        <time>2026-07-17T15:48:22.082Z</time>
      </trkpt>
      <trkpt lat="46.077332" lon="14.384044">
        <ele>334.229106</ele>
        <time>2026-07-17T15:48:33.588Z</time>
      </trkpt>
      <trkpt lat="46.078161" lon="14.383625">
        <ele>338.809879</ele>
        <time>2026-07-17T15:49:07.110Z</time>
      </trkpt>
      <trkpt lat="46.078772" lon="14.383513">
        <ele>342.021769</ele>
        <time>2026-07-17T15:49:29.299Z</time>
      </trkpt>
      <trkpt lat="46.078974" lon="14.383396">
        <ele>343.165933</ele>
        <time>2026-07-17T15:49:36.776Z</time>
      </trkpt>
      <trkpt lat="46.079054" lon="14.383297">
        <ele>343.720066</ele>
        <time>2026-07-17T15:49:40.305Z</time>
      </trkpt>
      <trkpt lat="46.079077" lon="14.383237">
        <ele>343.969993</ele>
        <time>2026-07-17T15:49:41.909Z</time>
      </trkpt>
      <trkpt lat="46.079100" lon="14.383120">
        <ele>344.413347</ele>
        <time>2026-07-17T15:49:44.680Z</time>
      </trkpt>
      <trkpt lat="46.079196" lon="14.382960">
        <ele>345.184611</ele>
        <time>2026-07-17T15:49:49.287Z</time>
      </trkpt>
      <trkpt lat="46.079470" lon="14.382750">
        <ele>346.815573</ele>
        <time>2026-07-17T15:49:58.493Z</time>
      </trkpt>
      <trkpt lat="46.079915" lon="14.382556">
        <ele>349.259017</ele>
        <time>2026-07-17T15:50:14.202Z</time>
      </trkpt>
      <trkpt lat="46.080309" lon="14.382226">
        <ele>351.806554</ele>
        <time>2026-07-17T15:50:32.709Z</time>
      </trkpt>
      <trkpt lat="46.080351" lon="14.382219">
        <ele>352.194328</ele>
        <time>2026-07-17T15:50:34.556Z</time>
      </trkpt>
      <trkpt lat="46.080429" lon="14.382208">
        <ele>352.913129</ele>
        <time>2026-07-17T15:50:38.035Z</time>
      </trkpt>
      <trkpt lat="46.080917" lon="14.382181">
        <ele>357.392179</ele>
        <time>2026-07-17T15:51:01.852Z</time>
      </trkpt>
      <trkpt lat="46.081372" lon="14.381914">
        <ele>361.897723</ele>
        <time>2026-07-17T15:51:28.152Z</time>
      </trkpt>
      <trkpt lat="46.082313" lon="14.381546">
        <ele>371.128494</ele>
        <time>2026-07-17T15:52:24.558Z</time>
      </trkpt>
      <trkpt lat="46.082672" lon="14.381481">
        <ele>374.777588</ele>
        <time>2026-07-17T15:52:43.889Z</time>
      </trkpt>
      <trkpt lat="46.083047" lon="14.381474">
        <ele>378.559923</ele>
        <time>2026-07-17T15:53:03.373Z</time>
      </trkpt>
      <trkpt lat="46.083309" lon="14.381399">
        <ele>381.253876</ele>
        <time>2026-07-17T15:53:17.374Z</time>
      </trkpt>
      <trkpt lat="46.083408" lon="14.381422">
        <ele>382.265209</ele>
        <time>2026-07-17T15:53:22.663Z</time>
      </trkpt>
      <trkpt lat="46.083726" lon="14.381617">
        <ele>385.750400</ele>
        <time>2026-07-17T15:53:41.804Z</time>
      </trkpt>
      <trkpt lat="46.083840" lon="14.381620">
        <ele>387.187407</ele>
        <time>2026-07-17T15:53:48.447Z</time>
      </trkpt>
      <trkpt lat="46.084054" lon="14.381561">
        <ele>390.159043</ele>
        <time>2026-07-17T15:54:01.801Z</time>
      </trkpt>
      <trkpt lat="46.084332" lon="14.381679">
        <ele>394.111595</ele>
        <time>2026-07-17T15:54:20.778Z</time>
      </trkpt>
      <trkpt lat="46.084415" lon="14.381688">
        <ele>395.246830</ele>
        <time>2026-07-17T15:54:26.441Z</time>
      </trkpt>
      <trkpt lat="46.084584" lon="14.381626">
        <ele>397.625275</ele>
        <time>2026-07-17T15:54:38.744Z</time>
      </trkpt>
      <trkpt lat="46.084783" lon="14.381439">
        <ele>400.865040</ele>
        <time>2026-07-17T15:54:56.149Z</time>
      </trkpt>
      <trkpt lat="46.085151" lon="14.381186">
        <ele>406.425623</ele>
        <time>2026-07-17T15:55:27.576Z</time>
      </trkpt>
      <trkpt lat="46.085422" lon="14.380701">
        <ele>412.183478</ele>
        <time>2026-07-17T15:56:01.507Z</time>
      </trkpt>
      <trkpt lat="46.085795" lon="14.380177">
        <ele>418.727389</ele>
        <time>2026-07-17T15:56:40.856Z</time>
      </trkpt>
      <trkpt lat="46.086126" lon="14.379959">
        <ele>423.299964</ele>
        <time>2026-07-17T15:57:05.605Z</time>
      </trkpt>
      <trkpt lat="46.086357" lon="14.379551">
        <ele>427.890036</ele>
        <time>2026-07-17T15:57:27.754Z</time>
      </trkpt>
      <trkpt lat="46.086520" lon="14.379317">
        <ele>430.780347</ele>
        <time>2026-07-17T15:57:40.629Z</time>
      </trkpt>
      <trkpt lat="46.086730" lon="14.378926">
        <ele>434.272991</ele>
        <time>2026-07-17T15:57:58.643Z</time>
      </trkpt>
      <trkpt lat="46.086820" lon="14.378828">
        <ele>435.071528</ele>
        <time>2026-07-17T15:58:04.270Z</time>
      </trkpt>
      <trkpt lat="46.086973" lon="14.378773">
        <ele>436.187979</ele>
        <time>2026-07-17T15:58:11.946Z</time>
      </trkpt>
      <trkpt lat="46.087275" lon="14.378884">
        <ele>438.394621</ele>
        <time>2026-07-17T15:58:26.252Z</time>
      </trkpt>
      <trkpt lat="46.087372" lon="14.378864">
        <ele>439.088399</ele>
        <time>2026-07-17T15:58:30.459Z</time>
      </trkpt>
      <trkpt lat="46.087473" lon="14.378759">
        <ele>439.970015</ele>
        <time>2026-07-17T15:58:35.645Z</time>
      </trkpt>
      <trkpt lat="46.087498" lon="14.378691">
        <ele>440.347952</ele>
        <time>2026-07-17T15:58:37.790Z</time>
      </trkpt>
      <trkpt lat="46.087490" lon="14.378606">
        <ele>440.769181</ele>
        <time>2026-07-17T15:58:40.166Z</time>
      </trkpt>
      <trkpt lat="46.087404" lon="14.378486">
        <ele>441.616538</ele>
        <time>2026-07-17T15:58:44.807Z</time>
      </trkpt>
      <trkpt lat="46.087236" lon="14.378386">
        <ele>442.903411</ele>
        <time>2026-07-17T15:58:51.693Z</time>
      </trkpt>
      <trkpt lat="46.087086" lon="14.378235">
        <ele>444.198704</ele>
        <time>2026-07-17T15:58:58.522Z</time>
      </trkpt>
      <trkpt lat="46.086973" lon="14.378200">
        <ele>445.017033</ele>
        <time>2026-07-17T15:59:02.734Z</time>
      </trkpt>
      <trkpt lat="46.086867" lon="14.378261">
        <ele>445.825119</ele>
        <time>2026-07-17T15:59:06.921Z</time>
      </trkpt>
      <trkpt lat="46.086729" lon="14.378416">
        <ele>446.666735</ele>
        <time>2026-07-17T15:59:13.246Z</time>
      </trkpt>
      <trkpt lat="46.086580" lon="14.378514">
        <ele>447.411819</ele>
        <time>2026-07-17T15:59:19.017Z</time>
      </trkpt>
      <trkpt lat="46.086399" lon="14.378577">
        <ele>448.258944</ele>
        <time>2026-07-17T15:59:25.380Z</time>
      </trkpt>
      <trkpt lat="46.085977" lon="14.378451">
        <ele>450.219590</ele>
        <time>2026-07-17T15:59:39.095Z</time>
      </trkpt>
      <trkpt lat="46.085716" lon="14.378475">
        <ele>451.409436</ele>
        <time>2026-07-17T15:59:46.796Z</time>
      </trkpt>
      <trkpt lat="46.085290" lon="14.378583">
        <ele>453.377280</ele>
        <time>2026-07-17T16:00:00.240Z</time>
      </trkpt>
      <trkpt lat="46.084696" lon="14.378496">
        <ele>456.338717</ele>
        <time>2026-07-17T16:00:20.779Z</time>
      </trkpt>
      <trkpt lat="46.083846" lon="14.378576">
        <ele>460.699298</ele>
        <time>2026-07-17T16:00:50.096Z</time>
      </trkpt>
      <trkpt lat="46.083260" lon="14.378503">
        <ele>464.069142</ele>
        <time>2026-07-17T16:01:10.807Z</time>
      </trkpt>
      <trkpt lat="46.082932" lon="14.378418">
        <ele>467.445126</ele>
        <time>2026-07-17T16:01:24.797Z</time>
      </trkpt>
      <trkpt lat="46.082817" lon="14.378319">
        <ele>468.801991</ele>
        <time>2026-07-17T16:01:30.835Z</time>
      </trkpt>
      <trkpt lat="46.082785" lon="14.378144">
        <ele>470.073650</ele>
        <time>2026-07-17T16:01:36.915Z</time>
      </trkpt>
      <trkpt lat="46.082807" lon="14.378067">
        <ele>470.658798</ele>
        <time>2026-07-17T16:01:39.979Z</time>
      </trkpt>
      <trkpt lat="46.083078" lon="14.377667">
        <ele>474.587699</ele>
        <time>2026-07-17T16:02:01.435Z</time>
      </trkpt>
      <trkpt lat="46.083435" lon="14.377257">
        <ele>479.211391</ele>
        <time>2026-07-17T16:02:30.747Z</time>
      </trkpt>
      <trkpt lat="46.083695" lon="14.376926">
        <ele>482.981222</ele>
        <time>2026-07-17T16:02:57.391Z</time>
      </trkpt>
      <trkpt lat="46.083768" lon="14.376784">
        <ele>484.497179</ele>
        <time>2026-07-17T16:03:06.990Z</time>
      </trkpt>
      <trkpt lat="46.083964" lon="14.376094">
        <ele>490.892207</ele>
        <time>2026-07-17T16:03:46.405Z</time>
      </trkpt>
      <trkpt lat="46.083981" lon="14.376027">
        <ele>491.504092</ele>
        <time>2026-07-17T16:03:49.984Z</time>
      </trkpt>
      <trkpt lat="46.084244" lon="14.375101">
        <ele>500.086197</ele>
        <time>2026-07-17T16:04:33.237Z</time>
      </trkpt>
      <trkpt lat="46.084283" lon="14.375053">
        <ele>500.720272</ele>
        <time>2026-07-17T16:04:35.747Z</time>
      </trkpt>
      <trkpt lat="46.084310" lon="14.375038">
        <ele>501.078069</ele>
        <time>2026-07-17T16:04:37.234Z</time>
      </trkpt>
      <trkpt lat="46.084387" lon="14.375029">
        <ele>502.033337</ele>
        <time>2026-07-17T16:04:41.106Z</time>
      </trkpt>
      <trkpt lat="46.084482" lon="14.375164">
        <ele>503.682759</ele>
        <time>2026-07-17T16:04:47.593Z</time>
      </trkpt>
      <trkpt lat="46.084566" lon="14.375528">
        <ele>506.247091</ele>
        <time>2026-07-17T16:05:00.357Z</time>
      </trkpt>
      <trkpt lat="46.084643" lon="14.376208">
        <ele>510.802197</ele>
        <time>2026-07-17T16:05:23.547Z</time>
      </trkpt>
      <trkpt lat="46.084783" lon="14.376286">
        <ele>512.232808</ele>
        <time>2026-07-17T16:05:30.848Z</time>
      </trkpt>
      <trkpt lat="46.085006" lon="14.376205">
        <ele>514.424800</ele>
        <time>2026-07-17T16:05:42.173Z</time>
      </trkpt>
      <trkpt lat="46.085259" lon="14.376059">
        <ele>517.022320</ele>
        <time>2026-07-17T16:05:56.169Z</time>
      </trkpt>
      <trkpt lat="46.085417" lon="14.375880">
        <ele>518.937644</ele>
        <time>2026-07-17T16:06:07.288Z</time>
      </trkpt>
      <trkpt lat="46.085535" lon="14.375643">
        <ele>520.866367</ele>
        <time>2026-07-17T16:06:19.241Z</time>
      </trkpt>
      <trkpt lat="46.085683" lon="14.375454">
        <ele>523.291249</ele>
        <time>2026-07-17T16:06:32.021Z</time>
      </trkpt>
      <trkpt lat="46.085848" lon="14.375425">
        <ele>525.351022</ele>
        <time>2026-07-17T16:06:43.214Z</time>
      </trkpt>
      <trkpt lat="46.086030" lon="14.375436">
        <ele>527.608299</ele>
        <time>2026-07-17T16:06:55.566Z</time>
      </trkpt>
      <trkpt lat="46.086479" lon="14.375105">
        <ele>533.857284</ele>
        <time>2026-07-17T16:07:28.684Z</time>
      </trkpt>
      <trkpt lat="46.086613" lon="14.374906">
        <ele>536.241066</ele>
        <time>2026-07-17T16:07:41.126Z</time>
      </trkpt>
      <trkpt lat="46.086788" lon="14.374551">
        <ele>539.984269</ele>
        <time>2026-07-17T16:08:00.594Z</time>
      </trkpt>
      <trkpt lat="46.086937" lon="14.374162">
        <ele>543.857602</ele>
        <time>2026-07-17T16:08:20.745Z</time>
      </trkpt>
      <trkpt lat="46.087113" lon="14.373592">
        <ele>549.733226</ele>
        <time>2026-07-17T16:08:50.588Z</time>
      </trkpt>
      <trkpt lat="46.087373" lon="14.373096">
        <ele>555.588063</ele>
        <time>2026-07-17T16:09:21.503Z</time>
      </trkpt>
      <trkpt lat="46.087469" lon="14.372467">
        <ele>561.653065</ele>
        <time>2026-07-17T16:09:53.772Z</time>
      </trkpt>
      <trkpt lat="46.087546" lon="14.372277">
        <ele>563.725349</ele>
        <time>2026-07-17T16:10:04.648Z</time>
      </trkpt>
      <trkpt lat="46.087632" lon="14.372143">
        <ele>565.444596</ele>
        <time>2026-07-17T16:10:13.612Z</time>
      </trkpt>
      <trkpt lat="46.087855" lon="14.371894">
        <ele>569.167681</ele>
        <time>2026-07-17T16:10:33.003Z</time>
      </trkpt>
      <trkpt lat="46.088057" lon="14.371806">
        <ele>571.843798</ele>
        <time>2026-07-17T16:10:47.272Z</time>
      </trkpt>
      <trkpt lat="46.088350" lon="14.371867">
        <ele>575.598123</ele>
        <time>2026-07-17T16:11:06.948Z</time>
      </trkpt>
      <trkpt lat="46.088673" lon="14.372083">
        <ele>580.113491</ele>
        <time>2026-07-17T16:11:29.741Z</time>
      </trkpt>
      <trkpt lat="46.088799" lon="14.372045">
        <ele>581.745988</ele>
        <time>2026-07-17T16:11:37.652Z</time>
      </trkpt>
      <trkpt lat="46.088833" lon="14.371977">
        <ele>582.483300</ele>
        <time>2026-07-17T16:11:41.146Z</time>
      </trkpt>
      <trkpt lat="46.088840" lon="14.371880">
        <ele>583.341062</ele>
        <time>2026-07-17T16:11:45.133Z</time>
      </trkpt>
      <trkpt lat="46.088810" lon="14.371771">
        <ele>584.372494</ele>
        <time>2026-07-17T16:11:49.740Z</time>
      </trkpt>
      <trkpt lat="46.088567" lon="14.371471">
        <ele>588.429492</ele>
        <time>2026-07-17T16:12:08.856Z</time>
      </trkpt>
      <trkpt lat="46.088332" lon="14.370896">
        <ele>595.154616</ele>
        <time>2026-07-17T16:12:41.593Z</time>
      </trkpt>
      <trkpt lat="46.088257" lon="14.370570">
        <ele>598.849956</ele>
        <time>2026-07-17T16:13:00.227Z</time>
      </trkpt>
      <trkpt lat="46.088273" lon="14.370390">
        <ele>600.802402</ele>
        <time>2026-07-17T16:13:10.265Z</time>
      </trkpt>
      <trkpt lat="46.088326" lon="14.370288">
        <ele>602.173638</ele>
        <time>2026-07-17T16:13:17.594Z</time>
      </trkpt>
      <trkpt lat="46.088632" lon="14.370014">
        <ele>607.761449</ele>
        <time>2026-07-17T16:13:47.040Z</time>
      </trkpt>
      <trkpt lat="46.088855" lon="14.369876">
        <ele>611.525964</ele>
        <time>2026-07-17T16:14:07.004Z</time>
      </trkpt>
      <trkpt lat="46.089319" lon="14.369971">
        <ele>618.694453</ele>
        <time>2026-07-17T16:14:45.541Z</time>
      </trkpt>
      <trkpt lat="46.089498" lon="14.369967">
        <ele>620.806028</ele>
        <time>2026-07-17T16:15:00.488Z</time>
      </trkpt>
      <trkpt lat="46.089804" lon="14.369782">
        <ele>624.719754</ele>
        <time>2026-07-17T16:15:25.731Z</time>
      </trkpt>
      <trkpt lat="46.089929" lon="14.369658">
        <ele>626.509368</ele>
        <time>2026-07-17T16:15:36.248Z</time>
      </trkpt>
      <trkpt lat="46.090043" lon="14.369489">
        <ele>628.437902</ele>
        <time>2026-07-17T16:15:47.089Z</time>
      </trkpt>
      <trkpt lat="46.090145" lon="14.369442">
        <ele>629.700940</ele>
        <time>2026-07-17T16:15:54.083Z</time>
      </trkpt>
      <trkpt lat="46.090237" lon="14.369460">
        <ele>630.796032</ele>
        <time>2026-07-17T16:15:59.759Z</time>
      </trkpt>
      <trkpt lat="46.090418" lon="14.369579">
        <ele>633.142397</ele>
        <time>2026-07-17T16:16:11.232Z</time>
      </trkpt>
      <trkpt lat="46.090511" lon="14.369574">
        <ele>634.240103</ele>
        <time>2026-07-17T16:16:16.137Z</time>
      </trkpt>
      <trkpt lat="46.090582" lon="14.369527">
        <ele>635.161590</ele>
        <time>2026-07-17T16:16:20.048Z</time>
      </trkpt>
      <trkpt lat="46.090712" lon="14.369322">
        <ele>637.433874</ele>
        <time>2026-07-17T16:16:29.052Z</time>
      </trkpt>
      <trkpt lat="46.090864" lon="14.369166">
        <ele>639.605655</ele>
        <time>2026-07-17T16:16:37.179Z</time>
      </trkpt>
      <trkpt lat="46.091089" lon="14.369123">
        <ele>640.655639</ele>
        <time>2026-07-17T16:16:46.406Z</time>
      </trkpt>
      <trkpt lat="46.091314" lon="14.369149">
        <ele>641.699858</ele>
        <time>2026-07-17T16:16:54.728Z</time>
      </trkpt>
      <trkpt lat="46.091559" lon="14.369263">
        <ele>642.890813</ele>
        <time>2026-07-17T16:17:03.467Z</time>
      </trkpt>
      <trkpt lat="46.091707" lon="14.369339">
        <ele>643.617603</ele>
        <time>2026-07-17T16:17:08.582Z</time>
      </trkpt>
      <trkpt lat="46.092321" lon="14.369865">
        <ele>646.921530</ele>
        <time>2026-07-17T16:17:30.172Z</time>
      </trkpt>
      <trkpt lat="46.092773" lon="14.370109">
        <ele>647.124059</ele>
        <time>2026-07-17T16:17:43.988Z</time>
      </trkpt>
      <trkpt lat="46.092866" lon="14.370139">
        <ele>646.846846</ele>
        <time>2026-07-17T16:17:46.120Z</time>
      </trkpt>
      <trkpt lat="46.092951" lon="14.370110">
        <ele>646.592763</ele>
        <time>2026-07-17T16:17:47.583Z</time>
      </trkpt>
      <trkpt lat="46.093172" lon="14.369953">
        <ele>645.876115</ele>
        <time>2026-07-17T16:17:50.946Z</time>
      </trkpt>
      <trkpt lat="46.093406" lon="14.369880">
        <ele>645.179686</ele>
        <time>2026-07-17T16:17:53.484Z</time>
      </trkpt>
      <trkpt lat="46.093469" lon="14.369809">
        <ele>644.947096</ele>
        <time>2026-07-17T16:17:54.285Z</time>
      </trkpt>
      <trkpt lat="46.093542" lon="14.369642">
        <ele>644.548871</ele>
        <time>2026-07-17T16:17:55.598Z</time>
      </trkpt>
      <trkpt lat="46.093532" lon="14.369471">
        <ele>644.202693</ele>
        <time>2026-07-17T16:17:56.707Z</time>
      </trkpt>
      <trkpt lat="46.093502" lon="14.369406">
        <ele>644.045186</ele>
        <time>2026-07-17T16:17:57.201Z</time>
      </trkpt>
      <trkpt lat="46.093344" lon="14.369256">
        <ele>643.494914</ele>
        <time>2026-07-17T16:17:58.901Z</time>
      </trkpt>
      <trkpt lat="46.093133" lon="14.368993">
        <ele>642.683619</ele>
        <time>2026-07-17T16:18:01.349Z</time>
      </trkpt>
      <trkpt lat="46.093043" lon="14.368701">
        <ele>640.817651</ele>
        <time>2026-07-17T16:18:03.268Z</time>
      </trkpt>
      <trkpt lat="46.093046" lon="14.368429">
        <ele>639.216258</ele>
        <time>2026-07-17T16:18:04.893Z</time>
      </trkpt>
      <trkpt lat="46.093117" lon="14.368075">
        <ele>637.046955</ele>
        <time>2026-07-17T16:18:07.083Z</time>
      </trkpt>
      <trkpt lat="46.093183" lon="14.367881">
        <ele>635.774912</ele>
        <time>2026-07-17T16:18:08.374Z</time>
      </trkpt>
      <trkpt lat="46.093501" lon="14.367354">
        <ele>631.662641</ele>
        <time>2026-07-17T16:18:12.620Z</time>
      </trkpt>
      <trkpt lat="46.093563" lon="14.367193">
        <ele>630.578564</ele>
        <time>2026-07-17T16:18:13.748Z</time>
      </trkpt>
      <trkpt lat="46.093637" lon="14.366881">
        <ele>628.637474</ele>
        <time>2026-07-17T16:18:15.779Z</time>
      </trkpt>
      <trkpt lat="46.093698" lon="14.366751">
        <ele>627.713487</ele>
        <time>2026-07-17T16:18:16.743Z</time>
      </trkpt>
      <trkpt lat="46.093772" lon="14.366670">
        <ele>627.160309</ele>
        <time>2026-07-17T16:18:17.574Z</time>
      </trkpt>
      <trkpt lat="46.093875" lon="14.366608">
        <ele>626.674727</ele>
        <time>2026-07-17T16:18:18.570Z</time>
      </trkpt>
      <trkpt lat="46.094200" lon="14.366537">
        <ele>625.244663</ele>
        <time>2026-07-17T16:18:21.543Z</time>
      </trkpt>
      <trkpt lat="46.094733" lon="14.366092">
        <ele>622.565203</ele>
        <time>2026-07-17T16:18:27.322Z</time>
      </trkpt>
      <trkpt lat="46.095088" lon="14.365918">
        <ele>620.933980</ele>
        <time>2026-07-17T16:18:31.087Z</time>
      </trkpt>
      <trkpt lat="46.095158" lon="14.365838">
        <ele>620.545397</ele>
        <time>2026-07-17T16:18:32.060Z</time>
      </trkpt>
      <trkpt lat="46.095274" lon="14.365796">
        <ele>620.025069</ele>
        <time>2026-07-17T16:18:33.463Z</time>
      </trkpt>
      <trkpt lat="46.095395" lon="14.365500">
        <ele>619.887127</ele>
        <time>2026-07-17T16:18:36.620Z</time>
      </trkpt>
      <trkpt lat="46.095455" lon="14.365414">
        <ele>620.075616</ele>
        <time>2026-07-17T16:18:38.072Z</time>
      </trkpt>
      <trkpt lat="46.095675" lon="14.365351">
        <ele>620.575366</ele>
        <time>2026-07-17T16:18:42.600Z</time>
      </trkpt>
      <trkpt lat="46.095772" lon="14.365370">
        <ele>620.793475</ele>
        <time>2026-07-17T16:18:44.890Z</time>
      </trkpt>
      <trkpt lat="46.096084" lon="14.365553">
        <ele>621.543939</ele>
        <time>2026-07-17T16:18:53.309Z</time>
      </trkpt>
      <trkpt lat="46.096320" lon="14.365602">
        <ele>622.075189</ele>
        <time>2026-07-17T16:18:59.355Z</time>
      </trkpt>
      <trkpt lat="46.096677" lon="14.365519">
        <ele>622.880886</ele>
        <time>2026-07-17T16:19:09.117Z</time>
      </trkpt>
      <trkpt lat="46.096995" lon="14.365631">
        <ele>623.670282</ele>
        <time>2026-07-17T16:19:18.644Z</time>
      </trkpt>
      <trkpt lat="46.097437" lon="14.365528">
        <ele>627.669084</ele>
        <time>2026-07-17T16:19:34.966Z</time>
      </trkpt>
      <trkpt lat="46.097484" lon="14.365582">
        <ele>628.205786</ele>
        <time>2026-07-17T16:19:37.230Z</time>
      </trkpt>
      <trkpt lat="46.097697" lon="14.366143">
        <ele>632.166874</ele>
        <time>2026-07-17T16:19:56.414Z</time>
      </trkpt>
      <trkpt lat="46.097867" lon="14.366422">
        <ele>634.467062</ele>
        <time>2026-07-17T16:20:10.024Z</time>
      </trkpt>
      <trkpt lat="46.098036" lon="14.366846">
        <ele>637.495845</ele>
        <time>2026-07-17T16:20:30.698Z</time>
      </trkpt>
      <trkpt lat="46.098403" lon="14.367363">
        <ele>643.720080</ele>
        <time>2026-07-17T16:21:08.916Z</time>
      </trkpt>
      <trkpt lat="46.098493" lon="14.367522">
        <ele>645.852476</ele>
        <time>2026-07-17T16:21:21.193Z</time>
      </trkpt>
      <trkpt lat="46.098638" lon="14.367897">
        <ele>650.313258</ele>
        <time>2026-07-17T16:21:47.340Z</time>
      </trkpt>
      <trkpt lat="46.098778" lon="14.368059">
        <ele>653.002604</ele>
        <time>2026-07-17T16:22:02.321Z</time>
      </trkpt>
      <trkpt lat="46.099015" lon="14.368301">
        <ele>657.353489</ele>
        <time>2026-07-17T16:22:25.463Z</time>
      </trkpt>
      <trkpt lat="46.099164" lon="14.368497">
        <ele>660.375115</ele>
        <time>2026-07-17T16:22:41.445Z</time>
      </trkpt>
      <trkpt lat="46.099428" lon="14.368745">
        <ele>665.095711</ele>
        <time>2026-07-17T16:23:04.270Z</time>
      </trkpt>
      <trkpt lat="46.099632" lon="14.368816">
        <ele>667.829981</ele>
        <time>2026-07-17T16:23:17.563Z</time>
      </trkpt>
      <trkpt lat="46.099761" lon="14.368781">
        <ele>669.304135</ele>
        <time>2026-07-17T16:23:25.626Z</time>
      </trkpt>
      <trkpt lat="46.099919" lon="14.368816">
        <ele>671.099369</ele>
        <time>2026-07-17T16:23:35.104Z</time>
      </trkpt>
      <trkpt lat="46.100209" lon="14.368942">
        <ele>674.500816</ele>
        <time>2026-07-17T16:23:51.713Z</time>
      </trkpt>
      <trkpt lat="46.100366" lon="14.368910">
        <ele>676.281531</ele>
        <time>2026-07-17T16:24:00.021Z</time>
      </trkpt>
      <trkpt lat="46.100462" lon="14.368711">
        <ele>678.169333</ele>
        <time>2026-07-17T16:24:08.525Z</time>
      </trkpt>
      <trkpt lat="46.100655" lon="14.368441">
        <ele>681.189053</ele>
        <time>2026-07-17T16:24:23.022Z</time>
      </trkpt>
      <trkpt lat="46.100871" lon="14.368298">
        <ele>683.858229</ele>
        <time>2026-07-17T16:24:38.000Z</time>
      </trkpt>
      <trkpt lat="46.100974" lon="14.368266">
        <ele>685.041510</ele>
        <time>2026-07-17T16:24:44.910Z</time>
      </trkpt>
      <trkpt lat="46.101059" lon="14.368276">
        <ele>685.999276</ele>
        <time>2026-07-17T16:24:50.507Z</time>
      </trkpt>
      <trkpt lat="46.101226" lon="14.368394">
        <ele>687.928706</ele>
        <time>2026-07-17T16:25:02.391Z</time>
      </trkpt>
      <trkpt lat="46.101710" lon="14.369061">
        <ele>694.516269</ele>
        <time>2026-07-17T16:25:45.861Z</time>
      </trkpt>
      <trkpt lat="46.101840" lon="14.369133">
        <ele>695.886608</ele>
        <time>2026-07-17T16:25:54.301Z</time>
      </trkpt>
      <trkpt lat="46.101942" lon="14.369131">
        <ele>696.890422</ele>
        <time>2026-07-17T16:26:00.202Z</time>
      </trkpt>
      <trkpt lat="46.102048" lon="14.369093">
        <ele>697.965247</ele>
        <time>2026-07-17T16:26:06.202Z</time>
      </trkpt>
      <trkpt lat="46.102304" lon="14.368784">
        <ele>701.250237</ele>
        <time>2026-07-17T16:26:22.173Z</time>
      </trkpt>
      <trkpt lat="46.102411" lon="14.368747">
        <ele>702.333002</ele>
        <time>2026-07-17T16:26:27.613Z</time>
      </trkpt>
      <trkpt lat="46.102564" lon="14.368762">
        <ele>703.842059</ele>
        <time>2026-07-17T16:26:34.674Z</time>
      </trkpt>
      <trkpt lat="46.102782" lon="14.368731">
        <ele>704.681724</ele>
        <time>2026-07-17T16:26:43.120Z</time>
      </trkpt>
      <trkpt lat="46.103211" lon="14.368421">
        <ele>705.248937</ele>
        <time>2026-07-17T16:26:56.724Z</time>
      </trkpt>
      <trkpt lat="46.103289" lon="14.368405">
        <ele>705.342069</ele>
        <time>2026-07-17T16:26:58.060Z</time>
      </trkpt>
      <trkpt lat="46.103404" lon="14.368441">
        <ele>705.481175</ele>
        <time>2026-07-17T16:27:00.509Z</time>
      </trkpt>
      <trkpt lat="46.103503" lon="14.368427">
        <ele>705.598764</ele>
        <time>2026-07-17T16:27:08.768Z</time>
      </trkpt>
      <trkpt lat="46.103625" lon="14.368279">
        <ele>705.787213</ele>
        <time>2026-07-17T16:27:21.694Z</time>
      </trkpt>
      <trkpt lat="46.103822" lon="14.367859">
        <ele>706.202821</ele>
        <time>2026-07-17T16:27:49.266Z</time>
      </trkpt>
      <trkpt lat="46.103870" lon="14.367707">
        <ele>706.339715</ele>
        <time>2026-07-17T16:27:58.012Z</time>
      </trkpt>
      <trkpt lat="46.103925" lon="14.367498">
        <ele>706.522937</ele>
        <time>2026-07-17T16:28:09.643Z</time>
      </trkpt>
      <trkpt lat="46.104039" lon="14.367330">
        <ele>706.277033</ele>
        <time>2026-07-17T16:28:21.402Z</time>
      </trkpt>
      <trkpt lat="46.104336" lon="14.367037">
        <ele>704.567127</ele>
        <time>2026-07-17T16:28:44.568Z</time>
      </trkpt>
      <trkpt lat="46.104514" lon="14.366952">
        <ele>703.676124</ele>
        <time>2026-07-17T16:28:56.339Z</time>
      </trkpt>
      <trkpt lat="46.104584" lon="14.366888">
        <ele>703.282283</ele>
        <time>2026-07-17T16:29:01.582Z</time>
      </trkpt>
      <trkpt lat="46.104645" lon="14.366782">
        <ele>702.828417</ele>
        <time>2026-07-17T16:29:07.587Z</time>
      </trkpt>
      <trkpt lat="46.104715" lon="14.366460">
        <ele>701.716589</ele>
        <time>2026-07-17T16:29:22.410Z</time>
      </trkpt>
      <trkpt lat="46.104851" lon="14.366209">
        <ele>700.667042</ele>
        <time>2026-07-17T16:29:36.623Z</time>
      </trkpt>
      <trkpt lat="46.105048" lon="14.365948">
        <ele>699.395897</ele>
        <time>2026-07-17T16:29:54.345Z</time>
      </trkpt>
      <trkpt lat="46.105165" lon="14.365851">
        <ele>698.754611</ele>
        <time>2026-07-17T16:30:03.498Z</time>
      </trkpt>
      <trkpt lat="46.105720" lon="14.365572">
        <ele>697.698802</ele>
        <time>2026-07-17T16:30:45.639Z</time>
      </trkpt>
      <trkpt lat="46.105905" lon="14.365566">
        <ele>697.540164</ele>
        <time>2026-07-17T16:30:59.972Z</time>
      </trkpt>
      <trkpt lat="46.105978" lon="14.365612">
        <ele>697.471870</ele>
        <time>2026-07-17T16:31:06.547Z</time>
      </trkpt>
      <trkpt lat="46.106072" lon="14.365751">
        <ele>697.356459</ele>
        <time>2026-07-17T16:31:17.193Z</time>
      </trkpt>
      <trkpt lat="46.106150" lon="14.366212">
        <ele>697.074410</ele>
        <time>2026-07-17T16:31:42.016Z</time>
      </trkpt>
      <trkpt lat="46.106195" lon="14.366365">
        <ele>696.975626</ele>
        <time>2026-07-17T16:31:50.636Z</time>
      </trkpt>
      <trkpt lat="46.106257" lon="14.366436">
        <ele>696.907758</ele>
        <time>2026-07-17T16:31:56.847Z</time>
      </trkpt>
      <trkpt lat="46.106652" lon="14.366606">
        <ele>696.554377</ele>
        <time>2026-07-17T16:32:30.987Z</time>
      </trkpt>
      <trkpt lat="46.106717" lon="14.366660">
        <ele>696.557227</ele>
        <time>2026-07-17T16:32:37.453Z</time>
      </trkpt>
      <trkpt lat="46.106869" lon="14.366881">
        <ele>696.624995</ele>
        <time>2026-07-17T16:32:56.122Z</time>
      </trkpt>
      <trkpt lat="46.107001" lon="14.367216">
        <ele>696.708878</ele>
        <time>2026-07-17T16:33:01.916Z</time>
      </trkpt>
      <trkpt lat="46.107085" lon="14.367738">
        <ele>696.825537</ele>
        <time>2026-07-17T16:33:08.968Z</time>
      </trkpt>
      <trkpt lat="46.107372" lon="14.368336">
        <ele>696.983866</ele>
        <time>2026-07-17T16:33:16.094Z</time>
      </trkpt>
      <trkpt lat="46.107495" lon="14.368706">
        <ele>697.073194</ele>
        <time>2026-07-17T16:33:20.593Z</time>
      </trkpt>
      <trkpt lat="46.107579" lon="14.368831">
        <ele>697.053204</ele>
        <time>2026-07-17T16:33:22.246Z</time>
      </trkpt>
      <trkpt lat="46.107777" lon="14.368966">
        <ele>696.561587</ele>
        <time>2026-07-17T16:33:24.798Z</time>
      </trkpt>
      <trkpt lat="46.107891" lon="14.368981">
        <ele>696.304623</ele>
        <time>2026-07-17T16:33:26.049Z</time>
      </trkpt>
      <trkpt lat="46.108137" lon="14.368917">
        <ele>695.743504</ele>
        <time>2026-07-17T16:33:28.709Z</time>
      </trkpt>
      <trkpt lat="46.108321" lon="14.368746">
        <ele>695.252160</ele>
        <time>2026-07-17T16:33:30.887Z</time>
      </trkpt>
      <trkpt lat="46.108479" lon="14.368618">
        <ele>694.845376</ele>
        <time>2026-07-17T16:33:32.663Z</time>
      </trkpt>
      <trkpt lat="46.108609" lon="14.368443">
        <ele>694.446213</ele>
        <time>2026-07-17T16:33:34.404Z</time>
      </trkpt>
      <trkpt lat="46.108675" lon="14.368354">
        <ele>694.243398</ele>
        <time>2026-07-17T16:33:35.285Z</time>
      </trkpt>
      <trkpt lat="46.108810" lon="14.368131">
        <ele>693.782664</ele>
        <time>2026-07-17T16:33:37.349Z</time>
      </trkpt>
      <trkpt lat="46.108844" lon="14.368035">
        <ele>693.614897</ele>
        <time>2026-07-17T16:33:38.122Z</time>
      </trkpt>
      <trkpt lat="46.108901" lon="14.367800">
        <ele>693.227439</ele>
        <time>2026-07-17T16:33:40.003Z</time>
      </trkpt>
      <trkpt lat="46.109100" lon="14.367382">
        <ele>692.487033</ele>
        <time>2026-07-17T16:33:44.748Z</time>
      </trkpt>
      <trkpt lat="46.109481" lon="14.366947">
        <ele>691.480876</ele>
        <time>2026-07-17T16:33:52.395Z</time>
      </trkpt>
      <trkpt lat="46.109639" lon="14.366882">
        <ele>691.140666</ele>
        <time>2026-07-17T16:33:54.341Z</time>
      </trkpt>
      <trkpt lat="46.110011" lon="14.366876">
        <ele>690.370335</ele>
        <time>2026-07-17T16:33:58.417Z</time>
      </trkpt>
      <trkpt lat="46.110206" lon="14.366968">
        <ele>689.945507</ele>
        <time>2026-07-17T16:34:00.555Z</time>
      </trkpt>
      <trkpt lat="46.110892" lon="14.367024">
        <ele>686.891304</ele>
        <time>2026-07-17T16:34:07.154Z</time>
      </trkpt>
      <trkpt lat="46.111526" lon="14.366935">
        <ele>682.945963</ele>
        <time>2026-07-17T16:34:12.870Z</time>
      </trkpt>
      <trkpt lat="46.111766" lon="14.366952">
        <ele>681.457690</ele>
        <time>2026-07-17T16:34:15.014Z</time>
      </trkpt>
      <trkpt lat="46.111922" lon="14.366874">
        <ele>680.435077</ele>
        <time>2026-07-17T16:34:16.490Z</time>
      </trkpt>
      <trkpt lat="46.112204" lon="14.366567">
        <ele>678.246863</ele>
        <time>2026-07-17T16:34:19.640Z</time>
      </trkpt>
      <trkpt lat="46.112403" lon="14.366428">
        <ele>677.346265</ele>
        <time>2026-07-17T16:34:21.640Z</time>
      </trkpt>
      <trkpt lat="46.112965" lon="14.366327">
        <ele>675.080192</ele>
        <time>2026-07-17T16:34:26.969Z</time>
      </trkpt>
      <trkpt lat="46.113176" lon="14.366256">
        <ele>674.213267</ele>
        <time>2026-07-17T16:34:29.129Z</time>
      </trkpt>
      <trkpt lat="46.113586" lon="14.366008">
        <ele>672.434377</ele>
        <time>2026-07-17T16:34:33.826Z</time>
      </trkpt>
      <trkpt lat="46.113828" lon="14.366007">
        <ele>671.466076</ele>
        <time>2026-07-17T16:34:36.540Z</time>
      </trkpt>
      <trkpt lat="46.113947" lon="14.365921">
        <ele>670.912547</ele>
        <time>2026-07-17T16:34:38.021Z</time>
      </trkpt>
      <trkpt lat="46.114150" lon="14.365704">
        <ele>669.605523</ele>
        <time>2026-07-17T16:34:40.804Z</time>
      </trkpt>
      <trkpt lat="46.114480" lon="14.365647">
        <ele>667.886234</ele>
        <time>2026-07-17T16:34:44.409Z</time>
      </trkpt>
      <trkpt lat="46.114536" lon="14.365632">
        <ele>667.591594</ele>
        <time>2026-07-17T16:34:45.003Z</time>
      </trkpt>
      <trkpt lat="46.114659" lon="14.365523">
        <ele>666.844842</ele>
        <time>2026-07-17T16:34:46.441Z</time>
      </trkpt>
      <trkpt lat="46.114795" lon="14.365325">
        <ele>665.845292</ele>
        <time>2026-07-17T16:34:48.277Z</time>
      </trkpt>
      <trkpt lat="46.115220" lon="14.364917">
        <ele>663.204427</ele>
        <time>2026-07-17T16:34:52.818Z</time>
      </trkpt>
      <trkpt lat="46.115478" lon="14.364999">
        <ele>661.837781</ele>
        <time>2026-07-17T16:34:55.126Z</time>
      </trkpt>
      <trkpt lat="46.115933" lon="14.364978">
        <ele>659.529408</ele>
        <time>2026-07-17T16:34:59.093Z</time>
      </trkpt>
      <trkpt lat="46.116103" lon="14.365077">
        <ele>658.600950</ele>
        <time>2026-07-17T16:35:00.698Z</time>
      </trkpt>
      <trkpt lat="46.116199" lon="14.365163">
        <ele>658.028648</ele>
        <time>2026-07-17T16:35:01.685Z</time>
      </trkpt>
      <trkpt lat="46.117539" lon="14.366873">
        <ele>653.059972</ele>
        <time>2026-07-17T16:35:20.390Z</time>
      </trkpt>
      <trkpt lat="46.117633" lon="14.366898">
        <ele>653.122543</ele>
        <time>2026-07-17T16:35:23.551Z</time>
      </trkpt>
      <trkpt lat="46.118065" lon="14.366589">
        <ele>653.438190</ele>
        <time>2026-07-17T16:35:38.765Z</time>
      </trkpt>
      <trkpt lat="46.118248" lon="14.366542">
        <ele>653.559868</ele>
        <time>2026-07-17T16:35:44.264Z</time>
      </trkpt>
      <trkpt lat="46.118360" lon="14.366564">
        <ele>653.633862</ele>
        <time>2026-07-17T16:35:47.554Z</time>
      </trkpt>
      <trkpt lat="46.118599" lon="14.366751">
        <ele>653.454753</ele>
        <time>2026-07-17T16:35:54.489Z</time>
      </trkpt>
      <trkpt lat="46.119039" lon="14.366781">
        <ele>651.337684</ele>
        <time>2026-07-17T16:36:00.159Z</time>
      </trkpt>
      <trkpt lat="46.119121" lon="14.366834">
        <ele>650.905835</ele>
        <time>2026-07-17T16:36:01.047Z</time>
      </trkpt>
      <trkpt lat="46.119245" lon="14.367085">
        <ele>649.879001</ele>
        <time>2026-07-17T16:36:03.050Z</time>
      </trkpt>
      <trkpt lat="46.119278" lon="14.367467">
        <ele>648.596549</ele>
        <time>2026-07-17T16:36:05.414Z</time>
      </trkpt>
      <trkpt lat="46.119234" lon="14.367813">
        <ele>647.424635</ele>
        <time>2026-07-17T16:36:07.521Z</time>
      </trkpt>
      <trkpt lat="46.119011" lon="14.368829">
        <ele>643.450591</ele>
        <time>2026-07-17T16:36:13.996Z</time>
      </trkpt>
      <trkpt lat="46.119038" lon="14.369290">
        <ele>641.387029</ele>
        <time>2026-07-17T16:36:16.995Z</time>
      </trkpt>
      <trkpt lat="46.119128" lon="14.369700">
        <ele>639.468766</ele>
        <time>2026-07-17T16:36:19.904Z</time>
      </trkpt>
      <trkpt lat="46.119189" lon="14.369824">
        <ele>638.790548</ele>
        <time>2026-07-17T16:36:20.922Z</time>
      </trkpt>
      <trkpt lat="46.119297" lon="14.369862">
        <ele>638.075217</ele>
        <time>2026-07-17T16:36:22.023Z</time>
      </trkpt>
      <trkpt lat="46.119699" lon="14.369895">
        <ele>635.484233</ele>
        <time>2026-07-17T16:36:25.818Z</time>
      </trkpt>
      <trkpt lat="46.119899" lon="14.370145">
        <ele>633.781388</ele>
        <time>2026-07-17T16:36:28.210Z</time>
      </trkpt>
      <trkpt lat="46.119992" lon="14.370168">
        <ele>632.715060</ele>
        <time>2026-07-17T16:36:29.049Z</time>
      </trkpt>
      <trkpt lat="46.120292" lon="14.370149">
        <ele>628.424988</ele>
        <time>2026-07-17T16:36:31.640Z</time>
      </trkpt>
      <trkpt lat="46.120603" lon="14.370287">
        <ele>623.776486</ele>
        <time>2026-07-17T16:36:34.366Z</time>
      </trkpt>
      <trkpt lat="46.120734" lon="14.370422">
        <ele>621.476535</ele>
        <time>2026-07-17T16:36:35.704Z</time>
      </trkpt>
      <trkpt lat="46.120908" lon="14.370733">
        <ele>617.518769</ele>
        <time>2026-07-17T16:36:37.979Z</time>
      </trkpt>
      <trkpt lat="46.120982" lon="14.370788">
        <ele>616.329525</ele>
        <time>2026-07-17T16:36:38.664Z</time>
      </trkpt>
      <trkpt lat="46.121159" lon="14.370835">
        <ele>613.758345</ele>
        <time>2026-07-17T16:36:40.139Z</time>
      </trkpt>
      <trkpt lat="46.121241" lon="14.370898">
        <ele>612.431097</ele>
        <time>2026-07-17T16:36:40.899Z</time>
      </trkpt>
      <trkpt lat="46.121413" lon="14.371153">
        <ele>608.907684</ele>
        <time>2026-07-17T16:36:42.920Z</time>
      </trkpt>
      <trkpt lat="46.121789" lon="14.371970">
        <ele>601.123936</ele>
        <time>2026-07-17T16:36:48.553Z</time>
      </trkpt>
      <trkpt lat="46.121882" lon="14.372107">
        <ele>599.647805</ele>
        <time>2026-07-17T16:36:49.678Z</time>
      </trkpt>
      <trkpt lat="46.122035" lon="14.372281">
        <ele>597.484166</ele>
        <time>2026-07-17T16:36:51.342Z</time>
      </trkpt>
      <trkpt lat="46.122302" lon="14.372445">
        <ele>594.261337</ele>
        <time>2026-07-17T16:36:53.881Z</time>
      </trkpt>
      <trkpt lat="46.122636" lon="14.372518">
        <ele>590.509639</ele>
        <time>2026-07-17T16:36:56.935Z</time>
      </trkpt>
      <trkpt lat="46.122920" lon="14.372578">
        <ele>587.394789</ele>
        <time>2026-07-17T16:36:59.554Z</time>
      </trkpt>
      <trkpt lat="46.123213" lon="14.372722">
        <ele>584.407062</ele>
        <time>2026-07-17T16:37:02.385Z</time>
      </trkpt>
      <trkpt lat="46.123336" lon="14.372852">
        <ele>582.935345</ele>
        <time>2026-07-17T16:37:03.763Z</time>
      </trkpt>
      <trkpt lat="46.123513" lon="14.373129">
        <ele>580.414811</ele>
        <time>2026-07-17T16:37:06.069Z</time>
      </trkpt>
      <trkpt lat="46.123800" lon="14.374047">
        <ele>573.677428</ele>
        <time>2026-07-17T16:37:11.992Z</time>
      </trkpt>
      <trkpt lat="46.123902" lon="14.374297">
        <ele>571.736645</ele>
        <time>2026-07-17T16:37:13.688Z</time>
      </trkpt>
      <trkpt lat="46.123979" lon="14.374799">
        <ele>568.297528</ele>
        <time>2026-07-17T16:37:16.691Z</time>
      </trkpt>
      <trkpt lat="46.123972" lon="14.374979">
        <ele>567.091724</ele>
        <time>2026-07-17T16:37:17.749Z</time>
      </trkpt>
      <trkpt lat="46.124016" lon="14.375492">
        <ele>563.634407</ele>
        <time>2026-07-17T16:37:20.800Z</time>
      </trkpt>
      <trkpt lat="46.124069" lon="14.375680">
        <ele>562.276955</ele>
        <time>2026-07-17T16:37:22.003Z</time>
      </trkpt>
      <trkpt lat="46.124348" lon="14.376159">
        <ele>558.092154</ele>
        <time>2026-07-17T16:37:25.755Z</time>
      </trkpt>
      <trkpt lat="46.124398" lon="14.376413">
        <ele>556.326124</ele>
        <time>2026-07-17T16:37:27.378Z</time>
      </trkpt>
      <trkpt lat="46.124260" lon="14.376913">
        <ele>552.669925</ele>
        <time>2026-07-17T16:37:30.828Z</time>
      </trkpt>
      <trkpt lat="46.124188" lon="14.377188">
        <ele>550.447290</ele>
        <time>2026-07-17T16:37:32.701Z</time>
      </trkpt>
      <trkpt lat="46.124164" lon="14.377280">
        <ele>549.704053</ele>
        <time>2026-07-17T16:37:33.318Z</time>
      </trkpt>
      <trkpt lat="46.124147" lon="14.377350">
        <ele>549.143243</ele>
        <time>2026-07-17T16:37:33.769Z</time>
      </trkpt>
      <trkpt lat="46.124147" lon="14.377668">
        <ele>546.738892</ele>
        <time>2026-07-17T16:37:35.669Z</time>
      </trkpt>
      <trkpt lat="46.124169" lon="14.377757">
        <ele>546.024461</ele>
        <time>2026-07-17T16:37:36.234Z</time>
      </trkpt>
      <trkpt lat="46.124226" lon="14.377810">
        <ele>545.284720</ele>
        <time>2026-07-17T16:37:36.808Z</time>
      </trkpt>
      <trkpt lat="46.124419" lon="14.377830">
        <ele>543.173903</ele>
        <time>2026-07-17T16:37:38.456Z</time>
      </trkpt>
      <trkpt lat="46.124503" lon="14.377853">
        <ele>542.241210</ele>
        <time>2026-07-17T16:37:39.177Z</time>
      </trkpt>
      <trkpt lat="46.124577" lon="14.377932">
        <ele>541.237008</ele>
        <time>2026-07-17T16:37:39.954Z</time>
      </trkpt>
      <trkpt lat="46.124612" lon="14.378055">
        <ele>540.231705</ele>
        <time>2026-07-17T16:37:40.737Z</time>
      </trkpt>
      <trkpt lat="46.124644" lon="14.378333">
        <ele>538.101016</ele>
        <time>2026-07-17T16:37:42.388Z</time>
      </trkpt>
      <trkpt lat="46.124682" lon="14.378612">
        <ele>535.951213</ele>
        <time>2026-07-17T16:37:44.037Z</time>
      </trkpt>
      <trkpt lat="46.125027" lon="14.380133">
        <ele>521.496396</ele>
        <time>2026-07-17T16:37:53.258Z</time>
      </trkpt>
      <trkpt lat="46.125184" lon="14.380472">
        <ele>517.664541</ele>
        <time>2026-07-17T16:37:55.610Z</time>
      </trkpt>
      <trkpt lat="46.125297" lon="14.380743">
        <ele>514.692204</ele>
        <time>2026-07-17T16:37:57.434Z</time>
      </trkpt>
      <trkpt lat="46.125345" lon="14.380927">
        <ele>512.844485</ele>
        <time>2026-07-17T16:37:58.570Z</time>
      </trkpt>
      <trkpt lat="46.125327" lon="14.381491">
        <ele>508.399017</ele>
        <time>2026-07-17T16:38:01.883Z</time>
      </trkpt>
      <trkpt lat="46.125267" lon="14.381731">
        <ele>507.281844</ele>
        <time>2026-07-17T16:38:03.414Z</time>
      </trkpt>
      <trkpt lat="46.125144" lon="14.381999">
        <ele>505.874374</ele>
        <time>2026-07-17T16:38:05.381Z</time>
      </trkpt>
      <trkpt lat="46.125063" lon="14.382069">
        <ele>505.277862</ele>
        <time>2026-07-17T16:38:06.219Z</time>
      </trkpt>
      <trkpt lat="46.124927" lon="14.381984">
        <ele>504.341497</ele>
        <time>2026-07-17T16:38:07.555Z</time>
      </trkpt>
      <trkpt lat="46.124717" lon="14.381392">
        <ele>501.429471</ele>
        <time>2026-07-17T16:38:11.970Z</time>
      </trkpt>
      <trkpt lat="46.124463" lon="14.380862">
        <ele>498.607941</ele>
        <time>2026-07-17T16:38:16.969Z</time>
      </trkpt>
      <trkpt lat="46.124018" lon="14.380046">
        <ele>490.534120</ele>
        <time>2026-07-17T16:38:23.936Z</time>
      </trkpt>
      <trkpt lat="46.123909" lon="14.379946">
        <ele>488.945333</ele>
        <time>2026-07-17T16:38:25.055Z</time>
      </trkpt>
      <trkpt lat="46.123834" lon="14.379934">
        <ele>488.017180</ele>
        <time>2026-07-17T16:38:25.702Z</time>
      </trkpt>
      <trkpt lat="46.123699" lon="14.380001">
        <ele>486.261190</ele>
        <time>2026-07-17T16:38:26.903Z</time>
      </trkpt>
      <trkpt lat="46.123664" lon="14.380049">
        <ele>485.667237</ele>
        <time>2026-07-17T16:38:27.310Z</time>
      </trkpt>
      <trkpt lat="46.123239" lon="14.381002">
        <ele>476.006267</ele>
        <time>2026-07-17T16:38:33.746Z</time>
      </trkpt>
      <trkpt lat="46.122889" lon="14.381490">
        <ele>467.780936</ele>
        <time>2026-07-17T16:38:37.713Z</time>
      </trkpt>
      <trkpt lat="46.122854" lon="14.381592">
        <ele>466.425757</ele>
        <time>2026-07-17T16:38:38.357Z</time>
      </trkpt>
      <trkpt lat="46.122849" lon="14.381737">
        <ele>464.697132</ele>
        <time>2026-07-17T16:38:39.180Z</time>
      </trkpt>
      <trkpt lat="46.122900" lon="14.381911">
        <ele>462.447713</ele>
        <time>2026-07-17T16:38:40.251Z</time>
      </trkpt>
      <trkpt lat="46.123056" lon="14.382296">
        <ele>457.137730</ele>
        <time>2026-07-17T16:38:42.789Z</time>
      </trkpt>
      <trkpt lat="46.123080" lon="14.382436">
        <ele>455.420550</ele>
        <time>2026-07-17T16:38:43.616Z</time>
      </trkpt>
      <trkpt lat="46.123086" lon="14.382683">
        <ele>452.477770</ele>
        <time>2026-07-17T16:38:45.032Z</time>
      </trkpt>
      <trkpt lat="46.123031" lon="14.383001">
        <ele>448.575308</ele>
        <time>2026-07-17T16:38:46.926Z</time>
      </trkpt>
      <trkpt lat="46.122922" lon="14.383460">
        <ele>443.433536</ele>
        <time>2026-07-17T16:38:49.770Z</time>
      </trkpt>
      <trkpt lat="46.122791" lon="14.383755">
        <ele>440.609612</ele>
        <time>2026-07-17T16:38:51.834Z</time>
      </trkpt>
      <trkpt lat="46.122634" lon="14.384097">
        <ele>437.303212</ele>
        <time>2026-07-17T16:38:54.232Z</time>
      </trkpt>
      <trkpt lat="46.122600" lon="14.384211">
        <ele>436.302885</ele>
        <time>2026-07-17T16:38:54.952Z</time>
      </trkpt>
      <trkpt lat="46.122592" lon="14.385261">
        <ele>427.839081</ele>
        <time>2026-07-17T16:39:01.086Z</time>
      </trkpt>
      <trkpt lat="46.122570" lon="14.385466">
        <ele>426.167035</ele>
        <time>2026-07-17T16:39:02.313Z</time>
      </trkpt>
      <trkpt lat="46.122428" lon="14.385830">
        <ele>423.331059</ele>
        <time>2026-07-17T16:39:04.811Z</time>
      </trkpt>
      <trkpt lat="46.122388" lon="14.386020">
        <ele>422.541065</ele>
        <time>2026-07-17T16:39:06.021Z</time>
      </trkpt>
      <trkpt lat="46.122379" lon="14.386185">
        <ele>421.882601</ele>
        <time>2026-07-17T16:39:07.042Z</time>
      </trkpt>
      <trkpt lat="46.122407" lon="14.386392">
        <ele>421.043538</ele>
        <time>2026-07-17T16:39:08.366Z</time>
      </trkpt>
      <trkpt lat="46.122464" lon="14.386538">
        <ele>420.376889</ele>
        <time>2026-07-17T16:39:09.447Z</time>
      </trkpt>
      <trkpt lat="46.122573" lon="14.386709">
        <ele>419.452638</ele>
        <time>2026-07-17T16:39:10.979Z</time>
      </trkpt>
      <trkpt lat="46.122719" lon="14.387231">
        <ele>417.213218</ele>
        <time>2026-07-17T16:39:14.899Z</time>
      </trkpt>
      <trkpt lat="46.122876" lon="14.387413">
        <ele>416.057215</ele>
        <time>2026-07-17T16:39:17.073Z</time>
      </trkpt>
      <trkpt lat="46.123173" lon="14.387594">
        <ele>414.206642</ele>
        <time>2026-07-17T16:39:20.304Z</time>
      </trkpt>
      <trkpt lat="46.123390" lon="14.387912">
        <ele>412.057342</ele>
        <time>2026-07-17T16:39:23.186Z</time>
      </trkpt>
      <trkpt lat="46.123467" lon="14.388093">
        <ele>410.923429</ele>
        <time>2026-07-17T16:39:24.491Z</time>
      </trkpt>
      <trkpt lat="46.123534" lon="14.388400">
        <ele>409.204953</ele>
        <time>2026-07-17T16:39:26.448Z</time>
      </trkpt>
      <trkpt lat="46.123575" lon="14.388761">
        <ele>407.251794</ele>
        <time>2026-07-17T16:39:28.660Z</time>
      </trkpt>
      <trkpt lat="46.123550" lon="14.389205">
        <ele>404.873377</ele>
        <time>2026-07-17T16:39:31.315Z</time>
      </trkpt>
      <trkpt lat="46.123519" lon="14.389304">
        <ele>404.293355</ele>
        <time>2026-07-17T16:39:31.964Z</time>
      </trkpt>
      <trkpt lat="46.123419" lon="14.389391">
        <ele>403.393810</ele>
        <time>2026-07-17T16:39:32.958Z</time>
      </trkpt>
      <trkpt lat="46.123299" lon="14.389444">
        <ele>402.427069</ele>
        <time>2026-07-17T16:39:34.033Z</time>
      </trkpt>
      <trkpt lat="46.123226" lon="14.389430">
        <ele>401.859781</ele>
        <time>2026-07-17T16:39:34.669Z</time>
      </trkpt>
      <trkpt lat="46.123140" lon="14.389370">
        <ele>401.123905</ele>
        <time>2026-07-17T16:39:35.496Z</time>
      </trkpt>
      <trkpt lat="46.122847" lon="14.389098">
        <ele>399.240067</ele>
        <time>2026-07-17T16:39:38.625Z</time>
      </trkpt>
      <trkpt lat="46.122660" lon="14.388822">
        <ele>398.520922</ele>
        <time>2026-07-17T16:39:41.238Z</time>
      </trkpt>
      <trkpt lat="46.122498" lon="14.388639">
        <ele>397.967822</ele>
        <time>2026-07-17T16:39:43.487Z</time>
      </trkpt>
      <trkpt lat="46.122210" lon="14.388383">
        <ele>397.058466</ele>
        <time>2026-07-17T16:39:48.477Z</time>
      </trkpt>
      <trkpt lat="46.122138" lon="14.388318">
        <ele>396.830144</ele>
        <time>2026-07-17T16:39:49.733Z</time>
      </trkpt>
      <trkpt lat="46.122079" lon="14.388160">
        <ele>396.495740</ele>
        <time>2026-07-17T16:39:51.471Z</time>
      </trkpt>
      <trkpt lat="46.122040" lon="14.387905">
        <ele>396.009174</ele>
        <time>2026-07-17T16:39:53.809Z</time>
      </trkpt>
      <trkpt lat="46.121986" lon="14.387801">
        <ele>395.767050</ele>
        <time>2026-07-17T16:39:54.932Z</time>
      </trkpt>
      <trkpt lat="46.121924" lon="14.387777">
        <ele>395.594485</ele>
        <time>2026-07-17T16:39:55.724Z</time>
      </trkpt>
      <trkpt lat="46.121817" lon="14.387826">
        <ele>395.292702</ele>
        <time>2026-07-17T16:39:57.063Z</time>
      </trkpt>
      <trkpt lat="46.121771" lon="14.387947">
        <ele>395.035558</ele>
        <time>2026-07-17T16:39:58.152Z</time>
      </trkpt>
      <trkpt lat="46.121787" lon="14.388077">
        <ele>394.775987</ele>
        <time>2026-07-17T16:39:59.229Z</time>
      </trkpt>
      <trkpt lat="46.121871" lon="14.388348">
        <ele>394.053322</ele>
        <time>2026-07-17T16:40:01.472Z</time>
      </trkpt>
      <trkpt lat="46.122533" lon="14.389279">
        <ele>390.806476</ele>
        <time>2026-07-17T16:40:10.563Z</time>
      </trkpt>
      <trkpt lat="46.122906" lon="14.389923">
        <ele>388.763494</ele>
        <time>2026-07-17T16:40:16.178Z</time>
      </trkpt>
      <trkpt lat="46.123270" lon="14.390234">
        <ele>386.930416</ele>
        <time>2026-07-17T16:40:20.284Z</time>
      </trkpt>
      <trkpt lat="46.123402" lon="14.390320">
        <ele>386.279148</ele>
        <time>2026-07-17T16:40:21.683Z</time>
      </trkpt>
      <trkpt lat="46.123463" lon="14.390366">
        <ele>385.969646</ele>
        <time>2026-07-17T16:40:22.347Z</time>
      </trkpt>
      <trkpt lat="46.123759" lon="14.390625">
        <ele>384.412997</ele>
        <time>2026-07-17T16:40:25.672Z</time>
      </trkpt>
      <trkpt lat="46.123861" lon="14.390801">
        <ele>383.697981</ele>
        <time>2026-07-17T16:40:27.187Z</time>
      </trkpt>
      <trkpt lat="46.123891" lon="14.390965">
        <ele>383.169353</ele>
        <time>2026-07-17T16:40:28.300Z</time>
      </trkpt>
      <trkpt lat="46.123947" lon="14.391120">
        <ele>382.624585</ele>
        <time>2026-07-17T16:40:29.448Z</time>
      </trkpt>
      <trkpt lat="46.124300" lon="14.391497">
        <ele>380.649719</ele>
        <time>2026-07-17T16:40:33.535Z</time>
      </trkpt>
      <trkpt lat="46.125233" lon="14.392631">
        <ele>376.673822</ele>
        <time>2026-07-17T16:40:45.561Z</time>
      </trkpt>
      <trkpt lat="46.125759" lon="14.393352">
        <ele>374.461098</ele>
        <time>2026-07-17T16:40:53.717Z</time>
      </trkpt>
      <trkpt lat="46.126260" lon="14.393825">
        <ele>373.240620</ele>
        <time>2026-07-17T16:41:00.555Z</time>
      </trkpt>
      <trkpt lat="46.126729" lon="14.394404">
        <ele>371.982386</ele>
        <time>2026-07-17T16:41:07.257Z</time>
      </trkpt>
      <trkpt lat="46.126921" lon="14.394712">
        <ele>371.397127</ele>
        <time>2026-07-17T16:41:10.358Z</time>
      </trkpt>
      <trkpt lat="46.127131" lon="14.395186">
        <ele>370.657988</ele>
        <time>2026-07-17T16:41:14.449Z</time>
      </trkpt>
      <trkpt lat="46.127333" lon="14.395635">
        <ele>370.009239</ele>
        <time>2026-07-17T16:41:18.401Z</time>
      </trkpt>
      <trkpt lat="46.127453" lon="14.395754">
        <ele>369.754618</ele>
        <time>2026-07-17T16:41:19.967Z</time>
      </trkpt>
      <trkpt lat="46.127896" lon="14.395982">
        <ele>368.932156</ele>
        <time>2026-07-17T16:41:25.221Z</time>
      </trkpt>
      <trkpt lat="46.128605" lon="14.396474">
        <ele>367.873522</ele>
        <time>2026-07-17T16:41:34.454Z</time>
      </trkpt>
      <trkpt lat="46.129397" lon="14.397104">
        <ele>368.008543</ele>
        <time>2026-07-17T16:41:47.871Z</time>
      </trkpt>
      <trkpt lat="46.129723" lon="14.397351">
        <ele>368.063516</ele>
        <time>2026-07-17T16:41:54.588Z</time>
      </trkpt>
      <trkpt lat="46.130016" lon="14.397491">
        <ele>368.109596</ele>
        <time>2026-07-17T16:42:00.380Z</time>
      </trkpt>
      <trkpt lat="46.130720" lon="14.397486">
        <ele>368.403457</ele>
        <time>2026-07-17T16:42:14.001Z</time>
      </trkpt>
      <trkpt lat="46.130834" lon="14.397500">
        <ele>368.453576</ele>
        <time>2026-07-17T16:42:16.261Z</time>
      </trkpt>
      <trkpt lat="46.130997" lon="14.397572">
        <ele>368.528250</ele>
        <time>2026-07-17T16:42:19.604Z</time>
      </trkpt>
      <trkpt lat="46.131343" lon="14.397967">
        <ele>368.721517</ele>
        <time>2026-07-17T16:42:27.133Z</time>
      </trkpt>
      <trkpt lat="46.131536" lon="14.398342">
        <ele>368.863319</ele>
        <time>2026-07-17T16:42:31.660Z</time>
      </trkpt>
      <trkpt lat="46.131635" lon="14.398624">
        <ele>368.652652</ele>
        <time>2026-07-17T16:42:34.486Z</time>
      </trkpt>
      <trkpt lat="46.132068" lon="14.400939">
        <ele>365.267176</ele>
        <time>2026-07-17T16:42:52.544Z</time>
      </trkpt>
      <trkpt lat="46.132096" lon="14.401338">
        <ele>364.656503</ele>
        <time>2026-07-17T16:42:55.283Z</time>
      </trkpt>
      <trkpt lat="46.132102" lon="14.401976">
        <ele>363.681428</ele>
        <time>2026-07-17T16:42:59.602Z</time>
      </trkpt>
      <trkpt lat="46.132110" lon="14.402063">
        <ele>363.547310</ele>
        <time>2026-07-17T16:43:00.201Z</time>
      </trkpt>
      <trkpt lat="46.132131" lon="14.402199">
        <ele>363.334379</ele>
        <time>2026-07-17T16:43:01.192Z</time>
      </trkpt>
      <trkpt lat="46.132278" lon="14.402743">
        <ele>362.442080</ele>
        <time>2026-07-17T16:43:05.534Z</time>
      </trkpt>
      <trkpt lat="46.132358" lon="14.403159">
        <ele>361.782331</ele>
        <time>2026-07-17T16:43:09.273Z</time>
      </trkpt>
      <trkpt lat="46.132309" lon="14.403830">
        <ele>360.733624</ele>
        <time>2026-07-17T16:43:15.835Z</time>
      </trkpt>
      <trkpt lat="46.132370" lon="14.404361">
        <ele>359.883374</ele>
        <time>2026-07-17T16:43:21.931Z</time>
      </trkpt>
      <trkpt lat="46.132352" lon="14.404853">
        <ele>359.105095</ele>
        <time>2026-07-17T16:43:27.143Z</time>
      </trkpt>
      <trkpt lat="46.132415" lon="14.405085">
        <ele>358.711481</ele>
        <time>2026-07-17T16:43:29.327Z</time>
      </trkpt>
      <trkpt lat="46.132604" lon="14.405333">
        <ele>358.129175</ele>
        <time>2026-07-17T16:43:32.147Z</time>
      </trkpt>
      <trkpt lat="46.132691" lon="14.405501">
        <ele>357.797879</ele>
        <time>2026-07-17T16:43:33.596Z</time>
      </trkpt>
      <trkpt lat="46.132894" lon="14.406136">
        <ele>354.718584</ele>
        <time>2026-07-17T16:43:37.976Z</time>
      </trkpt>
      <trkpt lat="46.133189" lon="14.406661">
        <ele>349.268044</ele>
        <time>2026-07-17T16:43:41.963Z</time>
      </trkpt>
      <trkpt lat="46.133483" lon="14.407073">
        <ele>344.499076</ele>
        <time>2026-07-17T16:43:45.386Z</time>
      </trkpt>
      <trkpt lat="46.133706" lon="14.407571">
        <ele>339.717712</ele>
        <time>2026-07-17T16:43:48.812Z</time>
      </trkpt>
      <trkpt lat="46.133825" lon="14.407694">
        <ele>338.014357</ele>
        <time>2026-07-17T16:43:50.030Z</time>
      </trkpt>
      <trkpt lat="46.134093" lon="14.407800">
        <ele>335.211861</ele>
        <time>2026-07-17T16:43:52.347Z</time>
      </trkpt>
      <trkpt lat="46.134247" lon="14.407894">
        <ele>333.839490</ele>
        <time>2026-07-17T16:43:53.751Z</time>
      </trkpt>
      <trkpt lat="46.134435" lon="14.408096">
        <ele>331.915745</ele>
        <time>2026-07-17T16:43:55.737Z</time>
      </trkpt>
      <trkpt lat="46.134606" lon="14.408627">
        <ele>328.585493</ele>
        <time>2026-07-17T16:43:59.254Z</time>
      </trkpt>
      <trkpt lat="46.134676" lon="14.408748">
        <ele>327.689011</ele>
        <time>2026-07-17T16:44:00.220Z</time>
      </trkpt>
      <trkpt lat="46.134759" lon="14.408836">
        <ele>326.843694</ele>
        <time>2026-07-17T16:44:01.156Z</time>
      </trkpt>
      <trkpt lat="46.134910" lon="14.408954">
        <ele>325.434317</ele>
        <time>2026-07-17T16:44:02.755Z</time>
      </trkpt>
      <trkpt lat="46.134949" lon="14.408988">
        <ele>325.060349</ele>
        <time>2026-07-17T16:44:03.185Z</time>
      </trkpt>
      <trkpt lat="46.135150" lon="14.408584">
        <ele>322.231727</ele>
        <time>2026-07-17T16:44:06.527Z</time>
      </trkpt>
      <trkpt lat="46.135365" lon="14.408133">
        <ele>321.231119</ele>
        <time>2026-07-17T16:44:10.447Z</time>
      </trkpt>
      <trkpt lat="46.135441" lon="14.407960">
        <ele>321.107685</ele>
        <time>2026-07-17T16:44:12.027Z</time>
      </trkpt>
      <trkpt lat="46.135498" lon="14.407815">
        <ele>321.007228</ele>
        <time>2026-07-17T16:44:13.396Z</time>
      </trkpt>
      <trkpt lat="46.135569" lon="14.407638">
        <ele>320.883987</ele>
        <time>2026-07-17T16:44:15.201Z</time>
      </trkpt>
      <trkpt lat="46.135650" lon="14.407424">
        <ele>320.737048</ele>
        <time>2026-07-17T16:44:17.444Z</time>
      </trkpt>
      <trkpt lat="46.135728" lon="14.407220">
        <ele>320.596646</ele>
        <time>2026-07-17T16:44:19.660Z</time>
      </trkpt>
      <trkpt lat="46.135801" lon="14.407026">
        <ele>320.463619</ele>
        <time>2026-07-17T16:44:21.808Z</time>
      </trkpt>
      <trkpt lat="46.135976" lon="14.406514">
        <ele>320.119600</ele>
        <time>2026-07-17T16:44:27.457Z</time>
      </trkpt>
      <trkpt lat="46.136097" lon="14.406064">
        <ele>320.042621</ele>
        <time>2026-07-17T16:44:33.454Z</time>
      </trkpt>
      <trkpt lat="46.136277" lon="14.405178">
        <ele>320.828479</ele>
        <time>2026-07-17T16:44:47.722Z</time>
      </trkpt>
      <trkpt lat="46.136358" lon="14.404558">
        <ele>321.365486</ele>
        <time>2026-07-17T16:44:56.856Z</time>
      </trkpt>
      <trkpt lat="46.136381" lon="14.404374">
        <ele>321.524624</ele>
        <time>2026-07-17T16:44:59.423Z</time>
      </trkpt>
      <trkpt lat="46.136493" lon="14.403877">
        <ele>321.969450</ele>
        <time>2026-07-17T16:45:06.380Z</time>
      </trkpt>
      <trkpt lat="46.136765" lon="14.403092">
        <ele>322.551999</ele>
        <time>2026-07-17T16:45:17.516Z</time>
      </trkpt>
      <trkpt lat="46.136922" lon="14.402576">
        <ele>322.897902</ele>
        <time>2026-07-17T16:45:23.923Z</time>
      </trkpt>
      <trkpt lat="46.137004" lon="14.402326">
        <ele>323.067672</ele>
        <time>2026-07-17T16:45:27.086Z</time>
      </trkpt>
      <trkpt lat="46.137094" lon="14.402058">
        <ele>323.250467</ele>
        <time>2026-07-17T16:45:30.679Z</time>
      </trkpt>
      <trkpt lat="46.137228" lon="14.401615">
        <ele>323.547152</ele>
        <time>2026-07-17T16:45:37.183Z</time>
      </trkpt>
      <trkpt lat="46.137298" lon="14.401424">
        <ele>323.679772</ele>
        <time>2026-07-17T16:45:40.284Z</time>
      </trkpt>
      <trkpt lat="46.137317" lon="14.401373">
        <ele>323.715313</ele>
        <time>2026-07-17T16:45:41.124Z</time>
      </trkpt>
      <trkpt lat="46.137430" lon="14.401097">
        <ele>323.953810</ele>
        <time>2026-07-17T16:45:45.739Z</time>
      </trkpt>
      <trkpt lat="46.137551" lon="14.400815">
        <ele>324.201596</ele>
        <time>2026-07-17T16:45:50.375Z</time>
      </trkpt>
      <trkpt lat="46.137639" lon="14.400614">
        <ele>324.379212</ele>
        <time>2026-07-17T16:45:53.549Z</time>
      </trkpt>
      <trkpt lat="46.137710" lon="14.400378">
        <ele>324.571414</ele>
        <time>2026-07-17T16:45:57.040Z</time>
      </trkpt>
      <trkpt lat="46.137819" lon="14.400093">
        <ele>324.814599</ele>
        <time>2026-07-17T16:46:01.333Z</time>
      </trkpt>
      <trkpt lat="46.138055" lon="14.399652">
        <ele>325.230855</ele>
        <time>2026-07-17T16:46:08.162Z</time>
      </trkpt>
      <trkpt lat="46.138123" lon="14.399557">
        <ele>325.332889</ele>
        <time>2026-07-17T16:46:09.759Z</time>
      </trkpt>
      <trkpt lat="46.138263" lon="14.399443">
        <ele>325.506191</ele>
        <time>2026-07-17T16:46:12.513Z</time>
      </trkpt>
      <trkpt lat="46.138346" lon="14.399400">
        <ele>325.601264</ele>
        <time>2026-07-17T16:46:14.041Z</time>
      </trkpt>
      <trkpt lat="46.138374" lon="14.399256">
        <ele>325.813647</ele>
        <time>2026-07-17T16:46:15.877Z</time>
      </trkpt>
      <trkpt lat="46.138503" lon="14.398829">
        <ele>326.810137</ele>
        <time>2026-07-17T16:46:22.136Z</time>
      </trkpt>
      <trkpt lat="46.138598" lon="14.398617">
        <ele>327.350223</ele>
        <time>2026-07-17T16:46:26.057Z</time>
      </trkpt>
      <trkpt lat="46.138977" lon="14.398038">
        <ele>329.054100</ele>
        <time>2026-07-17T16:46:41.094Z</time>
      </trkpt>
      <trkpt lat="46.139307" lon="14.397540">
        <ele>330.528157</ele>
        <time>2026-07-17T16:46:57.044Z</time>
      </trkpt>
      <trkpt lat="46.139462" lon="14.397351">
        <ele>331.154615</ele>
        <time>2026-07-17T16:47:04.373Z</time>
      </trkpt>
      <trkpt lat="46.139932" lon="14.396869">
        <ele>331.920479</ele>
        <time>2026-07-17T16:47:24.292Z</time>
      </trkpt>
      <trkpt lat="46.140224" lon="14.396668">
        <ele>332.331291</ele>
        <time>2026-07-17T16:47:32.145Z</time>
      </trkpt>
      <trkpt lat="46.140382" lon="14.396611">
        <ele>332.538100</ele>
        <time>2026-07-17T16:47:35.101Z</time>
      </trkpt>
      <trkpt lat="46.140510" lon="14.396568">
        <ele>332.704986</ele>
        <time>2026-07-17T16:47:37.120Z</time>
      </trkpt>
      <trkpt lat="46.140678" lon="14.396574">
        <ele>332.918385</ele>
        <time>2026-07-17T16:47:39.316Z</time>
      </trkpt>
      <trkpt lat="46.140837" lon="14.396603">
        <ele>333.121897</ele>
        <time>2026-07-17T16:47:41.212Z</time>
      </trkpt>
      <trkpt lat="46.140939" lon="14.396660">
        <ele>333.260791</ele>
        <time>2026-07-17T16:47:42.428Z</time>
      </trkpt>
      <trkpt lat="46.140988" lon="14.396690">
        <ele>333.328381</ele>
        <time>2026-07-17T16:47:43.009Z</time>
      </trkpt>
      <trkpt lat="46.141175" lon="14.396809">
        <ele>333.261172</ele>
        <time>2026-07-17T16:47:45.124Z</time>
      </trkpt>
      <trkpt lat="46.141289" lon="14.396815">
        <ele>332.891805</ele>
        <time>2026-07-17T16:47:46.282Z</time>
      </trkpt>
      <trkpt lat="46.141421" lon="14.396733">
        <ele>332.426492</ele>
        <time>2026-07-17T16:47:47.705Z</time>
      </trkpt>
      <trkpt lat="46.141618" lon="14.396505">
        <ele>331.608862</ele>
        <time>2026-07-17T16:47:50.157Z</time>
      </trkpt>
      <trkpt lat="46.141945" lon="14.395943">
        <ele>329.962432</ele>
        <time>2026-07-17T16:47:55.068Z</time>
      </trkpt>
      <trkpt lat="46.142399" lon="14.395074">
        <ele>327.548588</ele>
        <time>2026-07-17T16:48:02.909Z</time>
      </trkpt>
      <trkpt lat="46.142544" lon="14.394377">
        <ele>326.216170</ele>
        <time>2026-07-17T16:48:08.044Z</time>
      </trkpt>
      <trkpt lat="46.142585" lon="14.393652">
        <ele>324.884355</ele>
        <time>2026-07-17T16:48:13.216Z</time>
      </trkpt>
      <trkpt lat="46.142743" lon="14.392921">
        <ele>323.482361</ele>
        <time>2026-07-17T16:48:18.806Z</time>
      </trkpt>
      <trkpt lat="46.142773" lon="14.392447">
        <ele>322.853074</ele>
        <time>2026-07-17T16:48:22.498Z</time>
      </trkpt>
      <trkpt lat="46.142765" lon="14.392052">
        <ele>322.698030</ele>
        <time>2026-07-17T16:48:25.574Z</time>
      </trkpt>
      <trkpt lat="46.142749" lon="14.391628">
        <ele>322.531428</ele>
        <time>2026-07-17T16:48:29.051Z</time>
      </trkpt>
      <trkpt lat="46.142735" lon="14.391268">
        <ele>322.389960</ele>
        <time>2026-07-17T16:48:32.468Z</time>
      </trkpt>
      <trkpt lat="46.142685" lon="14.390031">
        <ele>321.903800</ele>
        <time>2026-07-17T16:48:45.358Z</time>
      </trkpt>
      <trkpt lat="46.142682" lon="14.389506">
        <ele>322.792457</ele>
        <time>2026-07-17T16:48:51.576Z</time>
      </trkpt>
      <trkpt lat="46.142688" lon="14.389285">
        <ele>323.174079</ele>
        <time>2026-07-17T16:48:54.592Z</time>
      </trkpt>
      <trkpt lat="46.142694" lon="14.389050">
        <ele>323.579840</ele>
        <time>2026-07-17T16:48:58.240Z</time>
      </trkpt>
      <trkpt lat="46.142723" lon="14.388250">
        <ele>324.962105</ele>
        <time>2026-07-17T16:49:13.610Z</time>
      </trkpt>
      <trkpt lat="46.142727" lon="14.387928">
        <ele>325.517796</ele>
        <time>2026-07-17T16:49:20.358Z</time>
      </trkpt>
      <trkpt lat="46.142697" lon="14.387628">
        <ele>326.040802</ele>
        <time>2026-07-17T16:49:27.004Z</time>
      </trkpt>
      <trkpt lat="46.142623" lon="14.387011">
        <ele>326.878895</ele>
        <time>2026-07-17T16:49:40.446Z</time>
      </trkpt>
      <trkpt lat="46.142460" lon="14.386215">
        <ele>327.842932</ele>
        <time>2026-07-17T16:49:56.825Z</time>
      </trkpt>
      <trkpt lat="46.142169" lon="14.384988">
        <ele>329.349196</ele>
        <time>2026-07-17T16:50:10.696Z</time>
      </trkpt>
      <trkpt lat="46.142114" lon="14.384652">
        <ele>329.169465</ele>
        <time>2026-07-17T16:50:13.621Z</time>
      </trkpt>
      <trkpt lat="46.142066" lon="14.384321">
        <ele>328.920285</ele>
        <time>2026-07-17T16:50:16.367Z</time>
      </trkpt>
      <trkpt lat="46.142037" lon="14.384050">
        <ele>328.718232</ele>
        <time>2026-07-17T16:50:18.532Z</time>
      </trkpt>
      <trkpt lat="46.141958" lon="14.383309">
        <ele>328.165804</ele>
        <time>2026-07-17T16:50:24.296Z</time>
      </trkpt>
      <trkpt lat="46.141912" lon="14.383002">
        <ele>327.934362</ele>
        <time>2026-07-17T16:50:26.825Z</time>
      </trkpt>
      <trkpt lat="46.141916" lon="14.382746">
        <ele>327.745682</ele>
        <time>2026-07-17T16:50:29.052Z</time>
      </trkpt>
      <trkpt lat="46.141942" lon="14.382598">
        <ele>327.633178</ele>
        <time>2026-07-17T16:50:30.458Z</time>
      </trkpt>
      <trkpt lat="46.141984" lon="14.382442">
        <ele>327.509857</ele>
        <time>2026-07-17T16:50:32.013Z</time>
      </trkpt>
      <trkpt lat="46.142138" lon="14.381909">
        <ele>327.567321</ele>
        <time>2026-07-17T16:50:37.479Z</time>
      </trkpt>
      <trkpt lat="46.142297" lon="14.380885">
        <ele>327.733023</ele>
        <time>2026-07-17T16:50:48.589Z</time>
      </trkpt>
      <trkpt lat="46.142336" lon="14.380379">
        <ele>327.813414</ele>
        <time>2026-07-17T16:50:54.904Z</time>
      </trkpt>
      <trkpt lat="46.142337" lon="14.379805">
        <ele>327.954131</ele>
        <time>2026-07-17T16:51:02.137Z</time>
      </trkpt>
      <trkpt lat="46.142414" lon="14.379292">
        <ele>328.381140</ele>
        <time>2026-07-17T16:51:08.768Z</time>
      </trkpt>
      <trkpt lat="46.142485" lon="14.378791">
        <ele>328.797144</ele>
        <time>2026-07-17T16:51:15.419Z</time>
      </trkpt>
      <trkpt lat="46.142478" lon="14.378223">
        <ele>329.259289</ele>
        <time>2026-07-17T16:51:22.814Z</time>
      </trkpt>
      <trkpt lat="46.142425" lon="14.377896">
        <ele>329.532486</ele>
        <time>2026-07-17T16:51:27.252Z</time>
      </trkpt>
      <trkpt lat="46.142381" lon="14.377723">
        <ele>329.682405</ele>
        <time>2026-07-17T16:51:29.783Z</time>
      </trkpt>
      <trkpt lat="46.142337" lon="14.377486">
        <ele>329.882008</ele>
        <time>2026-07-17T16:51:33.275Z</time>
      </trkpt>
      <trkpt lat="46.142323" lon="14.377328">
        <ele>330.013077</ele>
        <time>2026-07-17T16:51:35.694Z</time>
      </trkpt>
      <trkpt lat="46.142338" lon="14.377197">
        <ele>330.141729</ele>
        <time>2026-07-17T16:51:37.790Z</time>
      </trkpt>
      <trkpt lat="46.142354" lon="14.376947">
        <ele>330.384993</ele>
        <time>2026-07-17T16:51:42.029Z</time>
      </trkpt>
      <trkpt lat="46.142331" lon="14.376550">
        <ele>330.771003</ele>
        <time>2026-07-17T16:51:49.026Z</time>
      </trkpt>
      <trkpt lat="46.142169" lon="14.376009">
        <ele>331.342057</ele>
        <time>2026-07-17T16:51:58.719Z</time>
      </trkpt>
      <trkpt lat="46.142125" lon="14.375714">
        <ele>331.634442</ele>
        <time>2026-07-17T16:52:03.055Z</time>
      </trkpt>
      <trkpt lat="46.142080" lon="14.375419">
        <ele>331.927124</ele>
        <time>2026-07-17T16:52:06.995Z</time>
      </trkpt>
      <trkpt lat="46.142310" lon="14.375281">
        <ele>332.275451</ele>
        <time>2026-07-17T16:52:12.690Z</time>
      </trkpt>
      <trkpt lat="46.142421" lon="14.375181">
        <ele>332.458437</ele>
        <time>2026-07-17T16:52:15.524Z</time>
      </trkpt>
      <trkpt lat="46.142722" lon="14.374913">
        <ele>332.498645</ele>
        <time>2026-07-17T16:52:22.422Z</time>
      </trkpt>
      <trkpt lat="46.143926" lon="14.374036">
        <ele>332.409784</ele>
        <time>2026-07-17T16:52:47.090Z</time>
      </trkpt>
      <trkpt lat="46.144048" lon="14.373903">
        <ele>332.426145</ele>
        <time>2026-07-17T16:52:50.747Z</time>
      </trkpt>
      <trkpt lat="46.144110" lon="14.373788">
        <ele>332.621903</ele>
        <time>2026-07-17T16:52:53.243Z</time>
      </trkpt>
      <trkpt lat="46.144179" lon="14.373554">
        <ele>332.963555</ele>
        <time>2026-07-17T16:52:57.805Z</time>
      </trkpt>
      <trkpt lat="46.144273" lon="14.373373">
        <ele>333.267445</ele>
        <time>2026-07-17T16:53:04.633Z</time>
      </trkpt>
      <trkpt lat="46.144407" lon="14.373031">
        <ele>333.795279</ele>
        <time>2026-07-17T16:53:16.835Z</time>
      </trkpt>
      <trkpt lat="46.144460" lon="14.372895">
        <ele>334.004905</ele>
        <time>2026-07-17T16:53:21.952Z</time>
      </trkpt>
      <trkpt lat="46.144550" lon="14.372467">
        <ele>334.605793</ele>
        <time>2026-07-17T16:53:36.944Z</time>
      </trkpt>
      <trkpt lat="46.144540" lon="14.371941">
        <ele>335.312703</ele>
        <time>2026-07-17T16:53:54.415Z</time>
      </trkpt>
      <trkpt lat="46.144612" lon="14.371862">
        <ele>335.488072</ele>
        <time>2026-07-17T16:53:58.596Z</time>
      </trkpt>
      <trkpt lat="46.144652" lon="14.371856">
        <ele>335.566051</ele>
        <time>2026-07-17T16:54:00.376Z</time>
      </trkpt>
      <trkpt lat="46.144571" lon="14.371736">
        <ele>335.791122</ele>
        <time>2026-07-17T16:54:03.794Z</time>
      </trkpt>
      <trkpt lat="46.144527" lon="14.371619">
        <ele>335.965466</ele>
        <time>2026-07-17T16:54:06.444Z</time>
      </trkpt>
      <trkpt lat="46.144452" lon="14.371469">
        <ele>336.200307</ele>
        <time>2026-07-17T16:54:09.421Z</time>
      </trkpt>
      <trkpt lat="46.144328" lon="14.371353">
        <ele>336.471071</ele>
        <time>2026-07-17T16:54:12.877Z</time>
      </trkpt>
      <trkpt lat="46.143234" lon="14.370744">
        <ele>338.619607</ele>
        <time>2026-07-17T16:54:40.499Z</time>
      </trkpt>
      <trkpt lat="46.143036" lon="14.370633">
        <ele>339.008823</ele>
        <time>2026-07-17T16:54:44.503Z</time>
      </trkpt>
      <trkpt lat="46.143192" lon="14.370208">
        <ele>339.171437</ele>
        <time>2026-07-17T16:54:50.029Z</time>
      </trkpt>
      <trkpt lat="46.143587" lon="14.369189">
        <ele>339.128879</ele>
        <time>2026-07-17T16:55:01.825Z</time>
      </trkpt>
      <trkpt lat="46.143890" lon="14.368317">
        <ele>339.093323</ele>
        <time>2026-07-17T16:55:10.349Z</time>
      </trkpt>
      <trkpt lat="46.143994" lon="14.367935">
        <ele>339.058532</ele>
        <time>2026-07-17T16:55:14.299Z</time>
      </trkpt>
      <trkpt lat="46.144313" lon="14.366651">
        <ele>338.918830</ele>
        <time>2026-07-17T16:55:28.314Z</time>
      </trkpt>
      <trkpt lat="46.144450" lon="14.366209">
        <ele>338.869238</ele>
        <time>2026-07-17T16:55:33.068Z</time>
      </trkpt>
      <trkpt lat="46.144552" lon="14.365971">
        <ele>338.840576</ele>
        <time>2026-07-17T16:55:35.823Z</time>
      </trkpt>
      <trkpt lat="46.144735" lon="14.365475">
        <ele>338.846089</ele>
        <time>2026-07-17T16:55:41.492Z</time>
      </trkpt>
      <trkpt lat="46.144817" lon="14.365161">
        <ele>338.865343</ele>
        <time>2026-07-17T16:55:45.000Z</time>
      </trkpt>
      <trkpt lat="46.144957" lon="14.364513">
        <ele>338.904289</ele>
        <time>2026-07-17T16:55:52.089Z</time>
      </trkpt>
      <trkpt lat="46.145232" lon="14.363531">
        <ele>338.965062</ele>
        <time>2026-07-17T16:56:03.241Z</time>
      </trkpt>
      <trkpt lat="46.145550" lon="14.362453">
        <ele>339.314831</ele>
        <time>2026-07-17T16:56:16.321Z</time>
      </trkpt>
      <trkpt lat="46.145699" lon="14.362088">
        <ele>339.453817</ele>
        <time>2026-07-17T16:56:21.038Z</time>
      </trkpt>
      <trkpt lat="46.145965" lon="14.361683">
        <ele>339.636899</ele>
        <time>2026-07-17T16:56:27.488Z</time>
      </trkpt>
      <trkpt lat="46.146014" lon="14.361602">
        <ele>339.672176</ele>
        <time>2026-07-17T16:56:28.763Z</time>
      </trkpt>
      <trkpt lat="46.146163" lon="14.361359">
        <ele>339.778634</ele>
        <time>2026-07-17T16:56:32.710Z</time>
      </trkpt>
      <trkpt lat="46.146303" lon="14.360919">
        <ele>340.246741</ele>
        <time>2026-07-17T16:56:38.764Z</time>
      </trkpt>
      <trkpt lat="46.146698" lon="14.358872">
        <ele>342.845317</ele>
        <time>2026-07-17T16:57:09.827Z</time>
      </trkpt>
      <trkpt lat="46.146836" lon="14.358288">
        <ele>344.320572</ele>
        <time>2026-07-17T16:57:22.167Z</time>
      </trkpt>
      <trkpt lat="46.147041" lon="14.357610">
        <ele>346.310081</ele>
        <time>2026-07-17T16:57:40.403Z</time>
      </trkpt>
      <trkpt lat="46.147089" lon="14.357440">
        <ele>346.803792</ele>
        <time>2026-07-17T16:57:45.187Z</time>
      </trkpt>
      <trkpt lat="46.147197" lon="14.357089">
        <ele>347.836684</ele>
        <time>2026-07-17T16:57:54.515Z</time>
      </trkpt>
      <trkpt lat="46.147258" lon="14.356895">
        <ele>348.409648</ele>
        <time>2026-07-17T16:57:59.401Z</time>
      </trkpt>
      <trkpt lat="46.147335" lon="14.356589">
        <ele>349.285205</ele>
        <time>2026-07-17T16:58:06.351Z</time>
      </trkpt>
      <trkpt lat="46.147366" lon="14.356198">
        <ele>349.770506</ele>
        <time>2026-07-17T16:58:13.988Z</time>
      </trkpt>
      <trkpt lat="46.147458" lon="14.356129">
        <ele>349.536784</ele>
        <time>2026-07-17T16:58:16.562Z</time>
      </trkpt>
      <trkpt lat="46.147863" lon="14.355936">
        <ele>348.575321</ele>
        <time>2026-07-17T16:58:24.585Z</time>
      </trkpt>
      <trkpt lat="46.148476" lon="14.355698">
        <ele>347.144317</ele>
        <time>2026-07-17T16:58:30.922Z</time>
      </trkpt>
      <trkpt lat="46.148711" lon="14.355467">
        <ele>346.503381</ele>
        <time>2026-07-17T16:58:33.535Z</time>
      </trkpt>
      <trkpt lat="46.149065" lon="14.355024">
        <ele>344.982930</ele>
        <time>2026-07-17T16:58:37.813Z</time>
      </trkpt>
      <trkpt lat="46.149168" lon="14.354933">
        <ele>344.446922</ele>
        <time>2026-07-17T16:58:38.907Z</time>
      </trkpt>
      <trkpt lat="46.149483" lon="14.354849">
        <ele>343.025118</ele>
        <time>2026-07-17T16:58:41.837Z</time>
      </trkpt>
      <trkpt lat="46.149671" lon="14.354849">
        <ele>342.190670</ele>
        <time>2026-07-17T16:58:43.577Z</time>
      </trkpt>
      <trkpt lat="46.149942" lon="14.354909">
        <ele>340.973754</ele>
        <time>2026-07-17T16:58:46.177Z</time>
      </trkpt>
      <trkpt lat="46.150100" lon="14.354811">
        <ele>340.210461</ele>
        <time>2026-07-17T16:58:47.864Z</time>
      </trkpt>
      <trkpt lat="46.150301" lon="14.354555">
        <ele>339.020682</ele>
        <time>2026-07-17T16:58:50.640Z</time>
      </trkpt>
      <trkpt lat="46.150761" lon="14.353471">
        <ele>337.129912</ele>
        <time>2026-07-17T16:59:00.549Z</time>
      </trkpt>
      <trkpt lat="46.152193" lon="14.350186">
        <ele>334.827183</ele>
        <time>2026-07-17T16:59:34.309Z</time>
      </trkpt>
      <trkpt lat="46.152326" lon="14.349876">
        <ele>334.691123</ele>
        <time>2026-07-17T16:59:38.095Z</time>
      </trkpt>
      <trkpt lat="46.152580" lon="14.349250">
        <ele>335.188765</ele>
        <time>2026-07-17T16:59:46.526Z</time>
      </trkpt>
      <trkpt lat="46.152876" lon="14.348295">
        <ele>335.947784</ele>
        <time>2026-07-17T17:00:00.956Z</time>
      </trkpt>
      <trkpt lat="46.153083" lon="14.347329">
        <ele>336.649996</ele>
        <time>2026-07-17T17:00:15.786Z</time>
      </trkpt>
      <trkpt lat="46.153141" lon="14.347100">
        <ele>336.779198</ele>
        <time>2026-07-17T17:00:19.353Z</time>
      </trkpt>
      <trkpt lat="46.153429" lon="14.346379">
        <ele>337.220215</ele>
        <time>2026-07-17T17:00:31.739Z</time>
      </trkpt>
      <trkpt lat="46.153599" lon="14.345653">
        <ele>337.626298</ele>
        <time>2026-07-17T17:00:41.900Z</time>
      </trkpt>
      <trkpt lat="46.153734" lon="14.345019">
        <ele>337.821356</ele>
        <time>2026-07-17T17:00:47.982Z</time>
      </trkpt>
      <trkpt lat="46.153743" lon="14.344879">
        <ele>337.579985</ele>
        <time>2026-07-17T17:00:49.139Z</time>
      </trkpt>
      <trkpt lat="46.153777" lon="14.344687">
        <ele>337.239781</ele>
        <time>2026-07-17T17:00:50.715Z</time>
      </trkpt>
      <trkpt lat="46.153829" lon="14.344587">
        <ele>337.025126</ele>
        <time>2026-07-17T17:00:51.695Z</time>
      </trkpt>
      <trkpt lat="46.154014" lon="14.344809">
        <ele>336.428947</ele>
        <time>2026-07-17T17:00:54.296Z</time>
      </trkpt>
      <trkpt lat="46.155081" lon="14.345567">
        <ele>333.482222</ele>
        <time>2026-07-17T17:01:06.231Z</time>
      </trkpt>
      <trkpt lat="46.155370" lon="14.345739">
        <ele>332.862412</ele>
        <time>2026-07-17T17:01:09.457Z</time>
      </trkpt>
      <trkpt lat="46.155569" lon="14.345783">
        <ele>332.463238</ele>
        <time>2026-07-17T17:01:11.585Z</time>
      </trkpt>
      <trkpt lat="46.156685" lon="14.345327">
        <ele>330.163534</ele>
        <time>2026-07-17T17:01:24.743Z</time>
      </trkpt>
      <trkpt lat="46.157226" lon="14.344929">
        <ele>329.691236</ele>
        <time>2026-07-17T17:01:31.917Z</time>
      </trkpt>
      <trkpt lat="46.157432" lon="14.344942">
        <ele>329.594760</ele>
        <time>2026-07-17T17:01:34.501Z</time>
      </trkpt>
      <trkpt lat="46.157485" lon="14.344965">
        <ele>329.568866</ele>
        <time>2026-07-17T17:01:35.229Z</time>
      </trkpt>
      <trkpt lat="46.157969" lon="14.345189">
        <ele>329.331059</ele>
        <time>2026-07-17T17:01:45.213Z</time>
      </trkpt>
      <trkpt lat="46.158265" lon="14.345228">
        <ele>329.191990</ele>
        <time>2026-07-17T17:01:49.897Z</time>
      </trkpt>
      <trkpt lat="46.158420" lon="14.345166">
        <ele>329.116736</ele>
        <time>2026-07-17T17:01:52.417Z</time>
      </trkpt>
      <trkpt lat="46.158927" lon="14.344669">
        <ele>329.147788</ele>
        <time>2026-07-17T17:02:02.414Z</time>
      </trkpt>
      <trkpt lat="46.159083" lon="14.344619">
        <ele>329.169745</ele>
        <time>2026-07-17T17:02:05.215Z</time>
      </trkpt>
      <trkpt lat="46.159630" lon="14.344612">
        <ele>329.244906</ele>
        <time>2026-07-17T17:02:14.037Z</time>
      </trkpt>
      <trkpt lat="46.159881" lon="14.344534">
        <ele>329.280183</ele>
        <time>2026-07-17T17:02:17.723Z</time>
      </trkpt>
      <trkpt lat="46.160269" lon="14.344380">
        <ele>329.317665</ele>
        <time>2026-07-17T17:02:23.103Z</time>
      </trkpt>
      <trkpt lat="46.160848" lon="14.344010">
        <ele>329.282553</ele>
        <time>2026-07-17T17:02:31.774Z</time>
      </trkpt>
      <trkpt lat="46.162078" lon="14.343576">
        <ele>329.328440</ele>
        <time>2026-07-17T17:02:50.880Z</time>
      </trkpt>
      <trkpt lat="46.162419" lon="14.343336">
        <ele>329.535524</ele>
        <time>2026-07-17T17:02:57.156Z</time>
      </trkpt>
      <trkpt lat="46.163686" lon="14.342327">
        <ele>330.611640</ele>
        <time>2026-07-17T17:03:22.498Z</time>
      </trkpt>
      <trkpt lat="46.164133" lon="14.342088">
        <ele>331.489969</ele>
        <time>2026-07-17T17:03:31.533Z</time>
      </trkpt>
      <trkpt lat="46.164794" lon="14.341896">
        <ele>332.732367</ele>
        <time>2026-07-17T17:03:47.283Z</time>
      </trkpt>
      <trkpt lat="46.164977" lon="14.341847">
        <ele>333.075323</ele>
        <time>2026-07-17T17:03:52.058Z</time>
      </trkpt>
      <trkpt lat="46.165341" lon="14.341625">
        <ele>333.999108</ele>
        <time>2026-07-17T17:04:02.451Z</time>
      </trkpt>
      <trkpt lat="46.165887" lon="14.341526">
        <ele>335.711097</ele>
        <time>2026-07-17T17:04:17.476Z</time>
      </trkpt>
      <trkpt lat="46.166247" lon="14.341479">
        <ele>336.835654</ele>
        <time>2026-07-17T17:04:27.410Z</time>
      </trkpt>
      <trkpt lat="46.166348" lon="14.341446">
        <ele>337.157817</ele>
        <time>2026-07-17T17:04:30.156Z</time>
      </trkpt>
      <trkpt lat="46.166419" lon="14.341382">
        <ele>337.418213</ele>
        <time>2026-07-17T17:04:32.342Z</time>
      </trkpt>
      <trkpt lat="46.166526" lon="14.341150">
        <ele>338.018784</ele>
        <time>2026-07-17T17:04:37.387Z</time>
      </trkpt>
      <trkpt lat="46.166693" lon="14.340629">
        <ele>339.343057</ele>
        <time>2026-07-17T17:04:47.747Z</time>
      </trkpt>
      <trkpt lat="46.166784" lon="14.340486">
        <ele>340.020859</ele>
        <time>2026-07-17T17:04:51.572Z</time>
      </trkpt>
      <trkpt lat="46.166945" lon="14.340318">
        <ele>341.021925</ele>
        <time>2026-07-17T17:04:57.773Z</time>
      </trkpt>
      <trkpt lat="46.167610" lon="14.339954">
        <ele>344.605957</ele>
        <time>2026-07-17T17:05:24.085Z</time>
      </trkpt>
      <trkpt lat="46.167772" lon="14.339953">
        <ele>345.422374</ele>
        <time>2026-07-17T17:05:30.513Z</time>
      </trkpt>
      <trkpt lat="46.168127" lon="14.340111">
        <ele>347.294479</ele>
        <time>2026-07-17T17:05:45.512Z</time>
      </trkpt>
      <trkpt lat="46.168397" lon="14.340310">
        <ele>348.421324</ele>
        <time>2026-07-17T17:05:56.857Z</time>
      </trkpt>
      <trkpt lat="46.168567" lon="14.340551">
        <ele>348.873356</ele>
        <time>2026-07-17T17:06:05.081Z</time>
      </trkpt>
      <trkpt lat="46.168891" lon="14.340491">
        <ele>349.493153</ele>
        <time>2026-07-17T17:06:16.940Z</time>
      </trkpt>
      <trkpt lat="46.168928" lon="14.340598">
        <ele>349.650307</ele>
        <time>2026-07-17T17:06:19.028Z</time>
      </trkpt>
      <trkpt lat="46.169010" lon="14.340618">
        <ele>349.808099</ele>
        <time>2026-07-17T17:06:21.051Z</time>
      </trkpt>
      <trkpt lat="46.169273" lon="14.341883">
        <ele>351.543623</ele>
        <time>2026-07-17T17:06:34.238Z</time>
      </trkpt>
      <trkpt lat="46.169367" lon="14.342614">
        <ele>351.165261</ele>
        <time>2026-07-17T17:06:39.948Z</time>
      </trkpt>
      <trkpt lat="46.169393" lon="14.343057">
        <ele>350.896751</ele>
        <time>2026-07-17T17:06:43.459Z</time>
      </trkpt>
      <trkpt lat="46.169364" lon="14.343979">
        <ele>350.339334</ele>
        <time>2026-07-17T17:06:51.225Z</time>
      </trkpt>
      <trkpt lat="46.169267" lon="14.344624">
        <ele>350.162902</ele>
        <time>2026-07-17T17:06:57.306Z</time>
      </trkpt>
      <trkpt lat="46.169223" lon="14.344853">
        <ele>350.404784</ele>
        <time>2026-07-17T17:06:59.993Z</time>
      </trkpt>
      <trkpt lat="46.169146" lon="14.345197">
        <ele>350.772745</ele>
        <time>2026-07-17T17:07:04.618Z</time>
      </trkpt>
      <trkpt lat="46.169021" lon="14.345550">
        <ele>351.176277</ele>
        <time>2026-07-17T17:07:10.434Z</time>
      </trkpt>
      <trkpt lat="46.168984" lon="14.345659">
        <ele>351.299829</ele>
        <time>2026-07-17T17:07:12.338Z</time>
      </trkpt>
      <trkpt lat="46.168884" lon="14.345745">
        <ele>351.470890</ele>
        <time>2026-07-17T17:07:15.019Z</time>
      </trkpt>
      <trkpt lat="46.168855" lon="14.345908">
        <ele>351.642181</ele>
        <time>2026-07-17T17:07:17.769Z</time>
      </trkpt>
      <trkpt lat="46.168915" lon="14.346052">
        <ele>351.813229</ele>
        <time>2026-07-17T17:07:20.553Z</time>
      </trkpt>
      <trkpt lat="46.168969" lon="14.346089">
        <ele>351.901074</ele>
        <time>2026-07-17T17:07:21.948Z</time>
      </trkpt>
      <trkpt lat="46.169083" lon="14.346064">
        <ele>352.070541</ele>
        <time>2026-07-17T17:07:24.757Z</time>
      </trkpt>
      <trkpt lat="46.169128" lon="14.346007">
        <ele>352.158517</ele>
        <time>2026-07-17T17:07:26.159Z</time>
      </trkpt>
      <trkpt lat="46.169203" lon="14.346013">
        <ele>352.268913</ele>
        <time>2026-07-17T17:07:28.444Z</time>
      </trkpt>
      <trkpt lat="46.169432" lon="14.346034">
        <ele>352.606151</ele>
        <time>2026-07-17T17:07:35.142Z</time>
      </trkpt>
      <trkpt lat="46.169637" lon="14.346111">
        <ele>352.928622</ele>
        <time>2026-07-17T17:07:40.315Z</time>
      </trkpt>
      <trkpt lat="46.169776" lon="14.346115">
        <ele>353.142049</ele>
        <time>2026-07-17T17:07:43.747Z</time>
      </trkpt>
      <trkpt lat="46.170133" lon="14.346027">
        <ele>353.698021</ele>
        <time>2026-07-17T17:07:52.620Z</time>
      </trkpt>
      <trkpt lat="46.170302" lon="14.345943">
        <ele>353.972399</ele>
        <time>2026-07-17T17:07:56.611Z</time>
      </trkpt>
      <trkpt lat="46.170876" lon="14.345513">
        <ele>354.965089</ele>
        <time>2026-07-17T17:08:09.286Z</time>
      </trkpt>
      <trkpt lat="46.171317" lon="14.345371">
        <ele>355.497242</ele>
        <time>2026-07-17T17:08:16.922Z</time>
      </trkpt>
      <trkpt lat="46.171743" lon="14.345348">
        <ele>355.693492</ele>
        <time>2026-07-17T17:08:23.646Z</time>
      </trkpt>
      <trkpt lat="46.171953" lon="14.345396">
        <ele>355.791371</ele>
        <time>2026-07-17T17:08:26.952Z</time>
      </trkpt>
      <trkpt lat="46.172407" lon="14.345598">
        <ele>356.010070</ele>
        <time>2026-07-17T17:08:34.652Z</time>
      </trkpt>
      <trkpt lat="46.172504" lon="14.345628">
        <ele>356.055738</ele>
        <time>2026-07-17T17:08:36.869Z</time>
      </trkpt>
      <trkpt lat="46.172922" lon="14.345748">
        <ele>356.251934</ele>
        <time>2026-07-17T17:08:46.555Z</time>
      </trkpt>
      <trkpt lat="46.173198" lon="14.345784">
        <ele>356.410558</ele>
        <time>2026-07-17T17:08:52.863Z</time>
      </trkpt>
      <trkpt lat="46.173448" lon="14.345780">
        <ele>356.554611</ele>
        <time>2026-07-17T17:08:58.628Z</time>
      </trkpt>
      <trkpt lat="46.173842" lon="14.345709">
        <ele>356.783385</ele>
        <time>2026-07-17T17:09:07.663Z</time>
      </trkpt>
      <trkpt lat="46.173992" lon="14.345671">
        <ele>356.871131</ele>
        <time>2026-07-17T17:09:11.101Z</time>
      </trkpt>
      <trkpt lat="46.174033" lon="14.345657">
        <ele>356.895406</ele>
        <time>2026-07-17T17:09:12.063Z</time>
      </trkpt>
      <trkpt lat="46.174079" lon="14.345640">
        <ele>356.922764</ele>
        <time>2026-07-17T17:09:13.140Z</time>
      </trkpt>
      <trkpt lat="46.174301" lon="14.345593">
        <ele>357.052042</ele>
        <time>2026-07-17T17:09:18.223Z</time>
      </trkpt>
      <trkpt lat="46.174419" lon="14.345745">
        <ele>357.143149</ele>
        <time>2026-07-17T17:09:20.931Z</time>
      </trkpt>
      <trkpt lat="46.174578" lon="14.345763">
        <ele>357.235042</ele>
        <time>2026-07-17T17:09:23.607Z</time>
      </trkpt>
      <trkpt lat="46.174657" lon="14.345713">
        <ele>357.284739</ele>
        <time>2026-07-17T17:09:25.063Z</time>
      </trkpt>
      <trkpt lat="46.174739" lon="14.345585">
        <ele>357.346241</ele>
        <time>2026-07-17T17:09:27.056Z</time>
      </trkpt>
      <trkpt lat="46.174770" lon="14.345417">
        <ele>357.406561</ele>
        <time>2026-07-17T17:09:29.034Z</time>
      </trkpt>
      <trkpt lat="46.175039" lon="14.345217">
        <ele>357.558150</ele>
        <time>2026-07-17T17:09:35.542Z</time>
      </trkpt>
      <trkpt lat="46.175328" lon="14.345041">
        <ele>357.715295</ele>
        <time>2026-07-17T17:09:42.333Z</time>
      </trkpt>
      <trkpt lat="46.175534" lon="14.345009">
        <ele>357.819102</ele>
        <time>2026-07-17T17:09:46.778Z</time>
      </trkpt>
      <trkpt lat="46.175773" lon="14.344886">
        <ele>357.946223</ele>
        <time>2026-07-17T17:09:52.381Z</time>
      </trkpt>
      <trkpt lat="46.176150" lon="14.344630">
        <ele>358.154948</ele>
        <time>2026-07-17T17:10:02.004Z</time>
      </trkpt>
      <trkpt lat="46.176456" lon="14.344367">
        <ele>358.397962</ele>
        <time>2026-07-17T17:10:10.259Z</time>
      </trkpt>
      <trkpt lat="46.176687" lon="14.344857">
        <ele>358.698680</ele>
        <time>2026-07-17T17:10:17.623Z</time>
      </trkpt>
      <trkpt lat="46.178282" lon="14.343803">
        <ele>359.772399</ele>
        <time>2026-07-17T17:10:48.712Z</time>
      </trkpt>
      <trkpt lat="46.178347" lon="14.343794">
        <ele>359.798836</ele>
        <time>2026-07-17T17:10:49.796Z</time>
      </trkpt>
      <trkpt lat="46.178435" lon="14.343848">
        <ele>359.837547</ele>
        <time>2026-07-17T17:10:51.334Z</time>
      </trkpt>
      <trkpt lat="46.178463" lon="14.343978">
        <ele>359.875713</ele>
        <time>2026-07-17T17:10:52.868Z</time>
      </trkpt>
      <trkpt lat="46.178501" lon="14.344039">
        <ele>359.898716</ele>
        <time>2026-07-17T17:10:53.769Z</time>
      </trkpt>
      <trkpt lat="46.178554" lon="14.344060">
        <ele>359.920967</ele>
        <time>2026-07-17T17:10:54.642Z</time>
      </trkpt>
      <trkpt lat="46.178686" lon="14.344028">
        <ele>359.975157</ele>
        <time>2026-07-17T17:10:56.753Z</time>
      </trkpt>
      <trkpt lat="46.180472" lon="14.343010">
        <ele>360.601066</ele>
        <time>2026-07-17T17:11:26.564Z</time>
      </trkpt>
      <trkpt lat="46.180503" lon="14.342996">
        <ele>360.610333</ele>
        <time>2026-07-17T17:11:27.099Z</time>
      </trkpt>
      <trkpt lat="46.181893" lon="14.342349">
        <ele>361.039404</ele>
        <time>2026-07-17T17:11:51.582Z</time>
      </trkpt>
      <trkpt lat="46.182560" lon="14.342113">
        <ele>361.244187</ele>
        <time>2026-07-17T17:12:02.220Z</time>
      </trkpt>
      <trkpt lat="46.183137" lon="14.341855">
        <ele>361.419133</ele>
        <time>2026-07-17T17:12:11.302Z</time>
      </trkpt>
      <trkpt lat="46.184036" lon="14.341662">
        <ele>361.679790</ele>
        <time>2026-07-17T17:12:25.485Z</time>
      </trkpt>
      <trkpt lat="46.184805" lon="14.341574">
        <ele>361.991391</ele>
        <time>2026-07-17T17:12:38.635Z</time>
      </trkpt>
      <trkpt lat="46.185114" lon="14.341450">
        <ele>362.169878</ele>
        <time>2026-07-17T17:12:44.336Z</time>
      </trkpt>
      <trkpt lat="46.185797" lon="14.341080">
        <ele>362.575856</ele>
        <time>2026-07-17T17:12:56.956Z</time>
      </trkpt>
      <trkpt lat="46.185956" lon="14.340911">
        <ele>362.685724</ele>
        <time>2026-07-17T17:13:00.299Z</time>
      </trkpt>
      <trkpt lat="46.186033" lon="14.340712">
        <ele>362.773564</ele>
        <time>2026-07-17T17:13:02.965Z</time>
      </trkpt>
      <trkpt lat="46.186643" lon="14.340428">
        <ele>363.066195</ele>
        <time>2026-07-17T17:13:13.650Z</time>
      </trkpt>
      <trkpt lat="46.187616" lon="14.339841">
        <ele>363.537115</ele>
        <time>2026-07-17T17:13:30.950Z</time>
      </trkpt>
      <trkpt lat="46.188088" lon="14.339409">
        <ele>363.809387</ele>
        <time>2026-07-17T17:13:40.366Z</time>
      </trkpt>
      <trkpt lat="46.189644" lon="14.337761">
        <ele>364.677544</ele>
        <time>2026-07-17T17:14:12.711Z</time>
      </trkpt>
      <trkpt lat="46.190790" lon="14.338594">
        <ele>365.073861</ele>
        <time>2026-07-17T17:14:33.031Z</time>
      </trkpt>
      <trkpt lat="46.191019" lon="14.338794">
        <ele>365.208683</ele>
        <time>2026-07-17T17:14:37.129Z</time>
      </trkpt>
      <trkpt lat="46.191415" lon="14.339290">
        <ele>365.472749</ele>
        <time>2026-07-17T17:14:45.361Z</time>
      </trkpt>
      <trkpt lat="46.191540" lon="14.339376">
        <ele>365.542504</ele>
        <time>2026-07-17T17:14:47.588Z</time>
      </trkpt>
      <trkpt lat="46.193037" lon="14.341080">
        <ele>366.703680</ele>
        <time>2026-07-17T17:15:21.966Z</time>
      </trkpt>
      <trkpt lat="46.193828" lon="14.341954">
        <ele>367.323974</ele>
        <time>2026-07-17T17:15:39.289Z</time>
      </trkpt>
      <trkpt lat="46.194253" lon="14.342375">
        <ele>367.531851</ele>
        <time>2026-07-17T17:15:47.676Z</time>
      </trkpt>
      <trkpt lat="46.195443" lon="14.343777">
        <ele>368.224283</ele>
        <time>2026-07-17T17:16:12.413Z</time>
      </trkpt>
      <trkpt lat="46.196249" lon="14.344609">
        <ele>368.768756</ele>
        <time>2026-07-17T17:16:29.219Z</time>
      </trkpt>
      <trkpt lat="46.197643" lon="14.346196">
        <ele>369.963882</ele>
        <time>2026-07-17T17:17:00.909Z</time>
      </trkpt>
      <trkpt lat="46.197926" lon="14.346549">
        <ele>370.226611</ele>
        <time>2026-07-17T17:17:07.348Z</time>
      </trkpt>
      <trkpt lat="46.198819" lon="14.347534">
        <ele>371.045560</ele>
        <time>2026-07-17T17:17:27.046Z</time>
      </trkpt>
      <trkpt lat="46.199747" lon="14.348703">
        <ele>371.842749</ele>
        <time>2026-07-17T17:17:49.229Z</time>
      </trkpt>
      <trkpt lat="46.200613" lon="14.349711">
        <ele>372.466675</ele>
        <time>2026-07-17T17:18:07.815Z</time>
      </trkpt>
      <trkpt lat="46.202142" lon="14.351401">
        <ele>373.218621</ele>
        <time>2026-07-17T17:18:39.382Z</time>
      </trkpt>
      <trkpt lat="46.202236" lon="14.351519">
        <ele>373.256697</ele>
        <time>2026-07-17T17:18:41.417Z</time>
      </trkpt>
      <trkpt lat="46.202262" lon="14.351620">
        <ele>373.279503</ele>
        <time>2026-07-17T17:18:42.649Z</time>
      </trkpt>
      <trkpt lat="46.202351" lon="14.351576">
        <ele>373.308266</ele>
        <time>2026-07-17T17:18:44.184Z</time>
      </trkpt>
      <trkpt lat="46.202483" lon="14.351470">
        <ele>373.354444</ele>
        <time>2026-07-17T17:18:46.634Z</time>
      </trkpt>
      <trkpt lat="46.202536" lon="14.351438">
        <ele>373.372009</ele>
        <time>2026-07-17T17:18:47.565Z</time>
      </trkpt>
      <trkpt lat="46.202665" lon="14.351667">
        <ele>373.434496</ele>
        <time>2026-07-17T17:18:50.868Z</time>
      </trkpt>
      <trkpt lat="46.202850" lon="14.351888">
        <ele>373.507896</ele>
        <time>2026-07-17T17:18:54.714Z</time>
      </trkpt>
      <trkpt lat="46.205288" lon="14.354661">
        <ele>374.289337</ele>
        <time>2026-07-17T17:19:43.333Z</time>
      </trkpt>
      <trkpt lat="46.207692" lon="14.357437">
        <ele>375.468982</ele>
        <time>2026-07-17T17:20:34.140Z</time>
      </trkpt>
      <trkpt lat="46.208058" lon="14.357736">
        <ele>375.643404</ele>
        <time>2026-07-17T17:20:40.799Z</time>
      </trkpt>
      <trkpt lat="46.208240" lon="14.357959">
        <ele>375.742588</ele>
        <time>2026-07-17T17:20:44.606Z</time>
      </trkpt>
      <trkpt lat="46.208406" lon="14.358220">
        <ele>375.844555</ele>
        <time>2026-07-17T17:20:48.534Z</time>
      </trkpt>
      <trkpt lat="46.209147" lon="14.359063">
        <ele>376.235087</ele>
        <time>2026-07-17T17:21:04.216Z</time>
      </trkpt>
      <trkpt lat="46.209533" lon="14.359447">
        <ele>376.390631</ele>
        <time>2026-07-17T17:21:12.225Z</time>
      </trkpt>
      <trkpt lat="46.209743" lon="14.359586">
        <ele>376.467297</ele>
        <time>2026-07-17T17:21:16.112Z</time>
      </trkpt>
      <trkpt lat="46.210076" lon="14.360086">
        <ele>376.626689</ele>
        <time>2026-07-17T17:21:23.985Z</time>
      </trkpt>
      <trkpt lat="46.212800" lon="14.363086">
        <ele>377.114270</ele>
        <time>2026-07-17T17:22:15.865Z</time>
      </trkpt>
      <trkpt lat="46.213024" lon="14.363317">
        <ele>377.161021</ele>
        <time>2026-07-17T17:22:20.028Z</time>
      </trkpt>
      <trkpt lat="46.213440" lon="14.363579">
        <ele>377.238115</ele>
        <time>2026-07-17T17:22:27.128Z</time>
      </trkpt>
      <trkpt lat="46.213488" lon="14.363602">
        <ele>377.249186</ele>
        <time>2026-07-17T17:22:27.928Z</time>
      </trkpt>
      <trkpt lat="46.213596" lon="14.363554">
        <ele>377.316119</ele>
        <time>2026-07-17T17:22:29.743Z</time>
      </trkpt>
      <trkpt lat="46.214682" lon="14.362297">
        <ele>378.140342</ele>
        <time>2026-07-17T17:22:53.949Z</time>
      </trkpt>
      <trkpt lat="46.214866" lon="14.362159">
        <ele>378.263143</ele>
        <time>2026-07-17T17:22:57.723Z</time>
      </trkpt>
      <trkpt lat="46.215099" lon="14.362075">
        <ele>378.373690</ele>
        <time>2026-07-17T17:23:02.068Z</time>
      </trkpt>
      <trkpt lat="46.216079" lon="14.361999">
        <ele>378.759405</ele>
        <time>2026-07-17T17:23:18.389Z</time>
      </trkpt>
      <trkpt lat="46.217651" lon="14.361418">
        <ele>379.475087</ele>
        <time>2026-07-17T17:23:43.628Z</time>
      </trkpt>
      <trkpt lat="46.217942" lon="14.361258">
        <ele>379.622624</ele>
        <time>2026-07-17T17:23:49.090Z</time>
      </trkpt>
      <trkpt lat="46.218631" lon="14.360796">
        <ele>380.036149</ele>
        <time>2026-07-17T17:24:03.087Z</time>
      </trkpt>
      <trkpt lat="46.219622" lon="14.360135">
        <ele>380.800560</ele>
        <time>2026-07-17T17:24:22.601Z</time>
      </trkpt>
      <trkpt lat="46.219844" lon="14.359919">
        <ele>380.987991</ele>
        <time>2026-07-17T17:24:27.120Z</time>
      </trkpt>
      <trkpt lat="46.220045" lon="14.359849">
        <ele>381.131477</ele>
        <time>2026-07-17T17:24:30.623Z</time>
      </trkpt>
      <trkpt lat="46.220061" lon="14.359877">
        <ele>381.140406</ele>
        <time>2026-07-17T17:24:31.058Z</time>
      </trkpt>
      <trkpt lat="46.220075" lon="14.359916">
        <ele>381.151210</ele>
        <time>2026-07-17T17:24:31.564Z</time>
      </trkpt>
      <trkpt lat="46.221982" lon="14.358634">
        <ele>381.603732</ele>
        <time>2026-07-17T17:25:06.042Z</time>
      </trkpt>
      <trkpt lat="46.223298" lon="14.357878">
        <ele>380.959159</ele>
        <time>2026-07-17T17:25:23.901Z</time>
      </trkpt>
      <trkpt lat="46.224038" lon="14.357497">
        <ele>380.827022</ele>
        <time>2026-07-17T17:25:34.217Z</time>
      </trkpt>
      <trkpt lat="46.224292" lon="14.357383">
        <ele>380.784138</ele>
        <time>2026-07-17T17:25:38.067Z</time>
      </trkpt>
      <trkpt lat="46.225014" lon="14.357072">
        <ele>380.662662</ele>
        <time>2026-07-17T17:25:49.998Z</time>
      </trkpt>
      <trkpt lat="46.226503" lon="14.356414">
        <ele>381.289091</ele>
        <time>2026-07-17T17:26:15.431Z</time>
      </trkpt>
      <trkpt lat="46.227087" lon="14.356164">
        <ele>381.605336</ele>
        <time>2026-07-17T17:26:25.855Z</time>
      </trkpt>
      <trkpt lat="46.227905" lon="14.355816">
        <ele>382.116625</ele>
        <time>2026-07-17T17:26:40.505Z</time>
      </trkpt>
      <trkpt lat="46.228792" lon="14.355292">
        <ele>382.718051</ele>
        <time>2026-07-17T17:26:57.326Z</time>
      </trkpt>
      <trkpt lat="46.228854" lon="14.355255">
        <ele>382.763176</ele>
        <time>2026-07-17T17:26:58.447Z</time>
      </trkpt>
      <trkpt lat="46.228953" lon="14.355199">
        <ele>382.834696</ele>
        <time>2026-07-17T17:27:00.176Z</time>
      </trkpt>
      <trkpt lat="46.229690" lon="14.354636">
        <ele>383.395486</ele>
        <time>2026-07-17T17:27:14.392Z</time>
      </trkpt>
      <trkpt lat="46.230289" lon="14.354170">
        <ele>383.694453</ele>
        <time>2026-07-17T17:27:27.057Z</time>
      </trkpt>
      <trkpt lat="46.230340" lon="14.354131">
        <ele>383.697496</ele>
        <time>2026-07-17T17:27:28.100Z</time>
      </trkpt>
      <trkpt lat="46.230595" lon="14.353929">
        <ele>383.712828</ele>
        <time>2026-07-17T17:27:33.339Z</time>
      </trkpt>
      <trkpt lat="46.230646" lon="14.353884">
        <ele>383.715979</ele>
        <time>2026-07-17T17:27:34.396Z</time>
      </trkpt>
      <trkpt lat="46.230829" lon="14.353748">
        <ele>383.726829</ele>
        <time>2026-07-17T17:27:37.831Z</time>
      </trkpt>
      <trkpt lat="46.231172" lon="14.353537">
        <ele>383.746484</ele>
        <time>2026-07-17T17:27:43.343Z</time>
      </trkpt>
      <trkpt lat="46.231538" lon="14.353253">
        <ele>383.768388</ele>
        <time>2026-07-17T17:27:48.748Z</time>
      </trkpt>
      <trkpt lat="46.231587" lon="14.353215">
        <ele>383.771320</ele>
        <time>2026-07-17T17:27:49.415Z</time>
      </trkpt>
      <trkpt lat="46.231697" lon="14.353079">
        <ele>383.682227</ele>
        <time>2026-07-17T17:27:51.149Z</time>
      </trkpt>
      <trkpt lat="46.231863" lon="14.352955">
        <ele>383.389577</ele>
        <time>2026-07-17T17:27:53.373Z</time>
      </trkpt>
      <trkpt lat="46.231896" lon="14.352930">
        <ele>383.331225</ele>
        <time>2026-07-17T17:27:53.829Z</time>
      </trkpt>
      <trkpt lat="46.232405" lon="14.352521">
        <ele>382.419150</ele>
        <time>2026-07-17T17:28:00.670Z</time>
      </trkpt>
      <trkpt lat="46.232865" lon="14.352014">
        <ele>381.513185</ele>
        <time>2026-07-17T17:28:07.087Z</time>
      </trkpt>
      <trkpt lat="46.233070" lon="14.351726">
        <ele>381.065476</ele>
        <time>2026-07-17T17:28:10.248Z</time>
      </trkpt>
      <trkpt lat="46.233932" lon="14.350191">
        <ele>378.182749</ele>
        <time>2026-07-17T17:28:24.958Z</time>
      </trkpt>
      <trkpt lat="46.234385" lon="14.349474">
        <ele>376.213783</ele>
        <time>2026-07-17T17:28:32.601Z</time>
      </trkpt>
      <trkpt lat="46.234568" lon="14.349247">
        <ele>374.952360</ele>
        <time>2026-07-17T17:28:35.309Z</time>
      </trkpt>
      <trkpt lat="46.235194" lon="14.348610">
        <ele>370.947702</ele>
        <time>2026-07-17T17:28:42.632Z</time>
      </trkpt>
      <trkpt lat="46.235386" lon="14.348520">
        <ele>369.891815</ele>
        <time>2026-07-17T17:28:44.447Z</time>
      </trkpt>
      <trkpt lat="46.235556" lon="14.348512">
        <ele>369.002023</ele>
        <time>2026-07-17T17:28:45.944Z</time>
      </trkpt>
      <trkpt lat="46.235728" lon="14.348563">
        <ele>368.083509</ele>
        <time>2026-07-17T17:28:47.472Z</time>
      </trkpt>
      <trkpt lat="46.235829" lon="14.348612">
        <ele>367.469979</ele>
        <time>2026-07-17T17:28:48.397Z</time>
      </trkpt>
      <trkpt lat="46.236196" lon="14.348835">
        <ele>364.740726</ele>
        <time>2026-07-17T17:28:51.832Z</time>
      </trkpt>
      <trkpt lat="46.236337" lon="14.348920">
        <ele>363.693395</ele>
        <time>2026-07-17T17:28:53.155Z</time>
      </trkpt>
      <trkpt lat="46.236646" lon="14.349105">
        <ele>361.400506</ele>
        <time>2026-07-17T17:28:56.063Z</time>
      </trkpt>
      <trkpt lat="46.236815" lon="14.349276">
        <ele>359.986317</ele>
        <time>2026-07-17T17:28:57.913Z</time>
      </trkpt>
      <trkpt lat="46.237073" lon="14.349415">
        <ele>358.098711</ele>
        <time>2026-07-17T17:29:00.468Z</time>
      </trkpt>
      <trkpt lat="46.237412" lon="14.349700">
        <ele>355.410241</ele>
        <time>2026-07-17T17:29:04.300Z</time>
      </trkpt>
      <trkpt lat="46.237505" lon="14.349809">
        <ele>355.182096</ele>
        <time>2026-07-17T17:29:05.554Z</time>
      </trkpt>
      <trkpt lat="46.237648" lon="14.349972">
        <ele>354.874129</ele>
        <time>2026-07-17T17:29:07.533Z</time>
      </trkpt>
      <trkpt lat="46.237782" lon="14.350167">
        <ele>354.552588</ele>
        <time>2026-07-17T17:29:09.662Z</time>
      </trkpt>
      <trkpt lat="46.237814" lon="14.350217">
        <ele>354.472903</ele>
        <time>2026-07-17T17:29:10.208Z</time>
      </trkpt>
      <trkpt lat="46.237962" lon="14.350406">
        <ele>354.138945</ele>
        <time>2026-07-17T17:29:12.485Z</time>
      </trkpt>
      <trkpt lat="46.238059" lon="14.350510">
        <ele>353.934712</ele>
        <time>2026-07-17T17:29:13.924Z</time>
      </trkpt>
      <trkpt lat="46.238130" lon="14.350569">
        <ele>353.796215</ele>
        <time>2026-07-17T17:29:14.868Z</time>
      </trkpt>
      <trkpt lat="46.238373" lon="14.350715">
        <ele>353.351177</ele>
        <time>2026-07-17T17:29:17.984Z</time>
      </trkpt>
      <trkpt lat="46.238449" lon="14.350734">
        <ele>353.220737</ele>
        <time>2026-07-17T17:29:18.910Z</time>
      </trkpt>
      <trkpt lat="46.238569" lon="14.350753">
        <ele>353.016578</ele>
        <time>2026-07-17T17:29:20.311Z</time>
      </trkpt>
      <trkpt lat="46.238863" lon="14.350689">
        <ele>352.513758</ele>
        <time>2026-07-17T17:29:23.888Z</time>
      </trkpt>
      <trkpt lat="46.238952" lon="14.350639">
        <ele>352.352276</ele>
        <time>2026-07-17T17:29:25.093Z</time>
      </trkpt>
      <trkpt lat="46.239039" lon="14.350541">
        <ele>352.332550</ele>
        <time>2026-07-17T17:29:26.484Z</time>
      </trkpt>
      <trkpt lat="46.240540" lon="14.349462">
        <ele>352.303558</ele>
        <time>2026-07-17T17:29:52.343Z</time>
      </trkpt>
      <trkpt lat="46.241075" lon="14.349184">
        <ele>352.610297</ele>
        <time>2026-07-17T17:30:01.230Z</time>
      </trkpt>
      <trkpt lat="46.241136" lon="14.349156">
        <ele>352.646312</ele>
        <time>2026-07-17T17:30:02.190Z</time>
      </trkpt>
      <trkpt lat="46.241229" lon="14.349121">
        <ele>352.700389</ele>
        <time>2026-07-17T17:30:03.640Z</time>
      </trkpt>
      <trkpt lat="46.241402" lon="14.349129">
        <ele>352.797791</ele>
        <time>2026-07-17T17:30:06.337Z</time>
      </trkpt>
      <trkpt lat="46.241527" lon="14.349170">
        <ele>352.869920</ele>
        <time>2026-07-17T17:30:08.405Z</time>
      </trkpt>
      <trkpt lat="46.241604" lon="14.349238">
        <ele>352.920693</ele>
        <time>2026-07-17T17:30:09.897Z</time>
      </trkpt>
      <trkpt lat="46.241666" lon="14.349218">
        <ele>352.956440</ele>
        <time>2026-07-17T17:30:10.896Z</time>
      </trkpt>
      <trkpt lat="46.241715" lon="14.349104">
        <ele>353.008678</ele>
        <time>2026-07-17T17:30:12.480Z</time>
      </trkpt>
      <trkpt lat="46.241716" lon="14.349082">
        <ele>353.017259</ele>
        <time>2026-07-17T17:30:12.753Z</time>
      </trkpt>
      <trkpt lat="46.241755" lon="14.348973">
        <ele>353.065022</ele>
        <time>2026-07-17T17:30:14.133Z</time>
      </trkpt>
      <trkpt lat="46.241810" lon="14.348924">
        <ele>353.101376</ele>
        <time>2026-07-17T17:30:15.343Z</time>
      </trkpt>
      <trkpt lat="46.241874" lon="14.348888">
        <ele>353.140020</ele>
        <time>2026-07-17T17:30:16.515Z</time>
      </trkpt>
      <trkpt lat="46.242041" lon="14.348805">
        <ele>353.239393</ele>
        <time>2026-07-17T17:30:19.825Z</time>
      </trkpt>
      <trkpt lat="46.242105" lon="14.348726">
        <ele>353.286746</ele>
        <time>2026-07-17T17:30:21.506Z</time>
      </trkpt>
      <trkpt lat="46.242139" lon="14.348708">
        <ele>353.307121</ele>
        <time>2026-07-17T17:30:22.164Z</time>
      </trkpt>
      <trkpt lat="46.242438" lon="14.348554">
        <ele>353.922797</ele>
        <time>2026-07-17T17:30:29.050Z</time>
      </trkpt>
      <trkpt lat="46.242723" lon="14.348381">
        <ele>354.542826</ele>
        <time>2026-07-17T17:30:36.246Z</time>
      </trkpt>
      <trkpt lat="46.242804" lon="14.348277">
        <ele>354.760121</ele>
        <time>2026-07-17T17:30:38.678Z</time>
      </trkpt>
      <trkpt lat="46.242867" lon="14.348131">
        <ele>354.998860</ele>
        <time>2026-07-17T17:30:41.275Z</time>
      </trkpt>
      <trkpt lat="46.242891" lon="14.347872">
        <ele>355.361385</ele>
        <time>2026-07-17T17:30:45.521Z</time>
      </trkpt>
      <trkpt lat="46.242856" lon="14.347705">
        <ele>355.603471</ele>
        <time>2026-07-17T17:30:48.352Z</time>
      </trkpt>
      <trkpt lat="46.242737" lon="14.347245">
        <ele>356.284820</ele>
        <time>2026-07-17T17:30:58.569Z</time>
      </trkpt>
      <trkpt lat="46.242739" lon="14.347154">
        <ele>356.411129</ele>
        <time>2026-07-17T17:31:00.171Z</time>
      </trkpt>
      <trkpt lat="46.242773" lon="14.347105">
        <ele>356.507424</ele>
        <time>2026-07-17T17:31:01.400Z</time>
      </trkpt>
      <trkpt lat="46.242910" lon="14.347071">
        <ele>356.786256</ele>
        <time>2026-07-17T17:31:04.935Z</time>
      </trkpt>
      <trkpt lat="46.243021" lon="14.347003">
        <ele>357.002487</ele>
        <time>2026-07-17T17:31:07.946Z</time>
      </trkpt>
      <trkpt lat="46.243192" lon="14.346877">
        <ele>357.293461</ele>
        <time>2026-07-17T17:31:12.584Z</time>
      </trkpt>
      <trkpt lat="46.243443" lon="14.346629">
        <ele>357.754361</ele>
        <time>2026-07-17T17:31:19.786Z</time>
      </trkpt>
      <trkpt lat="46.243506" lon="14.346528">
        <ele>357.896972</ele>
        <time>2026-07-17T17:31:21.875Z</time>
      </trkpt>
      <trkpt lat="46.243492" lon="14.346451">
        <ele>357.980452</ele>
        <time>2026-07-17T17:31:23.133Z</time>
      </trkpt>
      <trkpt lat="46.243621" lon="14.346271">
        <ele>358.252243</ele>
        <time>2026-07-17T17:31:26.864Z</time>
      </trkpt>
      <trkpt lat="46.244150" lon="14.345676">
        <ele>359.268333</ele>
        <time>2026-07-17T17:31:39.867Z</time>
      </trkpt>
      <trkpt lat="46.244364" lon="14.345368">
        <ele>359.734332</ele>
        <time>2026-07-17T17:31:45.256Z</time>
      </trkpt>
      <trkpt lat="46.244622" lon="14.344903">
        <ele>360.427160</ele>
        <time>2026-07-17T17:31:51.978Z</time>
      </trkpt>
      <trkpt lat="46.244759" lon="14.344589">
        <ele>360.858631</ele>
        <time>2026-07-17T17:31:56.388Z</time>
      </trkpt>
      <trkpt lat="46.244953" lon="14.344001">
        <ele>361.615762</ele>
        <time>2026-07-17T17:32:04.700Z</time>
      </trkpt>
      <trkpt lat="46.245239" lon="14.342776">
        <ele>363.932907</ele>
        <time>2026-07-17T17:32:28.443Z</time>
      </trkpt>
      <trkpt lat="46.245377" lon="14.342220">
        <ele>365.874339</ele>
        <time>2026-07-17T17:32:43.564Z</time>
      </trkpt>
      <trkpt lat="46.245458" lon="14.342014">
        <ele>366.653143</ele>
        <time>2026-07-17T17:32:49.730Z</time>
      </trkpt>
      <trkpt lat="46.245533" lon="14.341880">
        <ele>367.219696</ele>
        <time>2026-07-17T17:32:54.261Z</time>
      </trkpt>
      <trkpt lat="46.246048" lon="14.341292">
        <ele>370.338071</ele>
        <time>2026-07-17T17:33:18.765Z</time>
      </trkpt>
      <trkpt lat="46.246671" lon="14.340190">
        <ele>372.855636</ele>
        <time>2026-07-17T17:33:49.328Z</time>
      </trkpt>
      <trkpt lat="46.247324" lon="14.339126">
        <ele>374.869903</ele>
        <time>2026-07-17T17:34:04.926Z</time>
      </trkpt>
      <trkpt lat="46.247883" lon="14.337946">
        <ele>375.845130</ele>
        <time>2026-07-17T17:34:20.325Z</time>
      </trkpt>
      <trkpt lat="46.248098" lon="14.337383">
        <ele>376.275786</ele>
        <time>2026-07-17T17:34:29.299Z</time>
      </trkpt>
      <trkpt lat="46.248152" lon="14.337173">
        <ele>376.425812</ele>
        <time>2026-07-17T17:34:32.780Z</time>
      </trkpt>
      <trkpt lat="46.248163" lon="14.336803">
        <ele>376.665007</ele>
        <time>2026-07-17T17:34:38.945Z</time>
      </trkpt>
      <trkpt lat="46.248139" lon="14.336579">
        <ele>376.771019</ele>
        <time>2026-07-17T17:34:42.896Z</time>
      </trkpt>
      <trkpt lat="46.248012" lon="14.336042">
        <ele>377.036447</ele>
        <time>2026-07-17T17:34:52.779Z</time>
      </trkpt>
      <trkpt lat="46.247987" lon="14.335810">
        <ele>377.146260</ele>
        <time>2026-07-17T17:34:56.302Z</time>
      </trkpt>
      <trkpt lat="46.248017" lon="14.335423">
        <ele>377.328389</ele>
        <time>2026-07-17T17:35:01.293Z</time>
      </trkpt>
      <trkpt lat="46.248063" lon="14.335247">
        <ele>377.416385</ele>
        <time>2026-07-17T17:35:03.274Z</time>
      </trkpt>
      <trkpt lat="46.248229" lon="14.334839">
        <ele>377.637777</ele>
        <time>2026-07-17T17:35:07.498Z</time>
      </trkpt>
      <trkpt lat="46.248580" lon="14.333618">
        <ele>377.609670</ele>
        <time>2026-07-17T17:35:18.183Z</time>
      </trkpt>
      <trkpt lat="46.248833" lon="14.332990">
        <ele>377.393399</ele>
        <time>2026-07-17T17:35:24.574Z</time>
      </trkpt>
      <trkpt lat="46.248988" lon="14.332631">
        <ele>377.267460</ele>
        <time>2026-07-17T17:35:29.039Z</time>
      </trkpt>
      <trkpt lat="46.249148" lon="14.332156">
        <ele>377.110240</ele>
        <time>2026-07-17T17:35:35.365Z</time>
      </trkpt>
      <trkpt lat="46.249254" lon="14.331688">
        <ele>376.565189</ele>
        <time>2026-07-17T17:35:41.889Z</time>
      </trkpt>
      <trkpt lat="46.249291" lon="14.331413">
        <ele>376.212621</ele>
        <time>2026-07-17T17:35:45.575Z</time>
      </trkpt>
      <trkpt lat="46.249346" lon="14.330119">
        <ele>374.581092</ele>
        <time>2026-07-17T17:35:56.341Z</time>
      </trkpt>
      <trkpt lat="46.249355" lon="14.329114">
        <ele>372.098126</ele>
        <time>2026-07-17T17:36:02.835Z</time>
      </trkpt>
      <trkpt lat="46.249333" lon="14.328322">
        <ele>368.658844</ele>
        <time>2026-07-17T17:36:07.722Z</time>
      </trkpt>
      <trkpt lat="46.249261" lon="14.328040">
        <ele>367.354500</ele>
        <time>2026-07-17T17:36:09.558Z</time>
      </trkpt>
      <trkpt lat="46.249105" lon="14.327711">
        <ele>365.623601</ele>
        <time>2026-07-17T17:36:12.003Z</time>
      </trkpt>
      <trkpt lat="46.248996" lon="14.327475">
        <ele>364.392190</ele>
        <time>2026-07-17T17:36:14.528Z</time>
      </trkpt>
      <trkpt lat="46.248967" lon="14.327385">
        <ele>363.961361</ele>
        <time>2026-07-17T17:36:15.408Z</time>
      </trkpt>
      <trkpt lat="46.248914" lon="14.327127">
        <ele>362.793533</ele>
        <time>2026-07-17T17:36:17.117Z</time>
      </trkpt>
      <trkpt lat="46.248903" lon="14.326943">
        <ele>362.384095</ele>
        <time>2026-07-17T17:36:18.315Z</time>
      </trkpt>
      <trkpt lat="46.248929" lon="14.326637">
        <ele>362.024730</ele>
        <time>2026-07-17T17:36:20.377Z</time>
      </trkpt>
      <trkpt lat="46.249025" lon="14.326172">
        <ele>361.459075</ele>
        <time>2026-07-17T17:36:23.875Z</time>
      </trkpt>
      <trkpt lat="46.249302" lon="14.325103">
        <ele>360.128420</ele>
        <time>2026-07-17T17:36:34.008Z</time>
      </trkpt>
      <trkpt lat="46.249436" lon="14.324686">
        <ele>359.592441</ele>
        <time>2026-07-17T17:36:39.725Z</time>
      </trkpt>
      <trkpt lat="46.249787" lon="14.323778">
        <ele>360.497802</ele>
        <time>2026-07-17T17:36:52.905Z</time>
      </trkpt>
      <trkpt lat="46.250256" lon="14.322809">
        <ele>361.734617</ele>
        <time>2026-07-17T17:37:09.957Z</time>
      </trkpt>
      <trkpt lat="46.250423" lon="14.322551">
        <ele>362.104156</ele>
        <time>2026-07-17T17:37:15.605Z</time>
      </trkpt>
      <trkpt lat="46.251731" lon="14.320625">
        <ele>367.222331</ele>
        <time>2026-07-17T17:38:07.790Z</time>
      </trkpt>
      <trkpt lat="46.252028" lon="14.320153">
        <ele>367.407319</ele>
        <time>2026-07-17T17:38:16.547Z</time>
      </trkpt>
      <trkpt lat="46.252372" lon="14.319518">
        <ele>367.622914</ele>
        <time>2026-07-17T17:38:23.465Z</time>
      </trkpt>
      <trkpt lat="46.252488" lon="14.319367">
        <ele>367.683238</ele>
        <time>2026-07-17T17:38:25.428Z</time>
      </trkpt>
      <trkpt lat="46.252597" lon="14.319270">
        <ele>367.732705</ele>
        <time>2026-07-17T17:38:27.161Z</time>
      </trkpt>
      <trkpt lat="46.252755" lon="14.319161">
        <ele>367.800367</ele>
        <time>2026-07-17T17:38:30.564Z</time>
      </trkpt>
      <trkpt lat="46.252979" lon="14.319011">
        <ele>367.895777</ele>
        <time>2026-07-17T17:38:34.043Z</time>
      </trkpt>
      <trkpt lat="46.253115" lon="14.318860">
        <ele>368.212343</ele>
        <time>2026-07-17T17:38:36.784Z</time>
      </trkpt>
      <trkpt lat="46.253233" lon="14.318681">
        <ele>368.874025</ele>
        <time>2026-07-17T17:38:39.737Z</time>
      </trkpt>
      <trkpt lat="46.253276" lon="14.318614">
        <ele>369.118599</ele>
        <time>2026-07-17T17:38:40.812Z</time>
      </trkpt>
      <trkpt lat="46.253378" lon="14.318369">
        <ele>369.883740</ele>
        <time>2026-07-17T17:38:44.915Z</time>
      </trkpt>
      <trkpt lat="46.253431" lon="14.318151">
        <ele>370.502001</ele>
        <time>2026-07-17T17:38:49.021Z</time>
      </trkpt>
      <trkpt lat="46.253469" lon="14.317825">
        <ele>371.386520</ele>
        <time>2026-07-17T17:38:56.552Z</time>
      </trkpt>
      <trkpt lat="46.253432" lon="14.317324">
        <ele>372.734569</ele>
        <time>2026-07-17T17:39:10.638Z</time>
      </trkpt>
      <trkpt lat="46.253442" lon="14.317170">
        <ele>373.148409</ele>
        <time>2026-07-17T17:39:15.181Z</time>
      </trkpt>
      <trkpt lat="46.253506" lon="14.317060">
        <ele>373.533037</ele>
        <time>2026-07-17T17:39:19.507Z</time>
      </trkpt>
      <trkpt lat="46.253585" lon="14.316996">
        <ele>373.883404</ele>
        <time>2026-07-17T17:39:23.340Z</time>
      </trkpt>
      <trkpt lat="46.253747" lon="14.316961">
        <ele>374.517185</ele>
        <time>2026-07-17T17:39:29.932Z</time>
      </trkpt>
      <trkpt lat="46.254366" lon="14.316920">
        <ele>376.464542</ele>
        <time>2026-07-17T17:39:50.489Z</time>
      </trkpt>
      <trkpt lat="46.254584" lon="14.316833">
        <ele>377.144634</ele>
        <time>2026-07-17T17:39:56.738Z</time>
      </trkpt>
      <trkpt lat="46.254732" lon="14.316688">
        <ele>377.682227</ele>
        <time>2026-07-17T17:40:01.529Z</time>
      </trkpt>
      <trkpt lat="46.255222" lon="14.315793">
        <ele>380.056032</ele>
        <time>2026-07-17T17:40:19.583Z</time>
      </trkpt>
      <trkpt lat="46.255539" lon="14.315244">
        <ele>381.187774</ele>
        <time>2026-07-17T17:40:27.128Z</time>
      </trkpt>
      <trkpt lat="46.255958" lon="14.314856">
        <ele>382.255164</ele>
        <time>2026-07-17T17:40:36.821Z</time>
      </trkpt>
      <trkpt lat="46.255983" lon="14.314829">
        <ele>382.322102</ele>
        <time>2026-07-17T17:40:37.540Z</time>
      </trkpt>
      <trkpt lat="46.256117" lon="14.314634">
        <ele>382.729924</ele>
        <time>2026-07-17T17:40:42.499Z</time>
      </trkpt>
      <trkpt lat="46.256144" lon="14.314585">
        <ele>382.822869</ele>
        <time>2026-07-17T17:40:43.727Z</time>
      </trkpt>
      <trkpt lat="46.256317" lon="14.314081">
        <ele>383.657557</ele>
        <time>2026-07-17T17:40:54.226Z</time>
      </trkpt>
      <trkpt lat="46.256401" lon="14.313845">
        <ele>384.051298</ele>
        <time>2026-07-17T17:40:59.424Z</time>
      </trkpt>
      <trkpt lat="46.256580" lon="14.313507">
        <ele>385.203940</ele>
        <time>2026-07-17T17:41:08.231Z</time>
      </trkpt>
      <trkpt lat="46.256802" lon="14.313216">
        <ele>386.489278</ele>
        <time>2026-07-17T17:41:18.364Z</time>
      </trkpt>
      <trkpt lat="46.256893" lon="14.313104">
        <ele>387.001891</ele>
        <time>2026-07-17T17:41:22.673Z</time>
      </trkpt>
      <trkpt lat="46.257629" lon="14.312448">
        <ele>390.710754</ele>
        <time>2026-07-17T17:41:51.953Z</time>
      </trkpt>
      <trkpt lat="46.257816" lon="14.312285">
        <ele>391.647414</ele>
        <time>2026-07-17T17:41:58.156Z</time>
      </trkpt>
      <trkpt lat="46.257938" lon="14.312148">
        <ele>392.395911</ele>
        <time>2026-07-17T17:42:02.648Z</time>
      </trkpt>
      <trkpt lat="46.257996" lon="14.312038">
        <ele>392.887760</ele>
        <time>2026-07-17T17:42:05.438Z</time>
      </trkpt>
      <trkpt lat="46.258047" lon="14.311864">
        <ele>393.559703</ele>
        <time>2026-07-17T17:42:09.333Z</time>
      </trkpt>
      <trkpt lat="46.258058" lon="14.311609">
        <ele>394.468108</ele>
        <time>2026-07-17T17:42:14.711Z</time>
      </trkpt>
      <trkpt lat="46.257935" lon="14.311039">
        <ele>396.591131</ele>
        <time>2026-07-17T17:42:28.241Z</time>
      </trkpt>
      <trkpt lat="46.257902" lon="14.310753">
        <ele>397.622057</ele>
        <time>2026-07-17T17:42:35.458Z</time>
      </trkpt>
      <trkpt lat="46.257903" lon="14.310291">
        <ele>399.264691</ele>
        <time>2026-07-17T17:42:47.949Z</time>
      </trkpt>
      <trkpt lat="46.257986" lon="14.309814">
        <ele>401.013531</ele>
        <time>2026-07-17T17:43:01.598Z</time>
      </trkpt>
      <trkpt lat="46.258185" lon="14.309168">
        <ele>404.375134</ele>
        <time>2026-07-17T17:43:22.005Z</time>
      </trkpt>
      <trkpt lat="46.258232" lon="14.308912">
        <ele>405.649130</ele>
        <time>2026-07-17T17:43:30.272Z</time>
      </trkpt>
      <trkpt lat="46.258235" lon="14.308719">
        <ele>406.577667</ele>
        <time>2026-07-17T17:43:36.399Z</time>
      </trkpt>
      <trkpt lat="46.258176" lon="14.308139">
        <ele>409.397420</ele>
        <time>2026-07-17T17:43:55.159Z</time>
      </trkpt>
      <trkpt lat="46.258126" lon="14.307705">
        <ele>411.513683</ele>
        <time>2026-07-17T17:44:08.609Z</time>
      </trkpt>
      <trkpt lat="46.258119" lon="14.307362">
        <ele>413.164187</ele>
        <time>2026-07-17T17:44:18.284Z</time>
      </trkpt>
      <trkpt lat="46.258132" lon="14.307061">
        <ele>414.285124</ele>
        <time>2026-07-17T17:44:26.187Z</time>
      </trkpt>
      <trkpt lat="46.258226" lon="14.306492">
        <ele>416.147953</ele>
        <time>2026-07-17T17:44:41.929Z</time>
      </trkpt>
      <trkpt lat="46.258321" lon="14.306025">
        <ele>417.698015</ele>
        <time>2026-07-17T17:44:54.942Z</time>
      </trkpt>
      <trkpt lat="46.258334" lon="14.305660">
        <ele>418.861798</ele>
        <time>2026-07-17T17:45:04.056Z</time>
      </trkpt>
      <trkpt lat="46.258339" lon="14.305045">
        <ele>420.820231</ele>
        <time>2026-07-17T17:45:16.559Z</time>
      </trkpt>
      <trkpt lat="46.258294" lon="14.304073">
        <ele>422.262610</ele>
        <time>2026-07-17T17:45:30.085Z</time>
      </trkpt>
      <trkpt lat="46.258271" lon="14.303261">
        <ele>422.702288</ele>
        <time>2026-07-17T17:45:39.920Z</time>
      </trkpt>
      <trkpt lat="46.258363" lon="14.302746">
        <ele>422.990064</ele>
        <time>2026-07-17T17:45:45.995Z</time>
      </trkpt>
      <trkpt lat="46.258587" lon="14.302054">
        <ele>423.212783</ele>
        <time>2026-07-17T17:45:53.739Z</time>
      </trkpt>
      <trkpt lat="46.258642" lon="14.301589">
        <ele>422.802414</ele>
        <time>2026-07-17T17:45:58.606Z</time>
      </trkpt>
      <trkpt lat="46.258560" lon="14.300585">
        <ele>421.922984</ele>
        <time>2026-07-17T17:46:07.731Z</time>
      </trkpt>
      <trkpt lat="46.258606" lon="14.300073">
        <ele>421.473862</ele>
        <time>2026-07-17T17:46:11.571Z</time>
      </trkpt>
      <trkpt lat="46.258589" lon="14.299783">
        <ele>421.220693</ele>
        <time>2026-07-17T17:46:13.661Z</time>
      </trkpt>
      <trkpt lat="46.258536" lon="14.299469">
        <ele>420.839736</ele>
        <time>2026-07-17T17:46:15.966Z</time>
      </trkpt>
      <trkpt lat="46.258523" lon="14.299045">
        <ele>420.182435</ele>
        <time>2026-07-17T17:46:18.917Z</time>
      </trkpt>
      <trkpt lat="46.258564" lon="14.298683">
        <ele>419.614328</ele>
        <time>2026-07-17T17:46:21.446Z</time>
      </trkpt>
      <trkpt lat="46.258621" lon="14.298439">
        <ele>419.215455</ele>
        <time>2026-07-17T17:46:23.230Z</time>
      </trkpt>
      <trkpt lat="46.258737" lon="14.298147">
        <ele>418.693899</ele>
        <time>2026-07-17T17:46:25.610Z</time>
      </trkpt>
      <trkpt lat="46.258862" lon="14.297915">
        <ele>418.238385</ele>
        <time>2026-07-17T17:46:27.749Z</time>
      </trkpt>
      <trkpt lat="46.259380" lon="14.296997">
        <ele>417.123793</ele>
        <time>2026-07-17T17:46:38.268Z</time>
      </trkpt>
      <trkpt lat="46.259465" lon="14.296732">
        <ele>417.184518</ele>
        <time>2026-07-17T17:46:41.311Z</time>
      </trkpt>
      <trkpt lat="46.259604" lon="14.295970">
        <ele>417.348334</ele>
        <time>2026-07-17T17:46:50.584Z</time>
      </trkpt>
      <trkpt lat="46.259666" lon="14.295747">
        <ele>417.398296</ele>
        <time>2026-07-17T17:46:53.592Z</time>
      </trkpt>
      <trkpt lat="46.259823" lon="14.295400">
        <ele>417.484498</ele>
        <time>2026-07-17T17:46:58.996Z</time>
      </trkpt>
      <trkpt lat="46.260086" lon="14.294970">
        <ele>417.569236</ele>
        <time>2026-07-17T17:47:06.272Z</time>
      </trkpt>
      <trkpt lat="46.260264" lon="14.294629">
        <ele>417.532822</ele>
        <time>2026-07-17T17:47:11.353Z</time>
      </trkpt>
      <trkpt lat="46.260370" lon="14.294376">
        <ele>417.507610</ele>
        <time>2026-07-17T17:47:14.713Z</time>
      </trkpt>
      <trkpt lat="46.260420" lon="14.294184">
        <ele>417.490125</ele>
        <time>2026-07-17T17:47:16.918Z</time>
      </trkpt>
      <trkpt lat="46.260481" lon="14.293647">
        <ele>417.443747</ele>
        <time>2026-07-17T17:47:22.250Z</time>
      </trkpt>
      <trkpt lat="46.260572" lon="14.292101">
        <ele>416.891878</ele>
        <time>2026-07-17T17:47:35.785Z</time>
      </trkpt>
      <trkpt lat="46.260766" lon="14.291141">
        <ele>416.030270</ele>
        <time>2026-07-17T17:47:43.719Z</time>
      </trkpt>
      <trkpt lat="46.260771" lon="14.291107">
        <ele>416.000326</ele>
        <time>2026-07-17T17:47:44.005Z</time>
      </trkpt>
      <trkpt lat="46.260798" lon="14.290799">
        <ele>415.732871</ele>
        <time>2026-07-17T17:47:46.457Z</time>
      </trkpt>
      <trkpt lat="46.260805" lon="14.289861">
        <ele>415.113664</ele>
        <time>2026-07-17T17:47:53.782Z</time>
      </trkpt>
      <trkpt lat="46.260925" lon="14.288844">
        <ele>415.100687</ele>
        <time>2026-07-17T17:48:04.241Z</time>
      </trkpt>
      <trkpt lat="46.260960" lon="14.288299">
        <ele>415.093802</ele>
        <time>2026-07-17T17:48:10.713Z</time>
      </trkpt>
      <trkpt lat="46.260960" lon="14.287949">
        <ele>415.089400</ele>
        <time>2026-07-17T17:48:14.768Z</time>
      </trkpt>
      <trkpt lat="46.260924" lon="14.287421">
        <ele>415.113270</ele>
        <time>2026-07-17T17:48:20.759Z</time>
      </trkpt>
      <trkpt lat="46.260822" lon="14.286483">
        <ele>415.461217</ele>
        <time>2026-07-17T17:48:32.605Z</time>
      </trkpt>
      <trkpt lat="46.260832" lon="14.285646">
        <ele>415.767975</ele>
        <time>2026-07-17T17:48:41.001Z</time>
      </trkpt>
      <trkpt lat="46.260812" lon="14.285400">
        <ele>415.858741</ele>
        <time>2026-07-17T17:48:43.496Z</time>
      </trkpt>
      <trkpt lat="46.260672" lon="14.284262">
        <ele>417.453889</ele>
        <time>2026-07-17T17:48:59.045Z</time>
      </trkpt>
      <trkpt lat="46.260655" lon="14.284112">
        <ele>417.775674</ele>
        <time>2026-07-17T17:49:01.422Z</time>
      </trkpt>
      <trkpt lat="46.260653" lon="14.283864">
        <ele>418.300721</ele>
        <time>2026-07-17T17:49:05.323Z</time>
      </trkpt>
      <trkpt lat="46.260722" lon="14.283508">
        <ele>419.083420</ele>
        <time>2026-07-17T17:49:11.291Z</time>
      </trkpt>
      <trkpt lat="46.260855" lon="14.283085">
        <ele>420.067154</ele>
        <time>2026-07-17T17:49:19.903Z</time>
      </trkpt>
      <trkpt lat="46.260967" lon="14.282832">
        <ele>420.703132</ele>
        <time>2026-07-17T17:49:26.138Z</time>
      </trkpt>
      <trkpt lat="46.261191" lon="14.282568">
        <ele>421.676677</ele>
        <time>2026-07-17T17:49:35.958Z</time>
      </trkpt>
      <trkpt lat="46.261355" lon="14.282469">
        <ele>423.333213</ele>
        <time>2026-07-17T17:49:43.158Z</time>
      </trkpt>
      <trkpt lat="46.262096" lon="14.282299">
        <ele>430.326847</ele>
        <time>2026-07-17T17:50:23.402Z</time>
      </trkpt>
      <trkpt lat="46.262239" lon="14.282209">
        <ele>431.780554</ele>
        <time>2026-07-17T17:50:32.663Z</time>
      </trkpt>
      <trkpt lat="46.262479" lon="14.281906">
        <ele>434.750063</ele>
        <time>2026-07-17T17:50:52.308Z</time>
      </trkpt>
      <trkpt lat="46.262577" lon="14.281706">
        <ele>436.329867</ele>
        <time>2026-07-17T17:51:02.691Z</time>
      </trkpt>
      <trkpt lat="46.262696" lon="14.281274">
        <ele>438.993597</ele>
        <time>2026-07-17T17:51:21.572Z</time>
      </trkpt>
      <trkpt lat="46.262748" lon="14.280464">
        <ele>442.517264</ele>
        <time>2026-07-17T17:51:50.763Z</time>
      </trkpt>
      <trkpt lat="46.262908" lon="14.279959">
        <ele>444.923467</ele>
        <time>2026-07-17T17:52:05.540Z</time>
      </trkpt>
      <trkpt lat="46.263705" lon="14.278652">
        <ele>450.216263</ele>
        <time>2026-07-17T17:52:38.387Z</time>
      </trkpt>
      <trkpt lat="46.263837" lon="14.278387">
        <ele>450.527570</ele>
        <time>2026-07-17T17:52:43.061Z</time>
      </trkpt>
      <trkpt lat="46.263889" lon="14.278202">
        <ele>450.717913</ele>
        <time>2026-07-17T17:52:45.632Z</time>
      </trkpt>
      <trkpt lat="46.263921" lon="14.277874">
        <ele>451.033633</ele>
        <time>2026-07-17T17:52:49.430Z</time>
      </trkpt>
      <trkpt lat="46.263924" lon="14.277148">
        <ele>451.725607</ele>
        <time>2026-07-17T17:52:57.310Z</time>
      </trkpt>
      <trkpt lat="46.264023" lon="14.276482">
        <ele>452.414537</ele>
        <time>2026-07-17T17:53:05.246Z</time>
      </trkpt>
      <trkpt lat="46.264011" lon="14.276367">
        <ele>452.539321</ele>
        <time>2026-07-17T17:53:06.730Z</time>
      </trkpt>
      <trkpt lat="46.263819" lon="14.275771">
        <ele>453.244804</ele>
        <time>2026-07-17T17:53:16.258Z</time>
      </trkpt>
      <trkpt lat="46.263805" lon="14.275587">
        <ele>453.443415</ele>
        <time>2026-07-17T17:53:19.061Z</time>
      </trkpt>
      <trkpt lat="46.263846" lon="14.275369">
        <ele>453.685815</ele>
        <time>2026-07-17T17:53:22.545Z</time>
      </trkpt>
      <trkpt lat="46.263956" lon="14.275082">
        <ele>454.037902</ele>
        <time>2026-07-17T17:53:27.802Z</time>
      </trkpt>
      <trkpt lat="46.264305" lon="14.274413">
        <ele>454.955122</ele>
        <time>2026-07-17T17:53:41.608Z</time>
      </trkpt>
      <trkpt lat="46.264590" lon="14.273859">
        <ele>455.850785</ele>
        <time>2026-07-17T17:53:51.869Z</time>
      </trkpt>
      <trkpt lat="46.264653" lon="14.273661">
        <ele>456.133488</ele>
        <time>2026-07-17T17:53:54.869Z</time>
      </trkpt>
      <trkpt lat="46.264745" lon="14.273174">
        <ele>456.788292</ele>
        <time>2026-07-17T17:54:01.667Z</time>
      </trkpt>
      <trkpt lat="46.264806" lon="14.272996">
        <ele>457.045969</ele>
        <time>2026-07-17T17:54:04.324Z</time>
      </trkpt>
      <trkpt lat="46.264899" lon="14.272829">
        <ele>457.324104</ele>
        <time>2026-07-17T17:54:07.250Z</time>
      </trkpt>
      <trkpt lat="46.265034" lon="14.272711">
        <ele>457.620030</ele>
        <time>2026-07-17T17:54:10.638Z</time>
      </trkpt>
      <trkpt lat="46.265159" lon="14.272695">
        <ele>457.855461</ele>
        <time>2026-07-17T17:54:13.540Z</time>
      </trkpt>
      <trkpt lat="46.265545" lon="14.272820">
        <ele>458.942415</ele>
        <time>2026-07-17T17:54:23.821Z</time>
      </trkpt>
      <trkpt lat="46.265798" lon="14.272796">
        <ele>459.858817</ele>
        <time>2026-07-17T17:54:31.300Z</time>
      </trkpt>
      <trkpt lat="46.265940" lon="14.272738">
        <ele>460.392128</ele>
        <time>2026-07-17T17:54:35.906Z</time>
      </trkpt>
      <trkpt lat="46.266319" lon="14.272498">
        <ele>461.887488</ele>
        <time>2026-07-17T17:54:49.141Z</time>
      </trkpt>
      <trkpt lat="46.266612" lon="14.272246">
        <ele>463.119550</ele>
        <time>2026-07-17T17:54:59.845Z</time>
      </trkpt>
      <trkpt lat="46.266834" lon="14.271981">
        <ele>464.159867</ele>
        <time>2026-07-17T17:55:08.568Z</time>
      </trkpt>
      <trkpt lat="46.267150" lon="14.271617">
        <ele>465.462029</ele>
        <time>2026-07-17T17:55:20.117Z</time>
      </trkpt>
      <trkpt lat="46.267312" lon="14.271471">
        <ele>466.030018</ele>
        <time>2026-07-17T17:55:25.363Z</time>
      </trkpt>
      <trkpt lat="46.267669" lon="14.271224">
        <ele>467.207646</ele>
        <time>2026-07-17T17:55:35.959Z</time>
      </trkpt>
      <trkpt lat="46.267845" lon="14.271040">
        <ele>467.853851</ele>
        <time>2026-07-17T17:55:41.709Z</time>
      </trkpt>
      <trkpt lat="46.268055" lon="14.270712">
        <ele>468.773527</ele>
        <time>2026-07-17T17:55:50.190Z</time>
      </trkpt>
      <trkpt lat="46.268344" lon="14.269999">
        <ele>470.289875</ele>
        <time>2026-07-17T17:56:04.963Z</time>
      </trkpt>
      <trkpt lat="46.268685" lon="14.269357">
        <ele>471.179888</ele>
        <time>2026-07-17T17:56:17.274Z</time>
      </trkpt>
      <trkpt lat="46.268922" lon="14.268804">
        <ele>471.895140</ele>
        <time>2026-07-17T17:56:26.583Z</time>
      </trkpt>
      <trkpt lat="46.268962" lon="14.268705">
        <ele>472.021195</ele>
        <time>2026-07-17T17:56:28.473Z</time>
      </trkpt>
      <trkpt lat="46.269194" lon="14.268118">
        <ele>472.764491</ele>
        <time>2026-07-17T17:56:37.256Z</time>
      </trkpt>
      <trkpt lat="46.269626" lon="14.267072">
        <ele>474.073124</ele>
        <time>2026-07-17T17:56:53.018Z</time>
      </trkpt>
      <trkpt lat="46.269745" lon="14.266521">
        <ele>474.690918</ele>
        <time>2026-07-17T17:57:01.068Z</time>
      </trkpt>
      <trkpt lat="46.269787" lon="14.266301">
        <ele>474.935177</ele>
        <time>2026-07-17T17:57:04.385Z</time>
      </trkpt>
      <trkpt lat="46.269988" lon="14.265098">
        <ele>476.666100</ele>
        <time>2026-07-17T17:57:24.854Z</time>
      </trkpt>
      <trkpt lat="46.270149" lon="14.264451">
        <ele>477.959943</ele>
        <time>2026-07-17T17:57:38.372Z</time>
      </trkpt>
      <trkpt lat="46.270187" lon="14.264164">
        <ele>478.509766</ele>
        <time>2026-07-17T17:57:44.386Z</time>
      </trkpt>
      <trkpt lat="46.270241" lon="14.263006">
        <ele>480.622289</ele>
        <time>2026-07-17T17:58:07.168Z</time>
      </trkpt>
      <trkpt lat="46.270461" lon="14.260465">
        <ele>480.807957</ele>
        <time>2026-07-17T17:58:32.103Z</time>
      </trkpt>
      <trkpt lat="46.270421" lon="14.259792">
        <ele>480.056493</ele>
        <time>2026-07-17T17:58:37.453Z</time>
      </trkpt>
      <trkpt lat="46.270526" lon="14.259079">
        <ele>479.243258</ele>
        <time>2026-07-17T17:58:43.269Z</time>
      </trkpt>
      <trkpt lat="46.270676" lon="14.257245">
        <ele>477.190920</ele>
        <time>2026-07-17T17:58:57.224Z</time>
      </trkpt>
      <trkpt lat="46.270900" lon="14.255999">
        <ele>475.770312</ele>
        <time>2026-07-17T17:59:06.877Z</time>
      </trkpt>
      <trkpt lat="46.270928" lon="14.255599">
        <ele>475.326685</ele>
        <time>2026-07-17T17:59:10.517Z</time>
      </trkpt>
      <trkpt lat="46.270921" lon="14.255276">
        <ele>474.940866</ele>
        <time>2026-07-17T17:59:13.527Z</time>
      </trkpt>
      <trkpt lat="46.270844" lon="14.254668">
        <ele>473.948176</ele>
        <time>2026-07-17T17:59:19.590Z</time>
      </trkpt>
      <trkpt lat="46.270759" lon="14.254185">
        <ele>473.147742</ele>
        <time>2026-07-17T17:59:24.973Z</time>
      </trkpt>
      <trkpt lat="46.270314" lon="14.252171">
        <ele>468.184439</ele>
        <time>2026-07-17T17:59:39.360Z</time>
      </trkpt>
      <trkpt lat="46.270077" lon="14.251456">
        <ele>465.101775</ele>
        <time>2026-07-17T17:59:44.181Z</time>
      </trkpt>
      <trkpt lat="46.269911" lon="14.251094">
        <ele>463.412967</ele>
        <time>2026-07-17T17:59:46.858Z</time>
      </trkpt>
      <trkpt lat="46.269678" lon="14.250619">
        <ele>461.148667</ele>
        <time>2026-07-17T17:59:50.583Z</time>
      </trkpt>
      <trkpt lat="46.269492" lon="14.250315">
        <ele>460.526121</ele>
        <time>2026-07-17T17:59:53.378Z</time>
      </trkpt>
      <trkpt lat="46.269245" lon="14.250006">
        <ele>460.190186</ele>
        <time>2026-07-17T17:59:57.014Z</time>
      </trkpt>
      <trkpt lat="46.268868" lon="14.249646">
        <ele>459.725475</ele>
        <time>2026-07-17T18:00:03.946Z</time>
      </trkpt>
      <trkpt lat="46.268727" lon="14.249478">
        <ele>459.537556</ele>
        <time>2026-07-17T18:00:07.495Z</time>
      </trkpt>
      <trkpt lat="46.268451" lon="14.249084">
        <ele>459.138652</ele>
        <time>2026-07-17T18:00:14.924Z</time>
      </trkpt>
      <trkpt lat="46.267286" lon="14.247684">
        <ele>457.752770</ele>
        <time>2026-07-17T18:00:33.906Z</time>
      </trkpt>
      <trkpt lat="46.267024" lon="14.247157">
        <ele>457.351853</ele>
        <time>2026-07-17T18:00:39.434Z</time>
      </trkpt>
      <trkpt lat="46.266665" lon="14.246549">
        <ele>455.758962</ele>
        <time>2026-07-17T18:00:45.652Z</time>
      </trkpt>
      <trkpt lat="46.266482" lon="14.246089">
        <ele>454.583073</ele>
        <time>2026-07-17T18:00:49.376Z</time>
      </trkpt>
      <trkpt lat="46.266381" lon="14.245803">
        <ele>453.871517</ele>
        <time>2026-07-17T18:00:51.560Z</time>
      </trkpt>
      <trkpt lat="46.266229" lon="14.245197">
        <ele>452.443210</ele>
        <time>2026-07-17T18:00:55.870Z</time>
      </trkpt>
      <trkpt lat="46.266143" lon="14.244470">
        <ele>451.191010</ele>
        <time>2026-07-17T18:01:00.733Z</time>
      </trkpt>
      <trkpt lat="46.266134" lon="14.244285">
        <ele>451.001425</ele>
        <time>2026-07-17T18:01:02.514Z</time>
      </trkpt>
      <trkpt lat="46.266133" lon="14.244116">
        <ele>450.828657</ele>
        <time>2026-07-17T18:01:03.656Z</time>
      </trkpt>
      <trkpt lat="46.266118" lon="14.243689">
        <ele>450.391590</ele>
        <time>2026-07-17T18:01:06.647Z</time>
      </trkpt>
      <trkpt lat="46.266130" lon="14.242932">
        <ele>449.617538</ele>
        <time>2026-07-17T18:01:12.603Z</time>
      </trkpt>
      <trkpt lat="46.266194" lon="14.242508">
        <ele>449.173890</ele>
        <time>2026-07-17T18:01:17.646Z</time>
      </trkpt>
      <trkpt lat="46.266244" lon="14.241964">
        <ele>450.000023</ele>
        <time>2026-07-17T18:01:26.342Z</time>
      </trkpt>
      <trkpt lat="46.266191" lon="14.241715">
        <ele>451.237795</ele>
        <time>2026-07-17T18:01:31.742Z</time>
      </trkpt>
      <trkpt lat="46.266149" lon="14.241623">
        <ele>451.761581</ele>
        <time>2026-07-17T18:01:34.276Z</time>
      </trkpt>
      <trkpt lat="46.265813" lon="14.241223">
        <ele>454.752112</ele>
        <time>2026-07-17T18:01:50.810Z</time>
      </trkpt>
      <trkpt lat="46.265672" lon="14.240947">
        <ele>456.382553</ele>
        <time>2026-07-17T18:02:01.219Z</time>
      </trkpt>
      <trkpt lat="46.265554" lon="14.240618">
        <ele>458.143450</ele>
        <time>2026-07-17T18:02:14.130Z</time>
      </trkpt>
      <trkpt lat="46.265421" lon="14.240349">
        <ele>459.714665</ele>
        <time>2026-07-17T18:02:26.963Z</time>
      </trkpt>
      <trkpt lat="46.265233" lon="14.240089">
        <ele>461.678724</ele>
        <time>2026-07-17T18:02:42.627Z</time>
      </trkpt>
      <trkpt lat="46.265087" lon="14.239796">
        <ele>464.466032</ele>
        <time>2026-07-17T18:02:58.386Z</time>
      </trkpt>
      <trkpt lat="46.264908" lon="14.239296">
        <ele>468.811356</ele>
        <time>2026-07-17T18:03:23.087Z</time>
      </trkpt>
      <trkpt lat="46.264728" lon="14.238701">
        <ele>473.823549</ele>
        <time>2026-07-17T18:03:49.976Z</time>
      </trkpt>
      <trkpt lat="46.264747" lon="14.237742">
        <ele>481.227493</ele>
        <time>2026-07-17T18:04:29.889Z</time>
      </trkpt>
      <trkpt lat="46.264687" lon="14.237350">
        <ele>482.892999</ele>
        <time>2026-07-17T18:04:46.885Z</time>
      </trkpt>
      <trkpt lat="46.264536" lon="14.236968">
        <ele>484.682005</ele>
        <time>2026-07-17T18:05:02.824Z</time>
      </trkpt>
      <trkpt lat="46.264190" lon="14.236469">
        <ele>487.555345</ele>
        <time>2026-07-17T18:05:22.950Z</time>
      </trkpt>
      <trkpt lat="46.264155" lon="14.236409">
        <ele>487.874517</ele>
        <time>2026-07-17T18:05:24.952Z</time>
      </trkpt>
      <trkpt lat="46.264044" lon="14.236159">
        <ele>489.082490</ele>
        <time>2026-07-17T18:05:30.875Z</time>
      </trkpt>
      <trkpt lat="46.263854" lon="14.235614">
        <ele>491.564053</ele>
        <time>2026-07-17T18:05:41.023Z</time>
      </trkpt>
      <trkpt lat="46.263821" lon="14.235458">
        <ele>491.815073</ele>
        <time>2026-07-17T18:05:43.057Z</time>
      </trkpt>
      <trkpt lat="46.263830" lon="14.235135">
        <ele>491.590682</ele>
        <time>2026-07-17T18:05:46.011Z</time>
      </trkpt>
      <trkpt lat="46.264018" lon="14.234603">
        <ele>491.175948</ele>
        <time>2026-07-17T18:05:50.251Z</time>
      </trkpt>
      <trkpt lat="46.264042" lon="14.234529">
        <ele>491.119210</ele>
        <time>2026-07-17T18:05:50.825Z</time>
      </trkpt>
      <trkpt lat="46.264141" lon="14.233817">
        <ele>490.615083</ele>
        <time>2026-07-17T18:05:56.111Z</time>
      </trkpt>
      <trkpt lat="46.264490" lon="14.232276">
        <ele>490.401641</ele>
        <time>2026-07-17T18:06:12.376Z</time>
      </trkpt>
      <trkpt lat="46.264530" lon="14.230595">
        <ele>491.071025</ele>
        <time>2026-07-17T18:06:34.035Z</time>
      </trkpt>
      <trkpt lat="46.264576" lon="14.229769">
        <ele>491.674129</ele>
        <time>2026-07-17T18:06:44.944Z</time>
      </trkpt>
      <trkpt lat="46.264607" lon="14.228877">
        <ele>492.357581</ele>
        <time>2026-07-17T18:06:57.878Z</time>
      </trkpt>
      <trkpt lat="46.264573" lon="14.228318">
        <ele>492.787000</ele>
        <time>2026-07-17T18:07:05.968Z</time>
      </trkpt>
      <trkpt lat="46.264496" lon="14.228035">
        <ele>493.019730</ele>
        <time>2026-07-17T18:07:09.754Z</time>
      </trkpt>
      <trkpt lat="46.264412" lon="14.227935">
        <ele>493.079376</ele>
        <time>2026-07-17T18:07:11.569Z</time>
      </trkpt>
      <trkpt lat="46.264170" lon="14.227802">
        <ele>492.975239</ele>
        <time>2026-07-17T18:07:15.434Z</time>
      </trkpt>
      <trkpt lat="46.263944" lon="14.227724">
        <ele>492.881776</ele>
        <time>2026-07-17T18:07:18.592Z</time>
      </trkpt>
      <trkpt lat="46.263764" lon="14.227579">
        <ele>492.798897</ele>
        <time>2026-07-17T18:07:21.285Z</time>
      </trkpt>
      <trkpt lat="46.263428" lon="14.227161">
        <ele>492.620625</ele>
        <time>2026-07-17T18:07:26.844Z</time>
      </trkpt>
      <trkpt lat="46.263216" lon="14.226977">
        <ele>492.521171</ele>
        <time>2026-07-17T18:07:29.813Z</time>
      </trkpt>
      <trkpt lat="46.263090" lon="14.226906">
        <ele>492.466776</ele>
        <time>2026-07-17T18:07:31.433Z</time>
      </trkpt>
      <trkpt lat="46.262992" lon="14.226849">
        <ele>492.424286</ele>
        <time>2026-07-17T18:07:32.701Z</time>
      </trkpt>
      <trkpt lat="46.262827" lon="14.226737">
        <ele>492.480641</ele>
        <time>2026-07-17T18:07:34.919Z</time>
      </trkpt>
      <trkpt lat="46.262368" lon="14.226237">
        <ele>493.671189</ele>
        <time>2026-07-17T18:07:43.277Z</time>
      </trkpt>
      <trkpt lat="46.261755" lon="14.225746">
        <ele>495.123023</ele>
        <time>2026-07-17T18:08:00.058Z</time>
      </trkpt>
      <trkpt lat="46.261330" lon="14.225322">
        <ele>496.290068</ele>
        <time>2026-07-17T18:08:17.830Z</time>
      </trkpt>
      <trkpt lat="46.261160" lon="14.225168">
        <ele>497.135879</ele>
        <time>2026-07-17T18:08:25.028Z</time>
      </trkpt>
      <trkpt lat="46.261027" lon="14.225103">
        <ele>497.727840</ele>
        <time>2026-07-17T18:08:30.099Z</time>
      </trkpt>
      <trkpt lat="46.260674" lon="14.225035">
        <ele>499.229453</ele>
        <time>2026-07-17T18:08:42.262Z</time>
      </trkpt>
      <trkpt lat="46.260625" lon="14.224990">
        <ele>499.474198</ele>
        <time>2026-07-17T18:08:44.147Z</time>
      </trkpt>
      <trkpt lat="46.260603" lon="14.224834">
        <ele>499.938348</ele>
        <time>2026-07-17T18:08:47.641Z</time>
      </trkpt>
      <trkpt lat="46.260610" lon="14.224602">
        <ele>500.615339</ele>
        <time>2026-07-17T18:08:52.672Z</time>
      </trkpt>
      <trkpt lat="46.260626" lon="14.224369">
        <ele>501.297944</ele>
        <time>2026-07-17T18:08:57.655Z</time>
      </trkpt>
      <trkpt lat="46.260581" lon="14.224056">
        <ele>502.229950</ele>
        <time>2026-07-17T18:09:04.324Z</time>
      </trkpt>
      <trkpt lat="46.260345" lon="14.223303">
        <ele>504.731071</ele>
        <time>2026-07-17T18:09:20.307Z</time>
      </trkpt>
      <trkpt lat="46.260323" lon="14.223241">
        <ele>504.953523</ele>
        <time>2026-07-17T18:09:21.642Z</time>
      </trkpt>
      <trkpt lat="46.260305" lon="14.223192">
        <ele>505.130642</ele>
        <time>2026-07-17T18:09:22.715Z</time>
      </trkpt>
      <trkpt lat="46.259992" lon="14.222561">
        <ele>507.609625</ele>
        <time>2026-07-17T18:09:39.376Z</time>
      </trkpt>
      <trkpt lat="46.259758" lon="14.222202">
        <ele>509.184562</ele>
        <time>2026-07-17T18:09:52.192Z</time>
      </trkpt>
      <trkpt lat="46.259346" lon="14.221713">
        <ele>511.645223</ele>
        <time>2026-07-17T18:10:12.408Z</time>
      </trkpt>
      <trkpt lat="46.259264" lon="14.221576">
        <ele>512.199272</ele>
        <time>2026-07-17T18:10:16.897Z</time>
      </trkpt>
      <trkpt lat="46.259078" lon="14.220983">
        <ele>514.063588</ele>
        <time>2026-07-17T18:10:31.974Z</time>
      </trkpt>
      <trkpt lat="46.258848" lon="14.220030">
        <ele>516.953516</ele>
        <time>2026-07-17T18:10:51.974Z</time>
      </trkpt>
      <trkpt lat="46.258746" lon="14.219423">
        <ele>518.741978</ele>
        <time>2026-07-17T18:11:03.220Z</time>
      </trkpt>
      <trkpt lat="46.258538" lon="14.218981">
        <ele>520.775243</ele>
        <time>2026-07-17T18:11:14.969Z</time>
      </trkpt>
      <trkpt lat="46.258378" lon="14.218372">
        <ele>523.759576</ele>
        <time>2026-07-17T18:11:32.907Z</time>
      </trkpt>
      <trkpt lat="46.258365" lon="14.218172">
        <ele>524.679780</ele>
        <time>2026-07-17T18:11:38.989Z</time>
      </trkpt>
      <trkpt lat="46.258535" lon="14.217488">
        <ele>528.009345</ele>
        <time>2026-07-17T18:12:02.247Z</time>
      </trkpt>
      <trkpt lat="46.258640" lon="14.217264">
        <ele>529.249034</ele>
        <time>2026-07-17T18:12:11.106Z</time>
      </trkpt>
      <trkpt lat="46.258742" lon="14.217127">
        <ele>530.171275</ele>
        <time>2026-07-17T18:12:17.732Z</time>
      </trkpt>
      <trkpt lat="46.258899" lon="14.217053">
        <ele>531.265297</ele>
        <time>2026-07-17T18:12:25.456Z</time>
      </trkpt>
      <trkpt lat="46.259001" lon="14.216945">
        <ele>531.902109</ele>
        <time>2026-07-17T18:12:31.281Z</time>
      </trkpt>
      <trkpt lat="46.259204" lon="14.216555">
        <ele>533.540598</ele>
        <time>2026-07-17T18:12:45.786Z</time>
      </trkpt>
      <trkpt lat="46.259482" lon="14.216167">
        <ele>535.416036</ele>
        <time>2026-07-17T18:12:59.627Z</time>
      </trkpt>
      <trkpt lat="46.259579" lon="14.216085">
        <ele>535.961459</ele>
        <time>2026-07-17T18:13:03.032Z</time>
      </trkpt>
      <trkpt lat="46.259647" lon="14.216092">
        <ele>536.292403</ele>
        <time>2026-07-17T18:13:05.016Z</time>
      </trkpt>
      <trkpt lat="46.259677" lon="14.216154">
        <ele>536.546399</ele>
        <time>2026-07-17T18:13:06.467Z</time>
      </trkpt>
      <trkpt lat="46.259690" lon="14.216217">
        <ele>536.767068</ele>
        <time>2026-07-17T18:13:07.716Z</time>
      </trkpt>
      <trkpt lat="46.259665" lon="14.216359">
        <ele>537.258884</ele>
        <time>2026-07-17T18:13:10.356Z</time>
      </trkpt>
      <trkpt lat="46.259393" lon="14.216650">
        <ele>538.901295</ele>
        <time>2026-07-17T18:13:18.603Z</time>
      </trkpt>
      <trkpt lat="46.259338" lon="14.216741">
        <ele>539.306977</ele>
        <time>2026-07-17T18:13:20.864Z</time>
      </trkpt>
      <trkpt lat="46.259296" lon="14.216872">
        <ele>539.791640</ele>
        <time>2026-07-17T18:13:23.793Z</time>
      </trkpt>
      <trkpt lat="46.259241" lon="14.217334">
        <ele>541.587029</ele>
        <time>2026-07-17T18:13:33.291Z</time>
      </trkpt>
      <trkpt lat="46.259086" lon="14.217776">
        <ele>543.538494</ele>
        <time>2026-07-17T18:13:44.446Z</time>
      </trkpt>
      <trkpt lat="46.259123" lon="14.217933">
        <ele>544.191617</ele>
        <time>2026-07-17T18:13:48.420Z</time>
      </trkpt>
      <trkpt lat="46.259163" lon="14.217980">
        <ele>544.485119</ele>
        <time>2026-07-17T18:13:50.258Z</time>
      </trkpt>
      <trkpt lat="46.259280" lon="14.217975">
        <ele>545.151733</ele>
        <time>2026-07-17T18:13:54.500Z</time>
      </trkpt>
      <trkpt lat="46.259327" lon="14.217936">
        <ele>545.460323</ele>
        <time>2026-07-17T18:13:56.510Z</time>
      </trkpt>
      <trkpt lat="46.259380" lon="14.217819">
        <ele>546.011090</ele>
        <time>2026-07-17T18:14:00.133Z</time>
      </trkpt>
      <trkpt lat="46.259466" lon="14.217321">
        <ele>548.032225</ele>
        <time>2026-07-17T18:14:14.728Z</time>
      </trkpt>
      <trkpt lat="46.259528" lon="14.217142">
        <ele>548.820543</ele>
        <time>2026-07-17T18:14:20.881Z</time>
      </trkpt>
      <trkpt lat="46.259587" lon="14.217067">
        <ele>549.267883</ele>
        <time>2026-07-17T18:14:24.477Z</time>
      </trkpt>
      <trkpt lat="46.259822" lon="14.216900">
        <ele>551.020906</ele>
        <time>2026-07-17T18:14:37.367Z</time>
      </trkpt>
      <trkpt lat="46.260306" lon="14.216248">
        <ele>557.070103</ele>
        <time>2026-07-17T18:15:09.260Z</time>
      </trkpt>
      <trkpt lat="46.260402" lon="14.216047">
        <ele>558.614873</ele>
        <time>2026-07-17T18:15:17.465Z</time>
      </trkpt>
      <trkpt lat="46.260700" lon="14.215180">
        <ele>564.737288</ele>
        <time>2026-07-17T18:15:52.655Z</time>
      </trkpt>
      <trkpt lat="46.260942" lon="14.214834">
        <ele>568.033724</ele>
        <time>2026-07-17T18:16:12.431Z</time>
      </trkpt>
      <trkpt lat="46.261084" lon="14.214718">
        <ele>569.781604</ele>
        <time>2026-07-17T18:16:22.645Z</time>
      </trkpt>
      <trkpt lat="46.261226" lon="14.214546">
        <ele>571.766706</ele>
        <time>2026-07-17T18:16:34.613Z</time>
      </trkpt>
      <trkpt lat="46.261463" lon="14.213931">
        <ele>576.983927</ele>
        <time>2026-07-17T18:17:04.395Z</time>
      </trkpt>
      <trkpt lat="46.261544" lon="14.213779">
        <ele>578.405979</ele>
        <time>2026-07-17T18:17:11.861Z</time>
      </trkpt>
      <trkpt lat="46.261614" lon="14.213657">
        <ele>579.580754</ele>
        <time>2026-07-17T18:17:17.828Z</time>
      </trkpt>
      <trkpt lat="46.261835" lon="14.213416">
        <ele>582.547131</ele>
        <time>2026-07-17T18:17:32.691Z</time>
      </trkpt>
      <trkpt lat="46.261921" lon="14.213229">
        <ele>584.211340</ele>
        <time>2026-07-17T18:17:41.078Z</time>
      </trkpt>
      <trkpt lat="46.261945" lon="14.212939">
        <ele>586.387937</ele>
        <time>2026-07-17T18:17:52.336Z</time>
      </trkpt>
      <trkpt lat="46.261914" lon="14.212371">
        <ele>590.772899</ele>
        <time>2026-07-17T18:18:15.111Z</time>
      </trkpt>
      <trkpt lat="46.261853" lon="14.212092">
        <ele>593.024913</ele>
        <time>2026-07-17T18:18:26.970Z</time>
      </trkpt>
      <trkpt lat="46.261749" lon="14.211745">
        <ele>595.935591</ele>
        <time>2026-07-17T18:18:42.006Z</time>
      </trkpt>
      <trkpt lat="46.261760" lon="14.211401">
        <ele>598.585874</ele>
        <time>2026-07-17T18:18:55.938Z</time>
      </trkpt>
      <trkpt lat="46.261790" lon="14.211205">
        <ele>600.130831</ele>
        <time>2026-07-17T18:19:04.531Z</time>
      </trkpt>
      <trkpt lat="46.261775" lon="14.210818">
        <ele>603.113891</ele>
        <time>2026-07-17T18:19:22.003Z</time>
      </trkpt>
      <trkpt lat="46.261722" lon="14.210708">
        <ele>604.145762</ele>
        <time>2026-07-17T18:19:28.220Z</time>
      </trkpt>
      <trkpt lat="46.261485" lon="14.210399">
        <ele>607.334987</ele>
        <time>2026-07-17T18:19:49.392Z</time>
      </trkpt>
      <trkpt lat="46.261181" lon="14.209766">
        <ele>611.939813</ele>
        <time>2026-07-17T18:20:20.636Z</time>
      </trkpt>
      <trkpt lat="46.261095" lon="14.209672">
        <ele>612.871335</ele>
        <time>2026-07-17T18:20:26.247Z</time>
      </trkpt>
      <trkpt lat="46.260962" lon="14.209585">
        <ele>614.132753</ele>
        <time>2026-07-17T18:20:33.425Z</time>
      </trkpt>
      <trkpt lat="46.260781" lon="14.209544">
        <ele>615.715962</ele>
        <time>2026-07-17T18:20:41.952Z</time>
      </trkpt>
      <trkpt lat="46.260633" lon="14.209632">
        <ele>617.098784</ele>
        <time>2026-07-17T18:20:49.028Z</time>
      </trkpt>
      <trkpt lat="46.260418" lon="14.209876">
        <ele>619.460408</ele>
        <time>2026-07-17T18:21:00.161Z</time>
      </trkpt>
      <trkpt lat="46.260264" lon="14.209951">
        <ele>620.864642</ele>
        <time>2026-07-17T18:21:06.287Z</time>
      </trkpt>
      <trkpt lat="46.259097" lon="14.209869">
        <ele>627.347430</ele>
        <time>2026-07-17T18:21:45.481Z</time>
      </trkpt>
      <trkpt lat="46.258960" lon="14.209845">
        <ele>628.078627</ele>
        <time>2026-07-17T18:21:50.452Z</time>
      </trkpt>
      <trkpt lat="46.258846" lon="14.209776">
        <ele>628.733412</ele>
        <time>2026-07-17T18:21:54.885Z</time>
      </trkpt>
      <trkpt lat="46.258876" lon="14.209577">
        <ele>629.479553</ele>
        <time>2026-07-17T18:22:00.143Z</time>
      </trkpt>
      <trkpt lat="46.258872" lon="14.209338">
        <ele>630.355357</ele>
        <time>2026-07-17T18:22:06.423Z</time>
      </trkpt>
      <trkpt lat="46.258845" lon="14.209178">
        <ele>630.958703</ele>
        <time>2026-07-17T18:22:10.711Z</time>
      </trkpt>
      <trkpt lat="46.258793" lon="14.209035">
        <ele>631.986296</ele>
        <time>2026-07-17T18:22:14.787Z</time>
      </trkpt>
      <trkpt lat="46.258514" lon="14.208548">
        <ele>636.822674</ele>
        <time>2026-07-17T18:22:31.332Z</time>
      </trkpt>
      <trkpt lat="46.258430" lon="14.208439">
        <ele>638.070824</ele>
        <time>2026-07-17T18:22:36.595Z</time>
      </trkpt>
      <trkpt lat="46.258143" lon="14.208181">
        <ele>641.808229</ele>
        <time>2026-07-17T18:22:55.845Z</time>
      </trkpt>
      <trkpt lat="46.257867" lon="14.208157">
        <ele>644.866313</ele>
        <time>2026-07-17T18:23:14.104Z</time>
      </trkpt>
      <trkpt lat="46.257807" lon="14.208111">
        <ele>645.617384</ele>
        <time>2026-07-17T18:23:18.973Z</time>
      </trkpt>
      <trkpt lat="46.257689" lon="14.207848">
        <ele>648.014904</ele>
        <time>2026-07-17T18:23:35.261Z</time>
      </trkpt>
      <trkpt lat="46.257453" lon="14.207565">
        <ele>651.601286</ele>
        <time>2026-07-17T18:24:00.103Z</time>
      </trkpt>
      <trkpt lat="46.257261" lon="14.207072">
        <ele>658.264366</ele>
        <time>2026-07-17T18:24:33.387Z</time>
      </trkpt>
      <trkpt lat="46.257102" lon="14.206917">
        <ele>661.530059</ele>
        <time>2026-07-17T18:24:51.024Z</time>
      </trkpt>
      <trkpt lat="46.257047" lon="14.206908">
        <ele>662.472760</ele>
        <time>2026-07-17T18:24:56.355Z</time>
      </trkpt>
      <trkpt lat="46.256652" lon="14.207032">
        <ele>669.356794</ele>
        <time>2026-07-17T18:25:34.991Z</time>
      </trkpt>
      <trkpt lat="46.256400" lon="14.207005">
        <ele>673.660455</ele>
        <time>2026-07-17T18:25:57.442Z</time>
      </trkpt>
      <trkpt lat="46.256373" lon="14.206932">
        <ele>674.635369</ele>
        <time>2026-07-17T18:26:02.327Z</time>
      </trkpt>
      <trkpt lat="46.256388" lon="14.206867">
        <ele>675.442318</ele>
        <time>2026-07-17T18:26:06.009Z</time>
      </trkpt>
      <trkpt lat="46.256617" lon="14.206820">
        <ele>679.381574</ele>
        <time>2026-07-17T18:26:23.541Z</time>
      </trkpt>
      <trkpt lat="46.256839" lon="14.206591">
        <ele>683.343862</ele>
        <time>2026-07-17T18:26:42.526Z</time>
      </trkpt>
      <trkpt lat="46.256952" lon="14.206484">
        <ele>684.976595</ele>
        <time>2026-07-17T18:26:51.738Z</time>
      </trkpt>
      <trkpt lat="46.257005" lon="14.206397">
        <ele>685.945754</ele>
        <time>2026-07-17T18:26:57.291Z</time>
      </trkpt>
      <trkpt lat="46.257155" lon="14.206317">
        <ele>687.878396</ele>
        <time>2026-07-17T18:27:08.013Z</time>
      </trkpt>
      <trkpt lat="46.257416" lon="14.206286">
        <ele>691.044127</ele>
        <time>2026-07-17T18:27:25.321Z</time>
      </trkpt>
      <trkpt lat="46.257587" lon="14.206354">
        <ele>693.187980</ele>
        <time>2026-07-17T18:27:36.414Z</time>
      </trkpt>
      <trkpt lat="46.257622" lon="14.206352">
        <ele>693.611409</ele>
        <time>2026-07-17T18:27:38.510Z</time>
      </trkpt>
      <trkpt lat="46.257656" lon="14.206302">
        <ele>694.197566</ele>
        <time>2026-07-17T18:27:41.269Z</time>
      </trkpt>
      <trkpt lat="46.257633" lon="14.206181">
        <ele>695.246433</ele>
        <time>2026-07-17T18:27:46.472Z</time>
      </trkpt>
      <trkpt lat="46.257122" lon="14.205912">
        <ele>701.820135</ele>
        <time>2026-07-17T18:28:16.958Z</time>
      </trkpt>
      <trkpt lat="46.256983" lon="14.205886">
        <ele>703.489764</ele>
        <time>2026-07-17T18:28:24.798Z</time>
      </trkpt>
      <trkpt lat="46.256706" lon="14.205955">
        <ele>706.006373</ele>
        <time>2026-07-17T18:28:41.600Z</time>
      </trkpt>
      <trkpt lat="46.256490" lon="14.206091">
        <ele>708.115627</ele>
        <time>2026-07-17T18:28:55.971Z</time>
      </trkpt>
      <trkpt lat="46.256376" lon="14.206124">
        <ele>709.156559</ele>
        <time>2026-07-17T18:29:02.838Z</time>
      </trkpt>
      <trkpt lat="46.256134" lon="14.206069">
        <ele>711.349872</ele>
        <time>2026-07-17T18:29:15.884Z</time>
      </trkpt>
      <trkpt lat="46.255984" lon="14.206058">
        <ele>712.694609</ele>
        <time>2026-07-17T18:29:22.688Z</time>
      </trkpt>
      <trkpt lat="46.255793" lon="14.206110">
        <ele>714.434745</ele>
        <time>2026-07-17T18:29:30.327Z</time>
      </trkpt>
      <trkpt lat="46.255577" lon="14.206042">
        <ele>716.413968</ele>
        <time>2026-07-17T18:29:38.289Z</time>
      </trkpt>
      <trkpt lat="46.255486" lon="14.206057">
        <ele>717.234003</ele>
        <time>2026-07-17T18:29:41.953Z</time>
      </trkpt>
      <trkpt lat="46.255322" lon="14.206175">
        <ele>718.874041</ele>
        <time>2026-07-17T18:29:50.324Z</time>
      </trkpt>
      <trkpt lat="46.255151" lon="14.206356">
        <ele>720.812061</ele>
        <time>2026-07-17T18:30:01.110Z</time>
      </trkpt>
      <trkpt lat="46.254852" lon="14.206969">
        <ele>725.607874</ele>
        <time>2026-07-17T18:30:29.283Z</time>
      </trkpt>
      <trkpt lat="46.254765" lon="14.206963">
        <ele>726.413164</ele>
        <time>2026-07-17T18:30:33.905Z</time>
      </trkpt>
      <trkpt lat="46.254728" lon="14.206888">
        <ele>727.002163</ele>
        <time>2026-07-17T18:30:37.270Z</time>
      </trkpt>
      <trkpt lat="46.254727" lon="14.206793">
        <ele>727.609566</ele>
        <time>2026-07-17T18:30:40.811Z</time>
      </trkpt>
      <trkpt lat="46.254852" lon="14.206285">
        <ele>731.056702</ele>
        <time>2026-07-17T18:31:00.362Z</time>
      </trkpt>
      <trkpt lat="46.255064" lon="14.205802">
        <ele>734.714079</ele>
        <time>2026-07-17T18:31:22.244Z</time>
      </trkpt>
      <trkpt lat="46.255321" lon="14.205457">
        <ele>737.268464</ele>
        <time>2026-07-17T18:31:43.250Z</time>
      </trkpt>
      <trkpt lat="46.255577" lon="14.205296">
        <ele>738.865190</ele>
        <time>2026-07-17T18:31:56.582Z</time>
      </trkpt>
      <trkpt lat="46.255693" lon="14.205107">
        <ele>739.864667</ele>
        <time>2026-07-17T18:32:02.983Z</time>
      </trkpt>
      <trkpt lat="46.255772" lon="14.205035">
        <ele>740.398771</ele>
        <time>2026-07-17T18:32:05.964Z</time>
      </trkpt>
      <trkpt lat="46.255990" lon="14.204923">
        <ele>741.722028</ele>
        <time>2026-07-17T18:32:12.390Z</time>
      </trkpt>
      <trkpt lat="46.256331" lon="14.204866">
        <ele>743.685467</ele>
        <time>2026-07-17T18:32:20.697Z</time>
      </trkpt>
      <trkpt lat="46.256932" lon="14.204707">
        <ele>747.197811</ele>
        <time>2026-07-17T18:32:38.471Z</time>
      </trkpt>
      <trkpt lat="46.257046" lon="14.204685">
        <ele>747.871399</ele>
        <time>2026-07-17T18:32:43.032Z</time>
      </trkpt>
      <trkpt lat="46.257122" lon="14.204705">
        <ele>748.323820</ele>
        <time>2026-07-17T18:32:46.399Z</time>
      </trkpt>
      <trkpt lat="46.257336" lon="14.204653">
        <ele>749.594731</ele>
        <time>2026-07-17T18:32:57.162Z</time>
      </trkpt>
      <trkpt lat="46.257589" lon="14.204485">
        <ele>751.225201</ele>
        <time>2026-07-17T18:33:13.263Z</time>
      </trkpt>
      <trkpt lat="46.257831" lon="14.204445">
        <ele>752.651761</ele>
        <time>2026-07-17T18:33:25.712Z</time>
      </trkpt>
      <trkpt lat="46.258125" lon="14.204162">
        <ele>754.720137</ele>
        <time>2026-07-17T18:33:39.235Z</time>
      </trkpt>
      <trkpt lat="46.258249" lon="14.204076">
        <ele>755.525555</ele>
        <time>2026-07-17T18:33:43.585Z</time>
      </trkpt>
      <trkpt lat="46.258538" lon="14.203946">
        <ele>757.186719</ele>
        <time>2026-07-17T18:33:50.588Z</time>
      </trkpt>
      <trkpt lat="46.258634" lon="14.204030">
        <ele>757.617207</ele>
        <time>2026-07-17T18:33:52.952Z</time>
      </trkpt>
      <trkpt lat="46.258897" lon="14.204449">
        <ele>759.118423</ele>
        <time>2026-07-17T18:34:03.016Z</time>
      </trkpt>
      <trkpt lat="46.259307" lon="14.205094">
        <ele>761.442668</ele>
        <time>2026-07-17T18:34:15.430Z</time>
      </trkpt>
      <trkpt lat="46.259396" lon="14.205180">
        <ele>761.853335</ele>
        <time>2026-07-17T18:34:17.464Z</time>
      </trkpt>
      <trkpt lat="46.259443" lon="14.205184">
        <ele>762.033975</ele>
        <time>2026-07-17T18:34:18.503Z</time>
      </trkpt>
      <trkpt lat="46.259723" lon="14.205049">
        <ele>763.166385</ele>
        <time>2026-07-17T18:34:29.050Z</time>
      </trkpt>
      <trkpt lat="46.260001" lon="14.204967">
        <ele>764.603104</ele>
        <time>2026-07-17T18:34:44.232Z</time>
      </trkpt>
      <trkpt lat="46.260205" lon="14.204946">
        <ele>766.108793</ele>
        <time>2026-07-17T18:34:56.867Z</time>
      </trkpt>
      <trkpt lat="46.260655" lon="14.205023">
        <ele>769.444889</ele>
        <time>2026-07-17T18:35:26.865Z</time>
      </trkpt>
      <trkpt lat="46.261016" lon="14.204911">
        <ele>772.163099</ele>
        <time>2026-07-17T18:35:44.747Z</time>
      </trkpt>
      <trkpt lat="46.261177" lon="14.204896">
        <ele>773.350870</ele>
        <time>2026-07-17T18:35:50.794Z</time>
      </trkpt>
      <trkpt lat="46.261559" lon="14.205048">
        <ele>776.267712</ele>
        <time>2026-07-17T18:36:02.541Z</time>
      </trkpt>
      <trkpt lat="46.261831" lon="14.205290">
        <ele>778.575162</ele>
        <time>2026-07-17T18:36:09.853Z</time>
      </trkpt>
      <trkpt lat="46.262033" lon="14.205416">
        <ele>780.147687</ele>
        <time>2026-07-17T18:36:14.757Z</time>
      </trkpt>
      <trkpt lat="46.262292" lon="14.205630">
        <ele>782.279906</ele>
        <time>2026-07-17T18:36:23.455Z</time>
      </trkpt>
      <trkpt lat="46.262674" lon="14.205827">
        <ele>785.178964</ele>
        <time>2026-07-17T18:36:41.301Z</time>
      </trkpt>
      <trkpt lat="46.262983" lon="14.206053">
        <ele>787.654144</ele>
        <time>2026-07-17T18:36:59.975Z</time>
      </trkpt>
      <trkpt lat="46.263100" lon="14.206036">
        <ele>788.494715</ele>
        <time>2026-07-17T18:37:06.963Z</time>
      </trkpt>
      <trkpt lat="46.263199" lon="14.205943">
        <ele>789.338556</ele>
        <time>2026-07-17T18:37:14.422Z</time>
      </trkpt>
      <trkpt lat="46.263255" lon="14.205888">
        <ele>789.822426</ele>
        <time>2026-07-17T18:37:18.911Z</time>
      </trkpt>
      <trkpt lat="46.263377" lon="14.205783">
        <ele>791.206599</ele>
        <time>2026-07-17T18:37:28.457Z</time>
      </trkpt>
      <trkpt lat="46.263478" lon="14.205760">
        <ele>792.250746</ele>
        <time>2026-07-17T18:37:35.356Z</time>
      </trkpt>
      <trkpt lat="46.264089" lon="14.205914">
        <ele>798.584485</ele>
        <time>2026-07-17T18:38:17.161Z</time>
      </trkpt>
      <trkpt lat="46.264165" lon="14.205905">
        <ele>799.363217</ele>
        <time>2026-07-17T18:38:22.125Z</time>
      </trkpt>
      <trkpt lat="46.264526" lon="14.205754">
        <ele>803.200904</ele>
        <time>2026-07-17T18:38:42.575Z</time>
      </trkpt>
      <trkpt lat="46.264803" lon="14.205695">
        <ele>806.060217</ele>
        <time>2026-07-17T18:38:54.882Z</time>
      </trkpt>
      <trkpt lat="46.264929" lon="14.205699">
        <ele>807.347277</ele>
        <time>2026-07-17T18:39:00.421Z</time>
      </trkpt>
      <trkpt lat="46.265302" lon="14.205820">
        <ele>809.577615</ele>
        <time>2026-07-17T18:39:16.773Z</time>
      </trkpt>
      <trkpt lat="46.265814" lon="14.205813">
        <ele>811.796752</ele>
        <time>2026-07-17T18:39:34.075Z</time>
      </trkpt>
      <trkpt lat="46.266137" lon="14.205865">
        <ele>813.205296</ele>
        <time>2026-07-17T18:39:40.941Z</time>
      </trkpt>
      <trkpt lat="46.266264" lon="14.205911">
        <ele>813.772714</ele>
        <time>2026-07-17T18:39:43.815Z</time>
      </trkpt>
      <trkpt lat="46.266485" lon="14.206091">
        <ele>814.871935</ele>
        <time>2026-07-17T18:39:50.429Z</time>
      </trkpt>
      <trkpt lat="46.266692" lon="14.206155">
        <ele>815.789349</ele>
        <time>2026-07-17T18:39:56.902Z</time>
      </trkpt>
      <trkpt lat="46.266852" lon="14.206327">
        <ele>816.992475</ele>
        <time>2026-07-17T18:40:03.384Z</time>
      </trkpt>
      <trkpt lat="46.266967" lon="14.206512">
        <ele>818.229624</ele>
        <time>2026-07-17T18:40:09.135Z</time>
      </trkpt>
      <trkpt lat="46.267068" lon="14.206563">
        <ele>818.999117</ele>
        <time>2026-07-17T18:40:12.796Z</time>
      </trkpt>
      <trkpt lat="46.267550" lon="14.206559">
        <ele>822.466246</ele>
        <time>2026-07-17T18:40:30.499Z</time>
      </trkpt>
      <trkpt lat="46.268207" lon="14.206662">
        <ele>827.219781</ele>
        <time>2026-07-17T18:41:04.718Z</time>
      </trkpt>
      <trkpt lat="46.268585" lon="14.206609">
        <ele>829.805113</ele>
        <time>2026-07-17T18:41:27.533Z</time>
      </trkpt>
      <trkpt lat="46.268990" lon="14.206620">
        <ele>832.231057</ele>
        <time>2026-07-17T18:41:48.128Z</time>
      </trkpt>
      <trkpt lat="46.269430" lon="14.206661">
        <ele>834.871646</ele>
        <time>2026-07-17T18:42:07.998Z</time>
      </trkpt>
      <trkpt lat="46.269630" lon="14.206650">
        <ele>836.070297</ele>
        <time>2026-07-17T18:42:16.216Z</time>
      </trkpt>
      <trkpt lat="46.269953" lon="14.206518">
        <ele>838.080427</ele>
        <time>2026-07-17T18:42:28.198Z</time>
      </trkpt>
      <trkpt lat="46.270360" lon="14.206580">
        <ele>839.592068</ele>
        <time>2026-07-17T18:42:35.963Z</time>
      </trkpt>
      <trkpt lat="46.270849" lon="14.206496">
        <ele>838.482025</ele>
        <time>2026-07-17T18:42:41.136Z</time>
      </trkpt>
      <trkpt lat="46.271077" lon="14.206552">
        <ele>837.960714</ele>
        <time>2026-07-17T18:42:43.415Z</time>
      </trkpt>
      <trkpt lat="46.271325" lon="14.206721">
        <ele>837.342758</ele>
        <time>2026-07-17T18:42:46.096Z</time>
      </trkpt>
      <trkpt lat="46.271748" lon="14.206903">
        <ele>836.347957</ele>
        <time>2026-07-17T18:42:50.565Z</time>
      </trkpt>
      <trkpt lat="46.272231" lon="14.207247">
        <ele>834.778079</ele>
        <time>2026-07-17T18:42:56.177Z</time>
      </trkpt>
      <trkpt lat="46.272396" lon="14.207313">
        <ele>834.183869</ele>
        <time>2026-07-17T18:42:58.039Z</time>
      </trkpt>
      <trkpt lat="46.272503" lon="14.207282">
        <ele>833.805094</ele>
        <time>2026-07-17T18:42:59.228Z</time>
      </trkpt>
      <trkpt lat="46.272884" lon="14.207022">
        <ele>832.342884</ele>
        <time>2026-07-17T18:43:03.346Z</time>
      </trkpt>
      <trkpt lat="46.273064" lon="14.206984">
        <ele>831.711479</ele>
        <time>2026-07-17T18:43:04.987Z</time>
      </trkpt>
      <trkpt lat="46.273164" lon="14.207053">
        <ele>831.326918</ele>
        <time>2026-07-17T18:43:05.970Z</time>
      </trkpt>
      <trkpt lat="46.273461" lon="14.207514">
        <ele>829.814930</ele>
        <time>2026-07-17T18:43:10.146Z</time>
      </trkpt>
      <trkpt lat="46.273734" lon="14.207802">
        <ele>830.307109</ele>
        <time>2026-07-17T18:43:14.124Z</time>
      </trkpt>
      <trkpt lat="46.273977" lon="14.208015">
        <ele>831.126992</ele>
        <time>2026-07-17T18:43:18.972Z</time>
      </trkpt>
      <trkpt lat="46.274046" lon="14.207986">
        <ele>831.334335</ele>
        <time>2026-07-17T18:43:20.964Z</time>
      </trkpt>
      <trkpt lat="46.274081" lon="14.207934">
        <ele>831.479105</ele>
        <time>2026-07-17T18:43:22.169Z</time>
      </trkpt>
      <trkpt lat="46.274136" lon="14.207609">
        <ele>832.146498</ele>
        <time>2026-07-17T18:43:29.981Z</time>
      </trkpt>
      <trkpt lat="46.274257" lon="14.206985">
        <ele>833.439179</ele>
        <time>2026-07-17T18:43:47.589Z</time>
      </trkpt>
      <trkpt lat="46.274265" lon="14.206947">
        <ele>833.518412</ele>
        <time>2026-07-17T18:43:48.816Z</time>
      </trkpt>
      <trkpt lat="46.274266" lon="14.206940">
        <ele>833.532669</ele>
        <time>2026-07-17T18:43:49.029Z</time>
      </trkpt>
      <trkpt lat="46.274265" lon="14.206947">
        <ele>833.546926</ele>
        <time>2026-07-17T18:43:49.192Z</time>
      </trkpt>
      <trkpt lat="46.274257" lon="14.206985">
        <ele>833.626159</ele>
        <time>2026-07-17T18:43:50.190Z</time>
      </trkpt>
      <trkpt lat="46.274265" lon="14.206947">
        <ele>833.705391</ele>
        <time>2026-07-17T18:43:51.541Z</time>
      </trkpt>
      <trkpt lat="46.274266" lon="14.206940">
        <ele>833.719649</ele>
        <time>2026-07-17T18:43:51.782Z</time>
      </trkpt>
      <trkpt lat="46.274360" lon="14.206461">
        <ele>834.712821</ele>
        <time>2026-07-17T18:44:08.546Z</time>
      </trkpt>
      <trkpt lat="46.274424" lon="14.206330">
        <ele>834.330874</ele>
        <time>2026-07-17T18:44:12.840Z</time>
      </trkpt>
      <trkpt lat="46.274721" lon="14.206020">
        <ele>832.840292</ele>
        <time>2026-07-17T18:44:20.732Z</time>
      </trkpt>
      <trkpt lat="46.274870" lon="14.206005">
        <ele>832.232380</ele>
        <time>2026-07-17T18:44:22.287Z</time>
      </trkpt>
      <trkpt lat="46.275127" lon="14.206200">
        <ele>831.051237</ele>
        <time>2026-07-17T18:44:24.968Z</time>
      </trkpt>
      <trkpt lat="46.275193" lon="14.206210">
        <ele>830.781141</ele>
        <time>2026-07-17T18:44:25.548Z</time>
      </trkpt>
      <trkpt lat="46.275407" lon="14.205949">
        <ele>829.641941</ele>
        <time>2026-07-17T18:44:27.943Z</time>
      </trkpt>
      <trkpt lat="46.275850" lon="14.205929">
        <ele>827.838006</ele>
        <time>2026-07-17T18:44:31.730Z</time>
      </trkpt>
      <trkpt lat="46.275933" lon="14.205949">
        <ele>827.495534</ele>
        <time>2026-07-17T18:44:32.466Z</time>
      </trkpt>
      <trkpt lat="46.276468" lon="14.206300">
        <ele>826.026721</ele>
        <time>2026-07-17T18:44:37.990Z</time>
      </trkpt>
      <trkpt lat="46.276605" lon="14.206316">
        <ele>825.690005</ele>
        <time>2026-07-17T18:44:39.452Z</time>
      </trkpt>
      <trkpt lat="46.276710" lon="14.206211">
        <ele>825.377311</ele>
        <time>2026-07-17T18:44:40.889Z</time>
      </trkpt>
      <trkpt lat="46.277079" lon="14.205588">
        <ele>823.988075</ele>
        <time>2026-07-17T18:44:48.965Z</time>
      </trkpt>
      <trkpt lat="46.277391" lon="14.205313">
        <ele>823.093067</ele>
        <time>2026-07-17T18:44:56.204Z</time>
      </trkpt>
      <trkpt lat="46.277539" lon="14.205288">
        <ele>822.545924</ele>
        <time>2026-07-17T18:44:59.983Z</time>
      </trkpt>
      <trkpt lat="46.277605" lon="14.205310">
        <ele>822.274554</ele>
        <time>2026-07-17T18:45:01.470Z</time>
      </trkpt>
      <trkpt lat="46.277850" lon="14.205541">
        <ele>821.102867</ele>
        <time>2026-07-17T18:45:05.498Z</time>
      </trkpt>
      <trkpt lat="46.277915" lon="14.205536">
        <ele>820.842063</ele>
        <time>2026-07-17T18:45:06.233Z</time>
      </trkpt>
      <trkpt lat="46.278167" lon="14.205252">
        <ele>819.562213</ele>
        <time>2026-07-17T18:45:09.339Z</time>
      </trkpt>
      <trkpt lat="46.278385" lon="14.205135">
        <ele>818.630593</ele>
        <time>2026-07-17T18:45:11.472Z</time>
      </trkpt>
      <trkpt lat="46.278456" lon="14.205143">
        <ele>818.345255</ele>
        <time>2026-07-17T18:45:12.130Z</time>
      </trkpt>
      <trkpt lat="46.278647" lon="14.205284">
        <ele>817.486117</ele>
        <time>2026-07-17T18:45:14.060Z</time>
      </trkpt>
      <trkpt lat="46.278820" lon="14.205284">
        <ele>816.792956</ele>
        <time>2026-07-17T18:45:15.615Z</time>
      </trkpt>
      <trkpt lat="46.278911" lon="14.205290">
        <ele>816.427967</ele>
        <time>2026-07-17T18:45:16.429Z</time>
      </trkpt>
      <trkpt lat="46.279257" lon="14.205355">
        <ele>814.168672</ele>
        <time>2026-07-17T18:45:19.564Z</time>
      </trkpt>
      <trkpt lat="46.279829" lon="14.205353">
        <ele>809.339272</ele>
        <time>2026-07-17T18:45:24.656Z</time>
      </trkpt>
      <trkpt lat="46.280154" lon="14.205505">
        <ele>806.455514</ele>
        <time>2026-07-17T18:45:27.685Z</time>
      </trkpt>
      <trkpt lat="46.280543" lon="14.205485">
        <ele>803.169121</ele>
        <time>2026-07-17T18:45:31.114Z</time>
      </trkpt>
      <trkpt lat="46.280845" lon="14.205432">
        <ele>800.597219</ele>
        <time>2026-07-17T18:45:33.727Z</time>
      </trkpt>
      <trkpt lat="46.280947" lon="14.205447">
        <ele>799.592522</ele>
        <time>2026-07-17T18:45:34.597Z</time>
      </trkpt>
      <trkpt lat="46.281064" lon="14.205517">
        <ele>798.351833</ele>
        <time>2026-07-17T18:45:35.668Z</time>
      </trkpt>
      <trkpt lat="46.281279" lon="14.206016">
        <ele>794.369341</ele>
        <time>2026-07-17T18:45:39.081Z</time>
      </trkpt>
      <trkpt lat="46.281435" lon="14.206125">
        <ele>792.671714</ele>
        <time>2026-07-17T18:45:40.521Z</time>
      </trkpt>
      <trkpt lat="46.281652" lon="14.206169">
        <ele>790.524448</ele>
        <time>2026-07-17T18:45:42.355Z</time>
      </trkpt>
      <trkpt lat="46.281758" lon="14.206267">
        <ele>789.291767</ele>
        <time>2026-07-17T18:45:43.442Z</time>
      </trkpt>
      <trkpt lat="46.281998" lon="14.206706">
        <ele>785.500872</ele>
        <time>2026-07-17T18:45:46.895Z</time>
      </trkpt>
      <trkpt lat="46.282296" lon="14.206930">
        <ele>782.885832</ele>
        <time>2026-07-17T18:45:49.968Z</time>
      </trkpt>
      <trkpt lat="46.282398" lon="14.206931">
        <ele>782.745430</ele>
        <time>2026-07-17T18:45:50.919Z</time>
      </trkpt>
      <trkpt lat="46.282472" lon="14.206849">
        <ele>782.617135</ele>
        <time>2026-07-17T18:45:51.837Z</time>
      </trkpt>
      <trkpt lat="46.282488" lon="14.206812">
        <ele>782.575616</ele>
        <time>2026-07-17T18:45:52.130Z</time>
      </trkpt>
      <trkpt lat="46.282535" lon="14.206650">
        <ele>782.408481</ele>
        <time>2026-07-17T18:45:53.385Z</time>
      </trkpt>
      <trkpt lat="46.282567" lon="14.206307">
        <ele>782.079235</ele>
        <time>2026-07-17T18:45:56.156Z</time>
      </trkpt>
      <trkpt lat="46.282652" lon="14.206172">
        <ele>781.905509</ele>
        <time>2026-07-17T18:45:58.026Z</time>
      </trkpt>
      <trkpt lat="46.282731" lon="14.206148">
        <ele>781.794398</ele>
        <time>2026-07-17T18:45:59.866Z</time>
      </trkpt>
      <trkpt lat="46.283013" lon="14.206217">
        <ele>781.400727</ele>
        <time>2026-07-17T18:46:07.586Z</time>
      </trkpt>
      <trkpt lat="46.283197" lon="14.206196">
        <ele>781.146672</ele>
        <time>2026-07-17T18:46:13.753Z</time>
      </trkpt>
      <trkpt lat="46.283286" lon="14.206103">
        <ele>780.995563</ele>
        <time>2026-07-17T18:46:16.852Z</time>
      </trkpt>
      <trkpt lat="46.283391" lon="14.205731">
        <ele>780.613319</ele>
        <time>2026-07-17T18:46:20.662Z</time>
      </trkpt>
      <trkpt lat="46.283388" lon="14.205137">
        <ele>777.191255</ele>
        <time>2026-07-17T18:46:24.580Z</time>
      </trkpt>
      <trkpt lat="46.283482" lon="14.204602">
        <ele>773.489328</ele>
        <time>2026-07-17T18:46:28.027Z</time>
      </trkpt>
      <trkpt lat="46.283537" lon="14.204237">
        <ele>770.984077</ele>
        <time>2026-07-17T18:46:30.274Z</time>
      </trkpt>
      <trkpt lat="46.283609" lon="14.203411">
        <ele>765.400921</ele>
        <time>2026-07-17T18:46:35.083Z</time>
      </trkpt>
      <trkpt lat="46.283647" lon="14.203218">
        <ele>764.055136</ele>
        <time>2026-07-17T18:46:36.224Z</time>
      </trkpt>
      <trkpt lat="46.283920" lon="14.202369">
        <ele>755.657130</ele>
        <time>2026-07-17T18:46:41.552Z</time>
      </trkpt>
      <trkpt lat="46.283958" lon="14.202184">
        <ele>753.844717</ele>
        <time>2026-07-17T18:46:42.657Z</time>
      </trkpt>
      <trkpt lat="46.283984" lon="14.201754">
        <ele>749.791245</ele>
        <time>2026-07-17T18:46:45.138Z</time>
      </trkpt>
      <trkpt lat="46.283972" lon="14.201347">
        <ele>745.965712</ele>
        <time>2026-07-17T18:46:47.511Z</time>
      </trkpt>
      <trkpt lat="46.283992" lon="14.200422">
        <ele>737.378379</ele>
        <time>2026-07-17T18:46:53.012Z</time>
      </trkpt>
      <trkpt lat="46.284012" lon="14.200282">
        <ele>736.138618</ele>
        <time>2026-07-17T18:46:53.862Z</time>
      </trkpt>
      <trkpt lat="46.284052" lon="14.200246">
        <ele>735.547509</ele>
        <time>2026-07-17T18:46:54.265Z</time>
      </trkpt>
      <trkpt lat="46.284099" lon="14.200256">
        <ele>734.951387</ele>
        <time>2026-07-17T18:46:54.677Z</time>
      </trkpt>
      <trkpt lat="46.284137" lon="14.200323">
        <ele>734.199739</ele>
        <time>2026-07-17T18:46:55.188Z</time>
      </trkpt>
      <trkpt lat="46.284196" lon="14.200894">
        <ele>729.192949</ele>
        <time>2026-07-17T18:46:58.555Z</time>
      </trkpt>
      <trkpt lat="46.284261" lon="14.201163">
        <ele>726.721682</ele>
        <time>2026-07-17T18:47:00.202Z</time>
      </trkpt>
      <trkpt lat="46.284376" lon="14.201467">
        <ele>723.716261</ele>
        <time>2026-07-17T18:47:02.198Z</time>
      </trkpt>
      <trkpt lat="46.284693" lon="14.202118">
        <ele>716.810109</ele>
        <time>2026-07-17T18:47:06.797Z</time>
      </trkpt>
      <trkpt lat="46.284862" lon="14.202721">
        <ele>711.933548</ele>
        <time>2026-07-17T18:47:10.565Z</time>
      </trkpt>
      <trkpt lat="46.284935" lon="14.202729">
        <ele>711.158886</ele>
        <time>2026-07-17T18:47:11.182Z</time>
      </trkpt>
      <trkpt lat="46.284956" lon="14.202682">
        <ele>710.749616</ele>
        <time>2026-07-17T18:47:11.505Z</time>
      </trkpt>
      <trkpt lat="46.284959" lon="14.202585">
        <ele>710.039586</ele>
        <time>2026-07-17T18:47:12.070Z</time>
      </trkpt>
      <trkpt lat="46.284810" lon="14.201527">
        <ele>702.143848</ele>
        <time>2026-07-17T18:47:18.494Z</time>
      </trkpt>
      <trkpt lat="46.284793" lon="14.201159">
        <ele>699.446804</ele>
        <time>2026-07-17T18:47:20.735Z</time>
      </trkpt>
      <trkpt lat="46.284778" lon="14.200110">
        <ele>692.918398</ele>
        <time>2026-07-17T18:47:27.106Z</time>
      </trkpt>
      <trkpt lat="46.284801" lon="14.199991">
        <ele>692.211759</ele>
        <time>2026-07-17T18:47:27.877Z</time>
      </trkpt>
      <trkpt lat="46.284838" lon="14.199964">
        <ele>691.868851</ele>
        <time>2026-07-17T18:47:28.248Z</time>
      </trkpt>
      <trkpt lat="46.284897" lon="14.200001">
        <ele>691.336743</ele>
        <time>2026-07-17T18:47:28.818Z</time>
      </trkpt>
      <trkpt lat="46.284927" lon="14.200075">
        <ele>690.846118</ele>
        <time>2026-07-17T18:47:29.344Z</time>
      </trkpt>
      <trkpt lat="46.284970" lon="14.200294">
        <ele>689.544159</ele>
        <time>2026-07-17T18:47:30.745Z</time>
      </trkpt>
      <trkpt lat="46.285187" lon="14.200972">
        <ele>685.271265</ele>
        <time>2026-07-17T18:47:35.320Z</time>
      </trkpt>
      <trkpt lat="46.285305" lon="14.201350">
        <ele>682.899304</ele>
        <time>2026-07-17T18:47:37.834Z</time>
      </trkpt>
      <trkpt lat="46.285679" lon="14.202300">
        <ele>674.486701</ele>
        <time>2026-07-17T18:47:44.380Z</time>
      </trkpt>
      <trkpt lat="46.285742" lon="14.202325">
        <ele>673.733519</ele>
        <time>2026-07-17T18:47:44.933Z</time>
      </trkpt>
      <trkpt lat="46.285774" lon="14.202182">
        <ele>672.535895</ele>
        <time>2026-07-17T18:47:45.813Z</time>
      </trkpt>
      <trkpt lat="46.285692" lon="14.201455">
        <ele>666.666745</ele>
        <time>2026-07-17T18:47:50.053Z</time>
      </trkpt>
      <trkpt lat="46.285705" lon="14.201200">
        <ele>664.629465</ele>
        <time>2026-07-17T18:47:51.521Z</time>
      </trkpt>
      <trkpt lat="46.286000" lon="14.200123">
        <ele>657.652308</ele>
        <time>2026-07-17T18:47:58.301Z</time>
      </trkpt>
      <trkpt lat="46.286140" lon="14.199641">
        <ele>655.050289</ele>
        <time>2026-07-17T18:48:01.530Z</time>
      </trkpt>
      <trkpt lat="46.286141" lon="14.199466">
        <ele>654.179344</ele>
        <time>2026-07-17T18:48:02.651Z</time>
      </trkpt>
      <trkpt lat="46.286119" lon="14.199399">
        <ele>653.810182</ele>
        <time>2026-07-17T18:48:03.131Z</time>
      </trkpt>
      <trkpt lat="46.286046" lon="14.199306">
        <ele>653.109766</ele>
        <time>2026-07-17T18:48:04.050Z</time>
      </trkpt>
      <trkpt lat="46.285953" lon="14.199290">
        <ele>652.435308</ele>
        <time>2026-07-17T18:48:04.941Z</time>
      </trkpt>
      <trkpt lat="46.285736" lon="14.199338">
        <ele>650.854427</ele>
        <time>2026-07-17T18:48:07.060Z</time>
      </trkpt>
      <trkpt lat="46.285612" lon="14.199303">
        <ele>649.944610</ele>
        <time>2026-07-17T18:48:08.304Z</time>
      </trkpt>
      <trkpt lat="46.285393" lon="14.199024">
        <ele>647.869527</ele>
        <time>2026-07-17T18:48:11.258Z</time>
      </trkpt>
      <trkpt lat="46.285265" lon="14.198818">
        <ele>646.550437</ele>
        <time>2026-07-17T18:48:13.279Z</time>
      </trkpt>
      <trkpt lat="46.285179" lon="14.198599">
        <ele>645.351038</ele>
        <time>2026-07-17T18:48:15.117Z</time>
      </trkpt>
      <trkpt lat="46.285101" lon="14.198307">
        <ele>643.860381</ele>
        <time>2026-07-17T18:48:17.251Z</time>
      </trkpt>
      <trkpt lat="46.285031" lon="14.197889">
        <ele>641.812405</ele>
        <time>2026-07-17T18:48:20.026Z</time>
      </trkpt>
      <trkpt lat="46.285035" lon="14.197805">
        <ele>641.411477</ele>
        <time>2026-07-17T18:48:20.555Z</time>
      </trkpt>
      <trkpt lat="46.285061" lon="14.197774">
        <ele>641.179351</ele>
        <time>2026-07-17T18:48:20.857Z</time>
      </trkpt>
      <trkpt lat="46.285120" lon="14.197787">
        <ele>640.768140</ele>
        <time>2026-07-17T18:48:21.388Z</time>
      </trkpt>
      <trkpt lat="46.285152" lon="14.197845">
        <ele>640.414745</ele>
        <time>2026-07-17T18:48:21.845Z</time>
      </trkpt>
      <trkpt lat="46.285209" lon="14.198098">
        <ele>639.147646</ele>
        <time>2026-07-17T18:48:23.448Z</time>
      </trkpt>
      <trkpt lat="46.285310" lon="14.198361">
        <ele>637.714963</ele>
        <time>2026-07-17T18:48:25.228Z</time>
      </trkpt>
      <trkpt lat="46.285483" lon="14.198551">
        <ele>636.218503</ele>
        <time>2026-07-17T18:48:27.064Z</time>
      </trkpt>
      <trkpt lat="46.285716" lon="14.198690">
        <ele>633.359787</ele>
        <time>2026-07-17T18:48:29.188Z</time>
      </trkpt>
      <trkpt lat="46.285898" lon="14.198661">
        <ele>631.198608</ele>
        <time>2026-07-17T18:48:30.731Z</time>
      </trkpt>
      <trkpt lat="46.286012" lon="14.198607">
        <ele>629.782778</ele>
        <time>2026-07-17T18:48:31.741Z</time>
      </trkpt>
      <trkpt lat="46.286159" lon="14.198488">
        <ele>627.794646</ele>
        <time>2026-07-17T18:48:33.152Z</time>
      </trkpt>
      <trkpt lat="46.286411" lon="14.198434">
        <ele>624.787788</ele>
        <time>2026-07-17T18:48:35.286Z</time>
      </trkpt>
      <trkpt lat="46.286517" lon="14.198456">
        <ele>623.523838</ele>
        <time>2026-07-17T18:48:36.182Z</time>
      </trkpt>
      <trkpt lat="46.286723" lon="14.198570">
        <ele>620.920629</ele>
        <time>2026-07-17T18:48:38.033Z</time>
      </trkpt>
      <trkpt lat="46.286792" lon="14.198783">
        <ele>619.001847</ele>
        <time>2026-07-17T18:48:39.406Z</time>
      </trkpt>
      <trkpt lat="46.286879" lon="14.199248">
        <ele>615.072462</ele>
        <time>2026-07-17T18:48:42.233Z</time>
      </trkpt>
      <trkpt lat="46.286963" lon="14.199633">
        <ele>612.329101</ele>
        <time>2026-07-17T18:48:44.667Z</time>
      </trkpt>
      <trkpt lat="46.287087" lon="14.200050">
        <ele>609.294413</ele>
        <time>2026-07-17T18:48:47.465Z</time>
      </trkpt>
      <trkpt lat="46.287155" lon="14.200503">
        <ele>606.195582</ele>
        <time>2026-07-17T18:48:50.387Z</time>
      </trkpt>
      <trkpt lat="46.287203" lon="14.200594">
        <ele>605.430307</ele>
        <time>2026-07-17T18:48:51.097Z</time>
      </trkpt>
      <trkpt lat="46.287260" lon="14.200582">
        <ele>604.873115</ele>
        <time>2026-07-17T18:48:51.617Z</time>
      </trkpt>
      <trkpt lat="46.287274" lon="14.200524">
        <ele>604.462427</ele>
        <time>2026-07-17T18:48:52.002Z</time>
      </trkpt>
      <trkpt lat="46.287236" lon="14.200072">
        <ele>601.418630</ele>
        <time>2026-07-17T18:48:54.740Z</time>
      </trkpt>
      <trkpt lat="46.287246" lon="14.199842">
        <ele>599.878091</ele>
        <time>2026-07-17T18:48:56.075Z</time>
      </trkpt>
      <trkpt lat="46.287351" lon="14.198855">
        <ele>593.656643</ele>
        <time>2026-07-17T18:49:01.828Z</time>
      </trkpt>
      <trkpt lat="46.287396" lon="14.198258">
        <ele>590.073750</ele>
        <time>2026-07-17T18:49:05.351Z</time>
      </trkpt>
      <trkpt lat="46.287379" lon="14.198032">
        <ele>588.717445</ele>
        <time>2026-07-17T18:49:06.730Z</time>
      </trkpt>
      <trkpt lat="46.287305" lon="14.197807">
        <ele>587.230791</ele>
        <time>2026-07-17T18:49:08.302Z</time>
      </trkpt>
      <trkpt lat="46.287194" lon="14.197591">
        <ele>585.624841</ele>
        <time>2026-07-17T18:49:10.007Z</time>
      </trkpt>
      <trkpt lat="46.287010" lon="14.197461">
        <ele>583.857049</ele>
        <time>2026-07-17T18:49:11.882Z</time>
      </trkpt>
      <trkpt lat="46.286603" lon="14.197405">
        <ele>580.849411</ele>
        <time>2026-07-17T18:49:15.968Z</time>
      </trkpt>
      <trkpt lat="46.286347" lon="14.197276">
        <ele>579.286805</ele>
        <time>2026-07-17T18:49:19.648Z</time>
      </trkpt>
      <trkpt lat="46.286241" lon="14.197166">
        <ele>578.534897</ele>
        <time>2026-07-17T18:49:21.316Z</time>
      </trkpt>
      <trkpt lat="46.286163" lon="14.197017">
        <ele>577.790275</ele>
        <time>2026-07-17T18:49:22.863Z</time>
      </trkpt>
      <trkpt lat="46.286172" lon="14.196901">
        <ele>577.325280</ele>
        <time>2026-07-17T18:49:23.779Z</time>
      </trkpt>
      <trkpt lat="46.286219" lon="14.196862">
        <ele>577.012969</ele>
        <time>2026-07-17T18:49:24.356Z</time>
      </trkpt>
      <trkpt lat="46.286270" lon="14.196869">
        <ele>576.717664</ele>
        <time>2026-07-17T18:49:24.926Z</time>
      </trkpt>
      <trkpt lat="46.286463" lon="14.197027">
        <ele>575.439433</ele>
        <time>2026-07-17T18:49:27.091Z</time>
      </trkpt>
      <trkpt lat="46.286583" lon="14.197081">
        <ele>574.715027</ele>
        <time>2026-07-17T18:49:28.246Z</time>
      </trkpt>
      <trkpt lat="46.287094" lon="14.197043">
        <ele>571.765519</ele>
        <time>2026-07-17T18:49:32.619Z</time>
      </trkpt>
      <trkpt lat="46.287263" lon="14.197069">
        <ele>569.868575</ele>
        <time>2026-07-17T18:49:34.048Z</time>
      </trkpt>
      <trkpt lat="46.287485" lon="14.197199">
        <ele>566.786737</ele>
        <time>2026-07-17T18:49:36.051Z</time>
      </trkpt>
      <trkpt lat="46.287744" lon="14.197529">
        <ele>562.346010</ele>
        <time>2026-07-17T18:49:38.957Z</time>
      </trkpt>
      <trkpt lat="46.287847" lon="14.197558">
        <ele>560.995704</ele>
        <time>2026-07-17T18:49:39.837Z</time>
      </trkpt>
      <trkpt lat="46.288002" lon="14.197603">
        <ele>558.961349</ele>
        <time>2026-07-17T18:49:41.158Z</time>
      </trkpt>
      <trkpt lat="46.288163" lon="14.197717">
        <ele>556.654808</ele>
        <time>2026-07-17T18:49:42.655Z</time>
      </trkpt>
      <trkpt lat="46.288262" lon="14.197840">
        <ele>554.975711</ele>
        <time>2026-07-17T18:49:43.747Z</time>
      </trkpt>
      <trkpt lat="46.288293" lon="14.197933">
        <ele>554.057522</ele>
        <time>2026-07-17T18:49:44.345Z</time>
      </trkpt>
      <trkpt lat="46.288408" lon="14.198314">
        <ele>550.360387</ele>
        <time>2026-07-17T18:49:46.743Z</time>
      </trkpt>
      <trkpt lat="46.288478" lon="14.198460">
        <ele>548.780194</ele>
        <time>2026-07-17T18:49:47.765Z</time>
      </trkpt>
      <trkpt lat="46.288849" lon="14.198772">
        <ele>543.978990</ele>
        <time>2026-07-17T18:49:51.365Z</time>
      </trkpt>
      <trkpt lat="46.289133" lon="14.199348">
        <ele>538.571376</ele>
        <time>2026-07-17T18:49:55.513Z</time>
      </trkpt>
      <trkpt lat="46.289181" lon="14.199513">
        <ele>537.203218</ele>
        <time>2026-07-17T18:49:56.565Z</time>
      </trkpt>
      <trkpt lat="46.289196" lon="14.199748">
        <ele>535.399642</ele>
        <time>2026-07-17T18:49:57.959Z</time>
      </trkpt>
      <trkpt lat="46.289090" lon="14.200206">
        <ele>531.708385</ele>
        <time>2026-07-17T18:50:00.845Z</time>
      </trkpt>
      <trkpt lat="46.289072" lon="14.200355">
        <ele>530.552417</ele>
        <time>2026-07-17T18:50:01.751Z</time>
      </trkpt>
      <trkpt lat="46.289095" lon="14.200510">
        <ele>529.340862</ele>
        <time>2026-07-17T18:50:02.707Z</time>
      </trkpt>
      <trkpt lat="46.289340" lon="14.200942">
        <ele>526.152755</ele>
        <time>2026-07-17T18:50:06.087Z</time>
      </trkpt>
      <trkpt lat="46.289473" lon="14.201299">
        <ele>524.033898</ele>
        <time>2026-07-17T18:50:08.535Z</time>
      </trkpt>
      <trkpt lat="46.289544" lon="14.201690">
        <ele>521.921855</ele>
        <time>2026-07-17T18:50:10.989Z</time>
      </trkpt>
      <trkpt lat="46.289571" lon="14.202011">
        <ele>520.232486</ele>
        <time>2026-07-17T18:50:12.984Z</time>
      </trkpt>
      <trkpt lat="46.289950" lon="14.202775">
        <ele>515.319141</ele>
        <time>2026-07-17T18:50:18.900Z</time>
      </trkpt>
      <trkpt lat="46.289944" lon="14.202806">
        <ele>515.150957</ele>
        <time>2026-07-17T18:50:19.112Z</time>
      </trkpt>
      <trkpt lat="46.289848" lon="14.202934">
        <ele>514.284299</ele>
        <time>2026-07-17T18:50:20.313Z</time>
      </trkpt>
      <trkpt lat="46.289835" lon="14.202986">
        <ele>514.042977</ele>
        <time>2026-07-17T18:50:20.679Z</time>
      </trkpt>
      <trkpt lat="46.289853" lon="14.203058">
        <ele>513.708839</ele>
        <time>2026-07-17T18:50:21.164Z</time>
      </trkpt>
      <trkpt lat="46.290317" lon="14.204093">
        <ele>508.324834</ele>
        <time>2026-07-17T18:50:28.910Z</time>
      </trkpt>
      <trkpt lat="46.290496" lon="14.204365">
        <ele>506.685666</ele>
        <time>2026-07-17T18:50:31.327Z</time>
      </trkpt>
      <trkpt lat="46.290649" lon="14.204577">
        <ele>505.347925</ele>
        <time>2026-07-17T18:50:33.251Z</time>
      </trkpt>
      <trkpt lat="46.290701" lon="14.204649">
        <ele>504.893426</ele>
        <time>2026-07-17T18:50:33.907Z</time>
      </trkpt>
      <trkpt lat="46.290862" lon="14.204881">
        <ele>503.467901</ele>
        <time>2026-07-17T18:50:35.965Z</time>
      </trkpt>
      <trkpt lat="46.290937" lon="14.204987">
        <ele>502.886675</ele>
        <time>2026-07-17T18:50:36.911Z</time>
      </trkpt>
      <trkpt lat="46.291044" lon="14.205073">
        <ele>502.208082</ele>
        <time>2026-07-17T18:50:38.011Z</time>
      </trkpt>
      <trkpt lat="46.291193" lon="14.205138">
        <ele>501.345262</ele>
        <time>2026-07-17T18:50:39.410Z</time>
      </trkpt>
      <trkpt lat="46.291385" lon="14.205227">
        <ele>500.227481</ele>
        <time>2026-07-17T18:50:41.223Z</time>
      </trkpt>
      <trkpt lat="46.291560" lon="14.205375">
        <ele>499.103701</ele>
        <time>2026-07-17T18:50:43.064Z</time>
      </trkpt>
      <trkpt lat="46.292072" lon="14.205889">
        <ele>495.648889</ele>
        <time>2026-07-17T18:50:48.985Z</time>
      </trkpt>
      <trkpt lat="46.292311" lon="14.206088">
        <ele>494.120139</ele>
        <time>2026-07-17T18:50:51.604Z</time>
      </trkpt>
      <trkpt lat="46.292496" lon="14.206119">
        <ele>493.223477</ele>
        <time>2026-07-17T18:50:53.389Z</time>
      </trkpt>
      <trkpt lat="46.293484" lon="14.205965">
        <ele>489.289361</ele>
        <time>2026-07-17T18:51:03.003Z</time>
      </trkpt>
      <trkpt lat="46.293685" lon="14.205989">
        <ele>488.490897</ele>
        <time>2026-07-17T18:51:05.034Z</time>
      </trkpt>
      <trkpt lat="46.293822" lon="14.206026">
        <ele>487.939151</ele>
        <time>2026-07-17T18:51:06.440Z</time>
      </trkpt>
      <trkpt lat="46.294312" lon="14.206409">
        <ele>485.745817</ele>
        <time>2026-07-17T18:51:12.050Z</time>
      </trkpt>
      <trkpt lat="46.294532" lon="14.206481">
        <ele>484.867253</ele>
        <time>2026-07-17T18:51:14.292Z</time>
      </trkpt>
      <trkpt lat="46.294778" lon="14.206491">
        <ele>483.908675</ele>
        <time>2026-07-17T18:51:16.736Z</time>
      </trkpt>
      <trkpt lat="46.295622" lon="14.206308">
        <ele>480.584502</ele>
        <time>2026-07-17T18:51:24.962Z</time>
      </trkpt>
      <trkpt lat="46.296107" lon="14.206295">
        <ele>478.989726</ele>
        <time>2026-07-17T18:51:29.635Z</time>
      </trkpt>
      <trkpt lat="46.296467" lon="14.206328">
        <ele>478.143428</ele>
        <time>2026-07-17T18:51:33.316Z</time>
      </trkpt>
      <trkpt lat="46.296744" lon="14.206442">
        <ele>477.467788</ele>
        <time>2026-07-17T18:51:36.443Z</time>
      </trkpt>
      <trkpt lat="46.296849" lon="14.206517">
        <ele>477.193079</ele>
        <time>2026-07-17T18:51:37.749Z</time>
      </trkpt>
      <trkpt lat="46.297138" lon="14.206859">
        <ele>476.317259</ele>
        <time>2026-07-17T18:51:42.025Z</time>
      </trkpt>
      <trkpt lat="46.297371" lon="14.207044">
        <ele>475.693759</ele>
        <time>2026-07-17T18:51:45.128Z</time>
      </trkpt>
      <trkpt lat="46.297589" lon="14.207138">
        <ele>475.156230</ele>
        <time>2026-07-17T18:51:47.836Z</time>
      </trkpt>
      <trkpt lat="46.297855" lon="14.207182">
        <ele>474.484907</ele>
        <time>2026-07-17T18:51:50.942Z</time>
      </trkpt>
      <trkpt lat="46.298026" lon="14.207168">
        <ele>474.055448</ele>
        <time>2026-07-17T18:51:52.885Z</time>
      </trkpt>
      <trkpt lat="46.298428" lon="14.207059">
        <ele>473.029920</ele>
        <time>2026-07-17T18:51:57.391Z</time>
      </trkpt>
      <trkpt lat="46.299095" lon="14.206998">
        <ele>471.354117</ele>
        <time>2026-07-17T18:52:04.310Z</time>
      </trkpt>
      <trkpt lat="46.299533" lon="14.206848">
        <ele>469.782659</ele>
        <time>2026-07-17T18:52:08.774Z</time>
      </trkpt>
      <trkpt lat="46.299866" lon="14.206693">
        <ele>468.097454</ele>
        <time>2026-07-17T18:52:12.124Z</time>
      </trkpt>
      <trkpt lat="46.300328" lon="14.206356">
        <ele>465.605016</ele>
        <time>2026-07-17T18:52:16.959Z</time>
      </trkpt>
      <trkpt lat="46.300516" lon="14.206257">
        <ele>464.641211</ele>
        <time>2026-07-17T18:52:18.812Z</time>
      </trkpt>
      <trkpt lat="46.300884" lon="14.206133">
        <ele>462.820895</ele>
        <time>2026-07-17T18:52:22.307Z</time>
      </trkpt>
      <trkpt lat="46.301320" lon="14.206060">
        <ele>461.101992</ele>
        <time>2026-07-17T18:52:26.446Z</time>
      </trkpt>
      <trkpt lat="46.301914" lon="14.206122">
        <ele>459.083398</ele>
        <time>2026-07-17T18:52:32.333Z</time>
      </trkpt>
      <trkpt lat="46.302503" lon="14.206013">
        <ele>457.070730</ele>
        <time>2026-07-17T18:52:38.745Z</time>
      </trkpt>
      <trkpt lat="46.302766" lon="14.206015">
        <ele>456.179278</ele>
        <time>2026-07-17T18:52:41.603Z</time>
      </trkpt>
      <trkpt lat="46.303115" lon="14.206157">
        <ele>454.760010</ele>
        <time>2026-07-17T18:52:45.395Z</time>
      </trkpt>
      <trkpt lat="46.303334" lon="14.206308">
        <ele>453.780216</ele>
        <time>2026-07-17T18:52:47.798Z</time>
      </trkpt>
      <trkpt lat="46.303551" lon="14.206489">
        <ele>452.768624</ele>
        <time>2026-07-17T18:52:50.197Z</time>
      </trkpt>
      <trkpt lat="46.303998" lon="14.206953">
        <ele>450.546887</ele>
        <time>2026-07-17T18:52:55.319Z</time>
      </trkpt>
      <trkpt lat="46.304104" lon="14.206958">
        <ele>450.118513</ele>
        <time>2026-07-17T18:52:56.291Z</time>
      </trkpt>
      <trkpt lat="46.304229" lon="14.206906">
        <ele>449.593186</ele>
        <time>2026-07-17T18:52:57.500Z</time>
      </trkpt>
      <trkpt lat="46.304241" lon="14.206895">
        <ele>449.535815</ele>
        <time>2026-07-17T18:52:57.629Z</time>
      </trkpt>
      <trkpt lat="46.304336" lon="14.206808">
        <ele>449.081755</ele>
        <time>2026-07-17T18:52:58.700Z</time>
      </trkpt>
      <trkpt lat="46.304500" lon="14.206726">
        <ele>448.636553</ele>
        <time>2026-07-17T18:53:00.413Z</time>
      </trkpt>
      <trkpt lat="46.304594" lon="14.206716">
        <ele>448.581843</ele>
        <time>2026-07-17T18:53:01.379Z</time>
      </trkpt>
      <trkpt lat="46.305132" lon="14.206775">
        <ele>448.268665</ele>
        <time>2026-07-17T18:53:07.352Z</time>
      </trkpt>
      <trkpt lat="46.305314" lon="14.206700">
        <ele>448.158826</ele>
        <time>2026-07-17T18:53:09.958Z</time>
      </trkpt>
      <trkpt lat="46.305606" lon="14.206513">
        <ele>447.973488</ele>
        <time>2026-07-17T18:53:15.686Z</time>
      </trkpt>
      <trkpt lat="46.306425" lon="14.206174">
        <ele>447.676026</ele>
        <time>2026-07-17T18:53:35.196Z</time>
      </trkpt>
      <trkpt lat="46.307510" lon="14.205376">
        <ele>447.859428</ele>
        <time>2026-07-17T18:53:51.798Z</time>
      </trkpt>
      <trkpt lat="46.308229" lon="14.204962">
        <ele>449.482928</ele>
        <time>2026-07-17T18:54:01.770Z</time>
      </trkpt>
      <trkpt lat="46.308435" lon="14.204777">
        <ele>450.310901</ele>
        <time>2026-07-17T18:54:07.166Z</time>
      </trkpt>
      <trkpt lat="46.308672" lon="14.204480">
        <ele>451.381522</ele>
        <time>2026-07-17T18:54:15.880Z</time>
      </trkpt>
      <trkpt lat="46.308923" lon="14.204073">
        <ele>452.668757</ele>
        <time>2026-07-17T18:54:28.863Z</time>
      </trkpt>
      <trkpt lat="46.308938" lon="14.204053">
        <ele>452.738408</ele>
        <time>2026-07-17T18:54:29.613Z</time>
      </trkpt>
      <trkpt lat="46.308998" lon="14.203972">
        <ele>453.018613</ele>
        <time>2026-07-17T18:54:32.707Z</time>
      </trkpt>
      <trkpt lat="46.309015" lon="14.203950">
        <ele>453.096494</ele>
        <time>2026-07-17T18:54:33.609Z</time>
      </trkpt>
      <trkpt lat="46.309235" lon="14.203677">
        <ele>454.139788</ele>
        <time>2026-07-17T18:54:45.849Z</time>
      </trkpt>
      <trkpt lat="46.311052" lon="14.202190">
        <ele>470.693465</ele>
        <time>2026-07-17T18:56:31.671Z</time>
      </trkpt>
      <trkpt lat="46.311348" lon="14.201885">
        <ele>472.485423</ele>
        <time>2026-07-17T18:56:47.532Z</time>
      </trkpt>
      <trkpt lat="46.311866" lon="14.201257">
        <ele>475.817816</ele>
        <time>2026-07-17T18:57:10.103Z</time>
      </trkpt>
      <trkpt lat="46.312546" lon="14.200753">
        <ele>477.265113</ele>
        <time>2026-07-17T18:57:25.368Z</time>
      </trkpt>
      <trkpt lat="46.312860" lon="14.200445">
        <ele>476.236034</ele>
        <time>2026-07-17T18:57:31.027Z</time>
      </trkpt>
      <trkpt lat="46.313068" lon="14.200170">
        <ele>475.471771</ele>
        <time>2026-07-17T18:57:34.531Z</time>
      </trkpt>
      <trkpt lat="46.313641" lon="14.199198">
        <ele>472.921379</ele>
        <time>2026-07-17T18:57:42.610Z</time>
      </trkpt>
      <trkpt lat="46.313742" lon="14.199064">
        <ele>472.110223</ele>
        <time>2026-07-17T18:57:43.840Z</time>
      </trkpt>
      <trkpt lat="46.313853" lon="14.198955">
        <ele>471.316064</ele>
        <time>2026-07-17T18:57:45.032Z</time>
      </trkpt>
      <trkpt lat="46.313971" lon="14.198902">
        <ele>470.584524</ele>
        <time>2026-07-17T18:57:46.128Z</time>
      </trkpt>
      <trkpt lat="46.314192" lon="14.198829">
        <ele>469.242336</ele>
        <time>2026-07-17T18:57:48.144Z</time>
      </trkpt>
      <trkpt lat="46.314638" lon="14.198708">
        <ele>466.555563</ele>
        <time>2026-07-17T18:57:52.143Z</time>
      </trkpt>
      <trkpt lat="46.314698" lon="14.198697">
        <ele>466.197460</ele>
        <time>2026-07-17T18:57:52.678Z</time>
      </trkpt>
      <trkpt lat="46.314741" lon="14.198683">
        <ele>465.936495</ele>
        <time>2026-07-17T18:57:53.063Z</time>
      </trkpt>
      <trkpt lat="46.314816" lon="14.198477">
        <ele>464.984145</ele>
        <time>2026-07-17T18:57:54.500Z</time>
      </trkpt>
      <trkpt lat="46.314985" lon="14.198233">
        <ele>463.570959</ele>
        <time>2026-07-17T18:57:56.862Z</time>
      </trkpt>
      <trkpt lat="46.315243" lon="14.198012">
        <ele>462.616293</ele>
        <time>2026-07-17T18:58:00.486Z</time>
      </trkpt>
      <trkpt lat="46.315284" lon="14.197874">
        <ele>462.662787</ele>
        <time>2026-07-17T18:58:01.759Z</time>
      </trkpt>
      <trkpt lat="46.315300" lon="14.197451">
        <ele>462.793900</ele>
        <time>2026-07-17T18:58:05.982Z</time>
      </trkpt>
      <trkpt lat="46.315386" lon="14.197003">
        <ele>462.937809</ele>
        <time>2026-07-17T18:58:11.430Z</time>
      </trkpt>
      <trkpt lat="46.315426" lon="14.196828">
        <ele>462.994860</ele>
        <time>2026-07-17T18:58:13.791Z</time>
      </trkpt>
      <trkpt lat="46.315446" lon="14.196772">
        <ele>463.014371</ele>
        <time>2026-07-17T18:58:14.686Z</time>
      </trkpt>
      <trkpt lat="46.315675" lon="14.196650">
        <ele>463.123712</ele>
        <time>2026-07-17T18:58:19.556Z</time>
      </trkpt>
      <trkpt lat="46.315816" lon="14.196381">
        <ele>463.228225</ele>
        <time>2026-07-17T18:58:25.155Z</time>
      </trkpt>
      <trkpt lat="46.315955" lon="14.196048">
        <ele>463.348646</ele>
        <time>2026-07-17T18:58:32.441Z</time>
      </trkpt>
      <trkpt lat="46.315970" lon="14.195883">
        <ele>463.507551</ele>
        <time>2026-07-17T18:58:35.179Z</time>
      </trkpt>
      <trkpt lat="46.316128" lon="14.195689">
        <ele>463.880388</ele>
        <time>2026-07-17T18:58:39.229Z</time>
      </trkpt>
      <trkpt lat="46.316152" lon="14.195602">
        <ele>463.996837</ele>
        <time>2026-07-17T18:58:40.266Z</time>
      </trkpt>
      <trkpt lat="46.316146" lon="14.195374">
        <ele>464.280450</ele>
        <time>2026-07-17T18:58:43.412Z</time>
      </trkpt>
      <trkpt lat="46.316112" lon="14.195173">
        <ele>464.537679</ele>
        <time>2026-07-17T18:58:46.949Z</time>
      </trkpt>
      <trkpt lat="46.316073" lon="14.194941">
        <ele>464.834477</ele>
        <time>2026-07-17T18:58:51.045Z</time>
      </trkpt>
      <trkpt lat="46.315968" lon="14.194717">
        <ele>465.170982</ele>
        <time>2026-07-17T18:58:55.419Z</time>
      </trkpt>
      <trkpt lat="46.315985" lon="14.194590">
        <ele>465.331783</ele>
        <time>2026-07-17T18:58:57.611Z</time>
      </trkpt>
      <trkpt lat="46.316212" lon="14.194339">
        <ele>465.845826</ele>
        <time>2026-07-17T18:59:04.056Z</time>
      </trkpt>
      <trkpt lat="46.316291" lon="14.194274">
        <ele>466.009356</ele>
        <time>2026-07-17T18:59:06.030Z</time>
      </trkpt>
      <trkpt lat="46.316409" lon="14.194123">
        <ele>466.292777</ele>
        <time>2026-07-17T18:59:09.465Z</time>
      </trkpt>
      <trkpt lat="46.316417" lon="14.194063">
        <ele>466.368735</ele>
        <time>2026-07-17T18:59:10.397Z</time>
      </trkpt>
      <trkpt lat="46.316513" lon="14.194080">
        <ele>466.542793</ele>
        <time>2026-07-17T18:59:12.394Z</time>
      </trkpt>
      <trkpt lat="46.316590" lon="14.194163">
        <ele>466.672568</ele>
        <time>2026-07-17T18:59:14.347Z</time>
      </trkpt>
      <trkpt lat="46.316652" lon="14.194246">
        <ele>466.767226</ele>
        <time>2026-07-17T18:59:15.812Z</time>
      </trkpt>
      <trkpt lat="46.316722" lon="14.194246">
        <ele>466.845695</ele>
        <time>2026-07-17T18:59:17.128Z</time>
      </trkpt>
      <trkpt lat="46.316988" lon="14.193977">
        <ele>467.209413</ele>
        <time>2026-07-17T18:59:22.101Z</time>
      </trkpt>
      <trkpt lat="46.317239" lon="14.193887">
        <ele>467.499283</ele>
        <time>2026-07-17T18:59:26.753Z</time>
      </trkpt>
      <trkpt lat="46.317417" lon="14.193903">
        <ele>467.699205</ele>
        <time>2026-07-17T18:59:30.183Z</time>
      </trkpt>
      <trkpt lat="46.317711" lon="14.192883">
        <ele>468.554929</ele>
        <time>2026-07-17T18:59:46.216Z</time>
      </trkpt>
      <trkpt lat="46.317781" lon="14.192559">
        <ele>468.652122</ele>
        <time>2026-07-17T18:59:50.899Z</time>
      </trkpt>
      <trkpt lat="46.317820" lon="14.192269">
        <ele>468.691351</ele>
        <time>2026-07-17T18:59:54.606Z</time>
      </trkpt>
      <trkpt lat="46.317832" lon="14.191768">
        <ele>468.757911</ele>
        <time>2026-07-17T19:00:00.317Z</time>
      </trkpt>
      <trkpt lat="46.317809" lon="14.191317">
        <ele>468.817956</ele>
        <time>2026-07-17T19:00:05.012Z</time>
      </trkpt>
      <trkpt lat="46.317703" lon="14.190769">
        <ele>468.893517</ele>
        <time>2026-07-17T19:00:10.382Z</time>
      </trkpt>
      <trkpt lat="46.317653" lon="14.190621">
        <ele>468.915393</ele>
        <time>2026-07-17T19:00:11.822Z</time>
      </trkpt>
      <trkpt lat="46.317437" lon="14.190044">
        <ele>469.071925</ele>
        <time>2026-07-17T19:00:17.505Z</time>
      </trkpt>
      <trkpt lat="46.316985" lon="14.189124">
        <ele>469.489112</ele>
        <time>2026-07-17T19:00:29.294Z</time>
      </trkpt>
      <trkpt lat="46.316741" lon="14.188654">
        <ele>469.706375</ele>
        <time>2026-07-17T19:00:37.400Z</time>
      </trkpt>
      <trkpt lat="46.316625" lon="14.188369">
        <ele>469.828614</ele>
        <time>2026-07-17T19:00:42.113Z</time>
      </trkpt>
      <trkpt lat="46.316397" lon="14.187638">
        <ele>470.312152</ele>
        <time>2026-07-17T19:00:53.853Z</time>
      </trkpt>
      <trkpt lat="46.316357" lon="14.187471">
        <ele>470.438866</ele>
        <time>2026-07-17T19:00:56.430Z</time>
      </trkpt>
      <trkpt lat="46.316241" lon="14.186728">
        <ele>470.984951</ele>
        <time>2026-07-17T19:01:06.744Z</time>
      </trkpt>
      <trkpt lat="46.316237" lon="14.186426">
        <ele>471.201491</ele>
        <time>2026-07-17T19:01:10.607Z</time>
      </trkpt>
      <trkpt lat="46.316275" lon="14.185958">
        <ele>471.539304</ele>
        <time>2026-07-17T19:01:16.310Z</time>
      </trkpt>
      <trkpt lat="46.316366" lon="14.185607">
        <ele>471.801901</ele>
        <time>2026-07-17T19:01:20.393Z</time>
      </trkpt>
      <trkpt lat="46.317171" lon="14.183572">
        <ele>472.803373</ele>
        <time>2026-07-17T19:01:47.822Z</time>
      </trkpt>
      <trkpt lat="46.317298" lon="14.183295">
        <ele>472.973345</ele>
        <time>2026-07-17T19:01:52.022Z</time>
      </trkpt>
      <trkpt lat="46.317600" lon="14.182794">
        <ele>473.453828</ele>
        <time>2026-07-17T19:02:00.634Z</time>
      </trkpt>
      <trkpt lat="46.318126" lon="14.181913">
        <ele>474.295272</ele>
        <time>2026-07-17T19:02:16.405Z</time>
      </trkpt>
      <trkpt lat="46.318497" lon="14.181076">
        <ele>475.114852</ele>
        <time>2026-07-17T19:02:29.565Z</time>
      </trkpt>
      <trkpt lat="46.318615" lon="14.180793">
        <ele>475.459826</ele>
        <time>2026-07-17T19:02:34.048Z</time>
      </trkpt>
      <trkpt lat="46.318728" lon="14.180517">
        <ele>475.794653</ele>
        <time>2026-07-17T19:02:38.352Z</time>
      </trkpt>
      <trkpt lat="46.318941" lon="14.180016">
        <ele>476.408592</ele>
        <time>2026-07-17T19:02:46.099Z</time>
      </trkpt>
      <trkpt lat="46.319319" lon="14.179479">
        <ele>477.208746</ele>
        <time>2026-07-17T19:02:57.901Z</time>
      </trkpt>
      <trkpt lat="46.319606" lon="14.179129">
        <ele>477.836746</ele>
        <time>2026-07-17T19:03:06.820Z</time>
      </trkpt>
      <trkpt lat="46.319993" lon="14.178454">
        <ele>478.958088</ele>
        <time>2026-07-17T19:03:21.808Z</time>
      </trkpt>
      <trkpt lat="46.320110" lon="14.178156">
        <ele>479.396239</ele>
        <time>2026-07-17T19:03:27.334Z</time>
      </trkpt>
      <trkpt lat="46.320206" lon="14.177827">
        <ele>479.852758</ele>
        <time>2026-07-17T19:03:33.094Z</time>
      </trkpt>
      <trkpt lat="46.320510" lon="14.176174">
        <ele>481.248509</ele>
        <time>2026-07-17T19:03:55.865Z</time>
      </trkpt>
      <trkpt lat="46.320971" lon="14.174697">
        <ele>481.961942</ele>
        <time>2026-07-17T19:04:13.479Z</time>
      </trkpt>
      <trkpt lat="46.321218" lon="14.173994">
        <ele>482.328050</ele>
        <time>2026-07-17T19:04:22.871Z</time>
      </trkpt>
      <trkpt lat="46.321369" lon="14.173613">
        <ele>482.532510</ele>
        <time>2026-07-17T19:04:28.196Z</time>
      </trkpt>
      <trkpt lat="46.321677" lon="14.173020">
        <ele>482.877862</ele>
        <time>2026-07-17T19:04:37.236Z</time>
      </trkpt>
      <trkpt lat="46.321943" lon="14.172622">
        <ele>483.135649</ele>
        <time>2026-07-17T19:04:44.412Z</time>
      </trkpt>
      <trkpt lat="46.322478" lon="14.171799">
        <ele>483.728320</ele>
        <time>2026-07-17T19:04:58.279Z</time>
      </trkpt>
      <trkpt lat="46.323084" lon="14.170984">
        <ele>484.364724</ele>
        <time>2026-07-17T19:05:12.530Z</time>
      </trkpt>
      <trkpt lat="46.323271" lon="14.170766">
        <ele>484.549454</ele>
        <time>2026-07-17T19:05:16.820Z</time>
      </trkpt>
      <trkpt lat="46.324433" lon="14.169406">
        <ele>487.196809</ele>
        <time>2026-07-17T19:05:47.009Z</time>
      </trkpt>
      <trkpt lat="46.324568" lon="14.169209">
        <ele>487.540904</ele>
        <time>2026-07-17T19:05:51.991Z</time>
      </trkpt>
      <trkpt lat="46.324877" lon="14.168659">
        <ele>489.137648</ele>
        <time>2026-07-17T19:06:06.327Z</time>
      </trkpt>
      <trkpt lat="46.324955" lon="14.168512">
        <ele>489.635711</ele>
        <time>2026-07-17T19:06:10.436Z</time>
      </trkpt>
      <trkpt lat="46.326013" lon="14.166324">
        <ele>495.113350</ele>
        <time>2026-07-17T19:07:09.507Z</time>
      </trkpt>
      <trkpt lat="46.326272" lon="14.165931">
        <ele>495.339031</ele>
        <time>2026-07-17T19:07:14.644Z</time>
      </trkpt>
      <trkpt lat="46.326517" lon="14.165662">
        <ele>495.523995</ele>
        <time>2026-07-17T19:07:18.279Z</time>
      </trkpt>
      <trkpt lat="46.326717" lon="14.165468">
        <ele>495.668810</ele>
        <time>2026-07-17T19:07:21.086Z</time>
      </trkpt>
      <trkpt lat="46.326956" lon="14.165301">
        <ele>495.828452</ele>
        <time>2026-07-17T19:07:24.006Z</time>
      </trkpt>
      <trkpt lat="46.327390" lon="14.165081">
        <ele>496.444512</ele>
        <time>2026-07-17T19:07:29.259Z</time>
      </trkpt>
      <trkpt lat="46.327717" lon="14.164979">
        <ele>496.955693</ele>
        <time>2026-07-17T19:07:34.725Z</time>
      </trkpt>
      <trkpt lat="46.328484" lon="14.164893">
        <ele>498.131327</ele>
        <time>2026-07-17T19:07:55.766Z</time>
      </trkpt>
      <trkpt lat="46.328884" lon="14.164864">
        <ele>498.766703</ele>
        <time>2026-07-17T19:08:07.342Z</time>
      </trkpt>
      <trkpt lat="46.329104" lon="14.164847">
        <ele>499.174805</ele>
        <time>2026-07-17T19:08:12.979Z</time>
      </trkpt>
      <trkpt lat="46.329506" lon="14.164718">
        <ele>499.937520</ele>
        <time>2026-07-17T19:08:23.323Z</time>
      </trkpt>
      <trkpt lat="46.330279" lon="14.164331">
        <ele>501.452551</ele>
        <time>2026-07-17T19:08:39.904Z</time>
      </trkpt>
      <trkpt lat="46.331261" lon="14.164015">
        <ele>502.241021</ele>
        <time>2026-07-17T19:08:58.148Z</time>
      </trkpt>
      <trkpt lat="46.331764" lon="14.163792">
        <ele>502.440035</ele>
        <time>2026-07-17T19:09:08.528Z</time>
      </trkpt>
      <trkpt lat="46.331778" lon="14.163783">
        <ele>502.445830</ele>
        <time>2026-07-17T19:09:08.836Z</time>
      </trkpt>
      <trkpt lat="46.331781" lon="14.163673">
        <ele>502.474588</ele>
        <time>2026-07-17T19:09:10.593Z</time>
      </trkpt>
      <trkpt lat="46.332340" lon="14.163312">
        <ele>501.851076</ele>
        <time>2026-07-17T19:09:22.124Z</time>
      </trkpt>
      <trkpt lat="46.332482" lon="14.163283">
        <ele>501.139019</ele>
        <time>2026-07-17T19:09:24.302Z</time>
      </trkpt>
      <trkpt lat="46.333051" lon="14.163311">
        <ele>498.312098</ele>
        <time>2026-07-17T19:09:32.303Z</time>
      </trkpt>
      <trkpt lat="46.333227" lon="14.163076">
        <ele>497.123477</ele>
        <time>2026-07-17T19:09:34.540Z</time>
      </trkpt>
      <trkpt lat="46.333337" lon="14.162855">
        <ele>496.189456</ele>
        <time>2026-07-17T19:09:36.276Z</time>
      </trkpt>
      <trkpt lat="46.333368" lon="14.162618">
        <ele>495.362476</ele>
        <time>2026-07-17T19:09:37.771Z</time>
      </trkpt>
      <trkpt lat="46.333484" lon="14.161779">
        <ele>491.271952</ele>
        <time>2026-07-17T19:09:42.912Z</time>
      </trkpt>
      <trkpt lat="46.333466" lon="14.161474">
        <ele>489.278085</ele>
        <time>2026-07-17T19:09:44.745Z</time>
      </trkpt>
      <trkpt lat="46.333641" lon="14.161232">
        <ele>486.995536</ele>
        <time>2026-07-17T19:09:47.735Z</time>
      </trkpt>
      <trkpt lat="46.333868" lon="14.160726">
        <ele>483.065121</ele>
        <time>2026-07-17T19:09:52.890Z</time>
      </trkpt>
      <trkpt lat="46.334206" lon="14.160275">
        <ele>478.729664</ele>
        <time>2026-07-17T19:09:58.519Z</time>
      </trkpt>
      <trkpt lat="46.334784" lon="14.160030">
        <ele>470.959332</ele>
        <time>2026-07-17T19:10:05.791Z</time>
      </trkpt>
      <trkpt lat="46.335077" lon="14.159969">
        <ele>466.589719</ele>
        <time>2026-07-17T19:10:09.326Z</time>
      </trkpt>
      <trkpt lat="46.335329" lon="14.159840">
        <ele>462.644279</ele>
        <time>2026-07-17T19:10:12.478Z</time>
      </trkpt>
      <trkpt lat="46.335650" lon="14.159957">
        <ele>457.758056</ele>
        <time>2026-07-17T19:10:16.318Z</time>
      </trkpt>
      <trkpt lat="46.335780" lon="14.159935">
        <ele>455.825989</ele>
        <time>2026-07-17T19:10:17.821Z</time>
      </trkpt>
      <trkpt lat="46.335861" lon="14.159872">
        <ele>454.468802</ele>
        <time>2026-07-17T19:10:18.872Z</time>
      </trkpt>
      <trkpt lat="46.336405" lon="14.159872">
        <ele>447.965790</ele>
        <time>2026-07-17T19:10:25.071Z</time>
      </trkpt>
      <trkpt lat="46.336606" lon="14.160035">
        <ele>445.947445</ele>
        <time>2026-07-17T19:10:27.714Z</time>
      </trkpt>
      <trkpt lat="46.336735" lon="14.160343">
        <ele>443.768257</ele>
        <time>2026-07-17T19:10:30.626Z</time>
      </trkpt>
      <trkpt lat="46.336992" lon="14.160756">
        <ele>440.404923</ele>
        <time>2026-07-17T19:10:35.329Z</time>
      </trkpt>
      <trkpt lat="46.337068" lon="14.160923">
        <ele>439.194989</ele>
        <time>2026-07-17T19:10:37.174Z</time>
      </trkpt>
      <trkpt lat="46.336440" lon="14.160294">
        <ele>435.072598</ele>
        <time>2026-07-17T19:10:53.294Z</time>
      </trkpt>
      <trkpt lat="46.336264" lon="14.160193">
        <ele>435.618355</ele>
        <time>2026-07-17T19:11:02.631Z</time>
      </trkpt>
      <trkpt lat="46.336135" lon="14.160207">
        <ele>435.991286</ele>
        <time>2026-07-17T19:11:09.906Z</time>
      </trkpt>
      <trkpt lat="46.335873" lon="14.160372">
        <ele>436.814906</ele>
        <time>2026-07-17T19:11:25.808Z</time>
      </trkpt>
      <trkpt lat="46.335515" lon="14.160740">
        <ele>438.080477</ele>
        <time>2026-07-17T19:11:43.060Z</time>
      </trkpt>
      <trkpt lat="46.335372" lon="14.160956">
        <ele>438.676120</ele>
        <time>2026-07-17T19:11:47.407Z</time>
      </trkpt>
      <trkpt lat="46.335515" lon="14.160740">
        <ele>439.271763</ele>
        <time>2026-07-17T19:11:49.764Z</time>
      </trkpt>
      <trkpt lat="46.335873" lon="14.160372">
        <ele>436.615096</ele>
        <time>2026-07-17T19:11:53.788Z</time>
      </trkpt>
      <trkpt lat="46.336135" lon="14.160207">
        <ele>433.908658</ele>
        <time>2026-07-17T19:11:56.244Z</time>
      </trkpt>
      <trkpt lat="46.336264" lon="14.160193">
        <ele>432.683195</ele>
        <time>2026-07-17T19:11:57.339Z</time>
      </trkpt>
      <trkpt lat="46.336440" lon="14.160294">
        <ele>430.889823</ele>
        <time>2026-07-17T19:11:58.947Z</time>
      </trkpt>
      <trkpt lat="46.337068" lon="14.160923">
        <ele>423.656790</ele>
        <time>2026-07-17T19:12:05.371Z</time>
      </trkpt>
      <trkpt lat="46.337428" lon="14.161401">
        <ele>420.705319</ele>
        <time>2026-07-17T19:12:09.548Z</time>
      </trkpt>
      <trkpt lat="46.337916" lon="14.162174">
        <ele>417.084232</ele>
        <time>2026-07-17T19:12:16.182Z</time>
      </trkpt>
      <trkpt lat="46.338244" lon="14.162745">
        <ele>414.516348</ele>
        <time>2026-07-17T19:12:22.072Z</time>
      </trkpt>
      <trkpt lat="46.338513" lon="14.163149">
        <ele>413.980799</ele>
        <time>2026-07-17T19:12:29.434Z</time>
      </trkpt>
      <trkpt lat="46.338582" lon="14.163247">
        <ele>414.175969</ele>
        <time>2026-07-17T19:12:31.638Z</time>
      </trkpt>
      <trkpt lat="46.338833" lon="14.163161">
        <ele>414.696884</ele>
        <time>2026-07-17T19:12:39.321Z</time>
      </trkpt>
      <trkpt lat="46.339169" lon="14.162931">
        <ele>415.447440</ele>
        <time>2026-07-17T19:12:50.475Z</time>
      </trkpt>
      <trkpt lat="46.339555" lon="14.162776">
        <ele>416.256416</ele>
        <time>2026-07-17T19:13:03.478Z</time>
      </trkpt>
      <trkpt lat="46.339865" lon="14.162603">
        <ele>416.927359</ele>
        <time>2026-07-17T19:13:14.212Z</time>
      </trkpt>
      <trkpt lat="46.339928" lon="14.162546">
        <ele>417.077377</ele>
        <time>2026-07-17T19:13:16.406Z</time>
      </trkpt>
      <trkpt lat="46.340029" lon="14.162457">
        <ele>417.298265</ele>
        <time>2026-07-17T19:13:19.950Z</time>
      </trkpt>
      <trkpt lat="46.340099" lon="14.162357">
        <ele>417.463505</ele>
        <time>2026-07-17T19:13:22.941Z</time>
      </trkpt>
      <trkpt lat="46.340154" lon="14.162338">
        <ele>417.558535</ele>
        <time>2026-07-17T19:13:24.386Z</time>
      </trkpt>
      <trkpt lat="46.340160" lon="14.162178">
        <ele>417.744458</ele>
        <time>2026-07-17T19:13:26.973Z</time>
      </trkpt>
      <trkpt lat="46.340217" lon="14.162190">
        <ele>417.841264</ele>
        <time>2026-07-17T19:13:28.032Z</time>
      </trkpt>
      <trkpt lat="46.340307" lon="14.162155">
        <ele>417.997883</ele>
        <time>2026-07-17T19:13:30.094Z</time>
      </trkpt>
      <trkpt lat="46.340371" lon="14.162104">
        <ele>418.120650</ele>
        <time>2026-07-17T19:13:31.381Z</time>
      </trkpt>
      <trkpt lat="46.340629" lon="14.161901">
        <ele>418.614112</ele>
        <time>2026-07-17T19:13:36.729Z</time>
      </trkpt>
      <trkpt lat="46.341388" lon="14.159204">
        <ele>422.143354</ele>
        <time>2026-07-17T19:14:19.409Z</time>
      </trkpt>
      <trkpt lat="46.341493" lon="14.158564">
        <ele>422.971601</ele>
        <time>2026-07-17T19:14:30.206Z</time>
      </trkpt>
      <trkpt lat="46.341634" lon="14.157121">
        <ele>425.443376</ele>
        <time>2026-07-17T19:14:53.558Z</time>
      </trkpt>
      <trkpt lat="46.341658" lon="14.156664">
        <ele>426.304510</ele>
        <time>2026-07-17T19:15:00.956Z</time>
      </trkpt>
      <trkpt lat="46.341665" lon="14.156583">
        <ele>426.457888</ele>
        <time>2026-07-17T19:15:02.365Z</time>
      </trkpt>
      <trkpt lat="46.341685" lon="14.155841">
        <ele>427.853087</ele>
        <time>2026-07-17T19:15:15.456Z</time>
      </trkpt>
      <trkpt lat="46.341553" lon="14.154697">
        <ele>430.972931</ele>
        <time>2026-07-17T19:15:41.915Z</time>
      </trkpt>
      <trkpt lat="46.340878" lon="14.153213">
        <ele>436.188830</ele>
        <time>2026-07-17T19:16:23.892Z</time>
      </trkpt>
      <trkpt lat="46.340647" lon="14.152485">
        <ele>437.307857</ele>
        <time>2026-07-17T19:16:37.117Z</time>
      </trkpt>
      <trkpt lat="46.340527" lon="14.152000">
        <ele>438.027431</ele>
        <time>2026-07-17T19:16:45.052Z</time>
      </trkpt>
      <trkpt lat="46.340497" lon="14.151769">
        <ele>438.355721</ele>
        <time>2026-07-17T19:16:48.420Z</time>
      </trkpt>
      <trkpt lat="46.340354" lon="14.151048">
        <ele>439.403454</ele>
        <time>2026-07-17T19:17:05.065Z</time>
      </trkpt>
      <trkpt lat="46.340386" lon="14.150635">
        <ele>439.680204</ele>
        <time>2026-07-17T19:17:14.128Z</time>
      </trkpt>
      <trkpt lat="46.340477" lon="14.150273">
        <ele>439.428349</ele>
        <time>2026-07-17T19:17:23.332Z</time>
      </trkpt>
      <trkpt lat="46.340467" lon="14.149975">
        <ele>439.233305</ele>
        <time>2026-07-17T19:17:31.059Z</time>
      </trkpt>
      <trkpt lat="46.340606" lon="14.149379">
        <ele>438.822044</ele>
        <time>2026-07-17T19:17:43.093Z</time>
      </trkpt>
      <trkpt lat="46.340977" lon="14.148433">
        <ele>438.110790</ele>
        <time>2026-07-17T19:17:59.283Z</time>
      </trkpt>
      <trkpt lat="46.341182" lon="14.147993">
        <ele>437.039193</ele>
        <time>2026-07-17T19:18:06.613Z</time>
      </trkpt>
      <trkpt lat="46.341325" lon="14.147859">
        <ele>436.501024</ele>
        <time>2026-07-17T19:18:09.986Z</time>
      </trkpt>
      <trkpt lat="46.341577" lon="14.147503">
        <ele>435.388742</ele>
        <time>2026-07-17T19:18:17.002Z</time>
      </trkpt>
      <trkpt lat="46.341669" lon="14.147262">
        <ele>434.787993</ele>
        <time>2026-07-17T19:18:20.833Z</time>
      </trkpt>
      <trkpt lat="46.341710" lon="14.146967">
        <ele>434.131558</ele>
        <time>2026-07-17T19:18:25.053Z</time>
      </trkpt>
      <trkpt lat="46.341690" lon="14.145485">
        <ele>432.767237</ele>
        <time>2026-07-17T19:18:49.514Z</time>
      </trkpt>
      <trkpt lat="46.341719" lon="14.144550">
        <ele>433.282877</ele>
        <time>2026-07-17T19:19:11.711Z</time>
      </trkpt>
      <trkpt lat="46.341652" lon="14.144040">
        <ele>433.568894</ele>
        <time>2026-07-17T19:19:25.707Z</time>
      </trkpt>
      <trkpt lat="46.341662" lon="14.143826">
        <ele>433.687063</ele>
        <time>2026-07-17T19:19:31.927Z</time>
      </trkpt>
      <trkpt lat="46.341839" lon="14.142743">
        <ele>432.262511</ele>
        <time>2026-07-17T19:19:56.260Z</time>
      </trkpt>
      <trkpt lat="46.341892" lon="14.141788">
        <ele>430.523483</ele>
        <time>2026-07-17T19:20:09.405Z</time>
      </trkpt>
      <trkpt lat="46.341967" lon="14.141791">
        <ele>430.326214</ele>
        <time>2026-07-17T19:20:10.828Z</time>
      </trkpt>
      <trkpt lat="46.342581" lon="14.141842">
        <ele>428.743872</ele>
        <time>2026-07-17T19:20:16.718Z</time>
      </trkpt>
      <trkpt lat="46.342715" lon="14.141420">
        <ele>427.976209</ele>
        <time>2026-07-17T19:20:19.708Z</time>
      </trkpt>
      <trkpt lat="46.342832" lon="14.141234">
        <ele>427.560344</ele>
        <time>2026-07-17T19:20:21.306Z</time>
      </trkpt>
      <trkpt lat="46.342920" lon="14.141027">
        <ele>427.158581</ele>
        <time>2026-07-17T19:20:22.960Z</time>
      </trkpt>
      <trkpt lat="46.342963" lon="14.140809">
        <ele>426.783885</ele>
        <time>2026-07-17T19:20:24.608Z</time>
      </trkpt>
      <trkpt lat="46.342930" lon="14.140305">
        <ele>425.947210</ele>
        <time>2026-07-17T19:20:29.374Z</time>
      </trkpt>
      <trkpt lat="46.342954" lon="14.138931">
        <ele>425.370491</ele>
        <time>2026-07-17T19:20:44.428Z</time>
      </trkpt>
      <trkpt lat="46.342987" lon="14.138729">
        <ele>425.548858</ele>
        <time>2026-07-17T19:20:46.843Z</time>
      </trkpt>
      <trkpt lat="46.343067" lon="14.138457">
        <ele>425.802908</ele>
        <time>2026-07-17T19:20:50.443Z</time>
      </trkpt>
      <trkpt lat="46.343207" lon="14.138193">
        <ele>426.088960</ele>
        <time>2026-07-17T19:20:54.666Z</time>
      </trkpt>
      <trkpt lat="46.343306" lon="14.138069">
        <ele>426.251863</ele>
        <time>2026-07-17T19:20:57.298Z</time>
      </trkpt>
      <trkpt lat="46.343418" lon="14.137997">
        <ele>426.404382</ele>
        <time>2026-07-17T19:20:59.912Z</time>
      </trkpt>
      <trkpt lat="46.344170" lon="14.137757">
        <ele>428.083543</ele>
        <time>2026-07-17T19:21:18.732Z</time>
      </trkpt>
      <trkpt lat="46.344921" lon="14.137391">
        <ele>431.202323</ele>
        <time>2026-07-17T19:21:41.125Z</time>
      </trkpt>
      <trkpt lat="46.345087" lon="14.137253">
        <ele>431.955655</ele>
        <time>2026-07-17T19:21:47.018Z</time>
      </trkpt>
      <trkpt lat="46.345191" lon="14.137122">
        <ele>432.498114</ele>
        <time>2026-07-17T19:21:51.546Z</time>
      </trkpt>
      <trkpt lat="46.345429" lon="14.136521">
        <ele>434.763909</ele>
        <time>2026-07-17T19:22:08.766Z</time>
      </trkpt>
      <trkpt lat="46.345677" lon="14.136050">
        <ele>438.644250</ele>
        <time>2026-07-17T19:22:25.104Z</time>
      </trkpt>
      <trkpt lat="46.346068" lon="14.135246">
        <ele>445.086511</ele>
        <time>2026-07-17T19:23:00.503Z</time>
      </trkpt>
      <trkpt lat="46.346135" lon="14.135147">
        <ele>445.994670</ele>
        <time>2026-07-17T19:23:06.195Z</time>
      </trkpt>
      <trkpt lat="46.346336" lon="14.134977">
        <ele>448.203277</ele>
        <time>2026-07-17T19:23:21.190Z</time>
      </trkpt>
      <trkpt lat="46.346437" lon="14.134951">
        <ele>449.176701</ele>
        <time>2026-07-17T19:23:28.079Z</time>
      </trkpt>
      <trkpt lat="46.346535" lon="14.134979">
        <ele>450.124558</ele>
        <time>2026-07-17T19:23:34.830Z</time>
      </trkpt>
      <trkpt lat="46.346814" lon="14.135167">
        <ele>453.350588</ele>
        <time>2026-07-17T19:23:55.915Z</time>
      </trkpt>
      <trkpt lat="46.347053" lon="14.135200">
        <ele>456.002239</ele>
        <time>2026-07-17T19:24:12.480Z</time>
      </trkpt>
      <trkpt lat="46.347288" lon="14.135291">
        <ele>458.688874</ele>
        <time>2026-07-17T19:24:29.430Z</time>
      </trkpt>
      <trkpt lat="46.347582" lon="14.135306">
        <ele>461.938035</ele>
        <time>2026-07-17T19:24:48.991Z</time>
      </trkpt>
      <trkpt lat="46.347998" lon="14.135298">
        <ele>466.533043</ele>
        <time>2026-07-17T19:25:12.822Z</time>
      </trkpt>
      <trkpt lat="46.348102" lon="14.135390">
        <ele>467.878910</ele>
        <time>2026-07-17T19:25:18.900Z</time>
      </trkpt>
      <trkpt lat="46.348264" lon="14.135648">
        <ele>470.537921</ele>
        <time>2026-07-17T19:25:30.042Z</time>
      </trkpt>
      <trkpt lat="46.348726" lon="14.135891">
        <ele>472.678414</ele>
        <time>2026-07-17T19:25:50.918Z</time>
      </trkpt>
      <trkpt lat="46.348828" lon="14.135874">
        <ele>473.055193</ele>
        <time>2026-07-17T19:25:55.041Z</time>
      </trkpt>
      <trkpt lat="46.348867" lon="14.135829">
        <ele>473.238158</ele>
        <time>2026-07-17T19:25:56.873Z</time>
      </trkpt>
      <trkpt lat="46.348982" lon="14.135380">
        <ele>474.451277</ele>
        <time>2026-07-17T19:26:08.051Z</time>
      </trkpt>
      <trkpt lat="46.349042" lon="14.135193">
        <ele>474.973633</ele>
        <time>2026-07-17T19:26:11.958Z</time>
      </trkpt>
      <trkpt lat="46.349081" lon="14.135148">
        <ele>475.156597</ele>
        <time>2026-07-17T19:26:13.264Z</time>
      </trkpt>
      <trkpt lat="46.349387" lon="14.134967">
        <ele>476.369518</ele>
        <time>2026-07-17T19:26:20.077Z</time>
      </trkpt>
      <trkpt lat="46.349406" lon="14.134960">
        <ele>476.441462</ele>
        <time>2026-07-17T19:26:20.411Z</time>
      </trkpt>
      <trkpt lat="46.349620" lon="14.134889">
        <ele>477.247109</ele>
        <time>2026-07-17T19:26:23.776Z</time>
      </trkpt>
      <trkpt lat="46.349630" lon="14.134879">
        <ele>477.291699</ele>
        <time>2026-07-17T19:26:23.971Z</time>
      </trkpt>
      <trkpt lat="46.349796" lon="14.134656">
        <ele>477.365603</ele>
        <time>2026-07-17T19:26:26.946Z</time>
      </trkpt>
      <trkpt lat="46.349960" lon="14.134345">
        <ele>476.792671</ele>
        <time>2026-07-17T19:26:30.060Z</time>
      </trkpt>
      <trkpt lat="46.350073" lon="14.134066">
        <ele>476.319122</ele>
        <time>2026-07-17T19:26:32.347Z</time>
      </trkpt>
      <trkpt lat="46.350572" lon="14.132187">
        <ele>473.650176</ele>
        <time>2026-07-17T19:26:46.562Z</time>
      </trkpt>
      <trkpt lat="46.350596" lon="14.132107">
        <ele>473.600357</ele>
        <time>2026-07-17T19:26:47.334Z</time>
      </trkpt>
      <trkpt lat="46.350893" lon="14.131179">
        <ele>473.016161</ele>
        <time>2026-07-17T19:26:57.407Z</time>
      </trkpt>
      <trkpt lat="46.351397" lon="14.130108">
        <ele>472.310277</ele>
        <time>2026-07-17T19:27:10.022Z</time>
      </trkpt>
      <trkpt lat="46.351936" lon="14.128988">
        <ele>471.949086</ele>
        <time>2026-07-17T19:27:21.302Z</time>
      </trkpt>
      <trkpt lat="46.352541" lon="14.126845">
        <ele>472.135974</ele>
        <time>2026-07-17T19:27:47.275Z</time>
      </trkpt>
      <trkpt lat="46.352687" lon="14.126212">
        <ele>472.408860</ele>
        <time>2026-07-17T19:27:55.483Z</time>
      </trkpt>
      <trkpt lat="46.352731" lon="14.125694">
        <ele>472.622254</ele>
        <time>2026-07-17T19:28:01.523Z</time>
      </trkpt>
      <trkpt lat="46.352730" lon="14.125432">
        <ele>472.766116</ele>
        <time>2026-07-17T19:28:04.605Z</time>
      </trkpt>
      <trkpt lat="46.352709" lon="14.125071">
        <ele>473.324060</ele>
        <time>2026-07-17T19:28:09.146Z</time>
      </trkpt>
      <trkpt lat="46.352683" lon="14.124332">
        <ele>474.463665</ele>
        <time>2026-07-17T19:28:20.129Z</time>
      </trkpt>
      <trkpt lat="46.352717" lon="14.123732">
        <ele>475.390829</ele>
        <time>2026-07-17T19:28:30.847Z</time>
      </trkpt>
      <trkpt lat="46.352812" lon="14.123169">
        <ele>476.283434</ele>
        <time>2026-07-17T19:28:42.213Z</time>
      </trkpt>
      <trkpt lat="46.352930" lon="14.122668">
        <ele>476.851612</ele>
        <time>2026-07-17T19:28:52.622Z</time>
      </trkpt>
      <trkpt lat="46.352936" lon="14.122175">
        <ele>477.102855</ele>
        <time>2026-07-17T19:29:01.805Z</time>
      </trkpt>
      <trkpt lat="46.352929" lon="14.121966">
        <ele>477.209474</ele>
        <time>2026-07-17T19:29:05.399Z</time>
      </trkpt>
      <trkpt lat="46.352975" lon="14.120976">
        <ele>477.715061</ele>
        <time>2026-07-17T19:29:17.975Z</time>
      </trkpt>
      <trkpt lat="46.352961" lon="14.120278">
        <ele>477.947889</ele>
        <time>2026-07-17T19:29:23.499Z</time>
      </trkpt>
      <trkpt lat="46.352876" lon="14.119787">
        <ele>475.874671</ele>
        <time>2026-07-17T19:29:27.070Z</time>
      </trkpt>
      <trkpt lat="46.352731" lon="14.119439">
        <ele>474.209839</ele>
        <time>2026-07-17T19:29:29.746Z</time>
      </trkpt>
      <trkpt lat="46.352438" lon="14.118955">
        <ele>471.573150</ele>
        <time>2026-07-17T19:29:33.749Z</time>
      </trkpt>
      <trkpt lat="46.352354" lon="14.118698">
        <ele>470.408524</ele>
        <time>2026-07-17T19:29:35.492Z</time>
      </trkpt>
      <trkpt lat="46.352323" lon="14.118507">
        <ele>469.604923</ele>
        <time>2026-07-17T19:29:36.680Z</time>
      </trkpt>
      <trkpt lat="46.352240" lon="14.118185">
        <ele>468.197168</ele>
        <time>2026-07-17T19:29:38.762Z</time>
      </trkpt>
      <trkpt lat="46.352086" lon="14.117766">
        <ele>466.163121</ele>
        <time>2026-07-17T19:29:41.632Z</time>
      </trkpt>
      <trkpt lat="46.351926" lon="14.117053">
        <ele>462.848664</ele>
        <time>2026-07-17T19:29:46.166Z</time>
      </trkpt>
      <trkpt lat="46.351565" lon="14.116419">
        <ele>459.215218</ele>
        <time>2026-07-17T19:29:51.296Z</time>
      </trkpt>
      <trkpt lat="46.351427" lon="14.116006">
        <ele>457.186706</ele>
        <time>2026-07-17T19:29:54.352Z</time>
      </trkpt>
      <trkpt lat="46.351348" lon="14.115600">
        <ele>455.618638</ele>
        <time>2026-07-17T19:29:57.275Z</time>
      </trkpt>
      <trkpt lat="46.351239" lon="14.114735">
        <ele>453.857848</ele>
        <time>2026-07-17T19:30:03.614Z</time>
      </trkpt>
      <trkpt lat="46.351124" lon="14.114103">
        <ele>452.549028</ele>
        <time>2026-07-17T19:30:08.452Z</time>
      </trkpt>
      <trkpt lat="46.350832" lon="14.112960">
        <ele>450.227589</ele>
        <time>2026-07-17T19:30:17.149Z</time>
      </trkpt>
      <trkpt lat="46.350716" lon="14.112574">
        <ele>449.571362</ele>
        <time>2026-07-17T19:30:20.084Z</time>
      </trkpt>
      <trkpt lat="46.350551" lon="14.112134">
        <ele>448.790831</ele>
        <time>2026-07-17T19:30:23.570Z</time>
      </trkpt>
      <trkpt lat="46.350545" lon="14.112114">
        <ele>448.756838</ele>
        <time>2026-07-17T19:30:23.720Z</time>
      </trkpt>
      <trkpt lat="46.350514" lon="14.111968">
        <ele>448.518737</ele>
        <time>2026-07-17T19:30:24.799Z</time>
      </trkpt>
      <trkpt lat="46.350526" lon="14.111599">
        <ele>447.942920</ele>
        <time>2026-07-17T19:30:27.430Z</time>
      </trkpt>
      <trkpt lat="46.350626" lon="14.110954">
        <ele>446.912477</ele>
        <time>2026-07-17T19:30:32.467Z</time>
      </trkpt>
      <trkpt lat="46.350728" lon="14.110482">
        <ele>446.879270</ele>
        <time>2026-07-17T19:30:37.563Z</time>
      </trkpt>
      <trkpt lat="46.350819" lon="14.110239">
        <ele>447.166234</ele>
        <time>2026-07-17T19:30:40.921Z</time>
      </trkpt>
      <trkpt lat="46.350883" lon="14.110090">
        <ele>447.348395</ele>
        <time>2026-07-17T19:30:43.122Z</time>
      </trkpt>
      <trkpt lat="46.350969" lon="14.109972">
        <ele>447.526518</ele>
        <time>2026-07-17T19:30:45.586Z</time>
      </trkpt>
      <trkpt lat="46.351497" lon="14.109647">
        <ele>448.389223</ele>
        <time>2026-07-17T19:31:00.384Z</time>
      </trkpt>
      <trkpt lat="46.351758" lon="14.109416">
        <ele>448.849161</ele>
        <time>2026-07-17T19:31:08.891Z</time>
      </trkpt>
      <trkpt lat="46.351872" lon="14.109345">
        <ele>449.035765</ele>
        <time>2026-07-17T19:31:11.955Z</time>
      </trkpt>
      <trkpt lat="46.351954" lon="14.109282">
        <ele>449.175343</ele>
        <time>2026-07-17T19:31:14.215Z</time>
      </trkpt>
      <trkpt lat="46.352083" lon="14.109110">
        <ele>449.450739</ele>
        <time>2026-07-17T19:31:18.048Z</time>
      </trkpt>
      <trkpt lat="46.352189" lon="14.109003">
        <ele>449.660267</ele>
        <time>2026-07-17T19:31:20.558Z</time>
      </trkpt>
      <trkpt lat="46.352250" lon="14.108918">
        <ele>449.797530</ele>
        <time>2026-07-17T19:31:21.968Z</time>
      </trkpt>
      <trkpt lat="46.352275" lon="14.108873">
        <ele>449.862195</ele>
        <time>2026-07-17T19:31:22.620Z</time>
      </trkpt>
      <trkpt lat="46.352360" lon="14.108650">
        <ele>450.147363</ele>
        <time>2026-07-17T19:31:25.086Z</time>
      </trkpt>
      <trkpt lat="46.352369" lon="14.108431">
        <ele>450.392952</ele>
        <time>2026-07-17T19:31:26.970Z</time>
      </trkpt>
      <trkpt lat="46.352322" lon="14.107920">
        <ele>450.970035</ele>
        <time>2026-07-17T19:31:31.956Z</time>
      </trkpt>
      <trkpt lat="46.352468" lon="14.107065">
        <ele>451.956000</ele>
        <time>2026-07-17T19:31:44.265Z</time>
      </trkpt>
      <trkpt lat="46.352536" lon="14.106865">
        <ele>452.205574</ele>
        <time>2026-07-17T19:31:48.372Z</time>
      </trkpt>
      <trkpt lat="46.352755" lon="14.106638">
        <ele>454.661812</ele>
        <time>2026-07-17T19:31:57.477Z</time>
      </trkpt>
      <trkpt lat="46.352847" lon="14.106451">
        <ele>456.109607</ele>
        <time>2026-07-17T19:32:04.163Z</time>
      </trkpt>
      <trkpt lat="46.353049" lon="14.105788">
        <ele>460.678643</ele>
        <time>2026-07-17T19:32:30.404Z</time>
      </trkpt>
      <trkpt lat="46.353235" lon="14.105300">
        <ele>464.193180</ele>
        <time>2026-07-17T19:32:55.241Z</time>
      </trkpt>
      <trkpt lat="46.353370" lon="14.105186">
        <ele>465.620458</ele>
        <time>2026-07-17T19:33:05.799Z</time>
      </trkpt>
      <trkpt lat="46.353581" lon="14.105166">
        <ele>467.551892</ele>
        <time>2026-07-17T19:33:19.807Z</time>
      </trkpt>
      <trkpt lat="46.353720" lon="14.105131">
        <ele>468.804000</ele>
        <time>2026-07-17T19:33:28.687Z</time>
      </trkpt>
      <trkpt lat="46.353894" lon="14.104945">
        <ele>470.426936</ele>
        <time>2026-07-17T19:33:41.760Z</time>
      </trkpt>
      <trkpt lat="46.354001" lon="14.104870">
        <ele>471.319068</ele>
        <time>2026-07-17T19:33:48.614Z</time>
      </trkpt>
      <trkpt lat="46.354463" lon="14.104685">
        <ele>474.916599</ele>
        <time>2026-07-17T19:34:13.464Z</time>
      </trkpt>
      <trkpt lat="46.355389" lon="14.103991">
        <ele>482.273768</ele>
        <time>2026-07-17T19:34:51.340Z</time>
      </trkpt>
      <trkpt lat="46.356007" lon="14.103370">
        <ele>483.564408</ele>
        <time>2026-07-17T19:35:10.063Z</time>
      </trkpt>
      <trkpt lat="46.356166" lon="14.103255">
        <ele>483.869374</ele>
        <time>2026-07-17T19:35:13.801Z</time>
      </trkpt>
      <trkpt lat="46.356535" lon="14.102936">
        <ele>484.606762</ele>
        <time>2026-07-17T19:35:21.582Z</time>
      </trkpt>
      <trkpt lat="46.356627" lon="14.102822">
        <ele>484.814505</ele>
        <time>2026-07-17T19:35:23.538Z</time>
      </trkpt>
      <trkpt lat="46.356807" lon="14.102538">
        <ele>485.184167</ele>
        <time>2026-07-17T19:35:27.519Z</time>
      </trkpt>
      <trkpt lat="46.357425" lon="14.101271">
        <ele>483.785047</ele>
        <time>2026-07-17T19:35:39.524Z</time>
      </trkpt>
      <trkpt lat="46.357450" lon="14.101238">
        <ele>483.740858</ele>
        <time>2026-07-17T19:35:39.889Z</time>
      </trkpt>
      <trkpt lat="46.357537" lon="14.101123">
        <ele>483.586983</ele>
        <time>2026-07-17T19:35:41.170Z</time>
      </trkpt>
      <trkpt lat="46.357760" lon="14.100833">
        <ele>483.195455</ele>
        <time>2026-07-17T19:35:44.574Z</time>
      </trkpt>
      <trkpt lat="46.357890" lon="14.100723">
        <ele>482.998748</ele>
        <time>2026-07-17T19:35:46.381Z</time>
      </trkpt>
      <trkpt lat="46.358201" lon="14.100580">
        <ele>482.712669</ele>
        <time>2026-07-17T19:35:50.560Z</time>
      </trkpt>
      <trkpt lat="46.358509" lon="14.100397">
        <ele>482.481610</ele>
        <time>2026-07-17T19:35:54.831Z</time>
      </trkpt>
      <trkpt lat="46.359102" lon="14.100050">
        <ele>482.037712</ele>
        <time>2026-07-17T19:36:02.865Z</time>
      </trkpt>
      <trkpt lat="46.359280" lon="14.099950">
        <ele>481.905200</ele>
        <time>2026-07-17T19:36:05.652Z</time>
      </trkpt>
      <trkpt lat="46.359532" lon="14.099699">
        <ele>481.692948</ele>
        <time>2026-07-17T19:36:10.303Z</time>
      </trkpt>
      <trkpt lat="46.360019" lon="14.099494">
        <ele>481.608729</ele>
        <time>2026-07-17T19:36:16.945Z</time>
      </trkpt>
      <trkpt lat="46.360089" lon="14.099548">
        <ele>481.605914</ele>
        <time>2026-07-17T19:36:17.917Z</time>
      </trkpt>
      <trkpt lat="46.360335" lon="14.099648">
        <ele>481.596846</ele>
        <time>2026-07-17T19:36:20.904Z</time>
      </trkpt>
      <trkpt lat="46.360575" lon="14.099630">
        <ele>481.588316</ele>
        <time>2026-07-17T19:36:23.739Z</time>
      </trkpt>
      <trkpt lat="46.360953" lon="14.099561">
        <ele>481.574794</ele>
        <time>2026-07-17T19:36:28.744Z</time>
      </trkpt>
      <trkpt lat="46.361272" lon="14.099458">
        <ele>481.563193</ele>
        <time>2026-07-17T19:36:34.842Z</time>
      </trkpt>
      <trkpt lat="46.361791" lon="14.099171">
        <ele>483.172631</ele>
        <time>2026-07-17T19:36:48.199Z</time>
      </trkpt>
      <trkpt lat="46.361989" lon="14.099160">
        <ele>483.888761</ele>
        <time>2026-07-17T19:36:54.145Z</time>
      </trkpt>
      <trkpt lat="46.362150" lon="14.099194">
        <ele>484.476788</ele>
        <time>2026-07-17T19:36:58.666Z</time>
      </trkpt>
      <trkpt lat="46.362236" lon="14.099251">
        <ele>484.818575</ele>
        <time>2026-07-17T19:37:01.250Z</time>
      </trkpt>
      <trkpt lat="46.362367" lon="14.099413">
        <ele>485.441001</ele>
        <time>2026-07-17T19:37:06.000Z</time>
      </trkpt>
      <trkpt lat="46.362673" lon="14.100138">
        <ele>487.560619</ele>
        <time>2026-07-17T19:37:26.517Z</time>
      </trkpt>
      <trkpt lat="46.362788" lon="14.100468">
        <ele>488.313608</ele>
        <time>2026-07-17T19:37:36.814Z</time>
      </trkpt>
      <trkpt lat="46.362842" lon="14.100641">
        <ele>488.597799</ele>
        <time>2026-07-17T19:37:42.199Z</time>
      </trkpt>
      <trkpt lat="46.362941" lon="14.101064">
        <ele>489.266337</ele>
        <time>2026-07-17T19:37:52.163Z</time>
      </trkpt>
      <trkpt lat="46.363218" lon="14.102032">
        <ele>490.834794</ele>
        <time>2026-07-17T19:38:07.446Z</time>
      </trkpt>
      <trkpt lat="46.363242" lon="14.102099">
        <ele>490.947780</ele>
        <time>2026-07-17T19:38:08.571Z</time>
      </trkpt>
      <trkpt lat="46.363336" lon="14.102356">
        <ele>491.383127</ele>
        <time>2026-07-17T19:38:12.613Z</time>
      </trkpt>
      <trkpt lat="46.363913" lon="14.103772">
        <ele>490.681615</ele>
        <time>2026-07-17T19:38:26.123Z</time>
      </trkpt>
      <trkpt lat="46.364001" lon="14.104092">
        <ele>490.331390</ele>
        <time>2026-07-17T19:38:28.537Z</time>
      </trkpt>
      <trkpt lat="46.364083" lon="14.104781">
        <ele>489.620546</ele>
        <time>2026-07-17T19:38:33.588Z</time>
      </trkpt>
      <trkpt lat="46.364179" lon="14.105154">
        <ele>489.303617</ele>
        <time>2026-07-17T19:38:36.921Z</time>
      </trkpt>
      <trkpt lat="46.364297" lon="14.105386">
        <ele>489.280830</ele>
        <time>2026-07-17T19:38:39.526Z</time>
      </trkpt>
      <trkpt lat="46.364529" lon="14.105894">
        <ele>489.232665</ele>
        <time>2026-07-17T19:38:45.272Z</time>
      </trkpt>
      <trkpt lat="46.364722" lon="14.106564">
        <ele>489.175261</ele>
        <time>2026-07-17T19:38:53.012Z</time>
      </trkpt>
      <trkpt lat="46.364799" lon="14.106759">
        <ele>489.157498</ele>
        <time>2026-07-17T19:38:56.058Z</time>
      </trkpt>
      <trkpt lat="46.364944" lon="14.106954">
        <ele>489.134832</ele>
        <time>2026-07-17T19:39:00.647Z</time>
      </trkpt>
      <trkpt lat="46.365381" lon="14.107366">
        <ele>489.095561</ele>
        <time>2026-07-17T19:39:09.849Z</time>
      </trkpt>
      <trkpt lat="46.365392" lon="14.107377">
        <ele>489.095080</ele>
        <time>2026-07-17T19:39:10.010Z</time>
      </trkpt>
      <trkpt lat="46.365928" lon="14.107811">
        <ele>489.072969</ele>
        <time>2026-07-17T19:39:16.712Z</time>
      </trkpt>
      <trkpt lat="46.366532" lon="14.108221">
        <ele>489.048951</ele>
        <time>2026-07-17T19:39:25.967Z</time>
      </trkpt>
      <trkpt lat="46.366710" lon="14.108474">
        <ele>489.062613</ele>
        <time>2026-07-17T19:39:30.783Z</time>
      </trkpt>
      <trkpt lat="46.366789" lon="14.108642">
        <ele>489.638728</ele>
        <time>2026-07-17T19:39:33.751Z</time>
      </trkpt>
      <trkpt lat="46.366935" lon="14.109049">
        <ele>490.938627</ele>
        <time>2026-07-17T19:39:41.631Z</time>
      </trkpt>
      <trkpt lat="46.367259" lon="14.110112">
        <ele>494.231732</ele>
        <time>2026-07-17T19:40:10.389Z</time>
      </trkpt>
      <trkpt lat="46.367295" lon="14.110225">
        <ele>494.584431</ele>
        <time>2026-07-17T19:40:13.597Z</time>
      </trkpt>
      <trkpt lat="46.367705" lon="14.111532">
        <ele>498.188006</ele>
        <time>2026-07-17T19:40:48.429Z</time>
      </trkpt>
      <trkpt lat="46.367718" lon="14.111583">
        <ele>498.309898</ele>
        <time>2026-07-17T19:40:49.672Z</time>
      </trkpt>
      <trkpt lat="46.367735" lon="14.111650">
        <ele>498.469941</ele>
        <time>2026-07-17T19:40:51.308Z</time>
      </trkpt>
      <trkpt lat="46.367757" lon="14.111742">
        <ele>498.688235</ele>
        <time>2026-07-17T19:40:53.661Z</time>
      </trkpt>
      <trkpt lat="46.368032" lon="14.112594">
        <ele>500.797010</ele>
        <time>2026-07-17T19:41:12.667Z</time>
      </trkpt>
      <trkpt lat="46.368064" lon="14.112706">
        <ele>501.068781</ele>
        <time>2026-07-17T19:41:14.778Z</time>
      </trkpt>
      <trkpt lat="46.368174" lon="14.113114">
        <ele>502.050831</ele>
        <time>2026-07-17T19:41:21.159Z</time>
      </trkpt>
      <trkpt lat="46.368460" lon="14.113095">
        <ele>501.683192</ele>
        <time>2026-07-17T19:41:25.418Z</time>
      </trkpt>
      <trkpt lat="46.368968" lon="14.113088">
        <ele>500.318273</ele>
        <time>2026-07-17T19:41:30.925Z</time>
      </trkpt>
      <trkpt lat="46.369105" lon="14.113039">
        <ele>499.939148</ele>
        <time>2026-07-17T19:41:32.324Z</time>
      </trkpt>
      <trkpt lat="46.369157" lon="14.112990">
        <ele>499.772503</ele>
        <time>2026-07-17T19:41:32.928Z</time>
      </trkpt>
      <trkpt lat="46.369225" lon="14.112865">
        <ele>499.477412</ele>
        <time>2026-07-17T19:41:33.994Z</time>
      </trkpt>
      <trkpt lat="46.369442" lon="14.112248">
        <ele>498.193566</ele>
        <time>2026-07-17T19:41:38.549Z</time>
      </trkpt>
      <trkpt lat="46.369517" lon="14.112073">
        <ele>497.811656</ele>
        <time>2026-07-17T19:41:39.899Z</time>
      </trkpt>
      <trkpt lat="46.369637" lon="14.111794">
        <ele>497.438177</ele>
        <time>2026-07-17T19:41:42.073Z</time>
      </trkpt>
      <trkpt lat="46.369768" lon="14.111498">
        <ele>497.438177</ele>
        <time>2026-07-17T19:41:44.455Z</time>
      </trkpt>
      <trkpt lat="46.369982" lon="14.111018">
        <ele>497.438177</ele>
        <time>2026-07-17T19:41:48.589Z</time>
      </trkpt>
      <trkpt lat="46.370048" lon="14.110873">
        <ele>497.438177</ele>
        <time>2026-07-17T19:41:49.909Z</time>
      </trkpt>
      <trkpt lat="46.370272" lon="14.110352">
        <ele>497.438177</ele>
        <time>2026-07-17T19:41:54.915Z</time>
      </trkpt>
      <trkpt lat="46.370300" lon="14.110286">
        <ele>497.438177</ele>
        <time>2026-07-17T19:41:55.591Z</time>
      </trkpt>
      <trkpt lat="46.370519" lon="14.109779">
        <ele>497.438177</ele>
        <time>2026-07-17T19:42:01.006Z</time>
      </trkpt>
      <trkpt lat="46.370583" lon="14.109635">
        <ele>497.438177</ele>
        <time>2026-07-17T19:42:02.707Z</time>
      </trkpt>
    </trkseg>
  </trk>
</gpx>