<?xml version='1.0' encoding='UTF-8'?>
<gpx version="1.1" creator="https://www.komoot.de" xmlns="http://www.topografix.com/GPX/1/1" xmlns:xsi="http://www.w3.org/2001/XMLSchema-instance" xsi:schemaLocation="http://www.topografix.com/GPX/1/1 http://www.topografix.com/GPX/1/1/gpx.xsd">
  <metadata>
    <name>Tour of Slovenia - T2</name>
    <author>
      <link href="https://www.komoot.de">
        <text>komoot</text>
        <type>text/html</type>
      </link>
    </author>
  </metadata>
  <wpt lat="45.974869" lon="14.421200">
    <name>Strada Dritta di Črna Vas</name>
    <sym>Flag, Blue</sym>
  </wpt>
  <trk>
    <name>Tour of Slovenia - T2</name>
    <type>racebike</type>
    <trkseg>
      <trkpt lat="45.964485" lon="13.645456">
        <ele>94.299174</ele>
        <time>2026-07-17T14:57:35.717Z</time>
      </trkpt>
      <trkpt lat="45.964302" lon="13.645272">
        <ele>94.299174</ele>
        <time>2026-07-17T14:57:39.800Z</time>
      </trkpt>
      <trkpt lat="45.964147" lon="13.645217">
        <ele>94.299174</ele>
        <time>2026-07-17T14:57:42.826Z</time>
      </trkpt>
      <trkpt lat="45.964066" lon="13.645191">
        <ele>94.299174</ele>
        <time>2026-07-17T14:57:44.438Z</time>
      </trkpt>
      <trkpt lat="45.964044" lon="13.645297">
        <ele>94.299174</ele>
        <time>2026-07-17T14:57:45.906Z</time>
      </trkpt>
      <trkpt lat="45.963829" lon="13.646337">
        <ele>94.690271</ele>
        <time>2026-07-17T14:58:01.143Z</time>
      </trkpt>
      <trkpt lat="45.963611" lon="13.647391">
        <ele>95.442003</ele>
        <time>2026-07-17T14:58:16.199Z</time>
      </trkpt>
      <trkpt lat="45.963505" lon="13.647937">
        <ele>95.829533</ele>
        <time>2026-07-17T14:58:22.896Z</time>
      </trkpt>
      <trkpt lat="45.963468" lon="13.648125">
        <ele>95.963102</ele>
        <time>2026-07-17T14:58:25.252Z</time>
      </trkpt>
      <trkpt lat="45.963381" lon="13.648131">
        <ele>96.048759</ele>
        <time>2026-07-17T14:58:26.751Z</time>
      </trkpt>
      <trkpt lat="45.963341" lon="13.648194">
        <ele>96.079219</ele>
        <time>2026-07-17T14:58:27.769Z</time>
      </trkpt>
      <trkpt lat="45.963332" lon="13.648249">
        <ele>96.090291</ele>
        <time>2026-07-17T14:58:28.394Z</time>
      </trkpt>
      <trkpt lat="45.963340" lon="13.648304">
        <ele>96.101302</ele>
        <time>2026-07-17T14:58:29.066Z</time>
      </trkpt>
      <trkpt lat="45.963394" lon="13.648380">
        <ele>96.122597</ele>
        <time>2026-07-17T14:58:30.359Z</time>
      </trkpt>
      <trkpt lat="45.963322" lon="13.648567">
        <ele>96.164486</ele>
        <time>2026-07-17T14:58:32.765Z</time>
      </trkpt>
      <trkpt lat="45.963209" lon="13.648764">
        <ele>96.214534</ele>
        <time>2026-07-17T14:58:35.464Z</time>
      </trkpt>
      <trkpt lat="45.962907" lon="13.649116">
        <ele>96.324102</ele>
        <time>2026-07-17T14:58:41.132Z</time>
      </trkpt>
      <trkpt lat="45.962606" lon="13.649230">
        <ele>96.411844</ele>
        <time>2026-07-17T14:58:45.773Z</time>
      </trkpt>
      <trkpt lat="45.962347" lon="13.649324">
        <ele>96.487142</ele>
        <time>2026-07-17T14:58:50.198Z</time>
      </trkpt>
      <trkpt lat="45.961956" lon="13.649464">
        <ele>96.653807</ele>
        <time>2026-07-17T14:58:57.127Z</time>
      </trkpt>
      <trkpt lat="45.961878" lon="13.649490">
        <ele>96.723039</ele>
        <time>2026-07-17T14:58:58.458Z</time>
      </trkpt>
      <trkpt lat="45.961227" lon="13.649698">
        <ele>97.299657</ele>
        <time>2026-07-17T14:59:09.334Z</time>
      </trkpt>
      <trkpt lat="45.960719" lon="13.649857">
        <ele>97.749188</ele>
        <time>2026-07-17T14:59:19.880Z</time>
      </trkpt>
      <trkpt lat="45.960400" lon="13.649968">
        <ele>98.032973</ele>
        <time>2026-07-17T14:59:26.494Z</time>
      </trkpt>
      <trkpt lat="45.960307" lon="13.650002">
        <ele>98.115944</ele>
        <time>2026-07-17T14:59:28.374Z</time>
      </trkpt>
      <trkpt lat="45.960210" lon="13.650042">
        <ele>98.228964</ele>
        <time>2026-07-17T14:59:30.255Z</time>
      </trkpt>
      <trkpt lat="45.960088" lon="13.650103">
        <ele>98.380118</ele>
        <time>2026-07-17T14:59:32.671Z</time>
      </trkpt>
      <trkpt lat="45.959910" lon="13.650222">
        <ele>98.609827</ele>
        <time>2026-07-17T14:59:36.542Z</time>
      </trkpt>
      <trkpt lat="45.959685" lon="13.650432">
        <ele>98.923711</ele>
        <time>2026-07-17T14:59:41.683Z</time>
      </trkpt>
      <trkpt lat="45.959333" lon="13.650913">
        <ele>99.491887</ele>
        <time>2026-07-17T14:59:50.635Z</time>
      </trkpt>
      <trkpt lat="45.959256" lon="13.650801">
        <ele>99.620038</ele>
        <time>2026-07-17T15:00:03.153Z</time>
      </trkpt>
      <trkpt lat="45.959236" lon="13.650832">
        <ele>99.654446</ele>
        <time>2026-07-17T15:00:03.875Z</time>
      </trkpt>
      <trkpt lat="45.959110" lon="13.651020">
        <ele>99.866899</ele>
        <time>2026-07-17T15:00:07.266Z</time>
      </trkpt>
      <trkpt lat="45.958657" lon="13.651645">
        <ele>101.097699</ele>
        <time>2026-07-17T15:00:19.737Z</time>
      </trkpt>
      <trkpt lat="45.958417" lon="13.651767">
        <ele>101.799204</ele>
        <time>2026-07-17T15:00:25.942Z</time>
      </trkpt>
      <trkpt lat="45.958392" lon="13.651772">
        <ele>101.868765</ele>
        <time>2026-07-17T15:00:26.615Z</time>
      </trkpt>
      <trkpt lat="45.958148" lon="13.651833">
        <ele>102.551290</ele>
        <time>2026-07-17T15:00:33.084Z</time>
      </trkpt>
      <trkpt lat="45.957976" lon="13.652014">
        <ele>103.138610</ele>
        <time>2026-07-17T15:00:38.731Z</time>
      </trkpt>
      <trkpt lat="45.957911" lon="13.652157">
        <ele>103.465946</ele>
        <time>2026-07-17T15:00:42.006Z</time>
      </trkpt>
      <trkpt lat="45.957871" lon="13.652348">
        <ele>103.848123</ele>
        <time>2026-07-17T15:00:46.028Z</time>
      </trkpt>
      <trkpt lat="45.957797" lon="13.652483">
        <ele>104.177498</ele>
        <time>2026-07-17T15:00:49.653Z</time>
      </trkpt>
      <trkpt lat="45.957689" lon="13.652655">
        <ele>104.621548</ele>
        <time>2026-07-17T15:00:54.731Z</time>
      </trkpt>
      <trkpt lat="45.957549" lon="13.652787">
        <ele>105.082873</ele>
        <time>2026-07-17T15:01:00.020Z</time>
      </trkpt>
      <trkpt lat="45.957526" lon="13.652815">
        <ele>105.165913</ele>
        <time>2026-07-17T15:01:00.929Z</time>
      </trkpt>
      <trkpt lat="45.957503" lon="13.652843">
        <ele>105.213230</ele>
        <time>2026-07-17T15:01:01.785Z</time>
      </trkpt>
      <trkpt lat="45.957439" lon="13.652879">
        <ele>105.283528</ele>
        <time>2026-07-17T15:01:03.933Z</time>
      </trkpt>
      <trkpt lat="45.957284" lon="13.652892">
        <ele>105.442359</ele>
        <time>2026-07-17T15:01:08.606Z</time>
      </trkpt>
      <trkpt lat="45.956988" lon="13.652880">
        <ele>105.745280</ele>
        <time>2026-07-17T15:01:16.908Z</time>
      </trkpt>
      <trkpt lat="45.956951" lon="13.652876">
        <ele>105.783237</ele>
        <time>2026-07-17T15:01:18.109Z</time>
      </trkpt>
      <trkpt lat="45.956939" lon="13.652964">
        <ele>105.847013</ele>
        <time>2026-07-17T15:01:19.604Z</time>
      </trkpt>
      <trkpt lat="45.956833" lon="13.652947">
        <ele>105.956120</ele>
        <time>2026-07-17T15:01:22.186Z</time>
      </trkpt>
      <trkpt lat="45.956170" lon="13.652838">
        <ele>106.638769</ele>
        <time>2026-07-17T15:01:32.800Z</time>
      </trkpt>
      <trkpt lat="45.955758" lon="13.652770">
        <ele>106.971850</ele>
        <time>2026-07-17T15:01:37.682Z</time>
      </trkpt>
      <trkpt lat="45.955437" lon="13.652773">
        <ele>106.331194</ele>
        <time>2026-07-17T15:01:41.121Z</time>
      </trkpt>
      <trkpt lat="45.955207" lon="13.652699">
        <ele>105.860824</ele>
        <time>2026-07-17T15:01:43.565Z</time>
      </trkpt>
      <trkpt lat="45.955152" lon="13.652599">
        <ele>105.683905</ele>
        <time>2026-07-17T15:01:44.478Z</time>
      </trkpt>
      <trkpt lat="45.955062" lon="13.652533">
        <ele>105.482289</ele>
        <time>2026-07-17T15:01:45.491Z</time>
      </trkpt>
      <trkpt lat="45.954975" lon="13.652524">
        <ele>105.308208</ele>
        <time>2026-07-17T15:01:46.385Z</time>
      </trkpt>
      <trkpt lat="45.954909" lon="13.652551">
        <ele>105.171263</ele>
        <time>2026-07-17T15:01:47.078Z</time>
      </trkpt>
      <trkpt lat="45.954756" lon="13.652545">
        <ele>104.865797</ele>
        <time>2026-07-17T15:01:48.659Z</time>
      </trkpt>
      <trkpt lat="45.954738" lon="13.652526">
        <ele>104.821238</ele>
        <time>2026-07-17T15:01:48.890Z</time>
      </trkpt>
      <trkpt lat="45.954715" lon="13.652568">
        <ele>104.747055</ele>
        <time>2026-07-17T15:01:49.461Z</time>
      </trkpt>
      <trkpt lat="45.954711" lon="13.652582">
        <ele>104.726053</ele>
        <time>2026-07-17T15:01:49.617Z</time>
      </trkpt>
      <trkpt lat="45.954635" lon="13.652795">
        <ele>104.393863</ele>
        <time>2026-07-17T15:01:52.205Z</time>
      </trkpt>
      <trkpt lat="45.954419" lon="13.652838">
        <ele>103.958667</ele>
        <time>2026-07-17T15:01:55.810Z</time>
      </trkpt>
      <trkpt lat="45.954348" lon="13.652834">
        <ele>103.816859</ele>
        <time>2026-07-17T15:01:57.014Z</time>
      </trkpt>
      <trkpt lat="45.954132" lon="13.652741">
        <ele>103.414315</ele>
        <time>2026-07-17T15:02:00.801Z</time>
      </trkpt>
      <trkpt lat="45.953833" lon="13.652782">
        <ele>103.191239</ele>
        <time>2026-07-17T15:02:06.076Z</time>
      </trkpt>
      <trkpt lat="45.953696" lon="13.652752">
        <ele>103.088316</ele>
        <time>2026-07-17T15:02:08.635Z</time>
      </trkpt>
      <trkpt lat="45.953625" lon="13.652708">
        <ele>103.030898</ele>
        <time>2026-07-17T15:02:10.117Z</time>
      </trkpt>
      <trkpt lat="45.953560" lon="13.652598">
        <ele>102.956355</ele>
        <time>2026-07-17T15:02:12.030Z</time>
      </trkpt>
      <trkpt lat="45.953534" lon="13.652600">
        <ele>102.937017</ele>
        <time>2026-07-17T15:02:12.529Z</time>
      </trkpt>
      <trkpt lat="45.953483" lon="13.652630">
        <ele>102.896094</ele>
        <time>2026-07-17T15:02:13.552Z</time>
      </trkpt>
      <trkpt lat="45.953439" lon="13.652658">
        <ele>102.860359</ele>
        <time>2026-07-17T15:02:14.450Z</time>
      </trkpt>
      <trkpt lat="45.952990" lon="13.652565">
        <ele>102.523445</ele>
        <time>2026-07-17T15:02:23.314Z</time>
      </trkpt>
      <trkpt lat="45.952531" lon="13.652410">
        <ele>102.173275</ele>
        <time>2026-07-17T15:02:32.189Z</time>
      </trkpt>
      <trkpt lat="45.951759" lon="13.652017">
        <ele>101.393170</ele>
        <time>2026-07-17T15:02:45.489Z</time>
      </trkpt>
      <trkpt lat="45.951259" lon="13.651668">
        <ele>100.849380</ele>
        <time>2026-07-17T15:02:54.416Z</time>
      </trkpt>
      <trkpt lat="45.950880" lon="13.651374">
        <ele>100.428052</ele>
        <time>2026-07-17T15:03:01.589Z</time>
      </trkpt>
      <trkpt lat="45.949914" lon="13.650560">
        <ele>104.370284</ele>
        <time>2026-07-17T15:03:32.510Z</time>
      </trkpt>
      <trkpt lat="45.949280" lon="13.650195">
        <ele>107.021419</ele>
        <time>2026-07-17T15:04:04.119Z</time>
      </trkpt>
      <trkpt lat="45.948572" lon="13.649957">
        <ele>113.462189</ele>
        <time>2026-07-17T15:04:45.465Z</time>
      </trkpt>
      <trkpt lat="45.946892" lon="13.649495">
        <ele>127.987773</ele>
        <time>2026-07-17T15:06:30.015Z</time>
      </trkpt>
      <trkpt lat="45.946472" lon="13.649305">
        <ele>130.843731</ele>
        <time>2026-07-17T15:06:54.438Z</time>
      </trkpt>
      <trkpt lat="45.946196" lon="13.649035">
        <ele>133.008943</ele>
        <time>2026-07-17T15:07:08.994Z</time>
      </trkpt>
      <trkpt lat="45.946016" lon="13.648731">
        <ele>134.809853</ele>
        <time>2026-07-17T15:07:18.646Z</time>
      </trkpt>
      <trkpt lat="45.945951" lon="13.648553">
        <ele>135.716673</ele>
        <time>2026-07-17T15:07:22.631Z</time>
      </trkpt>
      <trkpt lat="45.945829" lon="13.648027">
        <ele>134.252292</ele>
        <time>2026-07-17T15:07:30.409Z</time>
      </trkpt>
      <trkpt lat="45.945791" lon="13.647759">
        <ele>133.254824</ele>
        <time>2026-07-17T15:07:33.366Z</time>
      </trkpt>
      <trkpt lat="45.945622" lon="13.645703">
        <ele>125.066859</ele>
        <time>2026-07-17T15:07:51.528Z</time>
      </trkpt>
      <trkpt lat="45.945569" lon="13.645315">
        <ele>122.587932</ele>
        <time>2026-07-17T15:07:53.902Z</time>
      </trkpt>
      <trkpt lat="45.945430" lon="13.644754">
        <ele>118.854316</ele>
        <time>2026-07-17T15:07:57.488Z</time>
      </trkpt>
      <trkpt lat="45.945209" lon="13.644297">
        <ele>115.364544</ele>
        <time>2026-07-17T15:08:00.847Z</time>
      </trkpt>
      <trkpt lat="45.944984" lon="13.644004">
        <ele>112.627884</ele>
        <time>2026-07-17T15:08:03.479Z</time>
      </trkpt>
      <trkpt lat="45.944692" lon="13.643765">
        <ele>109.533563</ele>
        <time>2026-07-17T15:08:06.421Z</time>
      </trkpt>
      <trkpt lat="45.944410" lon="13.643631">
        <ele>106.631252</ele>
        <time>2026-07-17T15:08:09.008Z</time>
      </trkpt>
      <trkpt lat="45.943952" lon="13.643495">
        <ele>102.061146</ele>
        <time>2026-07-17T15:08:13.044Z</time>
      </trkpt>
      <trkpt lat="45.943182" lon="13.643398">
        <ele>94.507696</ele>
        <time>2026-07-17T15:08:19.643Z</time>
      </trkpt>
      <trkpt lat="45.942903" lon="13.643283">
        <ele>92.254339</ele>
        <time>2026-07-17T15:08:22.142Z</time>
      </trkpt>
      <trkpt lat="45.942678" lon="13.643054">
        <ele>90.953835</ele>
        <time>2026-07-17T15:08:24.546Z</time>
      </trkpt>
      <trkpt lat="45.942569" lon="13.642848">
        <ele>90.104589</ele>
        <time>2026-07-17T15:08:26.152Z</time>
      </trkpt>
      <trkpt lat="45.942494" lon="13.642620">
        <ele>89.277102</ele>
        <time>2026-07-17T15:08:27.747Z</time>
      </trkpt>
      <trkpt lat="45.942461" lon="13.642357">
        <ele>88.400323</ele>
        <time>2026-07-17T15:08:29.472Z</time>
      </trkpt>
      <trkpt lat="45.942388" lon="13.642364">
        <ele>88.055148</ele>
        <time>2026-07-17T15:08:30.160Z</time>
      </trkpt>
      <trkpt lat="45.942394" lon="13.642409">
        <ele>87.904823</ele>
        <time>2026-07-17T15:08:30.466Z</time>
      </trkpt>
      <trkpt lat="45.942399" lon="13.642530">
        <ele>87.507148</ele>
        <time>2026-07-17T15:08:31.304Z</time>
      </trkpt>
      <trkpt lat="45.942423" lon="13.643117">
        <ele>85.578005</ele>
        <time>2026-07-17T15:08:35.827Z</time>
      </trkpt>
      <trkpt lat="45.942413" lon="13.643736">
        <ele>84.633448</ele>
        <time>2026-07-17T15:08:42.987Z</time>
      </trkpt>
      <trkpt lat="45.942407" lon="13.643994">
        <ele>84.988355</ele>
        <time>2026-07-17T15:08:46.450Z</time>
      </trkpt>
      <trkpt lat="45.942390" lon="13.644595">
        <ele>85.815317</ele>
        <time>2026-07-17T15:08:56.376Z</time>
      </trkpt>
      <trkpt lat="45.942388" lon="13.644690">
        <ele>85.945987</ele>
        <time>2026-07-17T15:08:58.123Z</time>
      </trkpt>
      <trkpt lat="45.942387" lon="13.644734">
        <ele>86.006512</ele>
        <time>2026-07-17T15:08:58.944Z</time>
      </trkpt>
      <trkpt lat="45.942380" lon="13.645078">
        <ele>86.479660</ele>
        <time>2026-07-17T15:09:05.407Z</time>
      </trkpt>
      <trkpt lat="45.942366" lon="13.645240">
        <ele>86.704098</ele>
        <time>2026-07-17T15:09:08.584Z</time>
      </trkpt>
      <trkpt lat="45.942288" lon="13.645524">
        <ele>87.123904</ele>
        <time>2026-07-17T15:09:14.452Z</time>
      </trkpt>
      <trkpt lat="45.942176" lon="13.645720">
        <ele>87.472684</ele>
        <time>2026-07-17T15:09:19.173Z</time>
      </trkpt>
      <trkpt lat="45.941920" lon="13.646007">
        <ele>87.941100</ele>
        <time>2026-07-17T15:09:27.070Z</time>
      </trkpt>
      <trkpt lat="45.941790" lon="13.646124">
        <ele>88.030502</ele>
        <time>2026-07-17T15:09:30.402Z</time>
      </trkpt>
      <trkpt lat="45.941837" lon="13.646337">
        <ele>88.121091</ele>
        <time>2026-07-17T15:09:33.702Z</time>
      </trkpt>
      <trkpt lat="45.941855" lon="13.646591">
        <ele>88.224590</ele>
        <time>2026-07-17T15:09:37.299Z</time>
      </trkpt>
      <trkpt lat="45.941848" lon="13.646864">
        <ele>88.335334</ele>
        <time>2026-07-17T15:09:41.003Z</time>
      </trkpt>
      <trkpt lat="45.941759" lon="13.647685">
        <ele>88.672169</ele>
        <time>2026-07-17T15:09:50.033Z</time>
      </trkpt>
      <trkpt lat="45.941688" lon="13.648354">
        <ele>88.883186</ele>
        <time>2026-07-17T15:09:55.645Z</time>
      </trkpt>
      <trkpt lat="45.941524" lon="13.649287">
        <ele>88.432241</ele>
        <time>2026-07-17T15:10:03.680Z</time>
      </trkpt>
      <trkpt lat="45.941448" lon="13.649660">
        <ele>88.250108</ele>
        <time>2026-07-17T15:10:06.997Z</time>
      </trkpt>
      <trkpt lat="45.941388" lon="13.649954">
        <ele>88.106532</ele>
        <time>2026-07-17T15:10:09.675Z</time>
      </trkpt>
      <trkpt lat="45.941361" lon="13.650098">
        <ele>88.036645</ele>
        <time>2026-07-17T15:10:10.986Z</time>
      </trkpt>
      <trkpt lat="45.941241" lon="13.650707">
        <ele>87.740037</ele>
        <time>2026-07-17T15:10:16.997Z</time>
      </trkpt>
      <trkpt lat="45.941090" lon="13.651466">
        <ele>88.036533</ele>
        <time>2026-07-17T15:10:26.080Z</time>
      </trkpt>
      <trkpt lat="45.940951" lon="13.652163">
        <ele>88.372656</ele>
        <time>2026-07-17T15:10:35.157Z</time>
      </trkpt>
      <trkpt lat="45.940672" lon="13.653567">
        <ele>89.169171</ele>
        <time>2026-07-17T15:10:54.027Z</time>
      </trkpt>
      <trkpt lat="45.940553" lon="13.654308">
        <ele>89.811683</ele>
        <time>2026-07-17T15:11:04.342Z</time>
      </trkpt>
      <trkpt lat="45.940472" lon="13.655021">
        <ele>90.422048</ele>
        <time>2026-07-17T15:11:13.830Z</time>
      </trkpt>
      <trkpt lat="45.940406" lon="13.655569">
        <ele>90.891921</ele>
        <time>2026-07-17T15:11:22.056Z</time>
      </trkpt>
      <trkpt lat="45.940274" lon="13.656322">
        <ele>91.530806</ele>
        <time>2026-07-17T15:11:33.716Z</time>
      </trkpt>
      <trkpt lat="45.940236" lon="13.656507">
        <ele>91.687671</ele>
        <time>2026-07-17T15:11:36.442Z</time>
      </trkpt>
      <trkpt lat="45.940075" lon="13.657241">
        <ele>92.313542</ele>
        <time>2026-07-17T15:11:46.340Z</time>
      </trkpt>
      <trkpt lat="45.939852" lon="13.658040">
        <ele>93.013661</ele>
        <time>2026-07-17T15:11:57.631Z</time>
      </trkpt>
      <trkpt lat="45.939771" lon="13.658573">
        <ele>93.337257</ele>
        <time>2026-07-17T15:12:05.042Z</time>
      </trkpt>
      <trkpt lat="45.939727" lon="13.659581">
        <ele>93.786093</ele>
        <time>2026-07-17T15:12:17.712Z</time>
      </trkpt>
      <trkpt lat="45.939717" lon="13.660407">
        <ele>94.153224</ele>
        <time>2026-07-17T15:12:27.001Z</time>
      </trkpt>
      <trkpt lat="45.939750" lon="13.661354">
        <ele>94.433475</ele>
        <time>2026-07-17T15:12:37.796Z</time>
      </trkpt>
      <trkpt lat="45.939705" lon="13.661615">
        <ele>94.480475</ele>
        <time>2026-07-17T15:12:40.711Z</time>
      </trkpt>
      <trkpt lat="45.939660" lon="13.661807">
        <ele>94.515889</ele>
        <time>2026-07-17T15:12:42.995Z</time>
      </trkpt>
      <trkpt lat="45.939574" lon="13.662032">
        <ele>94.560764</ele>
        <time>2026-07-17T15:12:45.774Z</time>
      </trkpt>
      <trkpt lat="45.938934" lon="13.663124">
        <ele>94.775580</ele>
        <time>2026-07-17T15:13:01.550Z</time>
      </trkpt>
      <trkpt lat="45.938694" lon="13.663593">
        <ele>94.660320</ele>
        <time>2026-07-17T15:13:07.701Z</time>
      </trkpt>
      <trkpt lat="45.938616" lon="13.663855">
        <ele>94.603907</ele>
        <time>2026-07-17T15:13:10.336Z</time>
      </trkpt>
      <trkpt lat="45.938561" lon="13.664298">
        <ele>94.514831</ele>
        <time>2026-07-17T15:13:14.346Z</time>
      </trkpt>
      <trkpt lat="45.938573" lon="13.665371">
        <ele>94.302411</ele>
        <time>2026-07-17T15:13:23.968Z</time>
      </trkpt>
      <trkpt lat="45.938578" lon="13.666194">
        <ele>94.201479</ele>
        <time>2026-07-17T15:13:32.856Z</time>
      </trkpt>
      <trkpt lat="45.938521" lon="13.666962">
        <ele>94.115044</ele>
        <time>2026-07-17T15:13:41.746Z</time>
      </trkpt>
      <trkpt lat="45.938531" lon="13.667287">
        <ele>94.078637</ele>
        <time>2026-07-17T15:13:45.353Z</time>
      </trkpt>
      <trkpt lat="45.938678" lon="13.668194">
        <ele>94.058608</ele>
        <time>2026-07-17T15:13:53.876Z</time>
      </trkpt>
      <trkpt lat="45.938680" lon="13.669054">
        <ele>94.406465</ele>
        <time>2026-07-17T15:14:00.613Z</time>
      </trkpt>
      <trkpt lat="45.938669" lon="13.669387">
        <ele>94.541310</ele>
        <time>2026-07-17T15:14:03.385Z</time>
      </trkpt>
      <trkpt lat="45.938356" lon="13.669388">
        <ele>94.723361</ele>
        <time>2026-07-17T15:14:11.274Z</time>
      </trkpt>
      <trkpt lat="45.937917" lon="13.669374">
        <ele>94.978760</ele>
        <time>2026-07-17T15:14:24.278Z</time>
      </trkpt>
      <trkpt lat="45.937713" lon="13.669308">
        <ele>95.483533</ele>
        <time>2026-07-17T15:14:31.052Z</time>
      </trkpt>
      <trkpt lat="45.937606" lon="13.669275">
        <ele>95.943278</ele>
        <time>2026-07-17T15:14:34.794Z</time>
      </trkpt>
      <trkpt lat="45.937474" lon="13.669232">
        <ele>96.511882</ele>
        <time>2026-07-17T15:14:39.844Z</time>
      </trkpt>
      <trkpt lat="45.937280" lon="13.669272">
        <ele>97.335239</ele>
        <time>2026-07-17T15:14:47.736Z</time>
      </trkpt>
      <trkpt lat="45.936680" lon="13.670015">
        <ele>100.661839</ele>
        <time>2026-07-17T15:15:20.925Z</time>
      </trkpt>
      <trkpt lat="45.936325" lon="13.670543">
        <ele>102.796616</ele>
        <time>2026-07-17T15:15:38.225Z</time>
      </trkpt>
      <trkpt lat="45.936242" lon="13.670671">
        <ele>103.281604</ele>
        <time>2026-07-17T15:15:41.930Z</time>
      </trkpt>
      <trkpt lat="45.935577" lon="13.671747">
        <ele>107.270779</ele>
        <time>2026-07-17T15:16:16.859Z</time>
      </trkpt>
      <trkpt lat="45.935260" lon="13.672132">
        <ele>108.924258</ele>
        <time>2026-07-17T15:16:31.206Z</time>
      </trkpt>
      <trkpt lat="45.934952" lon="13.672415">
        <ele>110.188840</ele>
        <time>2026-07-17T15:16:43.976Z</time>
      </trkpt>
      <trkpt lat="45.934464" lon="13.673015">
        <ele>111.953348</ele>
        <time>2026-07-17T15:17:02.538Z</time>
      </trkpt>
      <trkpt lat="45.934348" lon="13.673120">
        <ele>112.330034</ele>
        <time>2026-07-17T15:17:05.867Z</time>
      </trkpt>
      <trkpt lat="45.934255" lon="13.673197">
        <ele>112.624950</ele>
        <time>2026-07-17T15:17:08.308Z</time>
      </trkpt>
      <trkpt lat="45.933715" lon="13.673462">
        <ele>114.192972</ele>
        <time>2026-07-17T15:17:20.440Z</time>
      </trkpt>
      <trkpt lat="45.933275" lon="13.673847">
        <ele>115.854662</ele>
        <time>2026-07-17T15:17:30.618Z</time>
      </trkpt>
      <trkpt lat="45.933030" lon="13.674095">
        <ele>116.902527</ele>
        <time>2026-07-17T15:17:37.196Z</time>
      </trkpt>
      <trkpt lat="45.932901" lon="13.674258">
        <ele>117.503127</ele>
        <time>2026-07-17T15:17:41.713Z</time>
      </trkpt>
      <trkpt lat="45.932826" lon="13.674400">
        <ele>117.936824</ele>
        <time>2026-07-17T15:17:45.274Z</time>
      </trkpt>
      <trkpt lat="45.932709" lon="13.674530">
        <ele>118.453943</ele>
        <time>2026-07-17T15:17:49.912Z</time>
      </trkpt>
      <trkpt lat="45.932447" lon="13.674740">
        <ele>119.502980</ele>
        <time>2026-07-17T15:18:00.035Z</time>
      </trkpt>
      <trkpt lat="45.932354" lon="13.674925">
        <ele>120.058202</ele>
        <time>2026-07-17T15:18:05.720Z</time>
      </trkpt>
      <trkpt lat="45.932343" lon="13.675168">
        <ele>120.650516</ele>
        <time>2026-07-17T15:18:11.911Z</time>
      </trkpt>
      <trkpt lat="45.932316" lon="13.675225">
        <ele>120.818261</ele>
        <time>2026-07-17T15:18:13.708Z</time>
      </trkpt>
      <trkpt lat="45.932149" lon="13.675249">
        <ele>121.672775</ele>
        <time>2026-07-17T15:18:19.923Z</time>
      </trkpt>
      <trkpt lat="45.931993" lon="13.675211">
        <ele>122.587493</ele>
        <time>2026-07-17T15:18:25.870Z</time>
      </trkpt>
      <trkpt lat="45.931905" lon="13.675258">
        <ele>123.130204</ele>
        <time>2026-07-17T15:18:29.431Z</time>
      </trkpt>
      <trkpt lat="45.931722" lon="13.675413">
        <ele>124.358090</ele>
        <time>2026-07-17T15:18:37.443Z</time>
      </trkpt>
      <trkpt lat="45.931121" lon="13.676118">
        <ele>128.842282</ele>
        <time>2026-07-17T15:19:07.354Z</time>
      </trkpt>
      <trkpt lat="45.931128" lon="13.676217">
        <ele>129.242408</ele>
        <time>2026-07-17T15:19:10.024Z</time>
      </trkpt>
      <trkpt lat="45.931188" lon="13.676280">
        <ele>129.671932</ele>
        <time>2026-07-17T15:19:12.893Z</time>
      </trkpt>
      <trkpt lat="45.931338" lon="13.676229">
        <ele>130.563028</ele>
        <time>2026-07-17T15:19:18.858Z</time>
      </trkpt>
      <trkpt lat="45.931604" lon="13.676015">
        <ele>132.415671</ele>
        <time>2026-07-17T15:19:30.655Z</time>
      </trkpt>
      <trkpt lat="45.931786" lon="13.675909">
        <ele>133.661170</ele>
        <time>2026-07-17T15:19:38.216Z</time>
      </trkpt>
      <trkpt lat="45.932206" lon="13.675845">
        <ele>136.340051</ele>
        <time>2026-07-17T15:19:54.311Z</time>
      </trkpt>
      <trkpt lat="45.932541" lon="13.675607">
        <ele>138.710119</ele>
        <time>2026-07-17T15:20:08.581Z</time>
      </trkpt>
      <trkpt lat="45.932605" lon="13.675597">
        <ele>139.118446</ele>
        <time>2026-07-17T15:20:11.024Z</time>
      </trkpt>
      <trkpt lat="45.932632" lon="13.675634">
        <ele>139.355025</ele>
        <time>2026-07-17T15:20:12.466Z</time>
      </trkpt>
      <trkpt lat="45.932625" lon="13.675711">
        <ele>139.697594</ele>
        <time>2026-07-17T15:20:14.546Z</time>
      </trkpt>
      <trkpt lat="45.931914" lon="13.676474">
        <ele>146.545467</ele>
        <time>2026-07-17T15:20:53.265Z</time>
      </trkpt>
      <trkpt lat="45.931824" lon="13.676680">
        <ele>148.137869</ele>
        <time>2026-07-17T15:21:01.953Z</time>
      </trkpt>
      <trkpt lat="45.931708" lon="13.677214">
        <ele>151.799857</ele>
        <time>2026-07-17T15:21:23.505Z</time>
      </trkpt>
      <trkpt lat="45.931505" lon="13.678264">
        <ele>158.933578</ele>
        <time>2026-07-17T15:22:08.936Z</time>
      </trkpt>
      <trkpt lat="45.931361" lon="13.678567">
        <ele>160.571099</ele>
        <time>2026-07-17T15:22:23.379Z</time>
      </trkpt>
      <trkpt lat="45.931089" lon="13.678925">
        <ele>162.388895</ele>
        <time>2026-07-17T15:22:41.243Z</time>
      </trkpt>
      <trkpt lat="45.931031" lon="13.678967">
        <ele>162.709022</ele>
        <time>2026-07-17T15:22:43.908Z</time>
      </trkpt>
      <trkpt lat="45.930932" lon="13.678968">
        <ele>163.197054</ele>
        <time>2026-07-17T15:22:47.841Z</time>
      </trkpt>
      <trkpt lat="45.930799" lon="13.678920">
        <ele>163.873016</ele>
        <time>2026-07-17T15:22:52.833Z</time>
      </trkpt>
      <trkpt lat="45.930646" lon="13.678827">
        <ele>164.691862</ele>
        <time>2026-07-17T15:22:58.233Z</time>
      </trkpt>
      <trkpt lat="45.930554" lon="13.678736">
        <ele>165.242335</ele>
        <time>2026-07-17T15:23:01.487Z</time>
      </trkpt>
      <trkpt lat="45.930425" lon="13.678525">
        <ele>166.205526</ele>
        <time>2026-07-17T15:23:06.559Z</time>
      </trkpt>
      <trkpt lat="45.930388" lon="13.678519">
        <ele>166.389074</ele>
        <time>2026-07-17T15:23:07.412Z</time>
      </trkpt>
      <trkpt lat="45.930335" lon="13.678576">
        <ele>166.715344</ele>
        <time>2026-07-17T15:23:08.823Z</time>
      </trkpt>
      <trkpt lat="45.930358" lon="13.678677">
        <ele>167.079723</ele>
        <time>2026-07-17T15:23:10.412Z</time>
      </trkpt>
      <trkpt lat="45.930501" lon="13.679008">
        <ele>168.415704</ele>
        <time>2026-07-17T15:23:15.278Z</time>
      </trkpt>
      <trkpt lat="45.930648" lon="13.679479">
        <ele>167.992807</ele>
        <time>2026-07-17T15:23:20.081Z</time>
      </trkpt>
      <trkpt lat="45.930709" lon="13.679674">
        <ele>167.714347</ele>
        <time>2026-07-17T15:23:21.860Z</time>
      </trkpt>
      <trkpt lat="45.930701" lon="13.679883">
        <ele>167.441747</ele>
        <time>2026-07-17T15:23:23.583Z</time>
      </trkpt>
      <trkpt lat="45.930541" lon="13.680780">
        <ele>166.235743</ele>
        <time>2026-07-17T15:23:31.113Z</time>
      </trkpt>
      <trkpt lat="45.930491" lon="13.681046">
        <ele>165.876892</ele>
        <time>2026-07-17T15:23:33.160Z</time>
      </trkpt>
      <trkpt lat="45.930310" lon="13.681538">
        <ele>164.963248</ele>
        <time>2026-07-17T15:23:37.000Z</time>
      </trkpt>
      <trkpt lat="45.930270" lon="13.681737">
        <ele>164.028457</ele>
        <time>2026-07-17T15:23:38.356Z</time>
      </trkpt>
      <trkpt lat="45.930259" lon="13.682006">
        <ele>162.812425</ele>
        <time>2026-07-17T15:23:40.063Z</time>
      </trkpt>
      <trkpt lat="45.930349" lon="13.682576">
        <ele>160.174698</ele>
        <time>2026-07-17T15:23:43.651Z</time>
      </trkpt>
      <trkpt lat="45.930337" lon="13.682726">
        <ele>159.493320</ele>
        <time>2026-07-17T15:23:44.582Z</time>
      </trkpt>
      <trkpt lat="45.930276" lon="13.682860">
        <ele>158.770604</ele>
        <time>2026-07-17T15:23:45.558Z</time>
      </trkpt>
      <trkpt lat="45.930099" lon="13.682970">
        <ele>157.519494</ele>
        <time>2026-07-17T15:23:47.257Z</time>
      </trkpt>
      <trkpt lat="45.930024" lon="13.683050">
        <ele>156.913578</ele>
        <time>2026-07-17T15:23:48.085Z</time>
      </trkpt>
      <trkpt lat="45.929790" lon="13.683390">
        <ele>154.755037</ele>
        <time>2026-07-17T15:23:51.044Z</time>
      </trkpt>
      <trkpt lat="45.929749" lon="13.683486">
        <ele>154.246654</ele>
        <time>2026-07-17T15:23:51.739Z</time>
      </trkpt>
      <trkpt lat="45.929572" lon="13.684266">
        <ele>153.777153</ele>
        <time>2026-07-17T15:23:57.098Z</time>
      </trkpt>
      <trkpt lat="45.929524" lon="13.684581">
        <ele>153.882650</ele>
        <time>2026-07-17T15:23:59.568Z</time>
      </trkpt>
      <trkpt lat="45.929489" lon="13.684674">
        <ele>153.917244</ele>
        <time>2026-07-17T15:24:00.591Z</time>
      </trkpt>
      <trkpt lat="45.929284" lon="13.684884">
        <ele>154.035639</ele>
        <time>2026-07-17T15:24:05.583Z</time>
      </trkpt>
      <trkpt lat="45.928986" lon="13.685381">
        <ele>154.250311</ele>
        <time>2026-07-17T15:24:19.989Z</time>
      </trkpt>
      <trkpt lat="45.928845" lon="13.685632">
        <ele>154.355864</ele>
        <time>2026-07-17T15:24:28.348Z</time>
      </trkpt>
      <trkpt lat="45.928695" lon="13.686071">
        <ele>155.097078</ele>
        <time>2026-07-17T15:24:41.545Z</time>
      </trkpt>
      <trkpt lat="45.928534" lon="13.686721">
        <ele>156.501986</ele>
        <time>2026-07-17T15:25:00.704Z</time>
      </trkpt>
      <trkpt lat="45.928428" lon="13.686908">
        <ele>156.993174</ele>
        <time>2026-07-17T15:25:06.785Z</time>
      </trkpt>
      <trkpt lat="45.927996" lon="13.687458">
        <ele>158.682381</ele>
        <time>2026-07-17T15:25:22.742Z</time>
      </trkpt>
      <trkpt lat="45.927888" lon="13.687493">
        <ele>159.006470</ele>
        <time>2026-07-17T15:25:24.561Z</time>
      </trkpt>
      <trkpt lat="45.927863" lon="13.687487">
        <ele>159.080667</ele>
        <time>2026-07-17T15:25:24.898Z</time>
      </trkpt>
      <trkpt lat="45.927492" lon="13.687287">
        <ele>158.601031</ele>
        <time>2026-07-17T15:25:29.076Z</time>
      </trkpt>
      <trkpt lat="45.927056" lon="13.687109">
        <ele>156.115796</ele>
        <time>2026-07-17T15:25:33.192Z</time>
      </trkpt>
      <trkpt lat="45.926547" lon="13.687190">
        <ele>153.307760</ele>
        <time>2026-07-17T15:25:37.792Z</time>
      </trkpt>
      <trkpt lat="45.926347" lon="13.687316">
        <ele>152.110427</ele>
        <time>2026-07-17T15:25:39.746Z</time>
      </trkpt>
      <trkpt lat="45.926192" lon="13.687623">
        <ele>150.663567</ele>
        <time>2026-07-17T15:25:42.124Z</time>
      </trkpt>
      <trkpt lat="45.926069" lon="13.687919">
        <ele>149.262231</ele>
        <time>2026-07-17T15:25:45.257Z</time>
      </trkpt>
      <trkpt lat="45.925930" lon="13.688417">
        <ele>146.830982</ele>
        <time>2026-07-17T15:25:50.248Z</time>
      </trkpt>
      <trkpt lat="45.925679" lon="13.689779">
        <ele>140.447018</ele>
        <time>2026-07-17T15:26:03.562Z</time>
      </trkpt>
      <trkpt lat="45.925665" lon="13.690002">
        <ele>139.432523</ele>
        <time>2026-07-17T15:26:05.510Z</time>
      </trkpt>
      <trkpt lat="45.925737" lon="13.690284">
        <ele>138.059545</ele>
        <time>2026-07-17T15:26:08.073Z</time>
      </trkpt>
      <trkpt lat="45.925716" lon="13.690356">
        <ele>137.496299</ele>
        <time>2026-07-17T15:26:08.736Z</time>
      </trkpt>
      <trkpt lat="45.925683" lon="13.690353">
        <ele>137.153356</ele>
        <time>2026-07-17T15:26:09.145Z</time>
      </trkpt>
      <trkpt lat="45.925596" lon="13.690187">
        <ele>135.653898</ele>
        <time>2026-07-17T15:26:10.892Z</time>
      </trkpt>
      <trkpt lat="45.925526" lon="13.690124">
        <ele>134.797361</ele>
        <time>2026-07-17T15:26:11.882Z</time>
      </trkpt>
      <trkpt lat="45.925157" lon="13.689978">
        <ele>130.827979</ele>
        <time>2026-07-17T15:26:16.448Z</time>
      </trkpt>
      <trkpt lat="45.924921" lon="13.689806">
        <ele>128.083734</ele>
        <time>2026-07-17T15:26:19.587Z</time>
      </trkpt>
      <trkpt lat="45.924793" lon="13.689747">
        <ele>126.689614</ele>
        <time>2026-07-17T15:26:21.192Z</time>
      </trkpt>
      <trkpt lat="45.924242" lon="13.689805">
        <ele>120.959620</ele>
        <time>2026-07-17T15:26:27.855Z</time>
      </trkpt>
      <trkpt lat="45.924038" lon="13.689762">
        <ele>119.113539</ele>
        <time>2026-07-17T15:26:30.413Z</time>
      </trkpt>
      <trkpt lat="45.923613" lon="13.689476">
        <ele>116.557216</ele>
        <time>2026-07-17T15:26:36.512Z</time>
      </trkpt>
      <trkpt lat="45.923311" lon="13.689028">
        <ele>114.193186</ele>
        <time>2026-07-17T15:26:42.531Z</time>
      </trkpt>
      <trkpt lat="45.923235" lon="13.688966">
        <ele>113.717152</ele>
        <time>2026-07-17T15:26:43.767Z</time>
      </trkpt>
      <trkpt lat="45.923033" lon="13.688967">
        <ele>112.616737</ele>
        <time>2026-07-17T15:26:46.672Z</time>
      </trkpt>
      <trkpt lat="45.922939" lon="13.689007">
        <ele>112.082702</ele>
        <time>2026-07-17T15:26:48.072Z</time>
      </trkpt>
      <trkpt lat="45.922764" lon="13.689165">
        <ele>110.956951</ele>
        <time>2026-07-17T15:26:51.012Z</time>
      </trkpt>
      <trkpt lat="45.922557" lon="13.689338">
        <ele>109.652584</ele>
        <time>2026-07-17T15:26:54.367Z</time>
      </trkpt>
      <trkpt lat="45.922357" lon="13.689412">
        <ele>108.606886</ele>
        <time>2026-07-17T15:26:57.122Z</time>
      </trkpt>
      <trkpt lat="45.922175" lon="13.689441">
        <ele>107.680569</ele>
        <time>2026-07-17T15:26:59.546Z</time>
      </trkpt>
      <trkpt lat="45.921827" lon="13.689369">
        <ele>105.902013</ele>
        <time>2026-07-17T15:27:04.149Z</time>
      </trkpt>
      <trkpt lat="45.921684" lon="13.689298">
        <ele>105.136691</ele>
        <time>2026-07-17T15:27:06.116Z</time>
      </trkpt>
      <trkpt lat="45.921488" lon="13.689177">
        <ele>104.057627</ele>
        <time>2026-07-17T15:27:08.868Z</time>
      </trkpt>
      <trkpt lat="45.921359" lon="13.689183">
        <ele>103.404717</ele>
        <time>2026-07-17T15:27:10.541Z</time>
      </trkpt>
      <trkpt lat="45.921308" lon="13.689228">
        <ele>103.102001</ele>
        <time>2026-07-17T15:27:11.313Z</time>
      </trkpt>
      <trkpt lat="45.920606" lon="13.690062">
        <ele>100.296004</ele>
        <time>2026-07-17T15:27:24.107Z</time>
      </trkpt>
      <trkpt lat="45.920518" lon="13.690129">
        <ele>100.235905</ele>
        <time>2026-07-17T15:27:25.915Z</time>
      </trkpt>
      <trkpt lat="45.920400" lon="13.690168">
        <ele>100.162832</ele>
        <time>2026-07-17T15:27:28.524Z</time>
      </trkpt>
      <trkpt lat="45.919971" lon="13.690122">
        <ele>99.903205</ele>
        <time>2026-07-17T15:27:39.346Z</time>
      </trkpt>
      <trkpt lat="45.919773" lon="13.690100">
        <ele>99.783353</ele>
        <time>2026-07-17T15:27:44.313Z</time>
      </trkpt>
      <trkpt lat="45.919530" lon="13.690159">
        <ele>99.634622</ele>
        <time>2026-07-17T15:27:50.448Z</time>
      </trkpt>
      <trkpt lat="45.919247" lon="13.690400">
        <ele>99.464620</ele>
        <time>2026-07-17T15:27:58.242Z</time>
      </trkpt>
      <trkpt lat="45.919109" lon="13.690582">
        <ele>99.527092</ele>
        <time>2026-07-17T15:28:02.136Z</time>
      </trkpt>
      <trkpt lat="45.918540" lon="13.691698">
        <ele>99.848172</ele>
        <time>2026-07-17T15:28:18.088Z</time>
      </trkpt>
      <trkpt lat="45.918428" lon="13.691876">
        <ele>99.903867</ele>
        <time>2026-07-17T15:28:21.652Z</time>
      </trkpt>
      <trkpt lat="45.918241" lon="13.692078">
        <ele>99.981895</ele>
        <time>2026-07-17T15:28:27.577Z</time>
      </trkpt>
      <trkpt lat="45.918085" lon="13.692167">
        <ele>100.037880</ele>
        <time>2026-07-17T15:28:32.490Z</time>
      </trkpt>
      <trkpt lat="45.917633" lon="13.692410">
        <ele>102.418601</ele>
        <time>2026-07-17T15:28:49.386Z</time>
      </trkpt>
      <trkpt lat="45.917447" lon="13.692544">
        <ele>103.554752</ele>
        <time>2026-07-17T15:28:57.000Z</time>
      </trkpt>
      <trkpt lat="45.917293" lon="13.692642">
        <ele>104.474451</ele>
        <time>2026-07-17T15:29:03.699Z</time>
      </trkpt>
      <trkpt lat="45.916932" lon="13.693000">
        <ele>106.869466</ele>
        <time>2026-07-17T15:29:24.378Z</time>
      </trkpt>
      <trkpt lat="45.916678" lon="13.693321">
        <ele>108.716395</ele>
        <time>2026-07-17T15:29:39.480Z</time>
      </trkpt>
      <trkpt lat="45.916448" lon="13.693686">
        <ele>110.194164</ele>
        <time>2026-07-17T15:29:52.107Z</time>
      </trkpt>
      <trkpt lat="45.916293" lon="13.693863">
        <ele>110.677218</ele>
        <time>2026-07-17T15:29:58.558Z</time>
      </trkpt>
      <trkpt lat="45.916165" lon="13.693964">
        <ele>111.033525</ele>
        <time>2026-07-17T15:30:03.124Z</time>
      </trkpt>
      <trkpt lat="45.915991" lon="13.694238">
        <ele>111.663318</ele>
        <time>2026-07-17T15:30:10.587Z</time>
      </trkpt>
      <trkpt lat="45.915889" lon="13.694435">
        <ele>112.080207</ele>
        <time>2026-07-17T15:30:15.128Z</time>
      </trkpt>
      <trkpt lat="45.915561" lon="13.695328">
        <ele>113.794513</ele>
        <time>2026-07-17T15:30:28.484Z</time>
      </trkpt>
      <trkpt lat="45.915304" lon="13.695852">
        <ele>113.331879</ele>
        <time>2026-07-17T15:30:34.323Z</time>
      </trkpt>
      <trkpt lat="45.914741" lon="13.696289">
        <ele>110.970859</ele>
        <time>2026-07-17T15:30:41.580Z</time>
      </trkpt>
      <trkpt lat="45.914572" lon="13.696342">
        <ele>110.332582</ele>
        <time>2026-07-17T15:30:43.272Z</time>
      </trkpt>
      <trkpt lat="45.914473" lon="13.696373">
        <ele>109.958706</ele>
        <time>2026-07-17T15:30:44.247Z</time>
      </trkpt>
      <trkpt lat="45.913821" lon="13.696340">
        <ele>107.430333</ele>
        <time>2026-07-17T15:30:50.180Z</time>
      </trkpt>
      <trkpt lat="45.913564" lon="13.696235">
        <ele>104.899183</ele>
        <time>2026-07-17T15:30:52.537Z</time>
      </trkpt>
      <trkpt lat="45.912918" lon="13.696195">
        <ele>98.773599</ele>
        <time>2026-07-17T15:30:58.082Z</time>
      </trkpt>
      <trkpt lat="45.912798" lon="13.696112">
        <ele>97.511990</ele>
        <time>2026-07-17T15:30:59.208Z</time>
      </trkpt>
      <trkpt lat="45.912735" lon="13.695964">
        <ele>96.368391</ele>
        <time>2026-07-17T15:31:00.225Z</time>
      </trkpt>
      <trkpt lat="45.912605" lon="13.695350">
        <ele>92.138121</ele>
        <time>2026-07-17T15:31:04.032Z</time>
      </trkpt>
      <trkpt lat="45.912566" lon="13.694715">
        <ele>89.101716</ele>
        <time>2026-07-17T15:31:07.929Z</time>
      </trkpt>
      <trkpt lat="45.912531" lon="13.694560">
        <ele>88.499470</ele>
        <time>2026-07-17T15:31:08.953Z</time>
      </trkpt>
      <trkpt lat="45.912426" lon="13.694381">
        <ele>87.634201</ele>
        <time>2026-07-17T15:31:10.437Z</time>
      </trkpt>
      <trkpt lat="45.912274" lon="13.694198">
        <ele>86.580979</ele>
        <time>2026-07-17T15:31:12.282Z</time>
      </trkpt>
      <trkpt lat="45.911966" lon="13.693969">
        <ele>84.739015</ele>
        <time>2026-07-17T15:31:15.593Z</time>
      </trkpt>
      <trkpt lat="45.911613" lon="13.693530">
        <ele>82.259478</ele>
        <time>2026-07-17T15:31:20.289Z</time>
      </trkpt>
      <trkpt lat="45.911520" lon="13.693473">
        <ele>81.722442</ele>
        <time>2026-07-17T15:31:21.358Z</time>
      </trkpt>
      <trkpt lat="45.911020" lon="13.693341">
        <ele>79.284841</ele>
        <time>2026-07-17T15:31:26.747Z</time>
      </trkpt>
      <trkpt lat="45.910740" lon="13.693333">
        <ele>77.991402</ele>
        <time>2026-07-17T15:31:29.555Z</time>
      </trkpt>
      <trkpt lat="45.910210" lon="13.693425">
        <ele>75.525801</ele>
        <time>2026-07-17T15:31:34.671Z</time>
      </trkpt>
      <trkpt lat="45.909753" lon="13.693642">
        <ele>73.302929</ele>
        <time>2026-07-17T15:31:39.132Z</time>
      </trkpt>
      <trkpt lat="45.908964" lon="13.694466">
        <ele>67.080250</ele>
        <time>2026-07-17T15:31:47.809Z</time>
      </trkpt>
      <trkpt lat="45.908698" lon="13.694601">
        <ele>65.207700</ele>
        <time>2026-07-17T15:31:50.289Z</time>
      </trkpt>
      <trkpt lat="45.908532" lon="13.694758">
        <ele>63.888610</ele>
        <time>2026-07-17T15:31:52.064Z</time>
      </trkpt>
      <trkpt lat="45.908189" lon="13.695002">
        <ele>61.348152</ele>
        <time>2026-07-17T15:31:55.592Z</time>
      </trkpt>
      <trkpt lat="45.908089" lon="13.695034">
        <ele>60.725503</ele>
        <time>2026-07-17T15:31:56.587Z</time>
      </trkpt>
      <trkpt lat="45.907998" lon="13.695012">
        <ele>60.404413</ele>
        <time>2026-07-17T15:31:57.483Z</time>
      </trkpt>
      <trkpt lat="45.907901" lon="13.694863">
        <ele>59.910390</ele>
        <time>2026-07-17T15:31:58.876Z</time>
      </trkpt>
      <trkpt lat="45.907845" lon="13.694645">
        <ele>59.347761</ele>
        <time>2026-07-17T15:32:00.460Z</time>
      </trkpt>
      <trkpt lat="45.907766" lon="13.694401">
        <ele>58.696180</ele>
        <time>2026-07-17T15:32:02.318Z</time>
      </trkpt>
      <trkpt lat="45.907529" lon="13.693860">
        <ele>57.148359</ele>
        <time>2026-07-17T15:32:06.804Z</time>
      </trkpt>
      <trkpt lat="45.907441" lon="13.693794">
        <ele>56.802968</ele>
        <time>2026-07-17T15:32:07.860Z</time>
      </trkpt>
      <trkpt lat="45.907165" lon="13.693924">
        <ele>55.792341</ele>
        <time>2026-07-17T15:32:11.001Z</time>
      </trkpt>
      <trkpt lat="45.906763" lon="13.694005">
        <ele>54.458433</ele>
        <time>2026-07-17T15:32:15.327Z</time>
      </trkpt>
      <trkpt lat="45.906505" lon="13.694182">
        <ele>53.983454</ele>
        <time>2026-07-17T15:32:18.211Z</time>
      </trkpt>
      <trkpt lat="45.906338" lon="13.694419">
        <ele>53.593519</ele>
        <time>2026-07-17T15:32:20.492Z</time>
      </trkpt>
      <trkpt lat="45.906060" lon="13.694461">
        <ele>53.129103</ele>
        <time>2026-07-17T15:32:24.501Z</time>
      </trkpt>
      <trkpt lat="45.905945" lon="13.694678">
        <ele>52.813764</ele>
        <time>2026-07-17T15:32:26.516Z</time>
      </trkpt>
      <trkpt lat="45.905760" lon="13.694939">
        <ele>52.383051</ele>
        <time>2026-07-17T15:32:29.536Z</time>
      </trkpt>
      <trkpt lat="45.905648" lon="13.695159">
        <ele>52.067914</ele>
        <time>2026-07-17T15:32:32.157Z</time>
      </trkpt>
      <trkpt lat="45.905583" lon="13.695377">
        <ele>51.793727</ele>
        <time>2026-07-17T15:32:34.887Z</time>
      </trkpt>
      <trkpt lat="45.905543" lon="13.695814">
        <ele>51.691582</ele>
        <time>2026-07-17T15:32:41.147Z</time>
      </trkpt>
      <trkpt lat="45.905599" lon="13.696350">
        <ele>52.055311</ele>
        <time>2026-07-17T15:32:49.664Z</time>
      </trkpt>
      <trkpt lat="45.905730" lon="13.696934">
        <ele>52.467079</ele>
        <time>2026-07-17T15:32:59.556Z</time>
      </trkpt>
      <trkpt lat="45.905505" lon="13.697092">
        <ele>52.708590</ele>
        <time>2026-07-17T15:33:04.955Z</time>
      </trkpt>
      <trkpt lat="45.905410" lon="13.697140">
        <ele>52.805706</ele>
        <time>2026-07-17T15:33:06.859Z</time>
      </trkpt>
      <trkpt lat="45.905071" lon="13.697146">
        <ele>53.132665</ele>
        <time>2026-07-17T15:33:12.384Z</time>
      </trkpt>
      <trkpt lat="45.904736" lon="13.697081">
        <ele>53.184631</ele>
        <time>2026-07-17T15:33:16.789Z</time>
      </trkpt>
      <trkpt lat="45.904480" lon="13.697064">
        <ele>53.059846</ele>
        <time>2026-07-17T15:33:19.823Z</time>
      </trkpt>
      <trkpt lat="45.904284" lon="13.697061">
        <ele>52.964404</ele>
        <time>2026-07-17T15:33:21.987Z</time>
      </trkpt>
      <trkpt lat="45.904080" lon="13.696976">
        <ele>52.860981</ele>
        <time>2026-07-17T15:33:24.286Z</time>
      </trkpt>
      <trkpt lat="45.903857" lon="13.696653">
        <ele>52.706812</ele>
        <time>2026-07-17T15:33:27.789Z</time>
      </trkpt>
      <trkpt lat="45.903531" lon="13.696042">
        <ele>52.445934</ele>
        <time>2026-07-17T15:33:35.563Z</time>
      </trkpt>
      <trkpt lat="45.903403" lon="13.695957">
        <ele>52.476167</ele>
        <time>2026-07-17T15:33:39.159Z</time>
      </trkpt>
      <trkpt lat="45.902897" lon="13.695774">
        <ele>53.291320</ele>
        <time>2026-07-17T15:33:51.938Z</time>
      </trkpt>
      <trkpt lat="45.902587" lon="13.695601">
        <ele>53.810857</ele>
        <time>2026-07-17T15:33:59.602Z</time>
      </trkpt>
      <trkpt lat="45.902566" lon="13.695589">
        <ele>53.846163</ele>
        <time>2026-07-17T15:34:00.235Z</time>
      </trkpt>
      <trkpt lat="45.902499" lon="13.695524">
        <ele>53.972455</ele>
        <time>2026-07-17T15:34:01.998Z</time>
      </trkpt>
      <trkpt lat="45.902448" lon="13.695424">
        <ele>54.107240</ele>
        <time>2026-07-17T15:34:04.082Z</time>
      </trkpt>
      <trkpt lat="45.902441" lon="13.695392">
        <ele>54.143707</ele>
        <time>2026-07-17T15:34:04.580Z</time>
      </trkpt>
      <trkpt lat="45.902427" lon="13.695334">
        <ele>54.210447</ele>
        <time>2026-07-17T15:34:05.500Z</time>
      </trkpt>
      <trkpt lat="45.902453" lon="13.695054">
        <ele>54.517547</ele>
        <time>2026-07-17T15:34:09.997Z</time>
      </trkpt>
      <trkpt lat="45.902428" lon="13.694895">
        <ele>54.694761</ele>
        <time>2026-07-17T15:34:12.644Z</time>
      </trkpt>
      <trkpt lat="45.902274" lon="13.694443">
        <ele>55.192628</ele>
        <time>2026-07-17T15:34:20.321Z</time>
      </trkpt>
      <trkpt lat="45.902226" lon="13.694205">
        <ele>55.036261</ele>
        <time>2026-07-17T15:34:23.618Z</time>
      </trkpt>
      <trkpt lat="45.901605" lon="13.692922">
        <ele>54.050054</ele>
        <time>2026-07-17T15:34:36.007Z</time>
      </trkpt>
      <trkpt lat="45.901325" lon="13.692154">
        <ele>53.441995</ele>
        <time>2026-07-17T15:34:43.321Z</time>
      </trkpt>
      <trkpt lat="45.901229" lon="13.691982">
        <ele>53.192413</ele>
        <time>2026-07-17T15:34:45.108Z</time>
      </trkpt>
      <trkpt lat="45.901083" lon="13.691812">
        <ele>52.886749</ele>
        <time>2026-07-17T15:34:47.244Z</time>
      </trkpt>
      <trkpt lat="45.900942" lon="13.691694">
        <ele>52.621336</ele>
        <time>2026-07-17T15:34:49.049Z</time>
      </trkpt>
      <trkpt lat="45.900835" lon="13.691615">
        <ele>52.425658</ele>
        <time>2026-07-17T15:34:50.338Z</time>
      </trkpt>
      <trkpt lat="45.900583" lon="13.691514">
        <ele>52.000105</ele>
        <time>2026-07-17T15:34:53.190Z</time>
      </trkpt>
      <trkpt lat="45.900413" lon="13.691410">
        <ele>51.699563</ele>
        <time>2026-07-17T15:34:55.277Z</time>
      </trkpt>
      <trkpt lat="45.899928" lon="13.691006">
        <ele>50.787685</ele>
        <time>2026-07-17T15:35:01.859Z</time>
      </trkpt>
      <trkpt lat="45.899804" lon="13.690868">
        <ele>50.593204</ele>
        <time>2026-07-17T15:35:03.614Z</time>
      </trkpt>
      <trkpt lat="45.899460" lon="13.690357">
        <ele>50.190331</ele>
        <time>2026-07-17T15:35:09.115Z</time>
      </trkpt>
      <trkpt lat="45.899406" lon="13.690288">
        <ele>50.131491</ele>
        <time>2026-07-17T15:35:09.944Z</time>
      </trkpt>
      <trkpt lat="45.899211" lon="13.690069">
        <ele>49.929966</ele>
        <time>2026-07-17T15:35:12.854Z</time>
      </trkpt>
      <trkpt lat="45.899179" lon="13.690035">
        <ele>49.897560</ele>
        <time>2026-07-17T15:35:13.344Z</time>
      </trkpt>
      <trkpt lat="45.899079" lon="13.689937">
        <ele>49.799000</ele>
        <time>2026-07-17T15:35:14.846Z</time>
      </trkpt>
      <trkpt lat="45.898783" lon="13.689587">
        <ele>49.486866</ele>
        <time>2026-07-17T15:35:20.209Z</time>
      </trkpt>
      <trkpt lat="45.898499" lon="13.689047">
        <ele>49.225939</ele>
        <time>2026-07-17T15:35:27.749Z</time>
      </trkpt>
      <trkpt lat="45.898363" lon="13.688881">
        <ele>49.287572</ele>
        <time>2026-07-17T15:35:30.641Z</time>
      </trkpt>
      <trkpt lat="45.897630" lon="13.688580">
        <ele>49.550880</ele>
        <time>2026-07-17T15:35:43.733Z</time>
      </trkpt>
      <trkpt lat="45.897467" lon="13.689106">
        <ele>49.689284</ele>
        <time>2026-07-17T15:35:50.269Z</time>
      </trkpt>
      <trkpt lat="45.897066" lon="13.690395">
        <ele>49.594560</ele>
        <time>2026-07-17T15:36:05.083Z</time>
      </trkpt>
      <trkpt lat="45.896642" lon="13.691638">
        <ele>49.264755</ele>
        <time>2026-07-17T15:36:18.165Z</time>
      </trkpt>
      <trkpt lat="45.896446" lon="13.692177">
        <ele>48.958599</ele>
        <time>2026-07-17T15:36:23.429Z</time>
      </trkpt>
      <trkpt lat="45.896012" lon="13.693127">
        <ele>48.106038</ele>
        <time>2026-07-17T15:36:32.676Z</time>
      </trkpt>
      <trkpt lat="45.895824" lon="13.693564">
        <ele>47.720601</ele>
        <time>2026-07-17T15:36:36.807Z</time>
      </trkpt>
      <trkpt lat="45.895751" lon="13.693830">
        <ele>47.506081</ele>
        <time>2026-07-17T15:36:39.176Z</time>
      </trkpt>
      <trkpt lat="45.895740" lon="13.694098">
        <ele>47.304667</ele>
        <time>2026-07-17T15:36:41.471Z</time>
      </trkpt>
      <trkpt lat="45.895770" lon="13.694914">
        <ele>47.289267</ele>
        <time>2026-07-17T15:36:48.922Z</time>
      </trkpt>
      <trkpt lat="45.895796" lon="13.696852">
        <ele>47.373159</ele>
        <time>2026-07-17T15:37:11.274Z</time>
      </trkpt>
      <trkpt lat="45.895787" lon="13.697631">
        <ele>47.394007</ele>
        <time>2026-07-17T15:37:20.410Z</time>
      </trkpt>
      <trkpt lat="45.895544" lon="13.700158">
        <ele>47.473249</ele>
        <time>2026-07-17T15:37:45.550Z</time>
      </trkpt>
      <trkpt lat="45.895486" lon="13.700551">
        <ele>47.489177</ele>
        <time>2026-07-17T15:37:49.649Z</time>
      </trkpt>
      <trkpt lat="45.895425" lon="13.700814">
        <ele>47.500168</ele>
        <time>2026-07-17T15:37:52.529Z</time>
      </trkpt>
      <trkpt lat="45.895167" lon="13.701627">
        <ele>47.535594</ele>
        <time>2026-07-17T15:38:02.168Z</time>
      </trkpt>
      <trkpt lat="45.894793" lon="13.702977">
        <ele>48.031942</ele>
        <time>2026-07-17T15:38:19.395Z</time>
      </trkpt>
      <trkpt lat="45.894405" lon="13.704855">
        <ele>48.692566</ele>
        <time>2026-07-17T15:38:42.925Z</time>
      </trkpt>
      <trkpt lat="45.894234" lon="13.705413">
        <ele>48.848991</ele>
        <time>2026-07-17T15:38:49.907Z</time>
      </trkpt>
      <trkpt lat="45.894102" lon="13.705722">
        <ele>48.942011</ele>
        <time>2026-07-17T15:38:53.965Z</time>
      </trkpt>
      <trkpt lat="45.893904" lon="13.706009">
        <ele>49.045690</ele>
        <time>2026-07-17T15:38:58.407Z</time>
      </trkpt>
      <trkpt lat="45.893680" lon="13.706263">
        <ele>49.150881</ele>
        <time>2026-07-17T15:39:02.832Z</time>
      </trkpt>
      <trkpt lat="45.892052" lon="13.707837">
        <ele>49.478122</ele>
        <time>2026-07-17T15:39:32.751Z</time>
      </trkpt>
      <trkpt lat="45.891171" lon="13.708687">
        <ele>49.962997</ele>
        <time>2026-07-17T15:39:50.168Z</time>
      </trkpt>
      <trkpt lat="45.890193" lon="13.709629">
        <ele>50.741331</ele>
        <time>2026-07-17T15:40:10.679Z</time>
      </trkpt>
      <trkpt lat="45.889302" lon="13.710486">
        <ele>51.733579</ele>
        <time>2026-07-17T15:40:30.860Z</time>
      </trkpt>
      <trkpt lat="45.888998" lon="13.710803">
        <ele>52.074331</ele>
        <time>2026-07-17T15:40:38.265Z</time>
      </trkpt>
      <trkpt lat="45.888811" lon="13.711056">
        <ele>52.301176</ele>
        <time>2026-07-17T15:40:43.340Z</time>
      </trkpt>
      <trkpt lat="45.888567" lon="13.711518">
        <ele>52.657664</ele>
        <time>2026-07-17T15:40:51.480Z</time>
      </trkpt>
      <trkpt lat="45.888199" lon="13.712436">
        <ele>53.308857</ele>
        <time>2026-07-17T15:41:05.321Z</time>
      </trkpt>
      <trkpt lat="45.888062" lon="13.712827">
        <ele>53.485038</ele>
        <time>2026-07-17T15:41:10.437Z</time>
      </trkpt>
      <trkpt lat="45.887237" lon="13.714533">
        <ele>52.733749</ele>
        <time>2026-07-17T15:41:29.152Z</time>
      </trkpt>
      <trkpt lat="45.887114" lon="13.714789">
        <ele>52.621247</ele>
        <time>2026-07-17T15:41:31.734Z</time>
      </trkpt>
      <trkpt lat="45.887089" lon="13.714844">
        <ele>52.597490</ele>
        <time>2026-07-17T15:41:32.287Z</time>
      </trkpt>
      <trkpt lat="45.886866" lon="13.715305">
        <ele>52.448226</ele>
        <time>2026-07-17T15:41:37.084Z</time>
      </trkpt>
      <trkpt lat="45.886834" lon="13.715371">
        <ele>52.427349</ele>
        <time>2026-07-17T15:41:37.767Z</time>
      </trkpt>
      <trkpt lat="45.886574" lon="13.716072">
        <ele>52.221182</ele>
        <time>2026-07-17T15:41:44.851Z</time>
      </trkpt>
      <trkpt lat="45.886469" lon="13.716656">
        <ele>52.064626</ele>
        <time>2026-07-17T15:41:50.980Z</time>
      </trkpt>
      <trkpt lat="45.886466" lon="13.717935">
        <ele>52.032331</ele>
        <time>2026-07-17T15:42:05.202Z</time>
      </trkpt>
      <trkpt lat="45.886472" lon="13.719086">
        <ele>52.226669</ele>
        <time>2026-07-17T15:42:18.056Z</time>
      </trkpt>
      <trkpt lat="45.886444" lon="13.719713">
        <ele>52.332748</ele>
        <time>2026-07-17T15:42:24.917Z</time>
      </trkpt>
      <trkpt lat="45.886362" lon="13.720434">
        <ele>52.362735</ele>
        <time>2026-07-17T15:42:32.623Z</time>
      </trkpt>
      <trkpt lat="45.885879" lon="13.723414">
        <ele>52.834452</ele>
        <time>2026-07-17T15:43:04.193Z</time>
      </trkpt>
      <trkpt lat="45.885776" lon="13.724053">
        <ele>53.092573</ele>
        <time>2026-07-17T15:43:11.372Z</time>
      </trkpt>
      <trkpt lat="45.885318" lon="13.726891">
        <ele>57.776899</ele>
        <time>2026-07-17T15:43:53.916Z</time>
      </trkpt>
      <trkpt lat="45.885195" lon="13.727667">
        <ele>60.106217</ele>
        <time>2026-07-17T15:44:18.108Z</time>
      </trkpt>
      <trkpt lat="45.885142" lon="13.728352">
        <ele>63.085523</ele>
        <time>2026-07-17T15:44:42.346Z</time>
      </trkpt>
      <trkpt lat="45.885150" lon="13.728703">
        <ele>64.603615</ele>
        <time>2026-07-17T15:44:54.960Z</time>
      </trkpt>
      <trkpt lat="45.885205" lon="13.729285">
        <ele>67.142521</ele>
        <time>2026-07-17T15:45:13.378Z</time>
      </trkpt>
      <trkpt lat="45.885212" lon="13.730032">
        <ele>69.995951</ele>
        <time>2026-07-17T15:45:30.137Z</time>
      </trkpt>
      <trkpt lat="45.885259" lon="13.731185">
        <ele>70.131158</ele>
        <time>2026-07-17T15:45:40.328Z</time>
      </trkpt>
      <trkpt lat="45.885325" lon="13.731691">
        <ele>70.191423</ele>
        <time>2026-07-17T15:45:45.465Z</time>
      </trkpt>
      <trkpt lat="45.885339" lon="13.732161">
        <ele>70.246494</ele>
        <time>2026-07-17T15:45:51.084Z</time>
      </trkpt>
      <trkpt lat="45.885320" lon="13.732551">
        <ele>70.241517</ele>
        <time>2026-07-17T15:45:54.456Z</time>
      </trkpt>
      <trkpt lat="45.885301" lon="13.732678">
        <ele>70.076913</ele>
        <time>2026-07-17T15:45:55.471Z</time>
      </trkpt>
      <trkpt lat="45.885163" lon="13.733365">
        <ele>69.170850</ele>
        <time>2026-07-17T15:46:00.696Z</time>
      </trkpt>
      <trkpt lat="45.885157" lon="13.733708">
        <ele>68.736075</ele>
        <time>2026-07-17T15:46:03.222Z</time>
      </trkpt>
      <trkpt lat="45.885214" lon="13.733949">
        <ele>68.413542</ele>
        <time>2026-07-17T15:46:05.187Z</time>
      </trkpt>
      <trkpt lat="45.885324" lon="13.734144">
        <ele>68.095495</ele>
        <time>2026-07-17T15:46:07.136Z</time>
      </trkpt>
      <trkpt lat="45.885546" lon="13.734393">
        <ele>67.582786</ele>
        <time>2026-07-17T15:46:10.143Z</time>
      </trkpt>
      <trkpt lat="45.885689" lon="13.734541">
        <ele>67.261952</ele>
        <time>2026-07-17T15:46:11.926Z</time>
      </trkpt>
      <trkpt lat="45.886009" lon="13.734894">
        <ele>67.713435</ele>
        <time>2026-07-17T15:46:16.184Z</time>
      </trkpt>
      <trkpt lat="45.886091" lon="13.735086">
        <ele>68.124158</ele>
        <time>2026-07-17T15:46:18.834Z</time>
      </trkpt>
      <trkpt lat="45.886108" lon="13.735171">
        <ele>68.285412</ele>
        <time>2026-07-17T15:46:20.076Z</time>
      </trkpt>
      <trkpt lat="45.886731" lon="13.736539">
        <ele>71.266135</ele>
        <time>2026-07-17T15:46:59.716Z</time>
      </trkpt>
      <trkpt lat="45.886891" lon="13.736881">
        <ele>71.720977</ele>
        <time>2026-07-17T15:47:07.986Z</time>
      </trkpt>
      <trkpt lat="45.887012" lon="13.737073">
        <ele>71.714237</ele>
        <time>2026-07-17T15:47:12.671Z</time>
      </trkpt>
      <trkpt lat="45.887324" lon="13.737313">
        <ele>71.701004</ele>
        <time>2026-07-17T15:47:20.091Z</time>
      </trkpt>
      <trkpt lat="45.887591" lon="13.737557">
        <ele>71.689173</ele>
        <time>2026-07-17T15:47:24.828Z</time>
      </trkpt>
      <trkpt lat="45.887717" lon="13.737673">
        <ele>71.683578</ele>
        <time>2026-07-17T15:47:26.634Z</time>
      </trkpt>
      <trkpt lat="45.887934" lon="13.737841">
        <ele>71.674361</ele>
        <time>2026-07-17T15:47:29.331Z</time>
      </trkpt>
      <trkpt lat="45.888262" lon="13.738091">
        <ele>71.660479</ele>
        <time>2026-07-17T15:47:33.245Z</time>
      </trkpt>
      <trkpt lat="45.888337" lon="13.738221">
        <ele>71.427971</ele>
        <time>2026-07-17T15:47:34.576Z</time>
      </trkpt>
      <trkpt lat="45.888598" lon="13.739210">
        <ele>67.942954</ele>
        <time>2026-07-17T15:47:41.842Z</time>
      </trkpt>
      <trkpt lat="45.888626" lon="13.739432">
        <ele>67.199574</ele>
        <time>2026-07-17T15:47:43.285Z</time>
      </trkpt>
      <trkpt lat="45.888649" lon="13.739609">
        <ele>66.606301</ele>
        <time>2026-07-17T15:47:44.445Z</time>
      </trkpt>
      <trkpt lat="45.888633" lon="13.739973">
        <ele>65.404569</ele>
        <time>2026-07-17T15:47:46.768Z</time>
      </trkpt>
      <trkpt lat="45.888598" lon="13.740147">
        <ele>64.807796</ele>
        <time>2026-07-17T15:47:47.926Z</time>
      </trkpt>
      <trkpt lat="45.888434" lon="13.740508">
        <ele>63.387410</ele>
        <time>2026-07-17T15:47:50.686Z</time>
      </trkpt>
      <trkpt lat="45.888210" lon="13.740851">
        <ele>62.423977</ele>
        <time>2026-07-17T15:47:53.697Z</time>
      </trkpt>
      <trkpt lat="45.888170" lon="13.740934">
        <ele>62.240666</ele>
        <time>2026-07-17T15:47:54.348Z</time>
      </trkpt>
      <trkpt lat="45.888101" lon="13.741259">
        <ele>61.623685</ele>
        <time>2026-07-17T15:47:56.505Z</time>
      </trkpt>
      <trkpt lat="45.888093" lon="13.741550">
        <ele>61.094870</ele>
        <time>2026-07-17T15:47:58.423Z</time>
      </trkpt>
      <trkpt lat="45.888182" lon="13.742776">
        <ele>58.856606</ele>
        <time>2026-07-17T15:48:08.552Z</time>
      </trkpt>
      <trkpt lat="45.888193" lon="13.742923">
        <ele>58.588143</ele>
        <time>2026-07-17T15:48:10.513Z</time>
      </trkpt>
      <trkpt lat="45.888205" lon="13.743066">
        <ele>58.656605</ele>
        <time>2026-07-17T15:48:12.603Z</time>
      </trkpt>
      <trkpt lat="45.888254" lon="13.743678">
        <ele>60.491578</ele>
        <time>2026-07-17T15:48:23.632Z</time>
      </trkpt>
      <trkpt lat="45.888256" lon="13.743800">
        <ele>60.855078</ele>
        <time>2026-07-17T15:48:26.124Z</time>
      </trkpt>
      <trkpt lat="45.888247" lon="13.744065">
        <ele>61.645368</ele>
        <time>2026-07-17T15:48:31.710Z</time>
      </trkpt>
      <trkpt lat="45.888227" lon="13.744390">
        <ele>62.617215</ele>
        <time>2026-07-17T15:48:39.089Z</time>
      </trkpt>
      <trkpt lat="45.888085" lon="13.745243">
        <ele>65.229690</ele>
        <time>2026-07-17T15:49:02.090Z</time>
      </trkpt>
      <trkpt lat="45.888044" lon="13.745464">
        <ele>65.910961</ele>
        <time>2026-07-17T15:49:08.752Z</time>
      </trkpt>
      <trkpt lat="45.887919" lon="13.746151">
        <ele>69.819405</ele>
        <time>2026-07-17T15:49:29.910Z</time>
      </trkpt>
      <trkpt lat="45.887799" lon="13.747069">
        <ele>75.259182</ele>
        <time>2026-07-17T15:50:00.284Z</time>
      </trkpt>
      <trkpt lat="45.887726" lon="13.748031">
        <ele>80.894954</ele>
        <time>2026-07-17T15:50:37.254Z</time>
      </trkpt>
      <trkpt lat="45.887705" lon="13.748211">
        <ele>81.765219</ele>
        <time>2026-07-17T15:50:44.491Z</time>
      </trkpt>
      <trkpt lat="45.887477" lon="13.748960">
        <ele>85.319772</ele>
        <time>2026-07-17T15:51:15.495Z</time>
      </trkpt>
      <trkpt lat="45.887436" lon="13.749223">
        <ele>86.491660</ele>
        <time>2026-07-17T15:51:24.449Z</time>
      </trkpt>
      <trkpt lat="45.887448" lon="13.749591">
        <ele>88.093527</ele>
        <time>2026-07-17T15:51:35.289Z</time>
      </trkpt>
      <trkpt lat="45.887524" lon="13.750020">
        <ele>90.018341</ele>
        <time>2026-07-17T15:51:46.395Z</time>
      </trkpt>
      <trkpt lat="45.887607" lon="13.750695">
        <ele>92.061284</ele>
        <time>2026-07-17T15:51:57.615Z</time>
      </trkpt>
      <trkpt lat="45.887590" lon="13.751056">
        <ele>91.026947</ele>
        <time>2026-07-17T15:52:00.610Z</time>
      </trkpt>
      <trkpt lat="45.887552" lon="13.751544">
        <ele>89.623215</ele>
        <time>2026-07-17T15:52:04.009Z</time>
      </trkpt>
      <trkpt lat="45.887454" lon="13.752177">
        <ele>87.769458</ele>
        <time>2026-07-17T15:52:08.157Z</time>
      </trkpt>
      <trkpt lat="45.887331" lon="13.752785">
        <ele>85.959464</ele>
        <time>2026-07-17T15:52:12.112Z</time>
      </trkpt>
      <trkpt lat="45.887292" lon="13.753070">
        <ele>85.129145</ele>
        <time>2026-07-17T15:52:13.953Z</time>
      </trkpt>
      <trkpt lat="45.887305" lon="13.753328">
        <ele>84.126477</ele>
        <time>2026-07-17T15:52:15.602Z</time>
      </trkpt>
      <trkpt lat="45.887375" lon="13.753601">
        <ele>82.961446</ele>
        <time>2026-07-17T15:52:17.442Z</time>
      </trkpt>
      <trkpt lat="45.887480" lon="13.753825">
        <ele>81.880015</ele>
        <time>2026-07-17T15:52:19.137Z</time>
      </trkpt>
      <trkpt lat="45.887563" lon="13.753938">
        <ele>81.222170</ele>
        <time>2026-07-17T15:52:20.166Z</time>
      </trkpt>
      <trkpt lat="45.887652" lon="13.754007">
        <ele>80.640361</ele>
        <time>2026-07-17T15:52:21.088Z</time>
      </trkpt>
      <trkpt lat="45.887839" lon="13.754088">
        <ele>79.516726</ele>
        <time>2026-07-17T15:52:22.861Z</time>
      </trkpt>
      <trkpt lat="45.888033" lon="13.754108">
        <ele>78.397785</ele>
        <time>2026-07-17T15:52:24.646Z</time>
      </trkpt>
      <trkpt lat="45.888094" lon="13.754143">
        <ele>78.019902</ele>
        <time>2026-07-17T15:52:25.249Z</time>
      </trkpt>
      <trkpt lat="45.888184" lon="13.754249">
        <ele>77.350386</ele>
        <time>2026-07-17T15:52:26.338Z</time>
      </trkpt>
      <trkpt lat="45.888209" lon="13.754316">
        <ele>77.045972</ele>
        <time>2026-07-17T15:52:26.831Z</time>
      </trkpt>
      <trkpt lat="45.888209" lon="13.754422">
        <ele>76.621506</ele>
        <time>2026-07-17T15:52:27.537Z</time>
      </trkpt>
      <trkpt lat="45.888069" lon="13.754761">
        <ele>75.043065</ele>
        <time>2026-07-17T15:52:30.218Z</time>
      </trkpt>
      <trkpt lat="45.888015" lon="13.755016">
        <ele>74.355515</ele>
        <time>2026-07-17T15:52:32.061Z</time>
      </trkpt>
      <trkpt lat="45.888049" lon="13.755272">
        <ele>73.860009</ele>
        <time>2026-07-17T15:52:33.812Z</time>
      </trkpt>
      <trkpt lat="45.888163" lon="13.755517">
        <ele>73.299704</ele>
        <time>2026-07-17T15:52:35.730Z</time>
      </trkpt>
      <trkpt lat="45.888363" lon="13.755767">
        <ele>72.575576</ele>
        <time>2026-07-17T15:52:38.227Z</time>
      </trkpt>
      <trkpt lat="45.888622" lon="13.755880">
        <ele>71.836224</ele>
        <time>2026-07-17T15:52:40.957Z</time>
      </trkpt>
      <trkpt lat="45.888664" lon="13.755921">
        <ele>71.697525</ele>
        <time>2026-07-17T15:52:41.506Z</time>
      </trkpt>
      <trkpt lat="45.888719" lon="13.756151">
        <ele>71.235152</ele>
        <time>2026-07-17T15:52:43.529Z</time>
      </trkpt>
      <trkpt lat="45.888714" lon="13.756339">
        <ele>70.877456</ele>
        <time>2026-07-17T15:52:45.365Z</time>
      </trkpt>
      <trkpt lat="45.888644" lon="13.756637">
        <ele>70.279491</ele>
        <time>2026-07-17T15:52:48.505Z</time>
      </trkpt>
      <trkpt lat="45.888599" lon="13.757004">
        <ele>69.722858</ele>
        <time>2026-07-17T15:52:52.470Z</time>
      </trkpt>
      <trkpt lat="45.888622" lon="13.757357">
        <ele>69.525091</ele>
        <time>2026-07-17T15:52:55.800Z</time>
      </trkpt>
      <trkpt lat="45.888657" lon="13.757469">
        <ele>69.456608</ele>
        <time>2026-07-17T15:52:56.834Z</time>
      </trkpt>
      <trkpt lat="45.888741" lon="13.757598">
        <ele>69.358072</ele>
        <time>2026-07-17T15:52:58.453Z</time>
      </trkpt>
      <trkpt lat="45.888813" lon="13.757723">
        <ele>69.267568</ele>
        <time>2026-07-17T15:53:00.076Z</time>
      </trkpt>
      <trkpt lat="45.888861" lon="13.757866">
        <ele>69.179011</ele>
        <time>2026-07-17T15:53:01.610Z</time>
      </trkpt>
      <trkpt lat="45.888899" lon="13.758079">
        <ele>69.056357</ele>
        <time>2026-07-17T15:53:03.801Z</time>
      </trkpt>
      <trkpt lat="45.888929" lon="13.758501">
        <ele>68.819738</ele>
        <time>2026-07-17T15:53:08.019Z</time>
      </trkpt>
      <trkpt lat="45.888995" lon="13.759747">
        <ele>68.056080</ele>
        <time>2026-07-17T15:53:17.804Z</time>
      </trkpt>
      <trkpt lat="45.889025" lon="13.760849">
        <ele>67.256136</ele>
        <time>2026-07-17T15:53:26.400Z</time>
      </trkpt>
      <trkpt lat="45.889002" lon="13.761828">
        <ele>66.545616</ele>
        <time>2026-07-17T15:53:35.421Z</time>
      </trkpt>
      <trkpt lat="45.888969" lon="13.762880">
        <ele>67.192131</ele>
        <time>2026-07-17T15:53:47.608Z</time>
      </trkpt>
      <trkpt lat="45.888996" lon="13.763397">
        <ele>67.586542</ele>
        <time>2026-07-17T15:53:54.765Z</time>
      </trkpt>
      <trkpt lat="45.889068" lon="13.763906">
        <ele>67.981676</ele>
        <time>2026-07-17T15:54:02.541Z</time>
      </trkpt>
      <trkpt lat="45.889603" lon="13.766432">
        <ele>71.070941</ele>
        <time>2026-07-17T15:54:44.067Z</time>
      </trkpt>
      <trkpt lat="45.889647" lon="13.766596">
        <ele>71.297609</ele>
        <time>2026-07-17T15:54:46.538Z</time>
      </trkpt>
      <trkpt lat="45.889889" lon="13.767504">
        <ele>72.500379</ele>
        <time>2026-07-17T15:55:00.821Z</time>
      </trkpt>
      <trkpt lat="45.890007" lon="13.767863">
        <ele>72.978950</ele>
        <time>2026-07-17T15:55:07.167Z</time>
      </trkpt>
      <trkpt lat="45.890276" lon="13.768439">
        <ele>73.815076</ele>
        <time>2026-07-17T15:55:17.292Z</time>
      </trkpt>
      <trkpt lat="45.890506" lon="13.768782">
        <ele>74.389189</ele>
        <time>2026-07-17T15:55:24.184Z</time>
      </trkpt>
      <trkpt lat="45.890678" lon="13.768941">
        <ele>74.743396</ele>
        <time>2026-07-17T15:55:28.863Z</time>
      </trkpt>
      <trkpt lat="45.890886" lon="13.769121">
        <ele>75.400203</ele>
        <time>2026-07-17T15:55:34.491Z</time>
      </trkpt>
      <trkpt lat="45.891040" lon="13.769318">
        <ele>76.058170</ele>
        <time>2026-07-17T15:55:39.339Z</time>
      </trkpt>
      <trkpt lat="45.891054" lon="13.769354">
        <ele>76.149760</ele>
        <time>2026-07-17T15:55:39.988Z</time>
      </trkpt>
      <trkpt lat="45.891116" lon="13.769524">
        <ele>76.576021</ele>
        <time>2026-07-17T15:55:43.184Z</time>
      </trkpt>
      <trkpt lat="45.891160" lon="13.769683">
        <ele>76.956046</ele>
        <time>2026-07-17T15:55:46.069Z</time>
      </trkpt>
      <trkpt lat="45.891445" lon="13.770857">
        <ele>79.717524</ele>
        <time>2026-07-17T15:56:10.856Z</time>
      </trkpt>
      <trkpt lat="45.891661" lon="13.771793">
        <ele>82.596102</ele>
        <time>2026-07-17T15:56:33.804Z</time>
      </trkpt>
      <trkpt lat="45.891725" lon="13.771990">
        <ele>83.337689</ele>
        <time>2026-07-17T15:56:38.453Z</time>
      </trkpt>
      <trkpt lat="45.891785" lon="13.772090">
        <ele>83.788050</ele>
        <time>2026-07-17T15:56:41.392Z</time>
      </trkpt>
      <trkpt lat="45.891873" lon="13.772167">
        <ele>84.293016</ele>
        <time>2026-07-17T15:56:44.851Z</time>
      </trkpt>
      <trkpt lat="45.892035" lon="13.772206">
        <ele>85.098031</ele>
        <time>2026-07-17T15:56:50.523Z</time>
      </trkpt>
      <trkpt lat="45.892130" lon="13.772176">
        <ele>85.574731</ele>
        <time>2026-07-17T15:56:53.925Z</time>
      </trkpt>
      <trkpt lat="45.892220" lon="13.772104">
        <ele>86.079579</ele>
        <time>2026-07-17T15:56:57.474Z</time>
      </trkpt>
      <trkpt lat="45.892507" lon="13.771565">
        <ele>88.394476</ele>
        <time>2026-07-17T15:57:14.428Z</time>
      </trkpt>
      <trkpt lat="45.892584" lon="13.771591">
        <ele>88.782127</ele>
        <time>2026-07-17T15:57:17.358Z</time>
      </trkpt>
      <trkpt lat="45.892621" lon="13.771698">
        <ele>89.189674</ele>
        <time>2026-07-17T15:57:20.362Z</time>
      </trkpt>
      <trkpt lat="45.892586" lon="13.771857">
        <ele>89.787912</ele>
        <time>2026-07-17T15:57:24.702Z</time>
      </trkpt>
      <trkpt lat="45.892442" lon="13.772218">
        <ele>91.337339</ele>
        <time>2026-07-17T15:57:35.756Z</time>
      </trkpt>
      <trkpt lat="45.892408" lon="13.772479">
        <ele>92.326137</ele>
        <time>2026-07-17T15:57:42.618Z</time>
      </trkpt>
      <trkpt lat="45.892418" lon="13.772616">
        <ele>92.839100</ele>
        <time>2026-07-17T15:57:46.310Z</time>
      </trkpt>
      <trkpt lat="45.892547" lon="13.773067">
        <ele>94.654836</ele>
        <time>2026-07-17T15:57:59.546Z</time>
      </trkpt>
      <trkpt lat="45.892527" lon="13.773279">
        <ele>95.451507</ele>
        <time>2026-07-17T15:58:05.135Z</time>
      </trkpt>
      <trkpt lat="45.892487" lon="13.773362">
        <ele>95.827445</ele>
        <time>2026-07-17T15:58:07.661Z</time>
      </trkpt>
      <trkpt lat="45.892384" lon="13.773512">
        <ele>96.612106</ele>
        <time>2026-07-17T15:58:12.756Z</time>
      </trkpt>
      <trkpt lat="45.892320" lon="13.773559">
        <ele>96.996661</ele>
        <time>2026-07-17T15:58:15.206Z</time>
      </trkpt>
      <trkpt lat="45.891447" lon="13.773539">
        <ele>101.779945</ele>
        <time>2026-07-17T15:58:44.246Z</time>
      </trkpt>
      <trkpt lat="45.891326" lon="13.773600">
        <ele>102.495474</ele>
        <time>2026-07-17T15:58:48.700Z</time>
      </trkpt>
      <trkpt lat="45.891297" lon="13.773681">
        <ele>102.849237</ele>
        <time>2026-07-17T15:58:50.922Z</time>
      </trkpt>
      <trkpt lat="45.891298" lon="13.773764">
        <ele>103.171637</ele>
        <time>2026-07-17T15:58:52.993Z</time>
      </trkpt>
      <trkpt lat="45.891376" lon="13.773866">
        <ele>103.760158</ele>
        <time>2026-07-17T15:58:56.747Z</time>
      </trkpt>
      <trkpt lat="45.892160" lon="13.774209">
        <ele>108.333147</ele>
        <time>2026-07-17T15:59:27.724Z</time>
      </trkpt>
      <trkpt lat="45.892324" lon="13.774269">
        <ele>109.296231</ele>
        <time>2026-07-17T15:59:35.218Z</time>
      </trkpt>
      <trkpt lat="45.892560" lon="13.774283">
        <ele>110.751641</ele>
        <time>2026-07-17T15:59:46.034Z</time>
      </trkpt>
      <trkpt lat="45.892601" lon="13.774276">
        <ele>111.006050</ele>
        <time>2026-07-17T15:59:47.907Z</time>
      </trkpt>
      <trkpt lat="45.892967" lon="13.774165">
        <ele>113.310942</ele>
        <time>2026-07-17T16:00:04.404Z</time>
      </trkpt>
      <trkpt lat="45.893074" lon="13.774209">
        <ele>113.996720</ele>
        <time>2026-07-17T16:00:08.899Z</time>
      </trkpt>
      <trkpt lat="45.893141" lon="13.774281">
        <ele>114.512256</ele>
        <time>2026-07-17T16:00:12.088Z</time>
      </trkpt>
      <trkpt lat="45.893165" lon="13.774317">
        <ele>114.726043</ele>
        <time>2026-07-17T16:00:13.550Z</time>
      </trkpt>
      <trkpt lat="45.893384" lon="13.774900">
        <ele>117.567183</ele>
        <time>2026-07-17T16:00:30.864Z</time>
      </trkpt>
      <trkpt lat="45.893481" lon="13.775097">
        <ele>118.602071</ele>
        <time>2026-07-17T16:00:37.013Z</time>
      </trkpt>
      <trkpt lat="45.893575" lon="13.775258">
        <ele>119.503294</ele>
        <time>2026-07-17T16:00:42.684Z</time>
      </trkpt>
      <trkpt lat="45.893668" lon="13.775407">
        <ele>120.288369</ele>
        <time>2026-07-17T16:00:48.190Z</time>
      </trkpt>
      <trkpt lat="45.893752" lon="13.775530">
        <ele>120.729079</ele>
        <time>2026-07-17T16:00:52.784Z</time>
      </trkpt>
      <trkpt lat="45.893961" lon="13.775896">
        <ele>121.939841</ele>
        <time>2026-07-17T16:01:03.212Z</time>
      </trkpt>
      <trkpt lat="45.894000" lon="13.775884">
        <ele>122.086398</ele>
        <time>2026-07-17T16:01:04.416Z</time>
      </trkpt>
      <trkpt lat="45.894129" lon="13.775898">
        <ele>122.561765</ele>
        <time>2026-07-17T16:01:08.295Z</time>
      </trkpt>
      <trkpt lat="45.894398" lon="13.776283">
        <ele>123.956937</ele>
        <time>2026-07-17T16:01:19.794Z</time>
      </trkpt>
      <trkpt lat="45.894520" lon="13.776503">
        <ele>124.676330</ele>
        <time>2026-07-17T16:01:25.842Z</time>
      </trkpt>
      <trkpt lat="45.894577" lon="13.776411">
        <ele>124.991333</ele>
        <time>2026-07-17T16:01:28.786Z</time>
      </trkpt>
      <trkpt lat="45.894637" lon="13.776287">
        <ele>125.377563</ele>
        <time>2026-07-17T16:01:32.248Z</time>
      </trkpt>
      <trkpt lat="45.894577" lon="13.776411">
        <ele>125.763792</ele>
        <time>2026-07-17T16:01:35.530Z</time>
      </trkpt>
      <trkpt lat="45.894520" lon="13.776503">
        <ele>126.078796</ele>
        <time>2026-07-17T16:01:37.890Z</time>
      </trkpt>
      <trkpt lat="45.894636" lon="13.776763">
        <ele>126.811344</ele>
        <time>2026-07-17T16:01:42.711Z</time>
      </trkpt>
      <trkpt lat="45.894715" lon="13.776842">
        <ele>126.909342</ele>
        <time>2026-07-17T16:01:44.750Z</time>
      </trkpt>
      <trkpt lat="45.894843" lon="13.777158">
        <ele>127.168429</ele>
        <time>2026-07-17T16:01:49.923Z</time>
      </trkpt>
      <trkpt lat="45.894534" lon="13.777012">
        <ele>127.499614</ele>
        <time>2026-07-17T16:01:56.504Z</time>
      </trkpt>
      <trkpt lat="45.894492" lon="13.776993">
        <ele>127.544446</ele>
        <time>2026-07-17T16:01:57.505Z</time>
      </trkpt>
      <trkpt lat="45.894283" lon="13.776991">
        <ele>127.757246</ele>
        <time>2026-07-17T16:02:02.235Z</time>
      </trkpt>
      <trkpt lat="45.894110" lon="13.777097">
        <ele>127.948735</ele>
        <time>2026-07-17T16:02:06.060Z</time>
      </trkpt>
      <trkpt lat="45.893996" lon="13.777119">
        <ele>128.065847</ele>
        <time>2026-07-17T16:02:08.153Z</time>
      </trkpt>
      <trkpt lat="45.893987" lon="13.777121">
        <ele>128.075120</ele>
        <time>2026-07-17T16:02:08.328Z</time>
      </trkpt>
      <trkpt lat="45.893887" lon="13.777135">
        <ele>128.177418</ele>
        <time>2026-07-17T16:02:09.969Z</time>
      </trkpt>
      <trkpt lat="45.893833" lon="13.777114">
        <ele>128.234377</ele>
        <time>2026-07-17T16:02:10.803Z</time>
      </trkpt>
      <trkpt lat="45.893761" lon="13.777478">
        <ele>128.502532</ele>
        <time>2026-07-17T16:02:14.137Z</time>
      </trkpt>
      <trkpt lat="45.893733" lon="13.777636">
        <ele>128.618068</ele>
        <time>2026-07-17T16:02:15.602Z</time>
      </trkpt>
      <trkpt lat="45.893683" lon="13.777994">
        <ele>128.441815</ele>
        <time>2026-07-17T16:02:19.047Z</time>
      </trkpt>
      <trkpt lat="45.893666" lon="13.778529">
        <ele>128.176751</ele>
        <time>2026-07-17T16:02:24.159Z</time>
      </trkpt>
      <trkpt lat="45.893653" lon="13.779322">
        <ele>127.784161</ele>
        <time>2026-07-17T16:02:31.141Z</time>
      </trkpt>
      <trkpt lat="45.893652" lon="13.779386">
        <ele>127.752477</ele>
        <time>2026-07-17T16:02:31.698Z</time>
      </trkpt>
      <trkpt lat="45.893638" lon="13.780606">
        <ele>127.281881</ele>
        <time>2026-07-17T16:02:41.806Z</time>
      </trkpt>
      <trkpt lat="45.893630" lon="13.781264">
        <ele>127.181050</ele>
        <time>2026-07-17T16:02:47.586Z</time>
      </trkpt>
      <trkpt lat="45.893619" lon="13.782198">
        <ele>127.037926</ele>
        <time>2026-07-17T16:02:57.270Z</time>
      </trkpt>
      <trkpt lat="45.893618" lon="13.782275">
        <ele>127.026127</ele>
        <time>2026-07-17T16:02:58.127Z</time>
      </trkpt>
      <trkpt lat="45.893614" lon="13.782475">
        <ele>126.995471</ele>
        <time>2026-07-17T16:03:00.407Z</time>
      </trkpt>
      <trkpt lat="45.893606" lon="13.782902">
        <ele>127.040249</ele>
        <time>2026-07-17T16:03:05.460Z</time>
      </trkpt>
      <trkpt lat="45.893584" lon="13.784850">
        <ele>128.840915</ele>
        <time>2026-07-17T16:03:31.711Z</time>
      </trkpt>
      <trkpt lat="45.893582" lon="13.784982">
        <ele>128.962944</ele>
        <time>2026-07-17T16:03:33.582Z</time>
      </trkpt>
      <trkpt lat="45.893536" lon="13.787532">
        <ele>133.713256</ele>
        <time>2026-07-17T16:04:17.335Z</time>
      </trkpt>
      <trkpt lat="45.893535" lon="13.787720">
        <ele>134.096329</ele>
        <time>2026-07-17T16:04:21.596Z</time>
      </trkpt>
      <trkpt lat="45.893532" lon="13.787870">
        <ele>134.402090</ele>
        <time>2026-07-17T16:04:25.164Z</time>
      </trkpt>
      <trkpt lat="45.893523" lon="13.788585">
        <ele>136.571883</ele>
        <time>2026-07-17T16:04:42.545Z</time>
      </trkpt>
      <trkpt lat="45.893522" lon="13.788646">
        <ele>136.766568</ele>
        <time>2026-07-17T16:04:44.094Z</time>
      </trkpt>
      <trkpt lat="45.893510" lon="13.789445">
        <ele>139.316511</ele>
        <time>2026-07-17T16:05:04.526Z</time>
      </trkpt>
      <trkpt lat="45.893509" lon="13.789513">
        <ele>139.533525</ele>
        <time>2026-07-17T16:05:06.223Z</time>
      </trkpt>
      <trkpt lat="45.893508" lon="13.789552">
        <ele>139.658046</ele>
        <time>2026-07-17T16:05:07.216Z</time>
      </trkpt>
      <trkpt lat="45.893508" lon="13.789580">
        <ele>139.747385</ele>
        <time>2026-07-17T16:05:07.924Z</time>
      </trkpt>
      <trkpt lat="45.893507" lon="13.789624">
        <ele>139.887849</ele>
        <time>2026-07-17T16:05:09.036Z</time>
      </trkpt>
      <trkpt lat="45.893504" lon="13.789845">
        <ele>140.593123</ele>
        <time>2026-07-17T16:05:14.481Z</time>
      </trkpt>
      <trkpt lat="45.893499" lon="13.790210">
        <ele>141.757945</ele>
        <time>2026-07-17T16:05:23.032Z</time>
      </trkpt>
      <trkpt lat="45.893497" lon="13.790320">
        <ele>142.109039</ele>
        <time>2026-07-17T16:05:25.527Z</time>
      </trkpt>
      <trkpt lat="45.893507" lon="13.790495">
        <ele>142.669286</ele>
        <time>2026-07-17T16:05:29.219Z</time>
      </trkpt>
      <trkpt lat="45.893600" lon="13.790611">
        <ele>142.974056</ele>
        <time>2026-07-17T16:05:32.745Z</time>
      </trkpt>
      <trkpt lat="45.893563" lon="13.790745">
        <ele>143.126360</ele>
        <time>2026-07-17T16:05:35.417Z</time>
      </trkpt>
      <trkpt lat="45.893529" lon="13.790930">
        <ele>143.328512</ele>
        <time>2026-07-17T16:05:38.721Z</time>
      </trkpt>
      <trkpt lat="45.893516" lon="13.791003">
        <ele>143.408121</ele>
        <time>2026-07-17T16:05:39.934Z</time>
      </trkpt>
      <trkpt lat="45.893480" lon="13.791320">
        <ele>143.747460</ele>
        <time>2026-07-17T16:05:44.894Z</time>
      </trkpt>
      <trkpt lat="45.893473" lon="13.791749">
        <ele>144.200822</ele>
        <time>2026-07-17T16:05:50.698Z</time>
      </trkpt>
      <trkpt lat="45.893459" lon="13.792752">
        <ele>145.260704</ele>
        <time>2026-07-17T16:06:02.058Z</time>
      </trkpt>
      <trkpt lat="45.893459" lon="13.792818">
        <ele>145.330433</ele>
        <time>2026-07-17T16:06:02.767Z</time>
      </trkpt>
      <trkpt lat="45.893454" lon="13.793050">
        <ele>145.575658</ele>
        <time>2026-07-17T16:06:05.279Z</time>
      </trkpt>
      <trkpt lat="45.893449" lon="13.793563">
        <ele>146.621147</ele>
        <time>2026-07-17T16:06:11.527Z</time>
      </trkpt>
      <trkpt lat="45.893442" lon="13.794070">
        <ele>147.654569</ele>
        <time>2026-07-17T16:06:19.672Z</time>
      </trkpt>
      <trkpt lat="45.893425" lon="13.794614">
        <ele>148.764309</ele>
        <time>2026-07-17T16:06:30.584Z</time>
      </trkpt>
      <trkpt lat="45.893335" lon="13.795142">
        <ele>149.872125</ele>
        <time>2026-07-17T16:06:43.585Z</time>
      </trkpt>
      <trkpt lat="45.893236" lon="13.795426">
        <ele>150.519427</ele>
        <time>2026-07-17T16:06:51.459Z</time>
      </trkpt>
      <trkpt lat="45.892796" lon="13.796477">
        <ele>150.413326</ele>
        <time>2026-07-17T16:07:17.138Z</time>
      </trkpt>
      <trkpt lat="45.892659" lon="13.796911">
        <ele>150.221953</ele>
        <time>2026-07-17T16:07:23.044Z</time>
      </trkpt>
      <trkpt lat="45.892611" lon="13.797157">
        <ele>150.119355</ele>
        <time>2026-07-17T16:07:25.017Z</time>
      </trkpt>
      <trkpt lat="45.892593" lon="13.797483">
        <ele>149.988029</ele>
        <time>2026-07-17T16:07:27.235Z</time>
      </trkpt>
      <trkpt lat="45.892619" lon="13.797781">
        <ele>149.867422</ele>
        <time>2026-07-17T16:07:29.138Z</time>
      </trkpt>
      <trkpt lat="45.892687" lon="13.798055">
        <ele>149.087476</ele>
        <time>2026-07-17T16:07:30.908Z</time>
      </trkpt>
      <trkpt lat="45.892740" lon="13.798215">
        <ele>148.140218</ele>
        <time>2026-07-17T16:07:31.980Z</time>
      </trkpt>
      <trkpt lat="45.892845" lon="13.798412">
        <ele>146.813771</ele>
        <time>2026-07-17T16:07:33.478Z</time>
      </trkpt>
      <trkpt lat="45.892995" lon="13.798632">
        <ele>145.167415</ele>
        <time>2026-07-17T16:07:35.334Z</time>
      </trkpt>
      <trkpt lat="45.893248" lon="13.798849">
        <ele>142.904284</ele>
        <time>2026-07-17T16:07:37.901Z</time>
      </trkpt>
      <trkpt lat="45.893500" lon="13.798967">
        <ele>140.868552</ele>
        <time>2026-07-17T16:07:40.219Z</time>
      </trkpt>
      <trkpt lat="45.893649" lon="13.799015">
        <ele>139.695715</ele>
        <time>2026-07-17T16:07:41.556Z</time>
      </trkpt>
      <trkpt lat="45.894087" lon="13.799142">
        <ele>136.263750</ele>
        <time>2026-07-17T16:07:45.552Z</time>
      </trkpt>
      <trkpt lat="45.894541" lon="13.799312">
        <ele>133.792617</ele>
        <time>2026-07-17T16:07:49.960Z</time>
      </trkpt>
      <trkpt lat="45.894764" lon="13.799446">
        <ele>132.567508</ele>
        <time>2026-07-17T16:07:52.355Z</time>
      </trkpt>
      <trkpt lat="45.894984" lon="13.799608">
        <ele>131.314561</ele>
        <time>2026-07-17T16:07:54.772Z</time>
      </trkpt>
      <trkpt lat="45.895195" lon="13.799834">
        <ele>129.980690</ele>
        <time>2026-07-17T16:07:57.306Z</time>
      </trkpt>
      <trkpt lat="45.895351" lon="13.800045">
        <ele>128.894815</ele>
        <time>2026-07-17T16:07:59.342Z</time>
      </trkpt>
      <trkpt lat="45.895573" lon="13.800479">
        <ele>126.994893</ele>
        <time>2026-07-17T16:08:02.855Z</time>
      </trkpt>
      <trkpt lat="45.895813" lon="13.801097">
        <ele>124.264336</ele>
        <time>2026-07-17T16:08:07.393Z</time>
      </trkpt>
      <trkpt lat="45.895915" lon="13.801521">
        <ele>122.525836</ele>
        <time>2026-07-17T16:08:10.244Z</time>
      </trkpt>
      <trkpt lat="45.895959" lon="13.801822">
        <ele>121.333933</ele>
        <time>2026-07-17T16:08:12.207Z</time>
      </trkpt>
      <trkpt lat="45.895963" lon="13.802313">
        <ele>119.431054</ele>
        <time>2026-07-17T16:08:15.364Z</time>
      </trkpt>
      <trkpt lat="45.895920" lon="13.802514">
        <ele>118.616159</ele>
        <time>2026-07-17T16:08:16.721Z</time>
      </trkpt>
      <trkpt lat="45.895766" lon="13.802892">
        <ele>116.918783</ele>
        <time>2026-07-17T16:08:19.553Z</time>
      </trkpt>
      <trkpt lat="45.895640" lon="13.803177">
        <ele>116.134757</ele>
        <time>2026-07-17T16:08:21.762Z</time>
      </trkpt>
      <trkpt lat="45.894879" lon="13.804797">
        <ele>111.743532</ele>
        <time>2026-07-17T16:08:35.297Z</time>
      </trkpt>
      <trkpt lat="45.894774" lon="13.805007">
        <ele>111.162576</ele>
        <time>2026-07-17T16:08:37.461Z</time>
      </trkpt>
      <trkpt lat="45.894608" lon="13.805355">
        <ele>111.348105</ele>
        <time>2026-07-17T16:08:41.677Z</time>
      </trkpt>
      <trkpt lat="45.894187" lon="13.806136">
        <ele>112.133541</ele>
        <time>2026-07-17T16:08:55.496Z</time>
      </trkpt>
      <trkpt lat="45.893971" lon="13.806584">
        <ele>112.566865</ele>
        <time>2026-07-17T16:09:04.883Z</time>
      </trkpt>
      <trkpt lat="45.893065" lon="13.808670">
        <ele>114.452602</ele>
        <time>2026-07-17T16:09:43.721Z</time>
      </trkpt>
      <trkpt lat="45.892579" lon="13.809818">
        <ele>114.420550</ele>
        <time>2026-07-17T16:09:55.845Z</time>
      </trkpt>
      <trkpt lat="45.892494" lon="13.810033">
        <ele>114.127072</ele>
        <time>2026-07-17T16:09:57.776Z</time>
      </trkpt>
      <trkpt lat="45.892467" lon="13.810103">
        <ele>114.032084</ele>
        <time>2026-07-17T16:09:58.391Z</time>
      </trkpt>
      <trkpt lat="45.892312" lon="13.810574">
        <ele>113.413714</ele>
        <time>2026-07-17T16:10:02.308Z</time>
      </trkpt>
      <trkpt lat="45.892097" lon="13.811451">
        <ele>112.310115</ele>
        <time>2026-07-17T16:10:09.215Z</time>
      </trkpt>
      <trkpt lat="45.891866" lon="13.812157">
        <ele>111.608232</ele>
        <time>2026-07-17T16:10:15.249Z</time>
      </trkpt>
      <trkpt lat="45.891744" lon="13.812527">
        <ele>111.300956</ele>
        <time>2026-07-17T16:10:18.517Z</time>
      </trkpt>
      <trkpt lat="45.891203" lon="13.814095">
        <ele>110.089467</ele>
        <time>2026-07-17T16:10:33.801Z</time>
      </trkpt>
      <trkpt lat="45.890778" lon="13.815237">
        <ele>110.606179</ele>
        <time>2026-07-17T16:10:47.861Z</time>
      </trkpt>
      <trkpt lat="45.890646" lon="13.815553">
        <ele>110.753231</ele>
        <time>2026-07-17T16:10:52.641Z</time>
      </trkpt>
      <trkpt lat="45.889890" lon="13.816918">
        <ele>112.127230</ele>
        <time>2026-07-17T16:11:17.681Z</time>
      </trkpt>
      <trkpt lat="45.889370" lon="13.817857">
        <ele>113.497543</ele>
        <time>2026-07-17T16:11:36.274Z</time>
      </trkpt>
      <trkpt lat="45.889237" lon="13.818115">
        <ele>113.864185</ele>
        <time>2026-07-17T16:11:41.337Z</time>
      </trkpt>
      <trkpt lat="45.889067" lon="13.818485">
        <ele>114.119559</ele>
        <time>2026-07-17T16:11:48.159Z</time>
      </trkpt>
      <trkpt lat="45.888967" lon="13.818768">
        <ele>114.209959</ele>
        <time>2026-07-17T16:11:52.741Z</time>
      </trkpt>
      <trkpt lat="45.888823" lon="13.819378">
        <ele>114.393430</ele>
        <time>2026-07-17T16:12:01.314Z</time>
      </trkpt>
      <trkpt lat="45.888765" lon="13.819705">
        <ele>114.489547</ele>
        <time>2026-07-17T16:12:05.295Z</time>
      </trkpt>
      <trkpt lat="45.888457" lon="13.821343">
        <ele>113.740242</ele>
        <time>2026-07-17T16:12:20.075Z</time>
      </trkpt>
      <trkpt lat="45.888405" lon="13.821663">
        <ele>113.258785</ele>
        <time>2026-07-17T16:12:22.529Z</time>
      </trkpt>
      <trkpt lat="45.888314" lon="13.822184">
        <ele>112.471772</ele>
        <time>2026-07-17T16:12:26.428Z</time>
      </trkpt>
      <trkpt lat="45.888262" lon="13.822682">
        <ele>111.733959</ele>
        <time>2026-07-17T16:12:30.060Z</time>
      </trkpt>
      <trkpt lat="45.888247" lon="13.822793">
        <ele>111.568290</ele>
        <time>2026-07-17T16:12:30.882Z</time>
      </trkpt>
      <trkpt lat="45.888238" lon="13.822860">
        <ele>111.468313</ele>
        <time>2026-07-17T16:12:31.379Z</time>
      </trkpt>
      <trkpt lat="45.888138" lon="13.823379">
        <ele>110.644358</ele>
        <time>2026-07-17T16:12:35.279Z</time>
      </trkpt>
      <trkpt lat="45.888086" lon="13.823722">
        <ele>110.071468</ele>
        <time>2026-07-17T16:12:37.839Z</time>
      </trkpt>
      <trkpt lat="45.887949" lon="13.824628">
        <ele>108.558408</ele>
        <time>2026-07-17T16:12:44.625Z</time>
      </trkpt>
      <trkpt lat="45.887750" lon="13.825805">
        <ele>106.639094</ele>
        <time>2026-07-17T16:12:53.868Z</time>
      </trkpt>
      <trkpt lat="45.887721" lon="13.825965">
        <ele>106.451888</ele>
        <time>2026-07-17T16:12:55.130Z</time>
      </trkpt>
      <trkpt lat="45.887487" lon="13.827389">
        <ele>104.795193</ele>
        <time>2026-07-17T16:13:06.548Z</time>
      </trkpt>
      <trkpt lat="45.887425" lon="13.827667">
        <ele>104.464655</ele>
        <time>2026-07-17T16:13:08.969Z</time>
      </trkpt>
      <trkpt lat="45.887403" lon="13.827744">
        <ele>104.370410</ele>
        <time>2026-07-17T16:13:09.671Z</time>
      </trkpt>
      <trkpt lat="45.887348" lon="13.827913">
        <ele>104.159171</ele>
        <time>2026-07-17T16:13:11.250Z</time>
      </trkpt>
      <trkpt lat="45.887109" lon="13.828476">
        <ele>103.472650</ele>
        <time>2026-07-17T16:13:16.745Z</time>
      </trkpt>
      <trkpt lat="45.886955" lon="13.828714">
        <ele>103.156093</ele>
        <time>2026-07-17T16:13:19.341Z</time>
      </trkpt>
      <trkpt lat="45.886717" lon="13.828990">
        <ele>102.728026</ele>
        <time>2026-07-17T16:13:22.882Z</time>
      </trkpt>
      <trkpt lat="45.886440" lon="13.829238">
        <ele>102.271236</ele>
        <time>2026-07-17T16:13:26.697Z</time>
      </trkpt>
      <trkpt lat="45.886203" lon="13.829453">
        <ele>101.878952</ele>
        <time>2026-07-17T16:13:29.885Z</time>
      </trkpt>
      <trkpt lat="45.886046" lon="13.829616">
        <ele>101.607853</ele>
        <time>2026-07-17T16:13:32.087Z</time>
      </trkpt>
      <trkpt lat="45.885805" lon="13.829958">
        <ele>101.361413</ele>
        <time>2026-07-17T16:13:35.949Z</time>
      </trkpt>
      <trkpt lat="45.885582" lon="13.830457">
        <ele>101.467697</ele>
        <time>2026-07-17T16:13:40.891Z</time>
      </trkpt>
      <trkpt lat="45.885502" lon="13.830710">
        <ele>101.517503</ele>
        <time>2026-07-17T16:13:43.648Z</time>
      </trkpt>
      <trkpt lat="45.885452" lon="13.830990">
        <ele>101.569314</ele>
        <time>2026-07-17T16:13:47.028Z</time>
      </trkpt>
      <trkpt lat="45.885401" lon="13.831502">
        <ele>101.662018</ele>
        <time>2026-07-17T16:13:53.634Z</time>
      </trkpt>
      <trkpt lat="45.885444" lon="13.832140">
        <ele>101.776905</ele>
        <time>2026-07-17T16:14:02.416Z</time>
      </trkpt>
      <trkpt lat="45.885542" lon="13.832679">
        <ele>102.867787</ele>
        <time>2026-07-17T16:14:11.088Z</time>
      </trkpt>
      <trkpt lat="45.885666" lon="13.833376">
        <ele>104.455663</ele>
        <time>2026-07-17T16:14:24.158Z</time>
      </trkpt>
      <trkpt lat="45.885675" lon="13.833904">
        <ele>105.621418</ele>
        <time>2026-07-17T16:14:34.911Z</time>
      </trkpt>
      <trkpt lat="45.885627" lon="13.834354">
        <ele>106.626256</ele>
        <time>2026-07-17T16:14:44.785Z</time>
      </trkpt>
      <trkpt lat="45.885539" lon="13.834730">
        <ele>107.502224</ele>
        <time>2026-07-17T16:14:54.088Z</time>
      </trkpt>
      <trkpt lat="45.885091" lon="13.836241">
        <ele>111.282306</ele>
        <time>2026-07-17T16:15:31.075Z</time>
      </trkpt>
      <trkpt lat="45.884945" lon="13.836996">
        <ele>113.085849</ele>
        <time>2026-07-17T16:15:43.661Z</time>
      </trkpt>
      <trkpt lat="45.884917" lon="13.837311">
        <ele>113.463137</ele>
        <time>2026-07-17T16:15:47.886Z</time>
      </trkpt>
      <trkpt lat="45.884909" lon="13.837684">
        <ele>113.516811</ele>
        <time>2026-07-17T16:15:52.336Z</time>
      </trkpt>
      <trkpt lat="45.884948" lon="13.838406">
        <ele>113.620970</ele>
        <time>2026-07-17T16:16:00.709Z</time>
      </trkpt>
      <trkpt lat="45.884981" lon="13.839040">
        <ele>113.712414</ele>
        <time>2026-07-17T16:16:07.431Z</time>
      </trkpt>
      <trkpt lat="45.884984" lon="13.839188">
        <ele>113.733711</ele>
        <time>2026-07-17T16:16:08.970Z</time>
      </trkpt>
      <trkpt lat="45.884947" lon="13.839695">
        <ele>113.807033</ele>
        <time>2026-07-17T16:16:13.970Z</time>
      </trkpt>
      <trkpt lat="45.884915" lon="13.839868">
        <ele>113.548451</ele>
        <time>2026-07-17T16:16:15.527Z</time>
      </trkpt>
      <trkpt lat="45.884817" lon="13.840428">
        <ele>112.536680</ele>
        <time>2026-07-17T16:16:19.945Z</time>
      </trkpt>
      <trkpt lat="45.884773" lon="13.840855">
        <ele>111.780331</ele>
        <time>2026-07-17T16:16:23.042Z</time>
      </trkpt>
      <trkpt lat="45.884806" lon="13.841237">
        <ele>111.105851</ele>
        <time>2026-07-17T16:16:25.747Z</time>
      </trkpt>
      <trkpt lat="45.884855" lon="13.841556">
        <ele>110.533448</ele>
        <time>2026-07-17T16:16:27.994Z</time>
      </trkpt>
      <trkpt lat="45.884805" lon="13.841570">
        <ele>110.405221</ele>
        <time>2026-07-17T16:16:28.496Z</time>
      </trkpt>
      <trkpt lat="45.884593" lon="13.841734">
        <ele>109.799127</ele>
        <time>2026-07-17T16:16:30.886Z</time>
      </trkpt>
      <trkpt lat="45.884539" lon="13.841819">
        <ele>109.597486</ele>
        <time>2026-07-17T16:16:31.695Z</time>
      </trkpt>
      <trkpt lat="45.884307" lon="13.842485">
        <ele>108.265602</ele>
        <time>2026-07-17T16:16:37.136Z</time>
      </trkpt>
      <trkpt lat="45.884098" lon="13.842796">
        <ele>107.487564</ele>
        <time>2026-07-17T16:16:40.383Z</time>
      </trkpt>
      <trkpt lat="45.883999" lon="13.842931">
        <ele>107.134631</ele>
        <time>2026-07-17T16:16:41.888Z</time>
      </trkpt>
      <trkpt lat="45.883938" lon="13.843013">
        <ele>106.918625</ele>
        <time>2026-07-17T16:16:42.826Z</time>
      </trkpt>
      <trkpt lat="45.883914" lon="13.843046">
        <ele>106.832727</ele>
        <time>2026-07-17T16:16:43.200Z</time>
      </trkpt>
      <trkpt lat="45.883782" lon="13.843234">
        <ele>106.352122</ele>
        <time>2026-07-17T16:16:45.252Z</time>
      </trkpt>
      <trkpt lat="45.883697" lon="13.843355">
        <ele>106.042718</ele>
        <time>2026-07-17T16:16:46.516Z</time>
      </trkpt>
      <trkpt lat="45.883671" lon="13.843392">
        <ele>105.948092</ele>
        <time>2026-07-17T16:16:46.889Z</time>
      </trkpt>
      <trkpt lat="45.883413" lon="13.843844">
        <ele>104.896023</ele>
        <time>2026-07-17T16:16:51.117Z</time>
      </trkpt>
      <trkpt lat="45.883238" lon="13.844166">
        <ele>104.242400</ele>
        <time>2026-07-17T16:16:54.041Z</time>
      </trkpt>
      <trkpt lat="45.882947" lon="13.844549">
        <ele>103.398319</ele>
        <time>2026-07-17T16:16:58.013Z</time>
      </trkpt>
      <trkpt lat="45.882874" lon="13.844651">
        <ele>103.180521</ele>
        <time>2026-07-17T16:16:59.025Z</time>
      </trkpt>
      <trkpt lat="45.882823" lon="13.844825">
        <ele>102.899443</ele>
        <time>2026-07-17T16:17:00.351Z</time>
      </trkpt>
      <trkpt lat="45.882756" lon="13.845239">
        <ele>102.266639</ele>
        <time>2026-07-17T16:17:03.381Z</time>
      </trkpt>
      <trkpt lat="45.882734" lon="13.845419">
        <ele>101.994554</ele>
        <time>2026-07-17T16:17:04.716Z</time>
      </trkpt>
      <trkpt lat="45.882753" lon="13.845625">
        <ele>101.685179</ele>
        <time>2026-07-17T16:17:06.277Z</time>
      </trkpt>
      <trkpt lat="45.882840" lon="13.846100">
        <ele>100.953927</ele>
        <time>2026-07-17T16:17:10.632Z</time>
      </trkpt>
      <trkpt lat="45.882848" lon="13.846141">
        <ele>100.890533</ele>
        <time>2026-07-17T16:17:11.156Z</time>
      </trkpt>
      <trkpt lat="45.882873" lon="13.846268">
        <ele>100.763685</ele>
        <time>2026-07-17T16:17:12.783Z</time>
      </trkpt>
      <trkpt lat="45.882956" lon="13.846245">
        <ele>100.719205</ele>
        <time>2026-07-17T16:17:14.426Z</time>
      </trkpt>
      <trkpt lat="45.882970" lon="13.846856">
        <ele>100.495270</ele>
        <time>2026-07-17T16:17:22.305Z</time>
      </trkpt>
      <trkpt lat="45.883013" lon="13.847105">
        <ele>100.401295</ele>
        <time>2026-07-17T16:17:25.783Z</time>
      </trkpt>
      <trkpt lat="45.883062" lon="13.847171">
        <ele>100.365949</ele>
        <time>2026-07-17T16:17:26.941Z</time>
      </trkpt>
      <trkpt lat="45.883208" lon="13.847329">
        <ele>100.269762</ele>
        <time>2026-07-17T16:17:29.906Z</time>
      </trkpt>
      <trkpt lat="45.883259" lon="13.847446">
        <ele>100.219195</ele>
        <time>2026-07-17T16:17:31.324Z</time>
      </trkpt>
      <trkpt lat="45.883249" lon="13.847618">
        <ele>100.155971</ele>
        <time>2026-07-17T16:17:32.880Z</time>
      </trkpt>
      <trkpt lat="45.883180" lon="13.847984">
        <ele>100.017074</ele>
        <time>2026-07-17T16:17:36.045Z</time>
      </trkpt>
      <trkpt lat="45.883199" lon="13.848222">
        <ele>99.929321</ele>
        <time>2026-07-17T16:17:37.906Z</time>
      </trkpt>
      <trkpt lat="45.883180" lon="13.847984">
        <ele>99.841569</ele>
        <time>2026-07-17T16:17:39.740Z</time>
      </trkpt>
      <trkpt lat="45.883128" lon="13.848194">
        <ele>99.436096</ele>
        <time>2026-07-17T16:17:41.424Z</time>
      </trkpt>
      <trkpt lat="45.883080" lon="13.848269">
        <ele>99.247767</ele>
        <time>2026-07-17T16:17:42.163Z</time>
      </trkpt>
      <trkpt lat="45.882833" lon="13.848339">
        <ele>98.579227</ele>
        <time>2026-07-17T16:17:44.710Z</time>
      </trkpt>
      <trkpt lat="45.882663" lon="13.848281">
        <ele>98.115242</ele>
        <time>2026-07-17T16:17:46.443Z</time>
      </trkpt>
      <trkpt lat="45.882513" lon="13.848230">
        <ele>97.705919</ele>
        <time>2026-07-17T16:17:47.964Z</time>
      </trkpt>
      <trkpt lat="45.882472" lon="13.848240">
        <ele>97.595487</ele>
        <time>2026-07-17T16:17:50.791Z</time>
      </trkpt>
      <trkpt lat="45.882440" lon="13.848295">
        <ele>97.462982</ele>
        <time>2026-07-17T16:17:54.262Z</time>
      </trkpt>
      <trkpt lat="45.882394" lon="13.848494">
        <ele>97.075370</ele>
        <time>2026-07-17T16:18:04.224Z</time>
      </trkpt>
      <trkpt lat="45.882277" lon="13.849050">
        <ele>96.001641</ele>
        <time>2026-07-17T16:18:32.305Z</time>
      </trkpt>
      <trkpt lat="45.882159" lon="13.850151">
        <ele>95.002810</ele>
        <time>2026-07-17T16:19:30.052Z</time>
      </trkpt>
      <trkpt lat="45.882072" lon="13.850643">
        <ele>94.951830</ele>
        <time>2026-07-17T16:19:58.099Z</time>
      </trkpt>
      <trkpt lat="45.881880" lon="13.851555">
        <ele>94.856141</ele>
        <time>2026-07-17T16:20:51.621Z</time>
      </trkpt>
      <trkpt lat="45.881870" lon="13.851923">
        <ele>94.819155</ele>
        <time>2026-07-17T16:21:12.593Z</time>
      </trkpt>
      <trkpt lat="45.881855" lon="13.852557">
        <ele>95.148287</ele>
        <time>2026-07-17T16:21:49.228Z</time>
      </trkpt>
      <trkpt lat="45.881810" lon="13.853005">
        <ele>95.468768</ele>
        <time>2026-07-17T16:22:15.721Z</time>
      </trkpt>
      <trkpt lat="45.881750" lon="13.853672">
        <ele>95.944949</ele>
        <time>2026-07-17T16:22:54.647Z</time>
      </trkpt>
      <trkpt lat="45.881643" lon="13.854445">
        <ele>96.502970</ele>
        <time>2026-07-17T16:23:40.206Z</time>
      </trkpt>
      <trkpt lat="45.881513" lon="13.855007">
        <ele>96.853813</ele>
        <time>2026-07-17T16:24:15.964Z</time>
      </trkpt>
      <trkpt lat="45.881362" lon="13.855340">
        <ele>97.068463</ele>
        <time>2026-07-17T16:24:39.724Z</time>
      </trkpt>
      <trkpt lat="45.881300" lon="13.855486">
        <ele>97.160833</ele>
        <time>2026-07-17T16:24:49.744Z</time>
      </trkpt>
      <trkpt lat="45.881260" lon="13.855580">
        <ele>97.220338</ele>
        <time>2026-07-17T16:24:51.122Z</time>
      </trkpt>
      <trkpt lat="45.881188" lon="13.855667">
        <ele>97.293336</ele>
        <time>2026-07-17T16:24:52.783Z</time>
      </trkpt>
      <trkpt lat="45.881080" lon="13.855691">
        <ele>97.378126</ele>
        <time>2026-07-17T16:24:54.555Z</time>
      </trkpt>
      <trkpt lat="45.880394" lon="13.855778">
        <ele>97.912440</ele>
        <time>2026-07-17T16:25:05.774Z</time>
      </trkpt>
      <trkpt lat="45.880123" lon="13.856256">
        <ele>98.553175</ele>
        <time>2026-07-17T16:25:12.609Z</time>
      </trkpt>
      <trkpt lat="45.879959" lon="13.856959">
        <ele>99.523445</ele>
        <time>2026-07-17T16:25:20.087Z</time>
      </trkpt>
      <trkpt lat="45.879936" lon="13.856994">
        <ele>99.586431</ele>
        <time>2026-07-17T16:25:20.667Z</time>
      </trkpt>
      <trkpt lat="45.879852" lon="13.857074">
        <ele>99.775890</ele>
        <time>2026-07-17T16:25:22.481Z</time>
      </trkpt>
      <trkpt lat="45.879497" lon="13.857288">
        <ele>100.499609</ele>
        <time>2026-07-17T16:25:31.182Z</time>
      </trkpt>
      <trkpt lat="45.879282" lon="13.857470">
        <ele>100.968732</ele>
        <time>2026-07-17T16:25:38.706Z</time>
      </trkpt>
      <trkpt lat="45.879289" lon="13.857584">
        <ele>101.118500</ele>
        <time>2026-07-17T16:25:41.722Z</time>
      </trkpt>
      <trkpt lat="45.879160" lon="13.858260">
        <ele>103.320524</ele>
        <time>2026-07-17T16:26:01.257Z</time>
      </trkpt>
      <trkpt lat="45.879130" lon="13.858351">
        <ele>103.722902</ele>
        <time>2026-07-17T16:26:04.298Z</time>
      </trkpt>
      <trkpt lat="45.878954" lon="13.858628">
        <ele>105.221609</ele>
        <time>2026-07-17T16:26:16.161Z</time>
      </trkpt>
      <trkpt lat="45.878782" lon="13.858758">
        <ele>106.337295</ele>
        <time>2026-07-17T16:26:25.499Z</time>
      </trkpt>
      <trkpt lat="45.878515" lon="13.859060">
        <ele>108.288119</ele>
        <time>2026-07-17T16:26:42.102Z</time>
      </trkpt>
      <trkpt lat="45.878325" lon="13.859138">
        <ele>109.422462</ele>
        <time>2026-07-17T16:26:51.253Z</time>
      </trkpt>
      <trkpt lat="45.878085" lon="13.859149">
        <ele>110.800855</ele>
        <time>2026-07-17T16:27:01.558Z</time>
      </trkpt>
      <trkpt lat="45.877973" lon="13.860007">
        <ele>113.794009</ele>
        <time>2026-07-17T16:27:22.210Z</time>
      </trkpt>
      <trkpt lat="45.877898" lon="13.860330">
        <ele>114.890791</ele>
        <time>2026-07-17T16:27:30.480Z</time>
      </trkpt>
      <trkpt lat="45.877882" lon="13.860418">
        <ele>115.183761</ele>
        <time>2026-07-17T16:27:32.702Z</time>
      </trkpt>
      <trkpt lat="45.877974" lon="13.860613">
        <ele>115.942537</ele>
        <time>2026-07-17T16:27:38.353Z</time>
      </trkpt>
      <trkpt lat="45.878061" lon="13.860880">
        <ele>116.892128</ele>
        <time>2026-07-17T16:27:44.915Z</time>
      </trkpt>
      <trkpt lat="45.878171" lon="13.861032">
        <ele>117.598356</ele>
        <time>2026-07-17T16:27:49.382Z</time>
      </trkpt>
      <trkpt lat="45.878328" lon="13.861164">
        <ele>118.440063</ele>
        <time>2026-07-17T16:27:54.699Z</time>
      </trkpt>
      <trkpt lat="45.878556" lon="13.861293">
        <ele>119.573873</ele>
        <time>2026-07-17T16:28:01.625Z</time>
      </trkpt>
      <trkpt lat="45.878719" lon="13.861493">
        <ele>120.593590</ele>
        <time>2026-07-17T16:28:08.457Z</time>
      </trkpt>
      <trkpt lat="45.878854" lon="13.861748">
        <ele>121.681996</ele>
        <time>2026-07-17T16:28:16.405Z</time>
      </trkpt>
      <trkpt lat="45.878892" lon="13.862052">
        <ele>122.731346</ele>
        <time>2026-07-17T16:28:24.769Z</time>
      </trkpt>
      <trkpt lat="45.878870" lon="13.862620">
        <ele>124.664097</ele>
        <time>2026-07-17T16:28:39.790Z</time>
      </trkpt>
      <trkpt lat="45.878890" lon="13.863371">
        <ele>127.217469</ele>
        <time>2026-07-17T16:28:58.280Z</time>
      </trkpt>
      <trkpt lat="45.878866" lon="13.863756">
        <ele>128.530731</ele>
        <time>2026-07-17T16:29:07.921Z</time>
      </trkpt>
      <trkpt lat="45.878501" lon="13.865053">
        <ele>131.763126</ele>
        <time>2026-07-17T16:29:35.114Z</time>
      </trkpt>
      <trkpt lat="45.878407" lon="13.865553">
        <ele>132.921308</ele>
        <time>2026-07-17T16:29:44.729Z</time>
      </trkpt>
      <trkpt lat="45.878385" lon="13.865781">
        <ele>133.436049</ele>
        <time>2026-07-17T16:29:49.126Z</time>
      </trkpt>
      <trkpt lat="45.878390" lon="13.866021">
        <ele>133.972993</ele>
        <time>2026-07-17T16:29:53.649Z</time>
      </trkpt>
      <trkpt lat="45.878461" lon="13.866469">
        <ele>134.637509</ele>
        <time>2026-07-17T16:30:01.584Z</time>
      </trkpt>
      <trkpt lat="45.878621" lon="13.867094">
        <ele>134.733590</ele>
        <time>2026-07-17T16:30:11.972Z</time>
      </trkpt>
      <trkpt lat="45.878676" lon="13.867308">
        <ele>134.766504</ele>
        <time>2026-07-17T16:30:15.778Z</time>
      </trkpt>
      <trkpt lat="45.878737" lon="13.867483">
        <ele>134.794742</ele>
        <time>2026-07-17T16:30:18.912Z</time>
      </trkpt>
      <trkpt lat="45.878884" lon="13.867906">
        <ele>134.862956</ele>
        <time>2026-07-17T16:30:24.767Z</time>
      </trkpt>
      <trkpt lat="45.878937" lon="13.868197">
        <ele>134.906356</ele>
        <time>2026-07-17T16:30:27.425Z</time>
      </trkpt>
      <trkpt lat="45.878920" lon="13.868419">
        <ele>134.938580</ele>
        <time>2026-07-17T16:30:29.166Z</time>
      </trkpt>
      <trkpt lat="45.878935" lon="13.868554">
        <ele>134.958305</ele>
        <time>2026-07-17T16:30:30.168Z</time>
      </trkpt>
      <trkpt lat="45.878989" lon="13.868637">
        <ele>134.974696</ele>
        <time>2026-07-17T16:30:30.975Z</time>
      </trkpt>
      <trkpt lat="45.879047" lon="13.868663">
        <ele>134.929424</ele>
        <time>2026-07-17T16:30:31.580Z</time>
      </trkpt>
      <trkpt lat="45.879528" lon="13.868565">
        <ele>132.175348</ele>
        <time>2026-07-17T16:30:36.150Z</time>
      </trkpt>
      <trkpt lat="45.879697" lon="13.868527">
        <ele>131.205622</ele>
        <time>2026-07-17T16:30:37.730Z</time>
      </trkpt>
      <trkpt lat="45.880079" lon="13.868498">
        <ele>129.037046</ele>
        <time>2026-07-17T16:30:41.231Z</time>
      </trkpt>
      <trkpt lat="45.880210" lon="13.868532">
        <ele>128.282384</ele>
        <time>2026-07-17T16:30:42.441Z</time>
      </trkpt>
      <trkpt lat="45.880398" lon="13.868646">
        <ele>127.125544</ele>
        <time>2026-07-17T16:30:44.286Z</time>
      </trkpt>
      <trkpt lat="45.880655" lon="13.868948">
        <ele>125.243221</ele>
        <time>2026-07-17T16:30:47.268Z</time>
      </trkpt>
      <trkpt lat="45.880815" lon="13.869191">
        <ele>123.884839</ele>
        <time>2026-07-17T16:30:49.348Z</time>
      </trkpt>
      <trkpt lat="45.881104" lon="13.869730">
        <ele>121.080826</ele>
        <time>2026-07-17T16:30:53.606Z</time>
      </trkpt>
      <trkpt lat="45.881230" lon="13.870051">
        <ele>119.562016</ele>
        <time>2026-07-17T16:30:55.961Z</time>
      </trkpt>
      <trkpt lat="45.881328" lon="13.870414">
        <ele>117.957360</ele>
        <time>2026-07-17T16:30:58.469Z</time>
      </trkpt>
      <trkpt lat="45.881664" lon="13.872081">
        <ele>111.748544</ele>
        <time>2026-07-17T16:31:09.879Z</time>
      </trkpt>
      <trkpt lat="45.881680" lon="13.872564">
        <ele>110.319581</ele>
        <time>2026-07-17T16:31:13.111Z</time>
      </trkpt>
      <trkpt lat="45.881717" lon="13.872848">
        <ele>109.465742</ele>
        <time>2026-07-17T16:31:15.050Z</time>
      </trkpt>
      <trkpt lat="45.881874" lon="13.873626">
        <ele>107.071973</ele>
        <time>2026-07-17T16:31:20.546Z</time>
      </trkpt>
      <trkpt lat="45.881986" lon="13.873959">
        <ele>106.308507</ele>
        <time>2026-07-17T16:31:23.132Z</time>
      </trkpt>
      <trkpt lat="45.882106" lon="13.874175">
        <ele>106.003662</ele>
        <time>2026-07-17T16:31:25.112Z</time>
      </trkpt>
      <trkpt lat="45.882401" lon="13.874575">
        <ele>105.360848</ele>
        <time>2026-07-17T16:31:29.438Z</time>
      </trkpt>
      <trkpt lat="45.882822" lon="13.875011">
        <ele>104.538439</ele>
        <time>2026-07-17T16:31:35.478Z</time>
      </trkpt>
      <trkpt lat="45.883288" lon="13.875424">
        <ele>103.670788</ele>
        <time>2026-07-17T16:31:43.000Z</time>
      </trkpt>
      <trkpt lat="45.883385" lon="13.875494">
        <ele>103.722875</ele>
        <time>2026-07-17T16:31:44.762Z</time>
      </trkpt>
      <trkpt lat="45.883499" lon="13.875577">
        <ele>103.811634</ele>
        <time>2026-07-17T16:31:46.879Z</time>
      </trkpt>
      <trkpt lat="45.884104" lon="13.875781">
        <ele>104.243213</ele>
        <time>2026-07-17T16:31:57.996Z</time>
      </trkpt>
      <trkpt lat="45.884645" lon="13.875851">
        <ele>104.620447</ele>
        <time>2026-07-17T16:32:08.222Z</time>
      </trkpt>
      <trkpt lat="45.884829" lon="13.875864">
        <ele>104.748386</ele>
        <time>2026-07-17T16:32:11.763Z</time>
      </trkpt>
      <trkpt lat="45.884857" lon="13.875867">
        <ele>104.767885</ele>
        <time>2026-07-17T16:32:12.310Z</time>
      </trkpt>
      <trkpt lat="45.886769" lon="13.876054">
        <ele>106.528330</ele>
        <time>2026-07-17T16:32:48.086Z</time>
      </trkpt>
      <trkpt lat="45.886756" lon="13.876823">
        <ele>106.849456</ele>
        <time>2026-07-17T16:32:57.564Z</time>
      </trkpt>
      <trkpt lat="45.886713" lon="13.877338">
        <ele>107.044859</ele>
        <time>2026-07-17T16:33:03.755Z</time>
      </trkpt>
      <trkpt lat="45.886639" lon="13.877858">
        <ele>107.244806</ele>
        <time>2026-07-17T16:33:09.930Z</time>
      </trkpt>
      <trkpt lat="45.886580" lon="13.878177">
        <ele>107.369151</ele>
        <time>2026-07-17T16:33:13.745Z</time>
      </trkpt>
      <trkpt lat="45.886382" lon="13.878957">
        <ele>107.574558</ele>
        <time>2026-07-17T16:33:23.313Z</time>
      </trkpt>
      <trkpt lat="45.886018" lon="13.880239">
        <ele>107.571370</ele>
        <time>2026-07-17T16:33:37.579Z</time>
      </trkpt>
      <trkpt lat="45.885888" lon="13.880833">
        <ele>107.569937</ele>
        <time>2026-07-17T16:33:43.781Z</time>
      </trkpt>
      <trkpt lat="45.885761" lon="13.881798">
        <ele>107.530956</ele>
        <time>2026-07-17T16:33:53.409Z</time>
      </trkpt>
      <trkpt lat="45.885730" lon="13.882228">
        <ele>107.506909</ele>
        <time>2026-07-17T16:33:57.625Z</time>
      </trkpt>
      <trkpt lat="45.885717" lon="13.883061">
        <ele>107.460562</ele>
        <time>2026-07-17T16:34:05.978Z</time>
      </trkpt>
      <trkpt lat="45.885769" lon="13.884462">
        <ele>107.692637</ele>
        <time>2026-07-17T16:34:20.667Z</time>
      </trkpt>
      <trkpt lat="45.885862" lon="13.885473">
        <ele>108.044915</ele>
        <time>2026-07-17T16:34:33.102Z</time>
      </trkpt>
      <trkpt lat="45.886036" lon="13.887127">
        <ele>108.436643</ele>
        <time>2026-07-17T16:34:54.018Z</time>
      </trkpt>
      <trkpt lat="45.886081" lon="13.887540">
        <ele>108.492823</ele>
        <time>2026-07-17T16:34:58.766Z</time>
      </trkpt>
      <trkpt lat="45.886191" lon="13.888659">
        <ele>108.644700</ele>
        <time>2026-07-17T16:35:09.769Z</time>
      </trkpt>
      <trkpt lat="45.886254" lon="13.889107">
        <ele>108.663563</ele>
        <time>2026-07-17T16:35:14.011Z</time>
      </trkpt>
      <trkpt lat="45.886300" lon="13.889432">
        <ele>108.661568</ele>
        <time>2026-07-17T16:35:17.231Z</time>
      </trkpt>
      <trkpt lat="45.886294" lon="13.889671">
        <ele>108.660129</ele>
        <time>2026-07-17T16:35:19.601Z</time>
      </trkpt>
      <trkpt lat="45.886284" lon="13.889828">
        <ele>108.659180</ele>
        <time>2026-07-17T16:35:21.179Z</time>
      </trkpt>
      <trkpt lat="45.886251" lon="13.889897">
        <ele>108.658677</ele>
        <time>2026-07-17T16:35:22.020Z</time>
      </trkpt>
      <trkpt lat="45.886246" lon="13.889979">
        <ele>108.658182</ele>
        <time>2026-07-17T16:35:22.862Z</time>
      </trkpt>
      <trkpt lat="45.886269" lon="13.890056">
        <ele>108.657678</ele>
        <time>2026-07-17T16:35:23.727Z</time>
      </trkpt>
      <trkpt lat="45.886315" lon="13.890107">
        <ele>108.657175</ele>
        <time>2026-07-17T16:35:24.589Z</time>
      </trkpt>
      <trkpt lat="45.886354" lon="13.890121">
        <ele>108.656828</ele>
        <time>2026-07-17T16:35:25.187Z</time>
      </trkpt>
      <trkpt lat="45.886406" lon="13.890245">
        <ele>108.655957</ele>
        <time>2026-07-17T16:35:26.715Z</time>
      </trkpt>
      <trkpt lat="45.886478" lon="13.890420">
        <ele>108.654734</ele>
        <time>2026-07-17T16:35:28.880Z</time>
      </trkpt>
      <trkpt lat="45.886675" lon="13.891495">
        <ele>108.682890</ele>
        <time>2026-07-17T16:35:41.316Z</time>
      </trkpt>
      <trkpt lat="45.886894" lon="13.892733">
        <ele>108.824376</ele>
        <time>2026-07-17T16:35:55.276Z</time>
      </trkpt>
      <trkpt lat="45.886930" lon="13.892938">
        <ele>108.847794</ele>
        <time>2026-07-17T16:35:57.495Z</time>
      </trkpt>
      <trkpt lat="45.886958" lon="13.893109">
        <ele>108.867252</ele>
        <time>2026-07-17T16:35:59.336Z</time>
      </trkpt>
      <trkpt lat="45.887033" lon="13.893554">
        <ele>108.917966</ele>
        <time>2026-07-17T16:36:04.116Z</time>
      </trkpt>
      <trkpt lat="45.887096" lon="13.893924">
        <ele>108.889725</ele>
        <time>2026-07-17T16:36:08.026Z</time>
      </trkpt>
      <trkpt lat="45.887286" lon="13.895038">
        <ele>108.645537</ele>
        <time>2026-07-17T16:36:19.374Z</time>
      </trkpt>
      <trkpt lat="45.887322" lon="13.895597">
        <ele>108.526017</ele>
        <time>2026-07-17T16:36:24.702Z</time>
      </trkpt>
      <trkpt lat="45.887287" lon="13.895968">
        <ele>108.446308</ele>
        <time>2026-07-17T16:36:28.185Z</time>
      </trkpt>
      <trkpt lat="45.887141" lon="13.896816">
        <ele>108.092247</ele>
        <time>2026-07-17T16:36:35.963Z</time>
      </trkpt>
      <trkpt lat="45.887089" lon="13.896957">
        <ele>108.012810</ele>
        <time>2026-07-17T16:36:37.357Z</time>
      </trkpt>
      <trkpt lat="45.887032" lon="13.897104">
        <ele>107.929041</ele>
        <time>2026-07-17T16:36:38.833Z</time>
      </trkpt>
      <trkpt lat="45.886983" lon="13.897150">
        <ele>107.887177</ele>
        <time>2026-07-17T16:36:39.575Z</time>
      </trkpt>
      <trkpt lat="45.886958" lon="13.897285">
        <ele>107.817633</ele>
        <time>2026-07-17T16:36:40.799Z</time>
      </trkpt>
      <trkpt lat="45.886996" lon="13.897377">
        <ele>107.764376</ele>
        <time>2026-07-17T16:36:41.742Z</time>
      </trkpt>
      <trkpt lat="45.886989" lon="13.897543">
        <ele>107.681585</ele>
        <time>2026-07-17T16:36:43.201Z</time>
      </trkpt>
      <trkpt lat="45.886994" lon="13.897685">
        <ele>107.610803</ele>
        <time>2026-07-17T16:36:44.459Z</time>
      </trkpt>
      <trkpt lat="45.886882" lon="13.898513">
        <ele>107.190888</ele>
        <time>2026-07-17T16:36:51.835Z</time>
      </trkpt>
      <trkpt lat="45.886863" lon="13.899080">
        <ele>106.927937</ele>
        <time>2026-07-17T16:36:56.907Z</time>
      </trkpt>
      <trkpt lat="45.886870" lon="13.899432">
        <ele>106.770637</ele>
        <time>2026-07-17T16:37:00.191Z</time>
      </trkpt>
      <trkpt lat="45.886885" lon="13.899973">
        <ele>106.528785</ele>
        <time>2026-07-17T16:37:05.302Z</time>
      </trkpt>
      <trkpt lat="45.886889" lon="13.900152">
        <ele>106.448786</ele>
        <time>2026-07-17T16:37:07.026Z</time>
      </trkpt>
      <trkpt lat="45.886902" lon="13.900377">
        <ele>106.347935</ele>
        <time>2026-07-17T16:37:09.179Z</time>
      </trkpt>
      <trkpt lat="45.886965" lon="13.901832">
        <ele>105.441441</ele>
        <time>2026-07-17T16:37:21.900Z</time>
      </trkpt>
      <trkpt lat="45.886968" lon="13.901894">
        <ele>105.385165</ele>
        <time>2026-07-17T16:37:22.419Z</time>
      </trkpt>
      <trkpt lat="45.886999" lon="13.902617">
        <ele>104.729248</ele>
        <time>2026-07-17T16:37:28.270Z</time>
      </trkpt>
      <trkpt lat="45.887009" lon="13.902781">
        <ele>104.580177</ele>
        <time>2026-07-17T16:37:29.591Z</time>
      </trkpt>
      <trkpt lat="45.887016" lon="13.902923">
        <ele>104.451274</ele>
        <time>2026-07-17T16:37:30.709Z</time>
      </trkpt>
      <trkpt lat="45.887011" lon="13.903839">
        <ele>103.621811</ele>
        <time>2026-07-17T16:37:37.880Z</time>
      </trkpt>
      <trkpt lat="45.886993" lon="13.903980">
        <ele>103.569852</ele>
        <time>2026-07-17T16:37:39.042Z</time>
      </trkpt>
      <trkpt lat="45.886965" lon="13.904140">
        <ele>103.522920</ele>
        <time>2026-07-17T16:37:40.403Z</time>
      </trkpt>
      <trkpt lat="45.886934" lon="13.904186">
        <ele>103.504706</ele>
        <time>2026-07-17T16:37:40.932Z</time>
      </trkpt>
      <trkpt lat="45.886921" lon="13.904256">
        <ele>103.484097</ele>
        <time>2026-07-17T16:37:41.535Z</time>
      </trkpt>
      <trkpt lat="45.886936" lon="13.904326">
        <ele>103.463262</ele>
        <time>2026-07-17T16:37:42.158Z</time>
      </trkpt>
      <trkpt lat="45.886965" lon="13.904368">
        <ele>103.446433</ele>
        <time>2026-07-17T16:37:42.667Z</time>
      </trkpt>
      <trkpt lat="45.886984" lon="13.904524">
        <ele>103.401381</ele>
        <time>2026-07-17T16:37:44.058Z</time>
      </trkpt>
      <trkpt lat="45.887003" lon="13.904715">
        <ele>103.346495</ele>
        <time>2026-07-17T16:37:45.804Z</time>
      </trkpt>
      <trkpt lat="45.887009" lon="13.905387">
        <ele>103.155314</ele>
        <time>2026-07-17T16:37:51.858Z</time>
      </trkpt>
      <trkpt lat="45.886999" lon="13.906273">
        <ele>102.903239</ele>
        <time>2026-07-17T16:38:01.441Z</time>
      </trkpt>
      <trkpt lat="45.886996" lon="13.906502">
        <ele>102.957840</ele>
        <time>2026-07-17T16:38:04.461Z</time>
      </trkpt>
      <trkpt lat="45.887000" lon="13.906665">
        <ele>103.083153</ele>
        <time>2026-07-17T16:38:06.592Z</time>
      </trkpt>
      <trkpt lat="45.887006" lon="13.906781">
        <ele>103.172524</ele>
        <time>2026-07-17T16:38:08.141Z</time>
      </trkpt>
      <trkpt lat="45.887009" lon="13.906826">
        <ele>103.207256</ele>
        <time>2026-07-17T16:38:08.729Z</time>
      </trkpt>
      <trkpt lat="45.887006" lon="13.907044">
        <ele>103.374782</ele>
        <time>2026-07-17T16:38:11.602Z</time>
      </trkpt>
      <trkpt lat="45.887001" lon="13.907118">
        <ele>103.431905</ele>
        <time>2026-07-17T16:38:12.570Z</time>
      </trkpt>
      <trkpt lat="45.886993" lon="13.907190">
        <ele>103.487924</ele>
        <time>2026-07-17T16:38:13.539Z</time>
      </trkpt>
      <trkpt lat="45.886969" lon="13.908002">
        <ele>104.112360</ele>
        <time>2026-07-17T16:38:24.335Z</time>
      </trkpt>
      <trkpt lat="45.886926" lon="13.909598">
        <ele>104.972098</ele>
        <time>2026-07-17T16:38:47.435Z</time>
      </trkpt>
      <trkpt lat="45.886878" lon="13.909876">
        <ele>105.025024</ele>
        <time>2026-07-17T16:38:50.681Z</time>
      </trkpt>
      <trkpt lat="45.886761" lon="13.910067">
        <ele>105.072037</ele>
        <time>2026-07-17T16:38:54.458Z</time>
      </trkpt>
      <trkpt lat="45.886535" lon="13.910329">
        <ele>105.149127</ele>
        <time>2026-07-17T16:39:00.592Z</time>
      </trkpt>
      <trkpt lat="45.886318" lon="13.910482">
        <ele>105.213295</ele>
        <time>2026-07-17T16:39:05.553Z</time>
      </trkpt>
      <trkpt lat="45.886160" lon="13.910572">
        <ele>105.258414</ele>
        <time>2026-07-17T16:39:08.950Z</time>
      </trkpt>
      <trkpt lat="45.886038" lon="13.910640">
        <ele>105.293152</ele>
        <time>2026-07-17T16:39:11.479Z</time>
      </trkpt>
      <trkpt lat="45.885674" lon="13.910816">
        <ele>104.898229</ele>
        <time>2026-07-17T16:39:18.212Z</time>
      </trkpt>
      <trkpt lat="45.885476" lon="13.910913">
        <ele>104.507891</ele>
        <time>2026-07-17T16:39:21.612Z</time>
      </trkpt>
      <trkpt lat="45.885283" lon="13.910997">
        <ele>104.131610</ele>
        <time>2026-07-17T16:39:24.829Z</time>
      </trkpt>
      <trkpt lat="45.884764" lon="13.911124">
        <ele>103.149265</ele>
        <time>2026-07-17T16:39:33.215Z</time>
      </trkpt>
      <trkpt lat="45.884290" lon="13.911224">
        <ele>102.255347</ele>
        <time>2026-07-17T16:39:40.460Z</time>
      </trkpt>
      <trkpt lat="45.884171" lon="13.911249">
        <ele>102.030944</ele>
        <time>2026-07-17T16:39:42.238Z</time>
      </trkpt>
      <trkpt lat="45.883958" lon="13.911296">
        <ele>101.572040</ele>
        <time>2026-07-17T16:39:45.403Z</time>
      </trkpt>
      <trkpt lat="45.883065" lon="13.911517">
        <ele>99.605484</ele>
        <time>2026-07-17T16:39:59.172Z</time>
      </trkpt>
      <trkpt lat="45.882834" lon="13.911528">
        <ele>99.103888</ele>
        <time>2026-07-17T16:40:02.896Z</time>
      </trkpt>
      <trkpt lat="45.882763" lon="13.911482">
        <ele>98.934855</ele>
        <time>2026-07-17T16:40:04.148Z</time>
      </trkpt>
      <trkpt lat="45.882680" lon="13.911494">
        <ele>98.753817</ele>
        <time>2026-07-17T16:40:05.509Z</time>
      </trkpt>
      <trkpt lat="45.882613" lon="13.911566">
        <ele>98.572228</ele>
        <time>2026-07-17T16:40:06.866Z</time>
      </trkpt>
      <trkpt lat="45.882589" lon="13.911632">
        <ele>98.459734</ele>
        <time>2026-07-17T16:40:07.730Z</time>
      </trkpt>
      <trkpt lat="45.882371" lon="13.911767">
        <ele>98.001208</ele>
        <time>2026-07-17T16:40:10.450Z</time>
      </trkpt>
      <trkpt lat="45.881918" lon="13.911971">
        <ele>97.422979</ele>
        <time>2026-07-17T16:40:15.967Z</time>
      </trkpt>
      <trkpt lat="45.881670" lon="13.912116">
        <ele>97.096853</ele>
        <time>2026-07-17T16:40:19.241Z</time>
      </trkpt>
      <trkpt lat="45.881479" lon="13.912282">
        <ele>96.824951</ele>
        <time>2026-07-17T16:40:21.969Z</time>
      </trkpt>
      <trkpt lat="45.881158" lon="13.912660">
        <ele>96.319393</ele>
        <time>2026-07-17T16:40:26.780Z</time>
      </trkpt>
      <trkpt lat="45.880720" lon="13.913259">
        <ele>95.771306</ele>
        <time>2026-07-17T16:40:34.053Z</time>
      </trkpt>
      <trkpt lat="45.880446" lon="13.913610">
        <ele>95.604972</ele>
        <time>2026-07-17T16:40:38.821Z</time>
      </trkpt>
      <trkpt lat="45.880224" lon="13.913841">
        <ele>95.480776</ele>
        <time>2026-07-17T16:40:42.655Z</time>
      </trkpt>
      <trkpt lat="45.879756" lon="13.914252">
        <ele>95.232253</ele>
        <time>2026-07-17T16:40:50.304Z</time>
      </trkpt>
      <trkpt lat="45.879677" lon="13.914315">
        <ele>95.191315</ele>
        <time>2026-07-17T16:40:51.587Z</time>
      </trkpt>
      <trkpt lat="45.879535" lon="13.914429">
        <ele>95.117613</ele>
        <time>2026-07-17T16:40:54.057Z</time>
      </trkpt>
      <trkpt lat="45.879115" lon="13.914760">
        <ele>94.958736</ele>
        <time>2026-07-17T16:41:01.160Z</time>
      </trkpt>
      <trkpt lat="45.878960" lon="13.914885">
        <ele>94.906171</ele>
        <time>2026-07-17T16:41:03.622Z</time>
      </trkpt>
      <trkpt lat="45.878597" lon="13.915287">
        <ele>94.770630</ele>
        <time>2026-07-17T16:41:09.722Z</time>
      </trkpt>
      <trkpt lat="45.878394" lon="13.915571">
        <ele>94.686833</ele>
        <time>2026-07-17T16:41:13.553Z</time>
      </trkpt>
      <trkpt lat="45.878242" lon="13.915783">
        <ele>94.624182</ele>
        <time>2026-07-17T16:41:16.497Z</time>
      </trkpt>
      <trkpt lat="45.878159" lon="13.915898">
        <ele>94.590080</ele>
        <time>2026-07-17T16:41:18.122Z</time>
      </trkpt>
      <trkpt lat="45.877907" lon="13.916228">
        <ele>94.469206</ele>
        <time>2026-07-17T16:41:22.806Z</time>
      </trkpt>
      <trkpt lat="45.877443" lon="13.916655">
        <ele>94.236688</ele>
        <time>2026-07-17T16:41:30.288Z</time>
      </trkpt>
      <trkpt lat="45.876801" lon="13.917105">
        <ele>93.935264</ele>
        <time>2026-07-17T16:41:39.898Z</time>
      </trkpt>
      <trkpt lat="45.876686" lon="13.917181">
        <ele>93.881850</ele>
        <time>2026-07-17T16:41:41.594Z</time>
      </trkpt>
      <trkpt lat="45.876663" lon="13.917197">
        <ele>93.871067</ele>
        <time>2026-07-17T16:41:41.937Z</time>
      </trkpt>
      <trkpt lat="45.876196" lon="13.917645">
        <ele>93.664567</ele>
        <time>2026-07-17T16:41:49.355Z</time>
      </trkpt>
      <trkpt lat="45.875637" lon="13.918334">
        <ele>93.419897</ele>
        <time>2026-07-17T16:41:58.912Z</time>
      </trkpt>
      <trkpt lat="45.874952" lon="13.919472">
        <ele>93.402381</ele>
        <time>2026-07-17T16:42:14.258Z</time>
      </trkpt>
      <trkpt lat="45.874626" lon="13.920045">
        <ele>93.755726</ele>
        <time>2026-07-17T16:42:22.794Z</time>
      </trkpt>
      <trkpt lat="45.874401" lon="13.920587">
        <ele>94.057047</ele>
        <time>2026-07-17T16:42:30.743Z</time>
      </trkpt>
      <trkpt lat="45.873866" lon="13.922360">
        <ele>95.840701</ele>
        <time>2026-07-17T16:42:57.784Z</time>
      </trkpt>
      <trkpt lat="45.873510" lon="13.923792">
        <ele>97.626867</ele>
        <time>2026-07-17T16:43:22.192Z</time>
      </trkpt>
      <trkpt lat="45.873326" lon="13.924388">
        <ele>98.180754</ele>
        <time>2026-07-17T16:43:33.155Z</time>
      </trkpt>
      <trkpt lat="45.872999" lon="13.925168">
        <ele>98.954275</ele>
        <time>2026-07-17T16:43:46.649Z</time>
      </trkpt>
      <trkpt lat="45.872768" lon="13.925543">
        <ele>99.379658</ele>
        <time>2026-07-17T16:43:52.880Z</time>
      </trkpt>
      <trkpt lat="45.872517" lon="13.925904">
        <ele>99.648712</ele>
        <time>2026-07-17T16:43:58.189Z</time>
      </trkpt>
      <trkpt lat="45.872154" lon="13.926310">
        <ele>99.251212</ele>
        <time>2026-07-17T16:44:03.951Z</time>
      </trkpt>
      <trkpt lat="45.870971" lon="13.927371">
        <ele>98.125832</ele>
        <time>2026-07-17T16:44:20.430Z</time>
      </trkpt>
      <trkpt lat="45.870628" lon="13.927680">
        <ele>98.014742</ele>
        <time>2026-07-17T16:44:25.661Z</time>
      </trkpt>
      <trkpt lat="45.870143" lon="13.928202">
        <ele>97.848455</ele>
        <time>2026-07-17T16:44:34.199Z</time>
      </trkpt>
      <trkpt lat="45.869478" lon="13.929123">
        <ele>97.742590</ele>
        <time>2026-07-17T16:44:48.819Z</time>
      </trkpt>
      <trkpt lat="45.869005" lon="13.929912">
        <ele>97.938270</ele>
        <time>2026-07-17T16:45:00.672Z</time>
      </trkpt>
      <trkpt lat="45.868073" lon="13.931661">
        <ele>98.334068</ele>
        <time>2026-07-17T16:45:24.497Z</time>
      </trkpt>
      <trkpt lat="45.867843" lon="13.932170">
        <ele>98.437630</ele>
        <time>2026-07-17T16:45:31.009Z</time>
      </trkpt>
      <trkpt lat="45.867582" lon="13.932880">
        <ele>98.574658</ele>
        <time>2026-07-17T16:45:39.891Z</time>
      </trkpt>
      <trkpt lat="45.867251" lon="13.934045">
        <ele>99.109994</ele>
        <time>2026-07-17T16:45:54.932Z</time>
      </trkpt>
      <trkpt lat="45.867010" lon="13.934589">
        <ele>99.402210</ele>
        <time>2026-07-17T16:46:03.141Z</time>
      </trkpt>
      <trkpt lat="45.866867" lon="13.934833">
        <ele>99.546749</ele>
        <time>2026-07-17T16:46:07.153Z</time>
      </trkpt>
      <trkpt lat="45.866633" lon="13.935209">
        <ele>99.773579</ele>
        <time>2026-07-17T16:46:13.538Z</time>
      </trkpt>
      <trkpt lat="45.866101" lon="13.935989">
        <ele>100.172618</ele>
        <time>2026-07-17T16:46:26.771Z</time>
      </trkpt>
      <trkpt lat="45.865864" lon="13.936352">
        <ele>100.354481</ele>
        <time>2026-07-17T16:46:32.639Z</time>
      </trkpt>
      <trkpt lat="45.865508" lon="13.936910">
        <ele>100.631074</ele>
        <time>2026-07-17T16:46:41.496Z</time>
      </trkpt>
      <trkpt lat="45.864854" lon="13.937865">
        <ele>100.359634</ele>
        <time>2026-07-17T16:46:55.390Z</time>
      </trkpt>
      <trkpt lat="45.864809" lon="13.937919">
        <ele>100.333308</ele>
        <time>2026-07-17T16:46:56.162Z</time>
      </trkpt>
      <trkpt lat="45.864532" lon="13.938179">
        <ele>100.184755</ele>
        <time>2026-07-17T16:47:00.297Z</time>
      </trkpt>
      <trkpt lat="45.864191" lon="13.938380">
        <ele>100.019283</ele>
        <time>2026-07-17T16:47:04.743Z</time>
      </trkpt>
      <trkpt lat="45.863948" lon="13.938460">
        <ele>99.907368</ele>
        <time>2026-07-17T16:47:07.867Z</time>
      </trkpt>
      <trkpt lat="45.863681" lon="13.938506">
        <ele>99.984962</ele>
        <time>2026-07-17T16:47:11.188Z</time>
      </trkpt>
      <trkpt lat="45.863278" lon="13.938580">
        <ele>100.113383</ele>
        <time>2026-07-17T16:47:16.366Z</time>
      </trkpt>
      <trkpt lat="45.863241" lon="13.938944">
        <ele>100.194355</ele>
        <time>2026-07-17T16:47:19.998Z</time>
      </trkpt>
      <trkpt lat="45.863019" lon="13.939981">
        <ele>100.433160</ele>
        <time>2026-07-17T16:47:34.157Z</time>
      </trkpt>
      <trkpt lat="45.862970" lon="13.940308">
        <ele>100.750560</ele>
        <time>2026-07-17T16:47:39.541Z</time>
      </trkpt>
      <trkpt lat="45.862977" lon="13.940505">
        <ele>101.094417</ele>
        <time>2026-07-17T16:47:42.761Z</time>
      </trkpt>
      <trkpt lat="45.863008" lon="13.940654">
        <ele>101.365499</ele>
        <time>2026-07-17T16:47:45.294Z</time>
      </trkpt>
      <trkpt lat="45.863157" lon="13.940959">
        <ele>102.014957</ele>
        <time>2026-07-17T16:47:51.474Z</time>
      </trkpt>
      <trkpt lat="45.863268" lon="13.941156">
        <ele>102.456700</ele>
        <time>2026-07-17T16:47:55.791Z</time>
      </trkpt>
      <trkpt lat="45.863330" lon="13.941342">
        <ele>102.816165</ele>
        <time>2026-07-17T16:47:59.326Z</time>
      </trkpt>
      <trkpt lat="45.863425" lon="13.941915">
        <ele>103.842932</ele>
        <time>2026-07-17T16:48:09.793Z</time>
      </trkpt>
      <trkpt lat="45.863322" lon="13.943054">
        <ele>106.376869</ele>
        <time>2026-07-17T16:48:31.755Z</time>
      </trkpt>
      <trkpt lat="45.863332" lon="13.943780">
        <ele>108.415405</ele>
        <time>2026-07-17T16:48:46.537Z</time>
      </trkpt>
      <trkpt lat="45.863215" lon="13.944306">
        <ele>109.965574</ele>
        <time>2026-07-17T16:48:58.659Z</time>
      </trkpt>
      <trkpt lat="45.863207" lon="13.944661">
        <ele>110.962707</ele>
        <time>2026-07-17T16:49:06.882Z</time>
      </trkpt>
      <trkpt lat="45.863257" lon="13.944814">
        <ele>111.437178</ele>
        <time>2026-07-17T16:49:10.910Z</time>
      </trkpt>
      <trkpt lat="45.863334" lon="13.944935">
        <ele>111.897338</ele>
        <time>2026-07-17T16:49:14.892Z</time>
      </trkpt>
      <trkpt lat="45.863654" lon="13.945019">
        <ele>113.456049</ele>
        <time>2026-07-17T16:49:26.479Z</time>
      </trkpt>
      <trkpt lat="45.863788" lon="13.945120">
        <ele>114.219513</ele>
        <time>2026-07-17T16:49:31.897Z</time>
      </trkpt>
      <trkpt lat="45.864302" lon="13.945648">
        <ele>117.407674</ele>
        <time>2026-07-17T16:49:54.526Z</time>
      </trkpt>
      <trkpt lat="45.864424" lon="13.945732">
        <ele>118.090227</ele>
        <time>2026-07-17T16:49:59.345Z</time>
      </trkpt>
      <trkpt lat="45.864775" lon="13.945850">
        <ele>119.908830</ele>
        <time>2026-07-17T16:50:12.073Z</time>
      </trkpt>
      <trkpt lat="45.864871" lon="13.945918">
        <ele>120.448842</ele>
        <time>2026-07-17T16:50:15.812Z</time>
      </trkpt>
      <trkpt lat="45.865201" lon="13.946394">
        <ele>122.519184</ele>
        <time>2026-07-17T16:50:31.798Z</time>
      </trkpt>
      <trkpt lat="45.865658" lon="13.946958">
        <ele>124.976582</ele>
        <time>2026-07-17T16:50:51.511Z</time>
      </trkpt>
      <trkpt lat="45.865872" lon="13.947310">
        <ele>126.303566</ele>
        <time>2026-07-17T16:51:01.597Z</time>
      </trkpt>
      <trkpt lat="45.865979" lon="13.947542">
        <ele>127.093804</ele>
        <time>2026-07-17T16:51:07.352Z</time>
      </trkpt>
      <trkpt lat="45.866069" lon="13.947998">
        <ele>128.439762</ele>
        <time>2026-07-17T16:51:16.690Z</time>
      </trkpt>
      <trkpt lat="45.866092" lon="13.948200">
        <ele>128.741530</ele>
        <time>2026-07-17T16:51:20.557Z</time>
      </trkpt>
      <trkpt lat="45.866084" lon="13.948438">
        <ele>128.929469</ele>
        <time>2026-07-17T16:51:24.937Z</time>
      </trkpt>
      <trkpt lat="45.866037" lon="13.948719">
        <ele>129.157411</ele>
        <time>2026-07-17T16:51:30.099Z</time>
      </trkpt>
      <trkpt lat="45.865801" lon="13.949105">
        <ele>129.562569</ele>
        <time>2026-07-17T16:51:38.656Z</time>
      </trkpt>
      <trkpt lat="45.865753" lon="13.949293">
        <ele>129.720507</ele>
        <time>2026-07-17T16:51:41.546Z</time>
      </trkpt>
      <trkpt lat="45.865683" lon="13.950305">
        <ele>130.522650</ele>
        <time>2026-07-17T16:51:52.103Z</time>
      </trkpt>
      <trkpt lat="45.865640" lon="13.950568">
        <ele>130.583265</ele>
        <time>2026-07-17T16:51:54.366Z</time>
      </trkpt>
      <trkpt lat="45.865523" lon="13.951023">
        <ele>130.059416</ele>
        <time>2026-07-17T16:51:58.211Z</time>
      </trkpt>
      <trkpt lat="45.865414" lon="13.951638">
        <ele>129.374020</ele>
        <time>2026-07-17T16:52:02.975Z</time>
      </trkpt>
      <trkpt lat="45.865369" lon="13.951956">
        <ele>129.023549</ele>
        <time>2026-07-17T16:52:05.346Z</time>
      </trkpt>
      <trkpt lat="45.865334" lon="13.952623">
        <ele>128.301124</ele>
        <time>2026-07-17T16:52:10.379Z</time>
      </trkpt>
      <trkpt lat="45.865283" lon="13.952962">
        <ele>127.926545</ele>
        <time>2026-07-17T16:52:13.235Z</time>
      </trkpt>
      <trkpt lat="45.864978" lon="13.953563">
        <ele>128.025253</ele>
        <time>2026-07-17T16:52:20.663Z</time>
      </trkpt>
      <trkpt lat="45.864933" lon="13.953701">
        <ele>128.056411</ele>
        <time>2026-07-17T16:52:22.567Z</time>
      </trkpt>
      <trkpt lat="45.864890" lon="13.954238">
        <ele>128.166937</ele>
        <time>2026-07-17T16:52:29.963Z</time>
      </trkpt>
      <trkpt lat="45.864835" lon="13.954495">
        <ele>128.221913</ele>
        <time>2026-07-17T16:52:33.968Z</time>
      </trkpt>
      <trkpt lat="45.864728" lon="13.954823">
        <ele>128.295975</ele>
        <time>2026-07-17T16:52:38.751Z</time>
      </trkpt>
      <trkpt lat="45.864607" lon="13.955046">
        <ele>128.353781</ele>
        <time>2026-07-17T16:52:42.040Z</time>
      </trkpt>
      <trkpt lat="45.864264" lon="13.955751">
        <ele>128.311319</ele>
        <time>2026-07-17T16:52:50.390Z</time>
      </trkpt>
      <trkpt lat="45.863939" lon="13.956306">
        <ele>128.189395</ele>
        <time>2026-07-17T16:52:56.952Z</time>
      </trkpt>
      <trkpt lat="45.863827" lon="13.956573">
        <ele>128.136987</ele>
        <time>2026-07-17T16:52:59.659Z</time>
      </trkpt>
      <trkpt lat="45.863802" lon="13.956673">
        <ele>128.119122</ele>
        <time>2026-07-17T16:53:00.581Z</time>
      </trkpt>
      <trkpt lat="45.863798" lon="13.957283">
        <ele>128.016554</ele>
        <time>2026-07-17T16:53:05.802Z</time>
      </trkpt>
      <trkpt lat="45.863663" lon="13.958360">
        <ele>129.033635</ele>
        <time>2026-07-17T16:53:19.883Z</time>
      </trkpt>
      <trkpt lat="45.863661" lon="13.958712">
        <ele>129.471599</ele>
        <time>2026-07-17T16:53:25.735Z</time>
      </trkpt>
      <trkpt lat="45.864200" lon="13.960741">
        <ele>132.460995</ele>
        <time>2026-07-17T16:54:03.438Z</time>
      </trkpt>
      <trkpt lat="45.864245" lon="13.960909">
        <ele>132.750361</ele>
        <time>2026-07-17T16:54:06.202Z</time>
      </trkpt>
      <trkpt lat="45.864242" lon="13.961062">
        <ele>132.996420</ele>
        <time>2026-07-17T16:54:08.572Z</time>
      </trkpt>
      <trkpt lat="45.864064" lon="13.961182">
        <ele>133.450372</ele>
        <time>2026-07-17T16:54:13.034Z</time>
      </trkpt>
      <trkpt lat="45.863841" lon="13.961394">
        <ele>134.067770</ele>
        <time>2026-07-17T16:54:19.407Z</time>
      </trkpt>
      <trkpt lat="45.863691" lon="13.961610">
        <ele>134.558168</ele>
        <time>2026-07-17T16:54:24.350Z</time>
      </trkpt>
      <trkpt lat="45.863996" lon="13.961917">
        <ele>135.490670</ele>
        <time>2026-07-17T16:54:33.068Z</time>
      </trkpt>
      <trkpt lat="45.864293" lon="13.962308">
        <ele>137.302607</ele>
        <time>2026-07-17T16:54:43.392Z</time>
      </trkpt>
      <trkpt lat="45.864392" lon="13.962421">
        <ele>137.871314</ele>
        <time>2026-07-17T16:54:47.058Z</time>
      </trkpt>
      <trkpt lat="45.864509" lon="13.962689">
        <ele>138.861859</ele>
        <time>2026-07-17T16:54:53.916Z</time>
      </trkpt>
      <trkpt lat="45.864610" lon="13.962839">
        <ele>139.515268</ele>
        <time>2026-07-17T16:54:58.823Z</time>
      </trkpt>
      <trkpt lat="45.864669" lon="13.963054">
        <ele>140.238940</ele>
        <time>2026-07-17T16:55:04.475Z</time>
      </trkpt>
      <trkpt lat="45.864984" lon="13.963644">
        <ele>142.567083</ele>
        <time>2026-07-17T16:55:23.382Z</time>
      </trkpt>
      <trkpt lat="45.865047" lon="13.963707">
        <ele>142.912318</ele>
        <time>2026-07-17T16:55:26.286Z</time>
      </trkpt>
      <trkpt lat="45.865202" lon="13.963742">
        <ele>143.754189</ele>
        <time>2026-07-17T16:55:32.430Z</time>
      </trkpt>
      <trkpt lat="45.865721" lon="13.963919">
        <ele>147.891819</ele>
        <time>2026-07-17T16:55:55.135Z</time>
      </trkpt>
      <trkpt lat="45.865948" lon="13.963925">
        <ele>149.652861</ele>
        <time>2026-07-17T16:56:05.190Z</time>
      </trkpt>
      <trkpt lat="45.865996" lon="13.963952">
        <ele>150.052719</ele>
        <time>2026-07-17T16:56:07.453Z</time>
      </trkpt>
      <trkpt lat="45.866022" lon="13.964026">
        <ele>150.500406</ele>
        <time>2026-07-17T16:56:10.138Z</time>
      </trkpt>
      <trkpt lat="45.865972" lon="13.964122">
        <ele>151.147917</ele>
        <time>2026-07-17T16:56:13.862Z</time>
      </trkpt>
      <trkpt lat="45.865777" lon="13.964181">
        <ele>152.693656</ele>
        <time>2026-07-17T16:56:23.014Z</time>
      </trkpt>
      <trkpt lat="45.865671" lon="13.964260">
        <ele>153.619982</ele>
        <time>2026-07-17T16:56:28.653Z</time>
      </trkpt>
      <trkpt lat="45.865638" lon="13.964365">
        <ele>154.242201</ele>
        <time>2026-07-17T16:56:32.654Z</time>
      </trkpt>
      <trkpt lat="45.865668" lon="13.964491">
        <ele>154.961441</ele>
        <time>2026-07-17T16:56:37.181Z</time>
      </trkpt>
      <trkpt lat="45.865716" lon="13.964562">
        <ele>155.495933</ele>
        <time>2026-07-17T16:56:40.694Z</time>
      </trkpt>
      <trkpt lat="45.865815" lon="13.964596">
        <ele>156.285489</ele>
        <time>2026-07-17T16:56:45.920Z</time>
      </trkpt>
      <trkpt lat="45.866077" lon="13.964444">
        <ele>158.720160</ele>
        <time>2026-07-17T16:57:01.630Z</time>
      </trkpt>
      <trkpt lat="45.866188" lon="13.964452">
        <ele>159.773256</ele>
        <time>2026-07-17T16:57:08.017Z</time>
      </trkpt>
      <trkpt lat="45.866319" lon="13.964616">
        <ele>161.419975</ele>
        <time>2026-07-17T16:57:17.492Z</time>
      </trkpt>
      <trkpt lat="45.866615" lon="13.965167">
        <ele>166.011656</ele>
        <time>2026-07-17T16:57:43.251Z</time>
      </trkpt>
      <trkpt lat="45.866691" lon="13.965438">
        <ele>167.939290</ele>
        <time>2026-07-17T16:57:54.587Z</time>
      </trkpt>
      <trkpt lat="45.866735" lon="13.965616">
        <ele>169.185544</ele>
        <time>2026-07-17T16:58:02.036Z</time>
      </trkpt>
      <trkpt lat="45.866759" lon="13.965865">
        <ele>170.844114</ele>
        <time>2026-07-17T16:58:12.129Z</time>
      </trkpt>
      <trkpt lat="45.866749" lon="13.966270">
        <ele>173.517991</ele>
        <time>2026-07-17T16:58:28.609Z</time>
      </trkpt>
      <trkpt lat="45.866748" lon="13.966335">
        <ele>173.946966</ele>
        <time>2026-07-17T16:58:31.141Z</time>
      </trkpt>
      <trkpt lat="45.866795" lon="13.966421">
        <ele>174.618782</ele>
        <time>2026-07-17T16:58:34.985Z</time>
      </trkpt>
      <trkpt lat="45.866905" lon="13.966386">
        <ele>175.469858</ele>
        <time>2026-07-17T16:58:40.565Z</time>
      </trkpt>
      <trkpt lat="45.867469" lon="13.965857">
        <ele>180.558402</ele>
        <time>2026-07-17T16:59:05.370Z</time>
      </trkpt>
      <trkpt lat="45.867502" lon="13.965781">
        <ele>181.029510</ele>
        <time>2026-07-17T16:59:08.073Z</time>
      </trkpt>
      <trkpt lat="45.867526" lon="13.965558">
        <ele>182.216399</ele>
        <time>2026-07-17T16:59:14.830Z</time>
      </trkpt>
      <trkpt lat="45.867507" lon="13.965303">
        <ele>183.565335</ele>
        <time>2026-07-17T16:59:23.076Z</time>
      </trkpt>
      <trkpt lat="45.867444" lon="13.964947">
        <ele>185.497393</ele>
        <time>2026-07-17T16:59:35.450Z</time>
      </trkpt>
      <trkpt lat="45.867463" lon="13.964843">
        <ele>186.062940</ele>
        <time>2026-07-17T16:59:38.876Z</time>
      </trkpt>
      <trkpt lat="45.867531" lon="13.964796">
        <ele>186.632998</ele>
        <time>2026-07-17T16:59:42.606Z</time>
      </trkpt>
      <trkpt lat="45.867584" lon="13.964811">
        <ele>187.041054</ele>
        <time>2026-07-17T16:59:45.152Z</time>
      </trkpt>
      <trkpt lat="45.868127" lon="13.965137">
        <ele>191.556985</ele>
        <time>2026-07-17T17:00:12.406Z</time>
      </trkpt>
      <trkpt lat="45.868410" lon="13.965243">
        <ele>193.810850</ele>
        <time>2026-07-17T17:00:27.182Z</time>
      </trkpt>
      <trkpt lat="45.868748" lon="13.965297">
        <ele>196.431681</ele>
        <time>2026-07-17T17:00:46.379Z</time>
      </trkpt>
      <trkpt lat="45.868786" lon="13.965316">
        <ele>196.741764</ele>
        <time>2026-07-17T17:00:48.339Z</time>
      </trkpt>
      <trkpt lat="45.868817" lon="13.965405">
        <ele>197.275758</ele>
        <time>2026-07-17T17:00:51.910Z</time>
      </trkpt>
      <trkpt lat="45.868791" lon="13.965462">
        <ele>197.641405</ele>
        <time>2026-07-17T17:00:54.298Z</time>
      </trkpt>
      <trkpt lat="45.868532" lon="13.965600">
        <ele>199.770302</ele>
        <time>2026-07-17T17:01:06.929Z</time>
      </trkpt>
      <trkpt lat="45.868401" lon="13.965743">
        <ele>201.038364</ele>
        <time>2026-07-17T17:01:13.276Z</time>
      </trkpt>
      <trkpt lat="45.868356" lon="13.965931">
        <ele>201.999436</ele>
        <time>2026-07-17T17:01:17.820Z</time>
      </trkpt>
      <trkpt lat="45.868354" lon="13.966030">
        <ele>202.290010</ele>
        <time>2026-07-17T17:01:19.804Z</time>
      </trkpt>
      <trkpt lat="45.868404" lon="13.966266">
        <ele>203.013740</ele>
        <time>2026-07-17T17:01:24.600Z</time>
      </trkpt>
      <trkpt lat="45.868726" lon="13.966962">
        <ele>205.465326</ele>
        <time>2026-07-17T17:01:39.547Z</time>
      </trkpt>
      <trkpt lat="45.868783" lon="13.967406">
        <ele>206.789901</ele>
        <time>2026-07-17T17:01:48.365Z</time>
      </trkpt>
      <trkpt lat="45.868871" lon="13.967522">
        <ele>207.293190</ele>
        <time>2026-07-17T17:01:51.805Z</time>
      </trkpt>
      <trkpt lat="45.869255" lon="13.967778">
        <ele>209.076971</ele>
        <time>2026-07-17T17:02:04.788Z</time>
      </trkpt>
      <trkpt lat="45.870136" lon="13.968294">
        <ele>215.763175</ele>
        <time>2026-07-17T17:02:44.225Z</time>
      </trkpt>
      <trkpt lat="45.871074" lon="13.968963">
        <ele>223.185090</ele>
        <time>2026-07-17T17:03:37.119Z</time>
      </trkpt>
      <trkpt lat="45.871343" lon="13.969178">
        <ele>224.772977</ele>
        <time>2026-07-17T17:03:50.726Z</time>
      </trkpt>
      <trkpt lat="45.871486" lon="13.969350">
        <ele>225.735069</ele>
        <time>2026-07-17T17:03:57.983Z</time>
      </trkpt>
      <trkpt lat="45.871705" lon="13.969682">
        <ele>227.377526</ele>
        <time>2026-07-17T17:04:08.799Z</time>
      </trkpt>
      <trkpt lat="45.871893" lon="13.970019">
        <ele>228.928371</ele>
        <time>2026-07-17T17:04:17.753Z</time>
      </trkpt>
      <trkpt lat="45.871899" lon="13.970259">
        <ele>229.790849</ele>
        <time>2026-07-17T17:04:22.349Z</time>
      </trkpt>
      <trkpt lat="45.871767" lon="13.970723">
        <ele>231.590963</ele>
        <time>2026-07-17T17:04:31.664Z</time>
      </trkpt>
      <trkpt lat="45.871791" lon="13.970843">
        <ele>232.149469</ele>
        <time>2026-07-17T17:04:34.031Z</time>
      </trkpt>
      <trkpt lat="45.871869" lon="13.970989">
        <ele>233.289887</ele>
        <time>2026-07-17T17:04:37.450Z</time>
      </trkpt>
      <trkpt lat="45.872018" lon="13.971135">
        <ele>234.895279</ele>
        <time>2026-07-17T17:04:42.620Z</time>
      </trkpt>
      <trkpt lat="45.872162" lon="13.971324">
        <ele>236.631488</ele>
        <time>2026-07-17T17:04:48.545Z</time>
      </trkpt>
      <trkpt lat="45.872275" lon="13.971538">
        <ele>238.295879</ele>
        <time>2026-07-17T17:04:55.608Z</time>
      </trkpt>
      <trkpt lat="45.872329" lon="13.971770">
        <ele>239.811785</ele>
        <time>2026-07-17T17:05:03.566Z</time>
      </trkpt>
      <trkpt lat="45.872359" lon="13.972062">
        <ele>241.640893</ele>
        <time>2026-07-17T17:05:14.750Z</time>
      </trkpt>
      <trkpt lat="45.872448" lon="13.972268">
        <ele>243.143262</ele>
        <time>2026-07-17T17:05:25.225Z</time>
      </trkpt>
      <trkpt lat="45.872574" lon="13.972405">
        <ele>244.549823</ele>
        <time>2026-07-17T17:05:35.918Z</time>
      </trkpt>
      <trkpt lat="45.872729" lon="13.972474">
        <ele>245.994125</ele>
        <time>2026-07-17T17:05:47.536Z</time>
      </trkpt>
      <trkpt lat="45.873405" lon="13.972537">
        <ele>253.850735</ele>
        <time>2026-07-17T17:06:39.192Z</time>
      </trkpt>
      <trkpt lat="45.873572" lon="13.972570">
        <ele>256.015370</ele>
        <time>2026-07-17T17:06:52.492Z</time>
      </trkpt>
      <trkpt lat="45.873975" lon="13.972719">
        <ele>261.358971</ele>
        <time>2026-07-17T17:07:25.192Z</time>
      </trkpt>
      <trkpt lat="45.874642" lon="13.972946">
        <ele>270.161026</ele>
        <time>2026-07-17T17:08:05.485Z</time>
      </trkpt>
      <trkpt lat="45.874701" lon="13.972929">
        <ele>270.933735</ele>
        <time>2026-07-17T17:08:08.134Z</time>
      </trkpt>
      <trkpt lat="45.874725" lon="13.972860">
        <ele>271.370969</ele>
        <time>2026-07-17T17:08:10.527Z</time>
      </trkpt>
      <trkpt lat="45.874707" lon="13.972791">
        <ele>271.766238</ele>
        <time>2026-07-17T17:08:12.665Z</time>
      </trkpt>
      <trkpt lat="45.874468" lon="13.972663">
        <ele>273.731550</ele>
        <time>2026-07-17T17:08:23.720Z</time>
      </trkpt>
      <trkpt lat="45.874337" lon="13.972543">
        <ele>274.928689</ele>
        <time>2026-07-17T17:08:30.318Z</time>
      </trkpt>
      <trkpt lat="45.873936" lon="13.971976">
        <ele>279.264282</ele>
        <time>2026-07-17T17:08:54.295Z</time>
      </trkpt>
      <trkpt lat="45.873901" lon="13.971839">
        <ele>280.047122</ele>
        <time>2026-07-17T17:08:58.590Z</time>
      </trkpt>
      <trkpt lat="45.873954" lon="13.971747">
        <ele>280.687688</ele>
        <time>2026-07-17T17:09:01.984Z</time>
      </trkpt>
      <trkpt lat="45.874050" lon="13.971719">
        <ele>281.442451</ele>
        <time>2026-07-17T17:09:06.115Z</time>
      </trkpt>
      <trkpt lat="45.874677" lon="13.971890">
        <ele>286.224513</ele>
        <time>2026-07-17T17:09:35.937Z</time>
      </trkpt>
      <trkpt lat="45.875227" lon="13.971933">
        <ele>290.088211</ele>
        <time>2026-07-17T17:10:02.927Z</time>
      </trkpt>
      <trkpt lat="45.875568" lon="13.972062">
        <ele>292.561736</ele>
        <time>2026-07-17T17:10:18.748Z</time>
      </trkpt>
      <trkpt lat="45.875741" lon="13.972203">
        <ele>293.957004</ele>
        <time>2026-07-17T17:10:26.719Z</time>
      </trkpt>
      <trkpt lat="45.875992" lon="13.972885">
        <ele>297.650561</ele>
        <time>2026-07-17T17:10:46.965Z</time>
      </trkpt>
      <trkpt lat="45.876033" lon="13.972984">
        <ele>298.051591</ele>
        <time>2026-07-17T17:10:49.685Z</time>
      </trkpt>
      <trkpt lat="45.876073" lon="13.973002">
        <ele>298.261198</ele>
        <time>2026-07-17T17:10:51.213Z</time>
      </trkpt>
      <trkpt lat="45.876102" lon="13.972951">
        <ele>298.490446</ele>
        <time>2026-07-17T17:10:52.863Z</time>
      </trkpt>
      <trkpt lat="45.876100" lon="13.972869">
        <ele>298.776097</ele>
        <time>2026-07-17T17:10:54.734Z</time>
      </trkpt>
      <trkpt lat="45.876012" lon="13.972437">
        <ele>300.343128</ele>
        <time>2026-07-17T17:11:05.361Z</time>
      </trkpt>
      <trkpt lat="45.875939" lon="13.971908">
        <ele>302.220633</ele>
        <time>2026-07-17T17:11:18.083Z</time>
      </trkpt>
      <trkpt lat="45.875833" lon="13.971680">
        <ele>303.175109</ele>
        <time>2026-07-17T17:11:24.558Z</time>
      </trkpt>
      <trkpt lat="45.875372" lon="13.970946">
        <ele>306.639744</ele>
        <time>2026-07-17T17:11:48.157Z</time>
      </trkpt>
      <trkpt lat="45.875319" lon="13.970779">
        <ele>307.373849</ele>
        <time>2026-07-17T17:11:52.649Z</time>
      </trkpt>
      <trkpt lat="45.875336" lon="13.970438">
        <ele>308.741298</ele>
        <time>2026-07-17T17:12:01.076Z</time>
      </trkpt>
      <trkpt lat="45.875309" lon="13.969788">
        <ele>311.345841</ele>
        <time>2026-07-17T17:12:17.654Z</time>
      </trkpt>
      <trkpt lat="45.875329" lon="13.969727">
        <ele>311.615535</ele>
        <time>2026-07-17T17:12:19.397Z</time>
      </trkpt>
      <trkpt lat="45.875365" lon="13.969710">
        <ele>311.833250</ele>
        <time>2026-07-17T17:12:20.811Z</time>
      </trkpt>
      <trkpt lat="45.875418" lon="13.969744">
        <ele>312.166731</ele>
        <time>2026-07-17T17:12:23.017Z</time>
      </trkpt>
      <trkpt lat="45.875490" lon="13.969908">
        <ele>312.942239</ele>
        <time>2026-07-17T17:12:28.100Z</time>
      </trkpt>
      <trkpt lat="45.875598" lon="13.970285">
        <ele>314.572849</ele>
        <time>2026-07-17T17:12:39.192Z</time>
      </trkpt>
      <trkpt lat="45.875681" lon="13.970491">
        <ele>315.524850</ele>
        <time>2026-07-17T17:12:45.874Z</time>
      </trkpt>
      <trkpt lat="45.875773" lon="13.970629">
        <ele>316.289079</ele>
        <time>2026-07-17T17:12:51.274Z</time>
      </trkpt>
      <trkpt lat="45.875867" lon="13.970660">
        <ele>316.856315</ele>
        <time>2026-07-17T17:12:55.257Z</time>
      </trkpt>
      <trkpt lat="45.875919" lon="13.970631">
        <ele>317.264037</ele>
        <time>2026-07-17T17:12:57.535Z</time>
      </trkpt>
      <trkpt lat="45.875927" lon="13.970541">
        <ele>317.725742</ele>
        <time>2026-07-17T17:13:00.172Z</time>
      </trkpt>
      <trkpt lat="45.875869" lon="13.970185">
        <ele>319.586280</ele>
        <time>2026-07-17T17:13:10.875Z</time>
      </trkpt>
      <trkpt lat="45.875897" lon="13.969796">
        <ele>321.576357</ele>
        <time>2026-07-17T17:13:22.664Z</time>
      </trkpt>
      <trkpt lat="45.875803" lon="13.969334">
        <ele>324.025701</ele>
        <time>2026-07-17T17:13:37.473Z</time>
      </trkpt>
      <trkpt lat="45.875825" lon="13.969290">
        <ele>324.301366</ele>
        <time>2026-07-17T17:13:39.174Z</time>
      </trkpt>
      <trkpt lat="45.875875" lon="13.969269">
        <ele>324.682128</ele>
        <time>2026-07-17T17:13:41.513Z</time>
      </trkpt>
      <trkpt lat="45.875914" lon="13.969298">
        <ele>325.003120</ele>
        <time>2026-07-17T17:13:43.473Z</time>
      </trkpt>
      <trkpt lat="45.876315" lon="13.970011">
        <ele>329.667342</ele>
        <time>2026-07-17T17:14:13.006Z</time>
      </trkpt>
      <trkpt lat="45.877247" lon="13.971038">
        <ele>339.090915</ele>
        <time>2026-07-17T17:15:08.156Z</time>
      </trkpt>
      <trkpt lat="45.877614" lon="13.971592">
        <ele>343.374500</ele>
        <time>2026-07-17T17:15:33.394Z</time>
      </trkpt>
      <trkpt lat="45.877830" lon="13.972055">
        <ele>346.288197</ele>
        <time>2026-07-17T17:15:52.208Z</time>
      </trkpt>
      <trkpt lat="45.878253" lon="13.972786">
        <ele>351.080429</ele>
        <time>2026-07-17T17:16:23.242Z</time>
      </trkpt>
      <trkpt lat="45.878402" lon="13.973173">
        <ele>353.309997</ele>
        <time>2026-07-17T17:16:36.683Z</time>
      </trkpt>
      <trkpt lat="45.878440" lon="13.973187">
        <ele>353.594089</ele>
        <time>2026-07-17T17:16:38.429Z</time>
      </trkpt>
      <trkpt lat="45.878486" lon="13.973143">
        <ele>353.994307</ele>
        <time>2026-07-17T17:16:40.800Z</time>
      </trkpt>
      <trkpt lat="45.878493" lon="13.973034">
        <ele>354.546167</ele>
        <time>2026-07-17T17:16:43.809Z</time>
      </trkpt>
      <trkpt lat="45.878419" lon="13.972729">
        <ele>356.174540</ele>
        <time>2026-07-17T17:16:52.770Z</time>
      </trkpt>
      <trkpt lat="45.878326" lon="13.972127">
        <ele>358.872242</ele>
        <time>2026-07-17T17:17:08.417Z</time>
      </trkpt>
      <trkpt lat="45.878268" lon="13.971562">
        <ele>361.109944</ele>
        <time>2026-07-17T17:17:23.781Z</time>
      </trkpt>
      <trkpt lat="45.878078" lon="13.970757">
        <ele>364.440414</ele>
        <time>2026-07-17T17:17:44.714Z</time>
      </trkpt>
      <trkpt lat="45.878090" lon="13.970518">
        <ele>365.379292</ele>
        <time>2026-07-17T17:17:50.737Z</time>
      </trkpt>
      <trkpt lat="45.878153" lon="13.970477">
        <ele>365.768555</ele>
        <time>2026-07-17T17:17:53.579Z</time>
      </trkpt>
      <trkpt lat="45.878182" lon="13.970493">
        <ele>365.943394</ele>
        <time>2026-07-17T17:17:54.759Z</time>
      </trkpt>
      <trkpt lat="45.878268" lon="13.970854">
        <ele>367.438376</ele>
        <time>2026-07-17T17:18:04.696Z</time>
      </trkpt>
      <trkpt lat="45.878836" lon="13.972251">
        <ele>374.003349</ele>
        <time>2026-07-17T17:18:48.017Z</time>
      </trkpt>
      <trkpt lat="45.878921" lon="13.972562">
        <ele>375.360065</ele>
        <time>2026-07-17T17:18:56.669Z</time>
      </trkpt>
      <trkpt lat="45.878969" lon="13.972939">
        <ele>376.916341</ele>
        <time>2026-07-17T17:19:06.679Z</time>
      </trkpt>
      <trkpt lat="45.879019" lon="13.972986">
        <ele>377.264882</ele>
        <time>2026-07-17T17:19:08.970Z</time>
      </trkpt>
      <trkpt lat="45.879081" lon="13.972972">
        <ele>377.630961</ele>
        <time>2026-07-17T17:19:11.344Z</time>
      </trkpt>
      <trkpt lat="45.879096" lon="13.972807">
        <ele>378.355685</ele>
        <time>2026-07-17T17:19:15.723Z</time>
      </trkpt>
      <trkpt lat="45.879016" lon="13.972335">
        <ele>380.708626</ele>
        <time>2026-07-17T17:19:28.722Z</time>
      </trkpt>
      <trkpt lat="45.878843" lon="13.970952">
        <ele>387.514567</ele>
        <time>2026-07-17T17:20:10.203Z</time>
      </trkpt>
      <trkpt lat="45.878759" lon="13.970603">
        <ele>389.303153</ele>
        <time>2026-07-17T17:20:22.341Z</time>
      </trkpt>
      <trkpt lat="45.878729" lon="13.970285">
        <ele>390.913599</ele>
        <time>2026-07-17T17:20:33.298Z</time>
      </trkpt>
      <trkpt lat="45.878822" lon="13.969451">
        <ele>395.792790</ele>
        <time>2026-07-17T17:21:00.926Z</time>
      </trkpt>
      <trkpt lat="45.878697" lon="13.969003">
        <ele>398.580872</ele>
        <time>2026-07-17T17:21:16.727Z</time>
      </trkpt>
      <trkpt lat="45.878692" lon="13.968940">
        <ele>398.947163</ele>
        <time>2026-07-17T17:21:18.777Z</time>
      </trkpt>
      <trkpt lat="45.878721" lon="13.968867">
        <ele>399.432689</ele>
        <time>2026-07-17T17:21:21.692Z</time>
      </trkpt>
      <trkpt lat="45.878769" lon="13.968861">
        <ele>399.832486</ele>
        <time>2026-07-17T17:21:23.946Z</time>
      </trkpt>
      <trkpt lat="45.878881" lon="13.969027">
        <ele>401.167867</ele>
        <time>2026-07-17T17:21:31.860Z</time>
      </trkpt>
      <trkpt lat="45.879135" lon="13.969667">
        <ele>405.423510</ele>
        <time>2026-07-17T17:21:57.584Z</time>
      </trkpt>
      <trkpt lat="45.879243" lon="13.970277">
        <ele>408.912874</ele>
        <time>2026-07-17T17:22:19.665Z</time>
      </trkpt>
      <trkpt lat="45.879309" lon="13.970363">
        <ele>409.621912</ele>
        <time>2026-07-17T17:22:24.050Z</time>
      </trkpt>
      <trkpt lat="45.879366" lon="13.970316">
        <ele>410.144870</ele>
        <time>2026-07-17T17:22:27.309Z</time>
      </trkpt>
      <trkpt lat="45.879452" lon="13.969796">
        <ele>413.105511</ele>
        <time>2026-07-17T17:22:46.138Z</time>
      </trkpt>
      <trkpt lat="45.879539" lon="13.969451">
        <ele>415.138107</ele>
        <time>2026-07-17T17:22:58.721Z</time>
      </trkpt>
      <trkpt lat="45.879534" lon="13.969349">
        <ele>415.704521</ele>
        <time>2026-07-17T17:23:02.172Z</time>
      </trkpt>
      <trkpt lat="45.879446" lon="13.968963">
        <ele>417.954449</ele>
        <time>2026-07-17T17:23:15.132Z</time>
      </trkpt>
      <trkpt lat="45.879423" lon="13.968722">
        <ele>419.301924</ele>
        <time>2026-07-17T17:23:22.243Z</time>
      </trkpt>
      <trkpt lat="45.879450" lon="13.968150">
        <ele>421.505022</ele>
        <time>2026-07-17T17:23:36.640Z</time>
      </trkpt>
      <trkpt lat="45.879383" lon="13.967672">
        <ele>423.223886</ele>
        <time>2026-07-17T17:23:46.624Z</time>
      </trkpt>
      <trkpt lat="45.879345" lon="13.967120">
        <ele>425.179294</ele>
        <time>2026-07-17T17:23:59.037Z</time>
      </trkpt>
      <trkpt lat="45.879287" lon="13.966542">
        <ele>427.237926</ele>
        <time>2026-07-17T17:24:12.028Z</time>
      </trkpt>
      <trkpt lat="45.879159" lon="13.966217">
        <ele>428.554256</ele>
        <time>2026-07-17T17:24:20.805Z</time>
      </trkpt>
      <trkpt lat="45.879159" lon="13.966217">
        <ele>428.554256</ele>
        <time>2026-07-17T17:24:20.837Z</time>
      </trkpt>
      <trkpt lat="45.879159" lon="13.966217">
        <ele>428.554256</ele>
        <time>2026-07-17T17:24:20.837Z</time>
      </trkpt>
      <trkpt lat="45.879159" lon="13.966217">
        <ele>428.554256</ele>
        <time>2026-07-17T17:24:20.868Z</time>
      </trkpt>
      <trkpt lat="45.879176" lon="13.966157">
        <ele>428.782616</ele>
        <time>2026-07-17T17:24:22.295Z</time>
      </trkpt>
      <trkpt lat="45.879251" lon="13.966092">
        <ele>429.368614</ele>
        <time>2026-07-17T17:24:25.473Z</time>
      </trkpt>
      <trkpt lat="45.879942" lon="13.967955">
        <ele>440.167090</ele>
        <time>2026-07-17T17:25:29.970Z</time>
      </trkpt>
      <trkpt lat="45.880260" lon="13.968814">
        <ele>445.685419</ele>
        <time>2026-07-17T17:26:05.844Z</time>
      </trkpt>
      <trkpt lat="45.880537" lon="13.969445">
        <ele>450.186328</ele>
        <time>2026-07-17T17:26:33.667Z</time>
      </trkpt>
      <trkpt lat="45.880571" lon="13.969657">
        <ele>451.498945</ele>
        <time>2026-07-17T17:26:41.569Z</time>
      </trkpt>
      <trkpt lat="45.880553" lon="13.970606">
        <ele>457.226907</ele>
        <time>2026-07-17T17:27:13.078Z</time>
      </trkpt>
      <trkpt lat="45.880597" lon="13.970968">
        <ele>459.149945</ele>
        <time>2026-07-17T17:27:24.222Z</time>
      </trkpt>
      <trkpt lat="45.880644" lon="13.971161">
        <ele>460.173644</ele>
        <time>2026-07-17T17:27:30.146Z</time>
      </trkpt>
      <trkpt lat="45.880814" lon="13.971607">
        <ele>462.719408</ele>
        <time>2026-07-17T17:27:44.840Z</time>
      </trkpt>
      <trkpt lat="45.881023" lon="13.972017">
        <ele>465.263608</ele>
        <time>2026-07-17T17:27:59.114Z</time>
      </trkpt>
      <trkpt lat="45.881362" lon="13.972981">
        <ele>470.668865</ele>
        <time>2026-07-17T17:28:33.571Z</time>
      </trkpt>
      <trkpt lat="45.881460" lon="13.973346">
        <ele>472.431071</ele>
        <time>2026-07-17T17:28:45.913Z</time>
      </trkpt>
      <trkpt lat="45.881542" lon="13.973542">
        <ele>473.461131</ele>
        <time>2026-07-17T17:28:52.764Z</time>
      </trkpt>
      <trkpt lat="45.881812" lon="13.973887">
        <ele>475.799380</ele>
        <time>2026-07-17T17:29:07.482Z</time>
      </trkpt>
      <trkpt lat="45.881862" lon="13.974001">
        <ele>476.406316</ele>
        <time>2026-07-17T17:29:10.929Z</time>
      </trkpt>
      <trkpt lat="45.881887" lon="13.974159">
        <ele>477.136180</ele>
        <time>2026-07-17T17:29:15.110Z</time>
      </trkpt>
      <trkpt lat="45.881847" lon="13.974452">
        <ele>478.481139</ele>
        <time>2026-07-17T17:29:22.519Z</time>
      </trkpt>
      <trkpt lat="45.881663" lon="13.975076">
        <ele>481.533717</ele>
        <time>2026-07-17T17:29:42.019Z</time>
      </trkpt>
      <trkpt lat="45.881600" lon="13.975376">
        <ele>482.935215</ele>
        <time>2026-07-17T17:29:50.953Z</time>
      </trkpt>
      <trkpt lat="45.881569" lon="13.975719">
        <ele>484.469443</ele>
        <time>2026-07-17T17:29:59.984Z</time>
      </trkpt>
      <trkpt lat="45.881585" lon="13.975931">
        <ele>485.415331</ele>
        <time>2026-07-17T17:30:05.716Z</time>
      </trkpt>
      <trkpt lat="45.881650" lon="13.976091">
        <ele>486.237060</ele>
        <time>2026-07-17T17:30:10.792Z</time>
      </trkpt>
      <trkpt lat="45.881730" lon="13.976213">
        <ele>486.980497</ele>
        <time>2026-07-17T17:30:15.489Z</time>
      </trkpt>
      <trkpt lat="45.882070" lon="13.976754">
        <ele>490.213472</ele>
        <time>2026-07-17T17:30:35.645Z</time>
      </trkpt>
      <trkpt lat="45.882150" lon="13.976970">
        <ele>491.298748</ele>
        <time>2026-07-17T17:30:42.649Z</time>
      </trkpt>
      <trkpt lat="45.882273" lon="13.977432">
        <ele>493.492794</ele>
        <time>2026-07-17T17:30:57.596Z</time>
      </trkpt>
      <trkpt lat="45.882277" lon="13.977786">
        <ele>495.023951</ele>
        <time>2026-07-17T17:31:08.139Z</time>
      </trkpt>
      <trkpt lat="45.882271" lon="13.977928">
        <ele>495.636093</ele>
        <time>2026-07-17T17:31:12.225Z</time>
      </trkpt>
      <trkpt lat="45.882188" lon="13.978389">
        <ele>497.685021</ele>
        <time>2026-07-17T17:31:25.491Z</time>
      </trkpt>
      <trkpt lat="45.882050" lon="13.978667">
        <ele>499.154226</ele>
        <time>2026-07-17T17:31:34.331Z</time>
      </trkpt>
      <trkpt lat="45.881872" lon="13.979190">
        <ele>501.659238</ele>
        <time>2026-07-17T17:31:48.275Z</time>
      </trkpt>
      <trkpt lat="45.881805" lon="13.979463">
        <ele>502.904814</ele>
        <time>2026-07-17T17:31:55.067Z</time>
      </trkpt>
      <trkpt lat="45.881801" lon="13.979647">
        <ele>503.696948</ele>
        <time>2026-07-17T17:31:59.664Z</time>
      </trkpt>
      <trkpt lat="45.881910" lon="13.980232">
        <ele>506.837468</ele>
        <time>2026-07-17T17:32:18.577Z</time>
      </trkpt>
      <trkpt lat="45.882060" lon="13.980793">
        <ele>510.387231</ele>
        <time>2026-07-17T17:32:39.643Z</time>
      </trkpt>
      <trkpt lat="45.882151" lon="13.981052">
        <ele>512.100915</ele>
        <time>2026-07-17T17:32:49.613Z</time>
      </trkpt>
      <trkpt lat="45.882274" lon="13.981264">
        <ele>513.731061</ele>
        <time>2026-07-17T17:32:59.002Z</time>
      </trkpt>
      <trkpt lat="45.882464" lon="13.981590">
        <ele>516.242460</ele>
        <time>2026-07-17T17:33:13.461Z</time>
      </trkpt>
      <trkpt lat="45.882542" lon="13.981744">
        <ele>517.367400</ele>
        <time>2026-07-17T17:33:20.204Z</time>
      </trkpt>
      <trkpt lat="45.882702" lon="13.982183">
        <ele>520.283768</ele>
        <time>2026-07-17T17:33:39.350Z</time>
      </trkpt>
      <trkpt lat="45.882758" lon="13.982339">
        <ele>521.253581</ele>
        <time>2026-07-17T17:33:46.276Z</time>
      </trkpt>
      <trkpt lat="45.882839" lon="13.982845">
        <ele>524.122382</ele>
        <time>2026-07-17T17:34:05.969Z</time>
      </trkpt>
      <trkpt lat="45.882908" lon="13.983667">
        <ele>528.697120</ele>
        <time>2026-07-17T17:34:31.640Z</time>
      </trkpt>
      <trkpt lat="45.882962" lon="13.984808">
        <ele>534.949985</ele>
        <time>2026-07-17T17:35:05.473Z</time>
      </trkpt>
      <trkpt lat="45.883037" lon="13.985271">
        <ele>537.291764</ele>
        <time>2026-07-17T17:35:19.700Z</time>
      </trkpt>
      <trkpt lat="45.883157" lon="13.985638">
        <ele>539.289190</ele>
        <time>2026-07-17T17:35:31.986Z</time>
      </trkpt>
      <trkpt lat="45.883239" lon="13.986007">
        <ele>541.197334</ele>
        <time>2026-07-17T17:35:44.054Z</time>
      </trkpt>
      <trkpt lat="45.883231" lon="13.986497">
        <ele>543.611837</ele>
        <time>2026-07-17T17:35:59.632Z</time>
      </trkpt>
      <trkpt lat="45.883085" lon="13.987022">
        <ele>546.396835</ele>
        <time>2026-07-17T17:36:17.468Z</time>
      </trkpt>
      <trkpt lat="45.882777" lon="13.987608">
        <ele>549.651762</ele>
        <time>2026-07-17T17:36:36.831Z</time>
      </trkpt>
      <trkpt lat="45.882351" lon="13.988148">
        <ele>553.166430</ele>
        <time>2026-07-17T17:36:57.472Z</time>
      </trkpt>
      <trkpt lat="45.881977" lon="13.988855">
        <ele>556.990443</ele>
        <time>2026-07-17T17:37:22.753Z</time>
      </trkpt>
      <trkpt lat="45.881862" lon="13.989140">
        <ele>558.424446</ele>
        <time>2026-07-17T17:37:32.300Z</time>
      </trkpt>
      <trkpt lat="45.881768" lon="13.989566">
        <ele>560.549630</ele>
        <time>2026-07-17T17:37:44.808Z</time>
      </trkpt>
      <trkpt lat="45.881762" lon="13.989918">
        <ele>562.224074</ele>
        <time>2026-07-17T17:37:54.816Z</time>
      </trkpt>
      <trkpt lat="45.881791" lon="13.990272">
        <ele>563.919144</ele>
        <time>2026-07-17T17:38:05.932Z</time>
      </trkpt>
      <trkpt lat="45.881828" lon="13.990859">
        <ele>566.722052</ele>
        <time>2026-07-17T17:38:25.046Z</time>
      </trkpt>
      <trkpt lat="45.881719" lon="13.991877">
        <ele>571.329054</ele>
        <time>2026-07-17T17:38:54.772Z</time>
      </trkpt>
      <trkpt lat="45.881645" lon="13.992934">
        <ele>575.008767</ele>
        <time>2026-07-17T17:39:21.400Z</time>
      </trkpt>
      <trkpt lat="45.881601" lon="13.993223">
        <ele>576.033469</ele>
        <time>2026-07-17T17:39:28.559Z</time>
      </trkpt>
      <trkpt lat="45.881269" lon="13.994789">
        <ele>580.883206</ele>
        <time>2026-07-17T17:40:03.672Z</time>
      </trkpt>
      <trkpt lat="45.881133" lon="13.995425">
        <ele>582.330407</ele>
        <time>2026-07-17T17:40:16.248Z</time>
      </trkpt>
      <trkpt lat="45.881123" lon="13.995683">
        <ele>582.892470</ele>
        <time>2026-07-17T17:40:21.091Z</time>
      </trkpt>
      <trkpt lat="45.881104" lon="13.996256">
        <ele>584.140256</ele>
        <time>2026-07-17T17:40:31.414Z</time>
      </trkpt>
      <trkpt lat="45.880985" lon="13.997188">
        <ele>585.675231</ele>
        <time>2026-07-17T17:40:48.273Z</time>
      </trkpt>
      <trkpt lat="45.880936" lon="13.997927">
        <ele>586.505694</ele>
        <time>2026-07-17T17:40:58.562Z</time>
      </trkpt>
      <trkpt lat="45.880756" lon="13.999352">
        <ele>588.147020</ele>
        <time>2026-07-17T17:41:17.313Z</time>
      </trkpt>
      <trkpt lat="45.880366" lon="14.001125">
        <ele>590.601895</ele>
        <time>2026-07-17T17:41:49.296Z</time>
      </trkpt>
      <trkpt lat="45.880332" lon="14.001271">
        <ele>590.805152</ele>
        <time>2026-07-17T17:41:51.633Z</time>
      </trkpt>
      <trkpt lat="45.880268" lon="14.001561">
        <ele>591.206804</ele>
        <time>2026-07-17T17:41:56.138Z</time>
      </trkpt>
      <trkpt lat="45.880154" lon="14.002073">
        <ele>591.407467</ele>
        <time>2026-07-17T17:42:03.444Z</time>
      </trkpt>
      <trkpt lat="45.879935" lon="14.002709">
        <ele>591.384543</ele>
        <time>2026-07-17T17:42:11.876Z</time>
      </trkpt>
      <trkpt lat="45.879327" lon="14.004219">
        <ele>591.939001</ele>
        <time>2026-07-17T17:42:26.357Z</time>
      </trkpt>
      <trkpt lat="45.879244" lon="14.004750">
        <ele>593.269259</ele>
        <time>2026-07-17T17:42:33.203Z</time>
      </trkpt>
      <trkpt lat="45.879177" lon="14.005007">
        <ele>593.940057</ele>
        <time>2026-07-17T17:42:37.620Z</time>
      </trkpt>
      <trkpt lat="45.879031" lon="14.005446">
        <ele>595.129283</ele>
        <time>2026-07-17T17:42:47.286Z</time>
      </trkpt>
      <trkpt lat="45.878226" lon="14.007249">
        <ele>603.277908</ele>
        <time>2026-07-17T17:43:51.160Z</time>
      </trkpt>
      <trkpt lat="45.878021" lon="14.007689">
        <ele>605.961328</ele>
        <time>2026-07-17T17:44:09.306Z</time>
      </trkpt>
      <trkpt lat="45.877714" lon="14.008209">
        <ele>609.417002</ele>
        <time>2026-07-17T17:44:30.329Z</time>
      </trkpt>
      <trkpt lat="45.877387" lon="14.008650">
        <ele>612.129560</ele>
        <time>2026-07-17T17:44:49.582Z</time>
      </trkpt>
      <trkpt lat="45.877108" lon="14.009027">
        <ele>614.122016</ele>
        <time>2026-07-17T17:45:04.403Z</time>
      </trkpt>
      <trkpt lat="45.876866" lon="14.009410">
        <ele>615.995020</ele>
        <time>2026-07-17T17:45:16.180Z</time>
      </trkpt>
      <trkpt lat="45.876145" lon="14.010669">
        <ele>622.497380</ele>
        <time>2026-07-17T17:45:50.631Z</time>
      </trkpt>
      <trkpt lat="45.874828" lon="14.013583">
        <ele>641.421889</ele>
        <time>2026-07-17T17:47:43.168Z</time>
      </trkpt>
      <trkpt lat="45.874730" lon="14.013854">
        <ele>643.369829</ele>
        <time>2026-07-17T17:47:56.732Z</time>
      </trkpt>
      <trkpt lat="45.874383" lon="14.015064">
        <ele>651.514936</ele>
        <time>2026-07-17T17:48:47.570Z</time>
      </trkpt>
      <trkpt lat="45.874214" lon="14.015718">
        <ele>655.626532</ele>
        <time>2026-07-17T17:49:14.259Z</time>
      </trkpt>
      <trkpt lat="45.874030" lon="14.016420">
        <ele>660.047605</ele>
        <time>2026-07-17T17:49:39.361Z</time>
      </trkpt>
      <trkpt lat="45.873784" lon="14.017194">
        <ele>665.041437</ele>
        <time>2026-07-17T17:50:01.791Z</time>
      </trkpt>
      <trkpt lat="45.873465" lon="14.018141">
        <ele>671.075563</ele>
        <time>2026-07-17T17:50:34.670Z</time>
      </trkpt>
      <trkpt lat="45.873123" lon="14.019183">
        <ele>677.683088</ele>
        <time>2026-07-17T17:51:12.656Z</time>
      </trkpt>
      <trkpt lat="45.872663" lon="14.020518">
        <ele>689.095000</ele>
        <time>2026-07-17T17:52:16.202Z</time>
      </trkpt>
      <trkpt lat="45.872343" lon="14.021351">
        <ele>696.747607</ele>
        <time>2026-07-17T17:53:01.292Z</time>
      </trkpt>
      <trkpt lat="45.872215" lon="14.021850">
        <ele>700.647107</ele>
        <time>2026-07-17T17:53:23.690Z</time>
      </trkpt>
      <trkpt lat="45.872098" lon="14.022450">
        <ele>704.007878</ele>
        <time>2026-07-17T17:53:47.522Z</time>
      </trkpt>
      <trkpt lat="45.872070" lon="14.022640">
        <ele>705.055394</ele>
        <time>2026-07-17T17:53:54.325Z</time>
      </trkpt>
      <trkpt lat="45.872008" lon="14.022835">
        <ele>706.211650</ele>
        <time>2026-07-17T17:54:01.437Z</time>
      </trkpt>
      <trkpt lat="45.871892" lon="14.023214">
        <ele>708.444679</ele>
        <time>2026-07-17T17:54:13.982Z</time>
      </trkpt>
      <trkpt lat="45.871868" lon="14.023432">
        <ele>709.635128</ele>
        <time>2026-07-17T17:54:20.064Z</time>
      </trkpt>
      <trkpt lat="45.871770" lon="14.024245">
        <ele>714.007081</ele>
        <time>2026-07-17T17:54:39.829Z</time>
      </trkpt>
      <trkpt lat="45.871448" lon="14.025432">
        <ele>718.913909</ele>
        <time>2026-07-17T17:55:09.642Z</time>
      </trkpt>
      <trkpt lat="45.870799" lon="14.027147">
        <ele>726.479268</ele>
        <time>2026-07-17T17:56:03.950Z</time>
      </trkpt>
      <trkpt lat="45.870622" lon="14.027670">
        <ele>728.758442</ele>
        <time>2026-07-17T17:56:20.821Z</time>
      </trkpt>
      <trkpt lat="45.870046" lon="14.028790">
        <ele>734.075505</ele>
        <time>2026-07-17T17:56:55.459Z</time>
      </trkpt>
      <trkpt lat="45.869873" lon="14.029122">
        <ele>735.009102</ele>
        <time>2026-07-17T17:57:04.141Z</time>
      </trkpt>
      <trkpt lat="45.869682" lon="14.029621">
        <ele>736.291108</ele>
        <time>2026-07-17T17:57:15.207Z</time>
      </trkpt>
      <trkpt lat="45.869623" lon="14.029948">
        <ele>737.051631</ele>
        <time>2026-07-17T17:57:21.397Z</time>
      </trkpt>
      <trkpt lat="45.869610" lon="14.030461">
        <ele>738.207365</ele>
        <time>2026-07-17T17:57:30.550Z</time>
      </trkpt>
      <trkpt lat="45.869628" lon="14.030635">
        <ele>738.603409</ele>
        <time>2026-07-17T17:57:33.751Z</time>
      </trkpt>
      <trkpt lat="45.869793" lon="14.031192">
        <ele>739.983715</ele>
        <time>2026-07-17T17:57:44.479Z</time>
      </trkpt>
      <trkpt lat="45.870226" lon="14.031891">
        <ele>742.229571</ele>
        <time>2026-07-17T17:57:59.748Z</time>
      </trkpt>
      <trkpt lat="45.870376" lon="14.032225">
        <ele>743.183635</ele>
        <time>2026-07-17T17:58:06.771Z</time>
      </trkpt>
      <trkpt lat="45.870445" lon="14.032552">
        <ele>744.003839</ele>
        <time>2026-07-17T17:58:13.716Z</time>
      </trkpt>
      <trkpt lat="45.870536" lon="14.033301">
        <ele>745.828950</ele>
        <time>2026-07-17T17:58:31.143Z</time>
      </trkpt>
      <trkpt lat="45.870643" lon="14.034430">
        <ele>750.696532</ele>
        <time>2026-07-17T17:59:02.042Z</time>
      </trkpt>
      <trkpt lat="45.870625" lon="14.035409">
        <ele>754.931118</ele>
        <time>2026-07-17T17:59:32.951Z</time>
      </trkpt>
      <trkpt lat="45.870582" lon="14.036546">
        <ele>758.861326</ele>
        <time>2026-07-17T18:00:02.888Z</time>
      </trkpt>
      <trkpt lat="45.870480" lon="14.037777">
        <ele>762.307912</ele>
        <time>2026-07-17T18:00:28.116Z</time>
      </trkpt>
      <trkpt lat="45.870387" lon="14.038595">
        <ele>764.466330</ele>
        <time>2026-07-17T18:00:44.094Z</time>
      </trkpt>
      <trkpt lat="45.870167" lon="14.039929">
        <ele>766.724412</ele>
        <time>2026-07-17T18:01:05.033Z</time>
      </trkpt>
      <trkpt lat="45.870041" lon="14.040366">
        <ele>767.503490</ele>
        <time>2026-07-17T18:01:12.852Z</time>
      </trkpt>
      <trkpt lat="45.869782" lon="14.041049">
        <ele>768.938577</ele>
        <time>2026-07-17T18:01:25.768Z</time>
      </trkpt>
      <trkpt lat="45.868997" lon="14.043329">
        <ele>775.528756</ele>
        <time>2026-07-17T18:02:19.208Z</time>
      </trkpt>
      <trkpt lat="45.868858" lon="14.043861">
        <ele>777.242220</ele>
        <time>2026-07-17T18:02:32.830Z</time>
      </trkpt>
      <trkpt lat="45.868809" lon="14.044225">
        <ele>778.360185</ele>
        <time>2026-07-17T18:02:41.948Z</time>
      </trkpt>
      <trkpt lat="45.868706" lon="14.045815">
        <ele>783.047533</ele>
        <time>2026-07-17T18:03:19.354Z</time>
      </trkpt>
      <trkpt lat="45.868633" lon="14.046311">
        <ele>783.767552</ele>
        <time>2026-07-17T18:03:27.953Z</time>
      </trkpt>
      <trkpt lat="45.868518" lon="14.046721">
        <ele>784.395334</ele>
        <time>2026-07-17T18:03:33.214Z</time>
      </trkpt>
      <trkpt lat="45.867944" lon="14.048061">
        <ele>786.650846</ele>
        <time>2026-07-17T18:03:53.464Z</time>
      </trkpt>
      <trkpt lat="45.867677" lon="14.049301">
        <ele>789.904745</ele>
        <time>2026-07-17T18:04:23.762Z</time>
      </trkpt>
      <trkpt lat="45.867420" lon="14.050004">
        <ele>791.895294</ele>
        <time>2026-07-17T18:04:42.542Z</time>
      </trkpt>
      <trkpt lat="45.866922" lon="14.051347">
        <ele>795.361866</ele>
        <time>2026-07-17T18:05:07.295Z</time>
      </trkpt>
      <trkpt lat="45.866807" lon="14.051711">
        <ele>796.231457</ele>
        <time>2026-07-17T18:05:13.004Z</time>
      </trkpt>
      <trkpt lat="45.866661" lon="14.052384">
        <ele>797.765004</ele>
        <time>2026-07-17T18:05:26.770Z</time>
      </trkpt>
      <trkpt lat="45.866604" lon="14.052870">
        <ele>798.883777</ele>
        <time>2026-07-17T18:05:38.787Z</time>
      </trkpt>
      <trkpt lat="45.866598" lon="14.053116">
        <ele>799.597844</ele>
        <time>2026-07-17T18:05:45.241Z</time>
      </trkpt>
      <trkpt lat="45.866600" lon="14.053909">
        <ele>801.898300</ele>
        <time>2026-07-17T18:06:05.619Z</time>
      </trkpt>
      <trkpt lat="45.866599" lon="14.054438">
        <ele>803.432899</ele>
        <time>2026-07-17T18:06:17.383Z</time>
      </trkpt>
      <trkpt lat="45.866662" lon="14.054954">
        <ele>804.952616</ele>
        <time>2026-07-17T18:06:27.055Z</time>
      </trkpt>
      <trkpt lat="45.866945" lon="14.056370">
        <ele>809.052719</ele>
        <time>2026-07-17T18:06:54.721Z</time>
      </trkpt>
      <trkpt lat="45.867094" lon="14.057116">
        <ele>811.175418</ele>
        <time>2026-07-17T18:07:11.341Z</time>
      </trkpt>
      <trkpt lat="45.867170" lon="14.057939">
        <ele>813.410016</ele>
        <time>2026-07-17T18:07:31.230Z</time>
      </trkpt>
      <trkpt lat="45.867095" lon="14.058530">
        <ele>814.741281</ele>
        <time>2026-07-17T18:07:46.548Z</time>
      </trkpt>
      <trkpt lat="45.866986" lon="14.058943">
        <ele>815.720052</ele>
        <time>2026-07-17T18:07:56.645Z</time>
      </trkpt>
      <trkpt lat="45.866842" lon="14.059291">
        <ele>816.617136</ele>
        <time>2026-07-17T18:08:04.284Z</time>
      </trkpt>
      <trkpt lat="45.866651" lon="14.059646">
        <ele>817.611321</ele>
        <time>2026-07-17T18:08:12.079Z</time>
      </trkpt>
      <trkpt lat="45.866422" lon="14.059922">
        <ele>818.562765</ele>
        <time>2026-07-17T18:08:18.762Z</time>
      </trkpt>
      <trkpt lat="45.866188" lon="14.060147">
        <ele>818.858453</ele>
        <time>2026-07-17T18:08:24.204Z</time>
      </trkpt>
      <trkpt lat="45.865896" lon="14.060334">
        <ele>818.600352</ele>
        <time>2026-07-17T18:08:29.223Z</time>
      </trkpt>
      <trkpt lat="45.865103" lon="14.060581">
        <ele>817.945298</ele>
        <time>2026-07-17T18:08:38.108Z</time>
      </trkpt>
      <trkpt lat="45.864880" lon="14.060709">
        <ele>817.751428</ele>
        <time>2026-07-17T18:08:40.860Z</time>
      </trkpt>
      <trkpt lat="45.864660" lon="14.060913">
        <ele>817.540020</ele>
        <time>2026-07-17T18:08:43.914Z</time>
      </trkpt>
      <trkpt lat="45.864492" lon="14.061130">
        <ele>817.913581</ele>
        <time>2026-07-17T18:08:46.688Z</time>
      </trkpt>
      <trkpt lat="45.864268" lon="14.061517">
        <ele>818.553952</ele>
        <time>2026-07-17T18:08:51.381Z</time>
      </trkpt>
      <trkpt lat="45.863906" lon="14.062864">
        <ele>820.391258</ele>
        <time>2026-07-17T18:09:15.567Z</time>
      </trkpt>
      <trkpt lat="45.863824" lon="14.063132">
        <ele>820.763763</ele>
        <time>2026-07-17T18:09:22.522Z</time>
      </trkpt>
      <trkpt lat="45.863704" lon="14.063391">
        <ele>822.126128</ele>
        <time>2026-07-17T18:09:30.259Z</time>
      </trkpt>
      <trkpt lat="45.863455" lon="14.063675">
        <ele>824.335718</ele>
        <time>2026-07-17T18:09:42.082Z</time>
      </trkpt>
      <trkpt lat="45.863203" lon="14.064164">
        <ele>827.279418</ele>
        <time>2026-07-17T18:09:59.362Z</time>
      </trkpt>
      <trkpt lat="45.862812" lon="14.064778">
        <ele>831.305511</ele>
        <time>2026-07-17T18:10:26.074Z</time>
      </trkpt>
      <trkpt lat="45.862476" lon="14.065200">
        <ele>834.739334</ele>
        <time>2026-07-17T18:10:49.341Z</time>
      </trkpt>
      <trkpt lat="45.862328" lon="14.065504">
        <ele>837.078866</ele>
        <time>2026-07-17T18:11:03.679Z</time>
      </trkpt>
      <trkpt lat="45.861881" lon="14.066147">
        <ele>842.809425</ele>
        <time>2026-07-17T18:11:39.574Z</time>
      </trkpt>
      <trkpt lat="45.861460" lon="14.066411">
        <ele>846.970259</ele>
        <time>2026-07-17T18:12:03.455Z</time>
      </trkpt>
      <trkpt lat="45.860926" lon="14.066840">
        <ele>850.999918</ele>
        <time>2026-07-17T18:12:30.241Z</time>
      </trkpt>
      <trkpt lat="45.860568" lon="14.067128">
        <ele>852.783901</ele>
        <time>2026-07-17T18:12:44.507Z</time>
      </trkpt>
      <trkpt lat="45.860343" lon="14.067472">
        <ele>854.212718</ele>
        <time>2026-07-17T18:12:53.646Z</time>
      </trkpt>
      <trkpt lat="45.860214" lon="14.067784">
        <ele>855.311264</ele>
        <time>2026-07-17T18:13:00.073Z</time>
      </trkpt>
      <trkpt lat="45.860124" lon="14.067938">
        <ele>855.919935</ele>
        <time>2026-07-17T18:13:03.519Z</time>
      </trkpt>
      <trkpt lat="45.860028" lon="14.068095">
        <ele>856.552490</ele>
        <time>2026-07-17T18:13:07.076Z</time>
      </trkpt>
      <trkpt lat="45.859606" lon="14.068537">
        <ele>858.134257</ele>
        <time>2026-07-17T18:13:20.938Z</time>
      </trkpt>
      <trkpt lat="45.859557" lon="14.068619">
        <ele>858.300375</ele>
        <time>2026-07-17T18:13:23.017Z</time>
      </trkpt>
      <trkpt lat="45.859137" lon="14.069593">
        <ele>860.061657</ele>
        <time>2026-07-17T18:13:41.853Z</time>
      </trkpt>
      <trkpt lat="45.859096" lon="14.069760">
        <ele>860.333898</ele>
        <time>2026-07-17T18:13:44.597Z</time>
      </trkpt>
      <trkpt lat="45.859086" lon="14.070014">
        <ele>860.725033</ele>
        <time>2026-07-17T18:13:48.622Z</time>
      </trkpt>
      <trkpt lat="45.859028" lon="14.070201">
        <ele>861.039759</ele>
        <time>2026-07-17T18:13:52.006Z</time>
      </trkpt>
      <trkpt lat="45.858852" lon="14.070493">
        <ele>861.432024</ele>
        <time>2026-07-17T18:13:58.152Z</time>
      </trkpt>
      <trkpt lat="45.858752" lon="14.070752">
        <ele>861.504155</ele>
        <time>2026-07-17T18:14:02.457Z</time>
      </trkpt>
      <trkpt lat="45.858695" lon="14.070968">
        <ele>861.560417</ele>
        <time>2026-07-17T18:14:05.599Z</time>
      </trkpt>
      <trkpt lat="45.858482" lon="14.071541">
        <ele>861.718620</ele>
        <time>2026-07-17T18:14:12.994Z</time>
      </trkpt>
      <trkpt lat="45.858440" lon="14.071758">
        <ele>861.773479</ele>
        <time>2026-07-17T18:14:15.096Z</time>
      </trkpt>
      <trkpt lat="45.858436" lon="14.072019">
        <ele>861.837067</ele>
        <time>2026-07-17T18:14:17.483Z</time>
      </trkpt>
      <trkpt lat="45.858455" lon="14.072257">
        <ele>861.895417</ele>
        <time>2026-07-17T18:14:19.749Z</time>
      </trkpt>
      <trkpt lat="45.858564" lon="14.072615">
        <ele>861.990584</ele>
        <time>2026-07-17T18:14:23.693Z</time>
      </trkpt>
      <trkpt lat="45.858838" lon="14.073042">
        <ele>861.904876</ele>
        <time>2026-07-17T18:14:28.881Z</time>
      </trkpt>
      <trkpt lat="45.858920" lon="14.073293">
        <ele>861.831491</ele>
        <time>2026-07-17T18:14:31.244Z</time>
      </trkpt>
      <trkpt lat="45.858954" lon="14.073579">
        <ele>861.754693</ele>
        <time>2026-07-17T18:14:33.748Z</time>
      </trkpt>
      <trkpt lat="45.858955" lon="14.073956">
        <ele>861.654902</ele>
        <time>2026-07-17T18:14:37.156Z</time>
      </trkpt>
      <trkpt lat="45.859087" lon="14.074449">
        <ele>861.515095</ele>
        <time>2026-07-17T18:14:42.398Z</time>
      </trkpt>
      <trkpt lat="45.859137" lon="14.074895">
        <ele>861.395521</ele>
        <time>2026-07-17T18:14:46.914Z</time>
      </trkpt>
      <trkpt lat="45.859022" lon="14.075891">
        <ele>860.830178</ele>
        <time>2026-07-17T18:14:57.929Z</time>
      </trkpt>
      <trkpt lat="45.858996" lon="14.076134">
        <ele>860.673271</ele>
        <time>2026-07-17T18:15:00.350Z</time>
      </trkpt>
      <trkpt lat="45.859136" lon="14.077239">
        <ele>859.956465</ele>
        <time>2026-07-17T18:15:09.168Z</time>
      </trkpt>
      <trkpt lat="45.859104" lon="14.077480">
        <ele>859.799884</ele>
        <time>2026-07-17T18:15:11.077Z</time>
      </trkpt>
      <trkpt lat="45.858933" lon="14.077674">
        <ele>859.746584</ele>
        <time>2026-07-17T18:15:13.518Z</time>
      </trkpt>
      <trkpt lat="45.858843" lon="14.077642">
        <ele>859.798234</ele>
        <time>2026-07-17T18:15:14.554Z</time>
      </trkpt>
      <trkpt lat="45.858669" lon="14.077683">
        <ele>859.896462</ele>
        <time>2026-07-17T18:15:16.673Z</time>
      </trkpt>
      <trkpt lat="45.858646" lon="14.077703">
        <ele>859.911441</ele>
        <time>2026-07-17T18:15:16.999Z</time>
      </trkpt>
      <trkpt lat="45.858669" lon="14.077683">
        <ele>859.926420</ele>
        <time>2026-07-17T18:15:17.303Z</time>
      </trkpt>
      <trkpt lat="45.858843" lon="14.077642">
        <ele>860.024647</ele>
        <time>2026-07-17T18:15:19.546Z</time>
      </trkpt>
      <trkpt lat="45.858933" lon="14.077674">
        <ele>860.076297</ele>
        <time>2026-07-17T18:15:21.000Z</time>
      </trkpt>
      <trkpt lat="45.858726" lon="14.078063">
        <ele>860.266227</ele>
        <time>2026-07-17T18:15:26.570Z</time>
      </trkpt>
      <trkpt lat="45.858641" lon="14.078252">
        <ele>860.353512</ele>
        <time>2026-07-17T18:15:29.810Z</time>
      </trkpt>
      <trkpt lat="45.858622" lon="14.078351">
        <ele>860.393352</ele>
        <time>2026-07-17T18:15:31.429Z</time>
      </trkpt>
      <trkpt lat="45.858629" lon="14.078477">
        <ele>860.442391</ele>
        <time>2026-07-17T18:15:33.720Z</time>
      </trkpt>
      <trkpt lat="45.858668" lon="14.078602">
        <ele>860.495530</ele>
        <time>2026-07-17T18:15:36.527Z</time>
      </trkpt>
      <trkpt lat="45.858742" lon="14.078732">
        <ele>860.560669</ele>
        <time>2026-07-17T18:15:39.952Z</time>
      </trkpt>
      <trkpt lat="45.859021" lon="14.079159">
        <ele>860.679935</ele>
        <time>2026-07-17T18:15:50.059Z</time>
      </trkpt>
      <trkpt lat="45.859229" lon="14.079526">
        <ele>860.654191</ele>
        <time>2026-07-17T18:15:56.792Z</time>
      </trkpt>
      <trkpt lat="45.859305" lon="14.079718">
        <ele>860.642176</ele>
        <time>2026-07-17T18:15:59.536Z</time>
      </trkpt>
      <trkpt lat="45.859323" lon="14.079979">
        <ele>860.627907</ele>
        <time>2026-07-17T18:16:02.388Z</time>
      </trkpt>
      <trkpt lat="45.859305" lon="14.080379">
        <ele>860.606099</ele>
        <time>2026-07-17T18:16:05.949Z</time>
      </trkpt>
      <trkpt lat="45.859210" lon="14.080754">
        <ele>860.584389</ele>
        <time>2026-07-17T18:16:09.071Z</time>
      </trkpt>
      <trkpt lat="45.859170" lon="14.081158">
        <ele>860.562188</ele>
        <time>2026-07-17T18:16:12.131Z</time>
      </trkpt>
      <trkpt lat="45.859232" lon="14.082010">
        <ele>860.918836</ele>
        <time>2026-07-17T18:16:18.606Z</time>
      </trkpt>
      <trkpt lat="45.859924" lon="14.083626">
        <ele>861.937182</ele>
        <time>2026-07-17T18:16:46.798Z</time>
      </trkpt>
      <trkpt lat="45.860254" lon="14.084756">
        <ele>864.164659</ele>
        <time>2026-07-17T18:17:11.352Z</time>
      </trkpt>
      <trkpt lat="45.860301" lon="14.084980">
        <ele>864.590812</ele>
        <time>2026-07-17T18:17:15.831Z</time>
      </trkpt>
      <trkpt lat="45.860293" lon="14.085315">
        <ele>865.201403</ele>
        <time>2026-07-17T18:17:22.149Z</time>
      </trkpt>
      <trkpt lat="45.860104" lon="14.085893">
        <ele>866.364568</ele>
        <time>2026-07-17T18:17:32.993Z</time>
      </trkpt>
      <trkpt lat="45.860095" lon="14.085993">
        <ele>866.548242</ele>
        <time>2026-07-17T18:17:34.566Z</time>
      </trkpt>
      <trkpt lat="45.860116" lon="14.086116">
        <ele>866.637685</ele>
        <time>2026-07-17T18:17:36.368Z</time>
      </trkpt>
      <trkpt lat="45.860211" lon="14.086384">
        <ele>866.612993</ele>
        <time>2026-07-17T18:17:40.487Z</time>
      </trkpt>
      <trkpt lat="45.860463" lon="14.086756">
        <ele>866.570380</ele>
        <time>2026-07-17T18:17:46.966Z</time>
      </trkpt>
      <trkpt lat="45.861169" lon="14.087412">
        <ele>866.471231</ele>
        <time>2026-07-17T18:17:58.115Z</time>
      </trkpt>
      <trkpt lat="45.861244" lon="14.087578">
        <ele>866.454984</ele>
        <time>2026-07-17T18:17:59.659Z</time>
      </trkpt>
      <trkpt lat="45.861280" lon="14.087817">
        <ele>866.434906</ele>
        <time>2026-07-17T18:18:01.515Z</time>
      </trkpt>
      <trkpt lat="45.861282" lon="14.088175">
        <ele>866.338866</ele>
        <time>2026-07-17T18:18:04.214Z</time>
      </trkpt>
      <trkpt lat="45.861242" lon="14.088965">
        <ele>866.108379</ele>
        <time>2026-07-17T18:18:10.581Z</time>
      </trkpt>
      <trkpt lat="45.861319" lon="14.089453">
        <ele>865.962778</ele>
        <time>2026-07-17T18:18:15.464Z</time>
      </trkpt>
      <trkpt lat="45.861365" lon="14.090069">
        <ele>865.782502</ele>
        <time>2026-07-17T18:18:21.691Z</time>
      </trkpt>
      <trkpt lat="45.861405" lon="14.090210">
        <ele>865.738199</ele>
        <time>2026-07-17T18:18:23.508Z</time>
      </trkpt>
      <trkpt lat="45.861562" lon="14.090445">
        <ele>865.920973</ele>
        <time>2026-07-17T18:18:27.985Z</time>
      </trkpt>
      <trkpt lat="45.861634" lon="14.090562">
        <ele>866.219014</ele>
        <time>2026-07-17T18:18:30.310Z</time>
      </trkpt>
      <trkpt lat="45.861686" lon="14.090802">
        <ele>866.698798</ele>
        <time>2026-07-17T18:18:34.325Z</time>
      </trkpt>
      <trkpt lat="45.861678" lon="14.091047">
        <ele>867.166980</ele>
        <time>2026-07-17T18:18:38.697Z</time>
      </trkpt>
      <trkpt lat="45.861540" lon="14.091978">
        <ele>868.983930</ele>
        <time>2026-07-17T18:18:56.983Z</time>
      </trkpt>
      <trkpt lat="45.861533" lon="14.092312">
        <ele>869.621775</ele>
        <time>2026-07-17T18:19:03.178Z</time>
      </trkpt>
      <trkpt lat="45.861670" lon="14.093027">
        <ele>870.814237</ele>
        <time>2026-07-17T18:19:19.425Z</time>
      </trkpt>
      <trkpt lat="45.861775" lon="14.093960">
        <ele>871.675772</ele>
        <time>2026-07-17T18:19:37.344Z</time>
      </trkpt>
      <trkpt lat="45.861757" lon="14.094118">
        <ele>871.821716</ele>
        <time>2026-07-17T18:19:39.675Z</time>
      </trkpt>
      <trkpt lat="45.861475" lon="14.094906">
        <ele>872.629337</ele>
        <time>2026-07-17T18:19:48.555Z</time>
      </trkpt>
      <trkpt lat="45.861344" lon="14.095413">
        <ele>872.813123</ele>
        <time>2026-07-17T18:19:53.096Z</time>
      </trkpt>
      <trkpt lat="45.861266" lon="14.095816">
        <ele>872.446191</ele>
        <time>2026-07-17T18:19:56.312Z</time>
      </trkpt>
      <trkpt lat="45.861272" lon="14.096160">
        <ele>872.144322</ele>
        <time>2026-07-17T18:19:58.956Z</time>
      </trkpt>
      <trkpt lat="45.861361" lon="14.096738">
        <ele>871.625025</ele>
        <time>2026-07-17T18:20:03.659Z</time>
      </trkpt>
      <trkpt lat="45.861207" lon="14.097530">
        <ele>870.903669</ele>
        <time>2026-07-17T18:20:11.132Z</time>
      </trkpt>
      <trkpt lat="45.861177" lon="14.097910">
        <ele>870.626407</ele>
        <time>2026-07-17T18:20:14.271Z</time>
      </trkpt>
      <trkpt lat="45.861210" lon="14.098084">
        <ele>870.538622</ele>
        <time>2026-07-17T18:20:15.675Z</time>
      </trkpt>
      <trkpt lat="45.861468" lon="14.098604">
        <ele>870.227825</ele>
        <time>2026-07-17T18:20:20.691Z</time>
      </trkpt>
      <trkpt lat="45.861630" lon="14.098961">
        <ele>870.020407</ele>
        <time>2026-07-17T18:20:24.967Z</time>
      </trkpt>
      <trkpt lat="45.861727" lon="14.099286">
        <ele>869.848288</ele>
        <time>2026-07-17T18:20:29.516Z</time>
      </trkpt>
      <trkpt lat="45.861784" lon="14.099618">
        <ele>869.681840</ele>
        <time>2026-07-17T18:20:34.187Z</time>
      </trkpt>
      <trkpt lat="45.861816" lon="14.099784">
        <ele>869.597996</ele>
        <time>2026-07-17T18:20:36.091Z</time>
      </trkpt>
      <trkpt lat="45.861953" lon="14.100003">
        <ele>869.454697</ele>
        <time>2026-07-17T18:20:38.618Z</time>
      </trkpt>
      <trkpt lat="45.862052" lon="14.100046">
        <ele>869.033417</ele>
        <time>2026-07-17T18:20:39.747Z</time>
      </trkpt>
      <trkpt lat="45.862451" lon="14.099978">
        <ele>867.101198</ele>
        <time>2026-07-17T18:20:44.042Z</time>
      </trkpt>
      <trkpt lat="45.862590" lon="14.100022">
        <ele>866.416712</ele>
        <time>2026-07-17T18:20:45.536Z</time>
      </trkpt>
      <trkpt lat="45.862742" lon="14.100175">
        <ele>865.524066</ele>
        <time>2026-07-17T18:20:47.396Z</time>
      </trkpt>
      <trkpt lat="45.862947" lon="14.101067">
        <ele>862.378452</ele>
        <time>2026-07-17T18:20:53.408Z</time>
      </trkpt>
      <trkpt lat="45.863022" lon="14.101165">
        <ele>861.890819</ele>
        <time>2026-07-17T18:20:54.302Z</time>
      </trkpt>
      <trkpt lat="45.863375" lon="14.101349">
        <ele>859.832895</ele>
        <time>2026-07-17T18:20:57.553Z</time>
      </trkpt>
      <trkpt lat="45.863916" lon="14.101430">
        <ele>856.285260</ele>
        <time>2026-07-17T18:21:02.311Z</time>
      </trkpt>
      <trkpt lat="45.864058" lon="14.101566">
        <ele>855.172024</ele>
        <time>2026-07-17T18:21:03.841Z</time>
      </trkpt>
      <trkpt lat="45.864112" lon="14.101807">
        <ele>854.022179</ele>
        <time>2026-07-17T18:21:05.441Z</time>
      </trkpt>
      <trkpt lat="45.864014" lon="14.102866">
        <ele>849.170111</ele>
        <time>2026-07-17T18:21:12.396Z</time>
      </trkpt>
      <trkpt lat="45.864059" lon="14.103689">
        <ele>849.242198</ele>
        <time>2026-07-17T18:21:18.212Z</time>
      </trkpt>
      <trkpt lat="45.864041" lon="14.104443">
        <ele>849.412612</ele>
        <time>2026-07-17T18:21:25.081Z</time>
      </trkpt>
      <trkpt lat="45.864072" lon="14.104832">
        <ele>849.501053</ele>
        <time>2026-07-17T18:21:31.111Z</time>
      </trkpt>
      <trkpt lat="45.863982" lon="14.105400">
        <ele>849.632633</ele>
        <time>2026-07-17T18:21:43.848Z</time>
      </trkpt>
      <trkpt lat="45.863974" lon="14.105774">
        <ele>851.557362</ele>
        <time>2026-07-17T18:21:54.258Z</time>
      </trkpt>
      <trkpt lat="45.864034" lon="14.106346">
        <ele>855.000952</ele>
        <time>2026-07-17T18:22:12.922Z</time>
      </trkpt>
      <trkpt lat="45.864020" lon="14.106583">
        <ele>856.416904</ele>
        <time>2026-07-17T18:22:21.510Z</time>
      </trkpt>
      <trkpt lat="45.863902" lon="14.107069">
        <ele>859.480931</ele>
        <time>2026-07-17T18:22:41.533Z</time>
      </trkpt>
      <trkpt lat="45.863696" lon="14.109007">
        <ele>868.124600</ele>
        <time>2026-07-17T18:23:56.703Z</time>
      </trkpt>
      <trkpt lat="45.863691" lon="14.109211">
        <ele>868.739787</ele>
        <time>2026-07-17T18:24:02.560Z</time>
      </trkpt>
      <trkpt lat="45.863817" lon="14.109932">
        <ele>870.980081</ele>
        <time>2026-07-17T18:24:17.880Z</time>
      </trkpt>
      <trkpt lat="45.863790" lon="14.110303">
        <ele>872.104271</ele>
        <time>2026-07-17T18:24:21.574Z</time>
      </trkpt>
      <trkpt lat="45.863728" lon="14.110717">
        <ele>871.580758</ele>
        <time>2026-07-17T18:24:24.473Z</time>
      </trkpt>
      <trkpt lat="45.863596" lon="14.111037">
        <ele>869.195694</ele>
        <time>2026-07-17T18:24:26.762Z</time>
      </trkpt>
      <trkpt lat="45.863539" lon="14.111358">
        <ele>867.071348</ele>
        <time>2026-07-17T18:24:28.756Z</time>
      </trkpt>
      <trkpt lat="45.863546" lon="14.111444">
        <ele>866.516101</ele>
        <time>2026-07-17T18:24:29.271Z</time>
      </trkpt>
      <trkpt lat="45.863574" lon="14.111750">
        <ele>864.536946</ele>
        <time>2026-07-17T18:24:31.101Z</time>
      </trkpt>
      <trkpt lat="45.863666" lon="14.112111">
        <ele>862.071808</ele>
        <time>2026-07-17T18:24:33.361Z</time>
      </trkpt>
      <trkpt lat="45.863671" lon="14.112369">
        <ele>860.416694</ele>
        <time>2026-07-17T18:24:34.874Z</time>
      </trkpt>
      <trkpt lat="45.863680" lon="14.112541">
        <ele>859.310602</ele>
        <time>2026-07-17T18:24:35.883Z</time>
      </trkpt>
      <trkpt lat="45.863707" lon="14.112635">
        <ele>858.658545</ele>
        <time>2026-07-17T18:24:36.475Z</time>
      </trkpt>
      <trkpt lat="45.863829" lon="14.112798">
        <ele>857.124020</ele>
        <time>2026-07-17T18:24:37.878Z</time>
      </trkpt>
      <trkpt lat="45.865168" lon="14.114007">
        <ele>842.956004</ele>
        <time>2026-07-17T18:24:51.613Z</time>
      </trkpt>
      <trkpt lat="45.865319" lon="14.114203">
        <ele>841.136066</ele>
        <time>2026-07-17T18:24:53.463Z</time>
      </trkpt>
      <trkpt lat="45.865473" lon="14.114535">
        <ele>839.160335</ele>
        <time>2026-07-17T18:24:55.980Z</time>
      </trkpt>
      <trkpt lat="45.865541" lon="14.115102">
        <ele>836.785576</ele>
        <time>2026-07-17T18:24:59.624Z</time>
      </trkpt>
      <trkpt lat="45.865489" lon="14.115373">
        <ele>835.625328</ele>
        <time>2026-07-17T18:25:01.418Z</time>
      </trkpt>
      <trkpt lat="45.865351" lon="14.115598">
        <ele>834.387764</ele>
        <time>2026-07-17T18:25:03.346Z</time>
      </trkpt>
      <trkpt lat="45.865303" lon="14.115812">
        <ele>833.459780</ele>
        <time>2026-07-17T18:25:04.792Z</time>
      </trkpt>
      <trkpt lat="45.865282" lon="14.116362">
        <ele>831.186225</ele>
        <time>2026-07-17T18:25:08.350Z</time>
      </trkpt>
      <trkpt lat="45.865189" lon="14.117391">
        <ele>828.237905</ele>
        <time>2026-07-17T18:25:15.157Z</time>
      </trkpt>
      <trkpt lat="45.865032" lon="14.118159">
        <ele>826.633327</ele>
        <time>2026-07-17T18:25:20.613Z</time>
      </trkpt>
      <trkpt lat="45.864897" lon="14.118962">
        <ele>824.977302</ele>
        <time>2026-07-17T18:25:27.061Z</time>
      </trkpt>
      <trkpt lat="45.864838" lon="14.119492">
        <ele>824.514059</ele>
        <time>2026-07-17T18:25:32.393Z</time>
      </trkpt>
      <trkpt lat="45.864827" lon="14.119950">
        <ele>824.939485</ele>
        <time>2026-07-17T18:25:37.979Z</time>
      </trkpt>
      <trkpt lat="45.864635" lon="14.120622">
        <ele>825.613789</ele>
        <time>2026-07-17T18:25:48.703Z</time>
      </trkpt>
      <trkpt lat="45.864601" lon="14.120994">
        <ele>825.962089</ele>
        <time>2026-07-17T18:25:55.200Z</time>
      </trkpt>
      <trkpt lat="45.864626" lon="14.121309">
        <ele>826.256406</ele>
        <time>2026-07-17T18:26:00.919Z</time>
      </trkpt>
      <trkpt lat="45.864711" lon="14.121726">
        <ele>826.659762</ele>
        <time>2026-07-17T18:26:08.256Z</time>
      </trkpt>
      <trkpt lat="45.864879" lon="14.122257">
        <ele>826.663054</ele>
        <time>2026-07-17T18:26:16.992Z</time>
      </trkpt>
      <trkpt lat="45.865024" lon="14.122540">
        <ele>826.626013</ele>
        <time>2026-07-17T18:26:21.253Z</time>
      </trkpt>
      <trkpt lat="45.865203" lon="14.122744">
        <ele>826.591416</ele>
        <time>2026-07-17T18:26:24.806Z</time>
      </trkpt>
      <trkpt lat="45.865447" lon="14.122948">
        <ele>826.548672</ele>
        <time>2026-07-17T18:26:28.717Z</time>
      </trkpt>
      <trkpt lat="45.865725" lon="14.123131">
        <ele>826.502373</ele>
        <time>2026-07-17T18:26:32.581Z</time>
      </trkpt>
      <trkpt lat="45.865941" lon="14.123226">
        <ele>826.468172</ele>
        <time>2026-07-17T18:26:35.231Z</time>
      </trkpt>
      <trkpt lat="45.866411" lon="14.123309">
        <ele>825.213562</ele>
        <time>2026-07-17T18:26:40.284Z</time>
      </trkpt>
      <trkpt lat="45.866705" lon="14.123308">
        <ele>824.097776</ele>
        <time>2026-07-17T18:26:43.169Z</time>
      </trkpt>
      <trkpt lat="45.867041" lon="14.123261">
        <ele>822.816561</ele>
        <time>2026-07-17T18:26:46.386Z</time>
      </trkpt>
      <trkpt lat="45.867176" lon="14.123293">
        <ele>822.297280</ele>
        <time>2026-07-17T18:26:47.672Z</time>
      </trkpt>
      <trkpt lat="45.867267" lon="14.123392">
        <ele>821.864011</ele>
        <time>2026-07-17T18:26:48.751Z</time>
      </trkpt>
      <trkpt lat="45.867464" lon="14.123709">
        <ele>820.741173</ele>
        <time>2026-07-17T18:26:51.553Z</time>
      </trkpt>
      <trkpt lat="45.867591" lon="14.124001">
        <ele>819.831357</ele>
        <time>2026-07-17T18:26:53.853Z</time>
      </trkpt>
      <trkpt lat="45.867686" lon="14.124082">
        <ele>819.581749</ele>
        <time>2026-07-17T18:26:54.923Z</time>
      </trkpt>
      <trkpt lat="45.867881" lon="14.124157">
        <ele>819.442457</ele>
        <time>2026-07-17T18:26:56.903Z</time>
      </trkpt>
      <trkpt lat="45.867976" lon="14.124235">
        <ele>819.366951</ele>
        <time>2026-07-17T18:26:57.998Z</time>
      </trkpt>
      <trkpt lat="45.868124" lon="14.124576">
        <ele>819.173894</ele>
        <time>2026-07-17T18:27:00.906Z</time>
      </trkpt>
      <trkpt lat="45.868347" lon="14.124949">
        <ele>818.937690</ele>
        <time>2026-07-17T18:27:05.018Z</time>
      </trkpt>
      <trkpt lat="45.868543" lon="14.125367">
        <ele>818.695570</ele>
        <time>2026-07-17T18:27:11.351Z</time>
      </trkpt>
      <trkpt lat="45.868788" lon="14.125695">
        <ele>818.464459</ele>
        <time>2026-07-17T18:27:19.411Z</time>
      </trkpt>
      <trkpt lat="45.869129" lon="14.126071">
        <ele>819.072745</ele>
        <time>2026-07-17T18:27:30.753Z</time>
      </trkpt>
      <trkpt lat="45.869304" lon="14.126326">
        <ele>819.639974</ele>
        <time>2026-07-17T18:27:37.321Z</time>
      </trkpt>
      <trkpt lat="45.869394" lon="14.126606">
        <ele>820.128552</ele>
        <time>2026-07-17T18:27:42.842Z</time>
      </trkpt>
      <trkpt lat="45.869331" lon="14.129039">
        <ele>823.565548</ele>
        <time>2026-07-17T18:28:21.587Z</time>
      </trkpt>
      <trkpt lat="45.869407" lon="14.129246">
        <ele>823.833459</ele>
        <time>2026-07-17T18:28:25.513Z</time>
      </trkpt>
      <trkpt lat="45.869509" lon="14.129405">
        <ele>824.080970</ele>
        <time>2026-07-17T18:28:28.982Z</time>
      </trkpt>
      <trkpt lat="45.870081" lon="14.129745">
        <ele>825.098820</ele>
        <time>2026-07-17T18:28:41.897Z</time>
      </trkpt>
      <trkpt lat="45.870219" lon="14.129879">
        <ele>825.372713</ele>
        <time>2026-07-17T18:28:45.049Z</time>
      </trkpt>
      <trkpt lat="45.870539" lon="14.130352">
        <ele>825.568294</ele>
        <time>2026-07-17T18:28:53.239Z</time>
      </trkpt>
      <trkpt lat="45.870739" lon="14.130683">
        <ele>825.668817</ele>
        <time>2026-07-17T18:28:57.659Z</time>
      </trkpt>
      <trkpt lat="45.870908" lon="14.130862">
        <ele>825.737991</ele>
        <time>2026-07-17T18:29:00.461Z</time>
      </trkpt>
      <trkpt lat="45.871095" lon="14.130967">
        <ele>825.804134</ele>
        <time>2026-07-17T18:29:03.058Z</time>
      </trkpt>
      <trkpt lat="45.871371" lon="14.131046">
        <ele>825.896843</ele>
        <time>2026-07-17T18:29:06.999Z</time>
      </trkpt>
      <trkpt lat="45.871676" lon="14.131280">
        <ele>826.010754</ele>
        <time>2026-07-17T18:29:12.694Z</time>
      </trkpt>
      <trkpt lat="45.873210" lon="14.132684">
        <ele>827.556601</ele>
        <time>2026-07-17T18:29:49.490Z</time>
      </trkpt>
      <trkpt lat="45.873305" lon="14.132789">
        <ele>827.341429</ele>
        <time>2026-07-17T18:29:51.053Z</time>
      </trkpt>
      <trkpt lat="45.873398" lon="14.133064">
        <ele>826.909891</ele>
        <time>2026-07-17T18:29:53.594Z</time>
      </trkpt>
      <trkpt lat="45.873335" lon="14.133386">
        <ele>826.437773</ele>
        <time>2026-07-17T18:29:56.162Z</time>
      </trkpt>
      <trkpt lat="45.873266" lon="14.133526">
        <ele>826.195658</ele>
        <time>2026-07-17T18:29:57.437Z</time>
      </trkpt>
      <trkpt lat="45.873190" lon="14.133796">
        <ele>825.784576</ele>
        <time>2026-07-17T18:29:59.556Z</time>
      </trkpt>
      <trkpt lat="45.873009" lon="14.134895">
        <ele>824.190486</ele>
        <time>2026-07-17T18:30:07.535Z</time>
      </trkpt>
      <trkpt lat="45.872909" lon="14.135658">
        <ele>823.670922</ele>
        <time>2026-07-17T18:30:13.224Z</time>
      </trkpt>
      <trkpt lat="45.872796" lon="14.135974">
        <ele>823.520284</ele>
        <time>2026-07-17T18:30:16.005Z</time>
      </trkpt>
      <trkpt lat="45.872640" lon="14.136195">
        <ele>823.386832</ele>
        <time>2026-07-17T18:30:18.647Z</time>
      </trkpt>
      <trkpt lat="45.872544" lon="14.136410">
        <ele>823.278525</ele>
        <time>2026-07-17T18:30:20.995Z</time>
      </trkpt>
      <trkpt lat="45.872466" lon="14.136666">
        <ele>823.160029</ele>
        <time>2026-07-17T18:30:24.219Z</time>
      </trkpt>
      <trkpt lat="45.872494" lon="14.136964">
        <ele>823.032517</ele>
        <time>2026-07-17T18:30:28.563Z</time>
      </trkpt>
      <trkpt lat="45.872675" lon="14.137688">
        <ele>822.999000</ele>
        <time>2026-07-17T18:30:39.611Z</time>
      </trkpt>
      <trkpt lat="45.872693" lon="14.137947">
        <ele>823.165546</ele>
        <time>2026-07-17T18:30:43.193Z</time>
      </trkpt>
      <trkpt lat="45.872654" lon="14.138186">
        <ele>823.322614</ele>
        <time>2026-07-17T18:30:46.551Z</time>
      </trkpt>
      <trkpt lat="45.872604" lon="14.138374">
        <ele>823.451384</ele>
        <time>2026-07-17T18:30:49.378Z</time>
      </trkpt>
      <trkpt lat="45.872603" lon="14.138590">
        <ele>823.589596</ele>
        <time>2026-07-17T18:30:52.532Z</time>
      </trkpt>
      <trkpt lat="45.872644" lon="14.138791">
        <ele>823.723612</ele>
        <time>2026-07-17T18:30:55.666Z</time>
      </trkpt>
      <trkpt lat="45.872935" lon="14.139411">
        <ele>824.202041</ele>
        <time>2026-07-17T18:31:06.911Z</time>
      </trkpt>
      <trkpt lat="45.873063" lon="14.139828">
        <ele>824.377052</ele>
        <time>2026-07-17T18:31:12.204Z</time>
      </trkpt>
      <trkpt lat="45.873145" lon="14.139973">
        <ele>823.710411</ele>
        <time>2026-07-17T18:31:13.764Z</time>
      </trkpt>
      <trkpt lat="45.873292" lon="14.140108">
        <ele>822.816095</ele>
        <time>2026-07-17T18:31:15.690Z</time>
      </trkpt>
      <trkpt lat="45.873857" lon="14.140445">
        <ele>819.680363</ele>
        <time>2026-07-17T18:31:21.782Z</time>
      </trkpt>
      <trkpt lat="45.873966" lon="14.140593">
        <ele>818.911546</ele>
        <time>2026-07-17T18:31:23.178Z</time>
      </trkpt>
      <trkpt lat="45.873985" lon="14.140764">
        <ele>818.293591</ele>
        <time>2026-07-17T18:31:24.274Z</time>
      </trkpt>
      <trkpt lat="45.873946" lon="14.141374">
        <ele>816.107576</ele>
        <time>2026-07-17T18:31:28.051Z</time>
      </trkpt>
      <trkpt lat="45.874021" lon="14.141533">
        <ele>815.422207</ele>
        <time>2026-07-17T18:31:29.208Z</time>
      </trkpt>
      <trkpt lat="45.874347" lon="14.142118">
        <ele>808.967835</ele>
        <time>2026-07-17T18:31:33.647Z</time>
      </trkpt>
      <trkpt lat="45.874429" lon="14.142494">
        <ele>805.442880</ele>
        <time>2026-07-17T18:31:35.946Z</time>
      </trkpt>
      <trkpt lat="45.874543" lon="14.142753">
        <ele>802.701600</ele>
        <time>2026-07-17T18:31:37.738Z</time>
      </trkpt>
      <trkpt lat="45.874999" lon="14.142991">
        <ele>796.467359</ele>
        <time>2026-07-17T18:31:41.788Z</time>
      </trkpt>
      <trkpt lat="45.875122" lon="14.143168">
        <ele>794.230101</ele>
        <time>2026-07-17T18:31:43.229Z</time>
      </trkpt>
      <trkpt lat="45.875314" lon="14.143618">
        <ele>789.917163</ele>
        <time>2026-07-17T18:31:46.281Z</time>
      </trkpt>
      <trkpt lat="45.875615" lon="14.143870">
        <ele>786.134226</ele>
        <time>2026-07-17T18:31:49.174Z</time>
      </trkpt>
      <trkpt lat="45.875757" lon="14.144310">
        <ele>782.468048</ele>
        <time>2026-07-17T18:31:51.992Z</time>
      </trkpt>
      <trkpt lat="45.875799" lon="14.144536">
        <ele>780.699777</ele>
        <time>2026-07-17T18:31:53.365Z</time>
      </trkpt>
      <trkpt lat="45.875865" lon="14.145415">
        <ele>774.016426</ele>
        <time>2026-07-17T18:31:58.721Z</time>
      </trkpt>
      <trkpt lat="45.876136" lon="14.146607">
        <ele>772.441549</ele>
        <time>2026-07-17T18:32:08.582Z</time>
      </trkpt>
      <trkpt lat="45.876231" lon="14.146873">
        <ele>772.392892</ele>
        <time>2026-07-17T18:32:13.213Z</time>
      </trkpt>
      <trkpt lat="45.876546" lon="14.147211">
        <ele>772.300975</ele>
        <time>2026-07-17T18:32:23.320Z</time>
      </trkpt>
      <trkpt lat="45.876615" lon="14.147388">
        <ele>772.267959</ele>
        <time>2026-07-17T18:32:26.857Z</time>
      </trkpt>
      <trkpt lat="45.876868" lon="14.148929">
        <ele>772.404197</ele>
        <time>2026-07-17T18:32:49.095Z</time>
      </trkpt>
      <trkpt lat="45.876942" lon="14.149702">
        <ele>772.548013</ele>
        <time>2026-07-17T18:32:56.989Z</time>
      </trkpt>
      <trkpt lat="45.877010" lon="14.149968">
        <ele>772.600242</ele>
        <time>2026-07-17T18:32:59.716Z</time>
      </trkpt>
      <trkpt lat="45.877197" lon="14.150344">
        <ele>772.488758</ele>
        <time>2026-07-17T18:33:03.760Z</time>
      </trkpt>
      <trkpt lat="45.877391" lon="14.150935">
        <ele>770.944954</ele>
        <time>2026-07-17T18:33:08.739Z</time>
      </trkpt>
      <trkpt lat="45.877434" lon="14.151042">
        <ele>770.653047</ele>
        <time>2026-07-17T18:33:09.608Z</time>
      </trkpt>
      <trkpt lat="45.877517" lon="14.151144">
        <ele>770.282339</ele>
        <time>2026-07-17T18:33:10.689Z</time>
      </trkpt>
      <trkpt lat="45.877708" lon="14.151308">
        <ele>769.527145</ele>
        <time>2026-07-17T18:33:12.827Z</time>
      </trkpt>
      <trkpt lat="45.877794" lon="14.151470">
        <ele>769.045804</ele>
        <time>2026-07-17T18:33:14.159Z</time>
      </trkpt>
      <trkpt lat="45.877857" lon="14.151676">
        <ele>768.514197</ele>
        <time>2026-07-17T18:33:15.627Z</time>
      </trkpt>
      <trkpt lat="45.877895" lon="14.152905">
        <ele>765.372956</ele>
        <time>2026-07-17T18:33:23.924Z</time>
      </trkpt>
      <trkpt lat="45.877977" lon="14.153226">
        <ele>764.367533</ele>
        <time>2026-07-17T18:33:26.328Z</time>
      </trkpt>
      <trkpt lat="45.878090" lon="14.153491">
        <ele>763.453764</ele>
        <time>2026-07-17T18:33:28.494Z</time>
      </trkpt>
      <trkpt lat="45.878146" lon="14.153675">
        <ele>762.863280</ele>
        <time>2026-07-17T18:33:29.901Z</time>
      </trkpt>
      <trkpt lat="45.878144" lon="14.153886">
        <ele>762.242787</ele>
        <time>2026-07-17T18:33:31.371Z</time>
      </trkpt>
      <trkpt lat="45.878090" lon="14.154107">
        <ele>761.554085</ele>
        <time>2026-07-17T18:33:33.006Z</time>
      </trkpt>
      <trkpt lat="45.877978" lon="14.154360">
        <ele>760.672487</ele>
        <time>2026-07-17T18:33:35.101Z</time>
      </trkpt>
      <trkpt lat="45.877901" lon="14.154608">
        <ele>759.874019</ele>
        <time>2026-07-17T18:33:36.966Z</time>
      </trkpt>
      <trkpt lat="45.877898" lon="14.154784">
        <ele>759.356342</ele>
        <time>2026-07-17T18:33:38.147Z</time>
      </trkpt>
      <trkpt lat="45.877930" lon="14.154948">
        <ele>758.776073</ele>
        <time>2026-07-17T18:33:39.246Z</time>
      </trkpt>
      <trkpt lat="45.877980" lon="14.155028">
        <ele>758.240876</ele>
        <time>2026-07-17T18:33:39.929Z</time>
      </trkpt>
      <trkpt lat="45.878689" lon="14.156206">
        <ele>750.488953</ele>
        <time>2026-07-17T18:33:49.510Z</time>
      </trkpt>
      <trkpt lat="45.878815" lon="14.156396">
        <ele>749.182669</ele>
        <time>2026-07-17T18:33:51.131Z</time>
      </trkpt>
      <trkpt lat="45.878935" lon="14.156496">
        <ele>748.190647</ele>
        <time>2026-07-17T18:33:52.376Z</time>
      </trkpt>
      <trkpt lat="45.879694" lon="14.156632">
        <ele>742.420424</ele>
        <time>2026-07-17T18:33:59.245Z</time>
      </trkpt>
      <trkpt lat="45.879979" lon="14.156775">
        <ele>740.070038</ele>
        <time>2026-07-17T18:34:01.956Z</time>
      </trkpt>
      <trkpt lat="45.880874" lon="14.157080">
        <ele>732.908467</ele>
        <time>2026-07-17T18:34:10.060Z</time>
      </trkpt>
      <trkpt lat="45.881067" lon="14.157217">
        <ele>731.205859</ele>
        <time>2026-07-17T18:34:11.930Z</time>
      </trkpt>
      <trkpt lat="45.881217" lon="14.157501">
        <ele>729.214985</ele>
        <time>2026-07-17T18:34:14.092Z</time>
      </trkpt>
      <trkpt lat="45.881499" lon="14.159014">
        <ele>720.467785</ele>
        <time>2026-07-17T18:34:23.723Z</time>
      </trkpt>
      <trkpt lat="45.881845" lon="14.160111">
        <ele>713.162802</ele>
        <time>2026-07-17T18:34:31.209Z</time>
      </trkpt>
      <trkpt lat="45.881937" lon="14.160268">
        <ele>711.848012</ele>
        <time>2026-07-17T18:34:32.469Z</time>
      </trkpt>
      <trkpt lat="45.882017" lon="14.160339">
        <ele>710.982562</ele>
        <time>2026-07-17T18:34:33.297Z</time>
      </trkpt>
      <trkpt lat="45.882093" lon="14.160358">
        <ele>710.272598</ele>
        <time>2026-07-17T18:34:33.974Z</time>
      </trkpt>
      <trkpt lat="45.882526" lon="14.160319">
        <ele>706.279741</ele>
        <time>2026-07-17T18:34:37.756Z</time>
      </trkpt>
      <trkpt lat="45.882734" lon="14.160365">
        <ele>704.342901</ele>
        <time>2026-07-17T18:34:39.569Z</time>
      </trkpt>
      <trkpt lat="45.882884" lon="14.160450">
        <ele>702.858878</ele>
        <time>2026-07-17T18:34:40.943Z</time>
      </trkpt>
      <trkpt lat="45.883095" lon="14.160656">
        <ele>700.196167</ele>
        <time>2026-07-17T18:34:43.116Z</time>
      </trkpt>
      <trkpt lat="45.883285" lon="14.160773">
        <ele>697.314377</ele>
        <time>2026-07-17T18:34:44.858Z</time>
      </trkpt>
      <trkpt lat="45.883492" lon="14.160805">
        <ele>694.412035</ele>
        <time>2026-07-17T18:34:46.600Z</time>
      </trkpt>
      <trkpt lat="45.883989" lon="14.160811">
        <ele>687.483367</ele>
        <time>2026-07-17T18:34:50.738Z</time>
      </trkpt>
      <trkpt lat="45.884441" lon="14.160960">
        <ele>681.018497</ele>
        <time>2026-07-17T18:34:54.569Z</time>
      </trkpt>
      <trkpt lat="45.884720" lon="14.161109">
        <ele>676.869033</ele>
        <time>2026-07-17T18:34:57.039Z</time>
      </trkpt>
      <trkpt lat="45.884819" lon="14.161198">
        <ele>675.429634</ele>
        <time>2026-07-17T18:34:58.010Z</time>
      </trkpt>
      <trkpt lat="45.884998" lon="14.161480">
        <ele>672.591418</ele>
        <time>2026-07-17T18:35:00.235Z</time>
      </trkpt>
      <trkpt lat="45.885160" lon="14.161627">
        <ele>670.544312</ele>
        <time>2026-07-17T18:35:01.852Z</time>
      </trkpt>
      <trkpt lat="45.885264" lon="14.161660">
        <ele>669.406430</ele>
        <time>2026-07-17T18:35:02.758Z</time>
      </trkpt>
      <trkpt lat="45.885425" lon="14.161623">
        <ele>667.664491</ele>
        <time>2026-07-17T18:35:04.143Z</time>
      </trkpt>
      <trkpt lat="45.885796" lon="14.161432">
        <ele>663.454021</ele>
        <time>2026-07-17T18:35:07.560Z</time>
      </trkpt>
      <trkpt lat="45.887045" lon="14.160970">
        <ele>649.959527</ele>
        <time>2026-07-17T18:35:18.903Z</time>
      </trkpt>
      <trkpt lat="45.887216" lon="14.160943">
        <ele>648.194705</ele>
        <time>2026-07-17T18:35:20.356Z</time>
      </trkpt>
      <trkpt lat="45.887375" lon="14.160985">
        <ele>646.536208</ele>
        <time>2026-07-17T18:35:21.730Z</time>
      </trkpt>
      <trkpt lat="45.887550" lon="14.161123">
        <ele>644.488240</ele>
        <time>2026-07-17T18:35:23.414Z</time>
      </trkpt>
      <trkpt lat="45.887854" lon="14.161723">
        <ele>639.188890</ele>
        <time>2026-07-17T18:35:27.787Z</time>
      </trkpt>
      <trkpt lat="45.888072" lon="14.162150">
        <ele>636.265673</ele>
        <time>2026-07-17T18:35:30.930Z</time>
      </trkpt>
      <trkpt lat="45.888266" lon="14.162295">
        <ele>634.669806</ele>
        <time>2026-07-17T18:35:32.821Z</time>
      </trkpt>
      <trkpt lat="45.888408" lon="14.162320">
        <ele>633.625796</ele>
        <time>2026-07-17T18:35:34.086Z</time>
      </trkpt>
      <trkpt lat="45.888559" lon="14.162259">
        <ele>632.481124</ele>
        <time>2026-07-17T18:35:35.489Z</time>
      </trkpt>
      <trkpt lat="45.888832" lon="14.162042">
        <ele>630.204284</ele>
        <time>2026-07-17T18:35:38.402Z</time>
      </trkpt>
      <trkpt lat="45.889094" lon="14.161757">
        <ele>627.806089</ele>
        <time>2026-07-17T18:35:41.552Z</time>
      </trkpt>
      <trkpt lat="45.889308" lon="14.161463">
        <ele>625.645301</ele>
        <time>2026-07-17T18:35:44.357Z</time>
      </trkpt>
      <trkpt lat="45.889406" lon="14.161213">
        <ele>624.441605</ele>
        <time>2026-07-17T18:35:46.202Z</time>
      </trkpt>
      <trkpt lat="45.889413" lon="14.161032">
        <ele>623.739788</ele>
        <time>2026-07-17T18:35:47.353Z</time>
      </trkpt>
      <trkpt lat="45.889357" lon="14.160543">
        <ele>621.821185</ele>
        <time>2026-07-17T18:35:50.470Z</time>
      </trkpt>
      <trkpt lat="45.889378" lon="14.160353">
        <ele>621.076389</ele>
        <time>2026-07-17T18:35:51.680Z</time>
      </trkpt>
      <trkpt lat="45.889467" lon="14.160130">
        <ele>620.081199</ele>
        <time>2026-07-17T18:35:53.288Z</time>
      </trkpt>
      <trkpt lat="45.889756" lon="14.159742">
        <ele>617.881140</ele>
        <time>2026-07-17T18:35:56.899Z</time>
      </trkpt>
      <trkpt lat="45.889990" lon="14.158817">
        <ele>614.155084</ele>
        <time>2026-07-17T18:36:03.523Z</time>
      </trkpt>
      <trkpt lat="45.890004" lon="14.158659">
        <ele>613.582481</ele>
        <time>2026-07-17T18:36:04.656Z</time>
      </trkpt>
      <trkpt lat="45.889987" lon="14.158109">
        <ele>611.603252</ele>
        <time>2026-07-17T18:36:08.531Z</time>
      </trkpt>
      <trkpt lat="45.890035" lon="14.157379">
        <ele>608.967177</ele>
        <time>2026-07-17T18:36:13.429Z</time>
      </trkpt>
      <trkpt lat="45.890110" lon="14.157151">
        <ele>608.060578</ele>
        <time>2026-07-17T18:36:15.048Z</time>
      </trkpt>
      <trkpt lat="45.890247" lon="14.157036">
        <ele>607.241045</ele>
        <time>2026-07-17T18:36:16.497Z</time>
      </trkpt>
      <trkpt lat="45.890433" lon="14.156965">
        <ele>606.247019</ele>
        <time>2026-07-17T18:36:18.218Z</time>
      </trkpt>
      <trkpt lat="45.890647" lon="14.156797">
        <ele>604.690181</ele>
        <time>2026-07-17T18:36:20.369Z</time>
      </trkpt>
      <trkpt lat="45.890696" lon="14.156648">
        <ele>603.916736</ele>
        <time>2026-07-17T18:36:21.369Z</time>
      </trkpt>
      <trkpt lat="45.890665" lon="14.156068">
        <ele>601.186548</ele>
        <time>2026-07-17T18:36:24.896Z</time>
      </trkpt>
      <trkpt lat="45.890785" lon="14.155688">
        <ele>599.228079</ele>
        <time>2026-07-17T18:36:27.426Z</time>
      </trkpt>
      <trkpt lat="45.890810" lon="14.155369">
        <ele>597.721426</ele>
        <time>2026-07-17T18:36:29.403Z</time>
      </trkpt>
      <trkpt lat="45.890738" lon="14.154987">
        <ele>595.863976</ele>
        <time>2026-07-17T18:36:31.956Z</time>
      </trkpt>
      <trkpt lat="45.890640" lon="14.154675">
        <ele>594.257431</ele>
        <time>2026-07-17T18:36:34.306Z</time>
      </trkpt>
      <trkpt lat="45.890630" lon="14.154495">
        <ele>593.513267</ele>
        <time>2026-07-17T18:36:35.625Z</time>
      </trkpt>
      <trkpt lat="45.890655" lon="14.154421">
        <ele>593.221726</ele>
        <time>2026-07-17T18:36:36.264Z</time>
      </trkpt>
      <trkpt lat="45.890717" lon="14.154375">
        <ele>592.866400</ele>
        <time>2026-07-17T18:36:36.995Z</time>
      </trkpt>
      <trkpt lat="45.890748" lon="14.154379">
        <ele>592.707907</ele>
        <time>2026-07-17T18:36:37.361Z</time>
      </trkpt>
      <trkpt lat="45.890820" lon="14.154436">
        <ele>592.289295</ele>
        <time>2026-07-17T18:36:38.278Z</time>
      </trkpt>
      <trkpt lat="45.890859" lon="14.154518">
        <ele>591.937291</ele>
        <time>2026-07-17T18:36:39.056Z</time>
      </trkpt>
      <trkpt lat="45.890889" lon="14.154925">
        <ele>590.486700</ele>
        <time>2026-07-17T18:36:42.290Z</time>
      </trkpt>
      <trkpt lat="45.891028" lon="14.155608">
        <ele>587.964598</ele>
        <time>2026-07-17T18:36:47.221Z</time>
      </trkpt>
      <trkpt lat="45.891072" lon="14.156298">
        <ele>585.508806</ele>
        <time>2026-07-17T18:36:51.561Z</time>
      </trkpt>
      <trkpt lat="45.891123" lon="14.156692">
        <ele>583.900124</ele>
        <time>2026-07-17T18:36:53.965Z</time>
      </trkpt>
      <trkpt lat="45.891215" lon="14.156954">
        <ele>582.525034</ele>
        <time>2026-07-17T18:36:55.708Z</time>
      </trkpt>
      <trkpt lat="45.891300" lon="14.157099">
        <ele>581.636708</ele>
        <time>2026-07-17T18:36:56.830Z</time>
      </trkpt>
      <trkpt lat="45.891402" lon="14.157182">
        <ele>580.847518</ele>
        <time>2026-07-17T18:36:57.837Z</time>
      </trkpt>
      <trkpt lat="45.891768" lon="14.157288">
        <ele>578.333913</ele>
        <time>2026-07-17T18:37:01.052Z</time>
      </trkpt>
      <trkpt lat="45.891877" lon="14.157416">
        <ele>577.386156</ele>
        <time>2026-07-17T18:37:02.287Z</time>
      </trkpt>
      <trkpt lat="45.891933" lon="14.157624">
        <ele>576.341130</ele>
        <time>2026-07-17T18:37:03.675Z</time>
      </trkpt>
      <trkpt lat="45.891912" lon="14.157842">
        <ele>575.309886</ele>
        <time>2026-07-17T18:37:05.088Z</time>
      </trkpt>
      <trkpt lat="45.891837" lon="14.157995">
        <ele>574.432994</ele>
        <time>2026-07-17T18:37:06.370Z</time>
      </trkpt>
      <trkpt lat="45.891453" lon="14.158291">
        <ele>572.048967</ele>
        <time>2026-07-17T18:37:12.440Z</time>
      </trkpt>
      <trkpt lat="45.891265" lon="14.158491">
        <ele>571.287292</ele>
        <time>2026-07-17T18:37:17.311Z</time>
      </trkpt>
      <trkpt lat="45.891151" lon="14.158786">
        <ele>570.522607</ele>
        <time>2026-07-17T18:37:21.165Z</time>
      </trkpt>
      <trkpt lat="45.891075" lon="14.159097">
        <ele>569.775613</ele>
        <time>2026-07-17T18:37:24.118Z</time>
      </trkpt>
      <trkpt lat="45.890999" lon="14.159596">
        <ele>568.617979</ele>
        <time>2026-07-17T18:37:27.779Z</time>
      </trkpt>
      <trkpt lat="45.891005" lon="14.159739">
        <ele>568.293311</ele>
        <time>2026-07-17T18:37:28.745Z</time>
      </trkpt>
      <trkpt lat="45.891077" lon="14.160010">
        <ele>567.635925</ele>
        <time>2026-07-17T18:37:30.642Z</time>
      </trkpt>
      <trkpt lat="45.891340" lon="14.160402">
        <ele>565.711607</ele>
        <time>2026-07-17T18:37:34.046Z</time>
      </trkpt>
      <trkpt lat="45.891401" lon="14.160579">
        <ele>564.252213</ele>
        <time>2026-07-17T18:37:35.249Z</time>
      </trkpt>
      <trkpt lat="45.891381" lon="14.160831">
        <ele>562.378123</ele>
        <time>2026-07-17T18:37:36.767Z</time>
      </trkpt>
      <trkpt lat="45.891192" lon="14.161832">
        <ele>554.714424</ele>
        <time>2026-07-17T18:37:42.867Z</time>
      </trkpt>
      <trkpt lat="45.891135" lon="14.162014">
        <ele>553.239754</ele>
        <time>2026-07-17T18:37:44.043Z</time>
      </trkpt>
      <trkpt lat="45.890895" lon="14.162562">
        <ele>548.455669</ele>
        <time>2026-07-17T18:37:47.871Z</time>
      </trkpt>
      <trkpt lat="45.890913" lon="14.162719">
        <ele>547.286277</ele>
        <time>2026-07-17T18:37:48.810Z</time>
      </trkpt>
      <trkpt lat="45.891132" lon="14.163014">
        <ele>544.159833</ele>
        <time>2026-07-17T18:37:51.363Z</time>
      </trkpt>
      <trkpt lat="45.891496" lon="14.163405">
        <ele>539.426568</ele>
        <time>2026-07-17T18:37:55.220Z</time>
      </trkpt>
      <trkpt lat="45.891663" lon="14.163714">
        <ele>536.590758</ele>
        <time>2026-07-17T18:37:57.527Z</time>
      </trkpt>
      <trkpt lat="45.891829" lon="14.163848">
        <ele>534.607768</ele>
        <time>2026-07-17T18:37:59.131Z</time>
      </trkpt>
      <trkpt lat="45.892100" lon="14.163998">
        <ele>531.583237</ele>
        <time>2026-07-17T18:38:01.618Z</time>
      </trkpt>
      <trkpt lat="45.892155" lon="14.164094">
        <ele>530.681944</ele>
        <time>2026-07-17T18:38:02.375Z</time>
      </trkpt>
      <trkpt lat="45.892203" lon="14.164312">
        <ele>529.024559</ele>
        <time>2026-07-17T18:38:03.783Z</time>
      </trkpt>
      <trkpt lat="45.892211" lon="14.164562">
        <ele>528.484154</ele>
        <time>2026-07-17T18:38:05.367Z</time>
      </trkpt>
      <trkpt lat="45.892193" lon="14.164745">
        <ele>528.165913</ele>
        <time>2026-07-17T18:38:06.553Z</time>
      </trkpt>
      <trkpt lat="45.892001" lon="14.165237">
        <ele>527.194654</ele>
        <time>2026-07-17T18:38:10.276Z</time>
      </trkpt>
      <trkpt lat="45.891936" lon="14.165487">
        <ele>526.735120</ele>
        <time>2026-07-17T18:38:12.137Z</time>
      </trkpt>
      <trkpt lat="45.891918" lon="14.165708">
        <ele>526.351979</ele>
        <time>2026-07-17T18:38:13.761Z</time>
      </trkpt>
      <trkpt lat="45.891923" lon="14.166028">
        <ele>525.800826</ele>
        <time>2026-07-17T18:38:16.316Z</time>
      </trkpt>
      <trkpt lat="45.892008" lon="14.166536">
        <ele>524.901171</ele>
        <time>2026-07-17T18:38:22.130Z</time>
      </trkpt>
      <trkpt lat="45.892008" lon="14.166679">
        <ele>524.654937</ele>
        <time>2026-07-17T18:38:24.600Z</time>
      </trkpt>
      <trkpt lat="45.891883" lon="14.167141">
        <ele>524.961254</ele>
        <time>2026-07-17T18:38:35.117Z</time>
      </trkpt>
      <trkpt lat="45.891882" lon="14.167331">
        <ele>525.236631</ele>
        <time>2026-07-17T18:38:39.677Z</time>
      </trkpt>
      <trkpt lat="45.891976" lon="14.168005">
        <ele>526.232885</ele>
        <time>2026-07-17T18:38:56.200Z</time>
      </trkpt>
      <trkpt lat="45.892242" lon="14.168514">
        <ele>527.155379</ele>
        <time>2026-07-17T18:39:09.442Z</time>
      </trkpt>
      <trkpt lat="45.892362" lon="14.168663">
        <ele>527.485638</ele>
        <time>2026-07-17T18:39:12.768Z</time>
      </trkpt>
      <trkpt lat="45.892493" lon="14.168732">
        <ele>527.776172</ele>
        <time>2026-07-17T18:39:15.075Z</time>
      </trkpt>
      <trkpt lat="45.892795" lon="14.168814">
        <ele>527.436624</ele>
        <time>2026-07-17T18:39:18.676Z</time>
      </trkpt>
      <trkpt lat="45.892802" lon="14.168818">
        <ele>527.388194</ele>
        <time>2026-07-17T18:39:18.750Z</time>
      </trkpt>
      <trkpt lat="45.892885" lon="14.168868">
        <ele>526.809604</ele>
        <time>2026-07-17T18:39:19.669Z</time>
      </trkpt>
      <trkpt lat="45.892956" lon="14.169018">
        <ele>525.997938</ele>
        <time>2026-07-17T18:39:20.911Z</time>
      </trkpt>
      <trkpt lat="45.893428" lon="14.170395">
        <ele>519.130000</ele>
        <time>2026-07-17T18:39:30.382Z</time>
      </trkpt>
      <trkpt lat="45.893821" lon="14.171086">
        <ele>514.924277</ele>
        <time>2026-07-17T18:39:35.770Z</time>
      </trkpt>
      <trkpt lat="45.893992" lon="14.171259">
        <ele>513.385853</ele>
        <time>2026-07-17T18:39:37.620Z</time>
      </trkpt>
      <trkpt lat="45.894301" lon="14.171365">
        <ele>511.048954</ele>
        <time>2026-07-17T18:39:40.442Z</time>
      </trkpt>
      <trkpt lat="45.894413" lon="14.171460">
        <ele>510.092227</ele>
        <time>2026-07-17T18:39:41.605Z</time>
      </trkpt>
      <trkpt lat="45.894484" lon="14.171546">
        <ele>509.409124</ele>
        <time>2026-07-17T18:39:42.438Z</time>
      </trkpt>
      <trkpt lat="45.894640" lon="14.171932">
        <ele>507.123918</ele>
        <time>2026-07-17T18:39:45.225Z</time>
      </trkpt>
      <trkpt lat="45.894694" lon="14.172256">
        <ele>505.418253</ele>
        <time>2026-07-17T18:39:47.321Z</time>
      </trkpt>
      <trkpt lat="45.894688" lon="14.172474">
        <ele>504.301299</ele>
        <time>2026-07-17T18:39:48.702Z</time>
      </trkpt>
      <trkpt lat="45.894432" lon="14.173333">
        <ele>500.932889</ele>
        <time>2026-07-17T18:39:54.658Z</time>
      </trkpt>
      <trkpt lat="45.894374" lon="14.173795">
        <ele>499.409657</ele>
        <time>2026-07-17T18:39:57.698Z</time>
      </trkpt>
      <trkpt lat="45.894373" lon="14.174040">
        <ele>498.614698</ele>
        <time>2026-07-17T18:39:59.313Z</time>
      </trkpt>
      <trkpt lat="45.894389" lon="14.174243">
        <ele>497.951818</ele>
        <time>2026-07-17T18:40:00.679Z</time>
      </trkpt>
      <trkpt lat="45.894539" lon="14.174793">
        <ele>496.035126</ele>
        <time>2026-07-17T18:40:04.732Z</time>
      </trkpt>
      <trkpt lat="45.894620" lon="14.175061">
        <ele>495.087101</ele>
        <time>2026-07-17T18:40:06.844Z</time>
      </trkpt>
      <trkpt lat="45.894937" lon="14.176103">
        <ele>493.772871</ele>
        <time>2026-07-17T18:40:15.630Z</time>
      </trkpt>
      <trkpt lat="45.895044" lon="14.176231">
        <ele>493.552104</ele>
        <time>2026-07-17T18:40:17.259Z</time>
      </trkpt>
      <trkpt lat="45.895179" lon="14.176277">
        <ele>493.332107</ele>
        <time>2026-07-17T18:40:18.885Z</time>
      </trkpt>
      <trkpt lat="45.895494" lon="14.176314">
        <ele>492.830967</ele>
        <time>2026-07-17T18:40:22.653Z</time>
      </trkpt>
      <trkpt lat="45.895634" lon="14.176376">
        <ele>492.598674</ele>
        <time>2026-07-17T18:40:24.407Z</time>
      </trkpt>
      <trkpt lat="45.895701" lon="14.176477">
        <ele>492.444696</ele>
        <time>2026-07-17T18:40:25.594Z</time>
      </trkpt>
      <trkpt lat="45.895747" lon="14.176651">
        <ele>492.239293</ele>
        <time>2026-07-17T18:40:27.199Z</time>
      </trkpt>
      <trkpt lat="45.895824" lon="14.177560">
        <ele>492.248951</ele>
        <time>2026-07-17T18:40:35.528Z</time>
      </trkpt>
      <trkpt lat="45.895813" lon="14.177812">
        <ele>492.280457</ele>
        <time>2026-07-17T18:40:37.896Z</time>
      </trkpt>
      <trkpt lat="45.895770" lon="14.177980">
        <ele>492.302792</ele>
        <time>2026-07-17T18:40:39.624Z</time>
      </trkpt>
      <trkpt lat="45.895519" lon="14.178320">
        <ele>492.364638</ele>
        <time>2026-07-17T18:40:44.671Z</time>
      </trkpt>
      <trkpt lat="45.895411" lon="14.178697">
        <ele>492.415508</ele>
        <time>2026-07-17T18:40:49.611Z</time>
      </trkpt>
      <trkpt lat="45.895310" lon="14.179282">
        <ele>492.784356</ele>
        <time>2026-07-17T18:40:58.272Z</time>
      </trkpt>
      <trkpt lat="45.895002" lon="14.180080">
        <ele>494.356536</ele>
        <time>2026-07-17T18:41:13.736Z</time>
      </trkpt>
      <trkpt lat="45.894862" lon="14.180866">
        <ele>495.754420</ele>
        <time>2026-07-17T18:41:28.107Z</time>
      </trkpt>
      <trkpt lat="45.894655" lon="14.181576">
        <ele>497.024260</ele>
        <time>2026-07-17T18:41:42.707Z</time>
      </trkpt>
      <trkpt lat="45.894635" lon="14.181762">
        <ele>497.234277</ele>
        <time>2026-07-17T18:41:46.635Z</time>
      </trkpt>
      <trkpt lat="45.894680" lon="14.182293">
        <ele>497.831189</ele>
        <time>2026-07-17T18:41:57.348Z</time>
      </trkpt>
      <trkpt lat="45.894669" lon="14.182468">
        <ele>498.027263</ele>
        <time>2026-07-17T18:42:00.542Z</time>
      </trkpt>
      <trkpt lat="45.894561" lon="14.182887">
        <ele>498.525854</ele>
        <time>2026-07-17T18:42:07.966Z</time>
      </trkpt>
      <trkpt lat="45.894491" lon="14.183160">
        <ele>498.850508</ele>
        <time>2026-07-17T18:42:12.293Z</time>
      </trkpt>
      <trkpt lat="45.894478" lon="14.183487">
        <ele>499.215999</ele>
        <time>2026-07-17T18:42:16.478Z</time>
      </trkpt>
      <trkpt lat="45.894523" lon="14.183860">
        <ele>499.638432</ele>
        <time>2026-07-17T18:42:20.552Z</time>
      </trkpt>
      <trkpt lat="45.894569" lon="14.184672">
        <ele>498.370171</ele>
        <time>2026-07-17T18:42:27.092Z</time>
      </trkpt>
      <trkpt lat="45.894732" lon="14.188243">
        <ele>491.032690</ele>
        <time>2026-07-17T18:42:51.382Z</time>
      </trkpt>
      <trkpt lat="45.894766" lon="14.188762">
        <ele>490.025830</ele>
        <time>2026-07-17T18:42:55.423Z</time>
      </trkpt>
      <trkpt lat="45.894839" lon="14.189160">
        <ele>489.255894</ele>
        <time>2026-07-17T18:42:59.154Z</time>
      </trkpt>
      <trkpt lat="45.894873" lon="14.189231">
        <ele>489.331070</ele>
        <time>2026-07-17T18:43:00.055Z</time>
      </trkpt>
      <trkpt lat="45.894984" lon="14.189394">
        <ele>489.529992</ele>
        <time>2026-07-17T18:43:02.693Z</time>
      </trkpt>
      <trkpt lat="45.895146" lon="14.189524">
        <ele>489.762549</ele>
        <time>2026-07-17T18:43:06.176Z</time>
      </trkpt>
      <trkpt lat="45.894992" lon="14.189918">
        <ele>490.156717</ele>
        <time>2026-07-17T18:43:13.001Z</time>
      </trkpt>
      <trkpt lat="45.894955" lon="14.190078">
        <ele>490.303784</ele>
        <time>2026-07-17T18:43:15.692Z</time>
      </trkpt>
      <trkpt lat="45.894921" lon="14.190470">
        <ele>490.648363</ele>
        <time>2026-07-17T18:43:22.048Z</time>
      </trkpt>
      <trkpt lat="45.894950" lon="14.190915">
        <ele>491.038226</ele>
        <time>2026-07-17T18:43:29.268Z</time>
      </trkpt>
      <trkpt lat="45.894973" lon="14.191092">
        <ele>491.195288</ele>
        <time>2026-07-17T18:43:32.150Z</time>
      </trkpt>
      <trkpt lat="45.895009" lon="14.191310">
        <ele>491.390725</ele>
        <time>2026-07-17T18:43:35.697Z</time>
      </trkpt>
      <trkpt lat="45.895030" lon="14.191425">
        <ele>491.494432</ele>
        <time>2026-07-17T18:43:37.540Z</time>
      </trkpt>
      <trkpt lat="45.895186" lon="14.192139">
        <ele>491.755352</ele>
        <time>2026-07-17T18:43:50.607Z</time>
      </trkpt>
      <trkpt lat="45.895292" lon="14.192578">
        <ele>491.914362</ele>
        <time>2026-07-17T18:43:57.831Z</time>
      </trkpt>
      <trkpt lat="45.895761" lon="14.194278">
        <ele>492.460816</ele>
        <time>2026-07-17T18:44:22.739Z</time>
      </trkpt>
      <trkpt lat="45.895939" lon="14.194838">
        <ele>492.562540</ele>
        <time>2026-07-17T18:44:31.666Z</time>
      </trkpt>
      <trkpt lat="45.896116" lon="14.195301">
        <ele>492.649825</ele>
        <time>2026-07-17T18:44:39.488Z</time>
      </trkpt>
      <trkpt lat="45.896285" lon="14.195685">
        <ele>492.724896</ele>
        <time>2026-07-17T18:44:46.358Z</time>
      </trkpt>
      <trkpt lat="45.896568" lon="14.196211">
        <ele>492.825189</ele>
        <time>2026-07-17T18:44:56.808Z</time>
      </trkpt>
      <trkpt lat="45.897546" lon="14.197724">
        <ele>493.010821</ele>
        <time>2026-07-17T18:45:27.944Z</time>
      </trkpt>
      <trkpt lat="45.897853" lon="14.198269">
        <ele>492.935413</ele>
        <time>2026-07-17T18:45:36.967Z</time>
      </trkpt>
      <trkpt lat="45.898120" lon="14.198851">
        <ele>492.685335</ele>
        <time>2026-07-17T18:45:45.191Z</time>
      </trkpt>
      <trkpt lat="45.898319" lon="14.199358">
        <ele>492.476514</ele>
        <time>2026-07-17T18:45:51.959Z</time>
      </trkpt>
      <trkpt lat="45.898512" lon="14.199784">
        <ele>492.294156</ele>
        <time>2026-07-17T18:45:58.275Z</time>
      </trkpt>
      <trkpt lat="45.898619" lon="14.199967">
        <ele>492.208410</ele>
        <time>2026-07-17T18:46:01.587Z</time>
      </trkpt>
      <trkpt lat="45.898877" lon="14.200308">
        <ele>492.399743</ele>
        <time>2026-07-17T18:46:09.797Z</time>
      </trkpt>
      <trkpt lat="45.899031" lon="14.200460">
        <ele>492.696247</ele>
        <time>2026-07-17T18:46:14.388Z</time>
      </trkpt>
      <trkpt lat="45.899237" lon="14.200609">
        <ele>493.062255</ele>
        <time>2026-07-17T18:46:20.367Z</time>
      </trkpt>
      <trkpt lat="45.899431" lon="14.200718">
        <ele>493.392836</ele>
        <time>2026-07-17T18:46:26.238Z</time>
      </trkpt>
      <trkpt lat="45.899757" lon="14.200823">
        <ele>493.923042</ele>
        <time>2026-07-17T18:46:36.211Z</time>
      </trkpt>
      <trkpt lat="45.900140" lon="14.200860">
        <ele>494.532244</ele>
        <time>2026-07-17T18:46:47.898Z</time>
      </trkpt>
      <trkpt lat="45.900268" lon="14.200865">
        <ele>494.735457</ele>
        <time>2026-07-17T18:46:51.826Z</time>
      </trkpt>
      <trkpt lat="45.901277" lon="14.200855">
        <ele>494.605128</ele>
        <time>2026-07-17T18:47:10.965Z</time>
      </trkpt>
      <trkpt lat="45.902042" lon="14.200924">
        <ele>494.276537</ele>
        <time>2026-07-17T18:47:19.613Z</time>
      </trkpt>
      <trkpt lat="45.902282" lon="14.200979">
        <ele>494.007026</ele>
        <time>2026-07-17T18:47:22.187Z</time>
      </trkpt>
      <trkpt lat="45.903020" lon="14.201235">
        <ele>491.888083</ele>
        <time>2026-07-17T18:47:30.097Z</time>
      </trkpt>
      <trkpt lat="45.903390" lon="14.201276">
        <ele>490.852335</ele>
        <time>2026-07-17T18:47:33.913Z</time>
      </trkpt>
      <trkpt lat="45.903640" lon="14.201230">
        <ele>490.148880</ele>
        <time>2026-07-17T18:47:36.518Z</time>
      </trkpt>
      <trkpt lat="45.904373" lon="14.200958">
        <ele>488.114109</ele>
        <time>2026-07-17T18:47:44.181Z</time>
      </trkpt>
      <trkpt lat="45.904834" lon="14.200961">
        <ele>486.915159</ele>
        <time>2026-07-17T18:47:48.904Z</time>
      </trkpt>
      <trkpt lat="45.905176" lon="14.201095">
        <ele>485.993243</ele>
        <time>2026-07-17T18:47:52.585Z</time>
      </trkpt>
      <trkpt lat="45.905368" lon="14.201230">
        <ele>485.437340</ele>
        <time>2026-07-17T18:47:54.843Z</time>
      </trkpt>
      <trkpt lat="45.905827" lon="14.201603">
        <ele>484.414247</ele>
        <time>2026-07-17T18:48:00.651Z</time>
      </trkpt>
      <trkpt lat="45.906245" lon="14.201876">
        <ele>484.168511</ele>
        <time>2026-07-17T18:48:06.512Z</time>
      </trkpt>
      <trkpt lat="45.906312" lon="14.201975">
        <ele>484.117079</ele>
        <time>2026-07-17T18:48:07.789Z</time>
      </trkpt>
      <trkpt lat="45.906381" lon="14.202012">
        <ele>484.077663</ele>
        <time>2026-07-17T18:48:08.773Z</time>
      </trkpt>
      <trkpt lat="45.906420" lon="14.202029">
        <ele>484.055851</ele>
        <time>2026-07-17T18:48:09.308Z</time>
      </trkpt>
      <trkpt lat="45.906632" lon="14.202113">
        <ele>483.938153</ele>
        <time>2026-07-17T18:48:12.246Z</time>
      </trkpt>
      <trkpt lat="45.909258" lon="14.202988">
        <ele>484.072655</ele>
        <time>2026-07-17T18:48:54.169Z</time>
      </trkpt>
      <trkpt lat="45.909496" lon="14.203069">
        <ele>484.224460</ele>
        <time>2026-07-17T18:48:58.725Z</time>
      </trkpt>
      <trkpt lat="45.909626" lon="14.203112">
        <ele>484.307256</ele>
        <time>2026-07-17T18:49:01.190Z</time>
      </trkpt>
      <trkpt lat="45.909672" lon="14.203127">
        <ele>484.336533</ele>
        <time>2026-07-17T18:49:02.071Z</time>
      </trkpt>
      <trkpt lat="45.909713" lon="14.203141">
        <ele>484.362689</ele>
        <time>2026-07-17T18:49:02.850Z</time>
      </trkpt>
      <trkpt lat="45.910085" lon="14.203358">
        <ele>484.611871</ele>
        <time>2026-07-17T18:49:10.211Z</time>
      </trkpt>
      <trkpt lat="45.910266" lon="14.203551">
        <ele>484.751755</ele>
        <time>2026-07-17T18:49:14.386Z</time>
      </trkpt>
      <trkpt lat="45.910416" lon="14.203767">
        <ele>484.883546</ele>
        <time>2026-07-17T18:49:18.215Z</time>
      </trkpt>
      <trkpt lat="45.910648" lon="14.204138">
        <ele>485.085806</ele>
        <time>2026-07-17T18:49:24.424Z</time>
      </trkpt>
      <trkpt lat="45.910886" lon="14.204482">
        <ele>484.906927</ele>
        <time>2026-07-17T18:49:29.443Z</time>
      </trkpt>
      <trkpt lat="45.910968" lon="14.204603">
        <ele>484.844645</ele>
        <time>2026-07-17T18:49:30.996Z</time>
      </trkpt>
      <trkpt lat="45.911291" lon="14.205093">
        <ele>484.595757</ele>
        <time>2026-07-17T18:49:36.886Z</time>
      </trkpt>
      <trkpt lat="45.911380" lon="14.205246">
        <ele>484.522223</ele>
        <time>2026-07-17T18:49:38.624Z</time>
      </trkpt>
      <trkpt lat="45.911533" lon="14.205569">
        <ele>484.378144</ele>
        <time>2026-07-17T18:49:42.036Z</time>
      </trkpt>
      <trkpt lat="45.911716" lon="14.205750">
        <ele>484.260418</ele>
        <time>2026-07-17T18:49:44.806Z</time>
      </trkpt>
      <trkpt lat="45.911970" lon="14.206128">
        <ele>484.017101</ele>
        <time>2026-07-17T18:49:49.294Z</time>
      </trkpt>
      <trkpt lat="45.912371" lon="14.206729">
        <ele>483.498819</ele>
        <time>2026-07-17T18:49:56.449Z</time>
      </trkpt>
      <trkpt lat="45.914285" lon="14.209649">
        <ele>481.035774</ele>
        <time>2026-07-17T18:50:31.232Z</time>
      </trkpt>
      <trkpt lat="45.914556" lon="14.210173">
        <ele>480.687644</ele>
        <time>2026-07-17T18:50:36.948Z</time>
      </trkpt>
      <trkpt lat="45.914698" lon="14.210521">
        <ele>480.480139</ele>
        <time>2026-07-17T18:50:40.464Z</time>
      </trkpt>
      <trkpt lat="45.914822" lon="14.210873">
        <ele>480.277205</ele>
        <time>2026-07-17T18:50:43.895Z</time>
      </trkpt>
      <trkpt lat="45.914973" lon="14.211454">
        <ele>479.958204</ele>
        <time>2026-07-17T18:50:49.356Z</time>
      </trkpt>
      <trkpt lat="45.915167" lon="14.212530">
        <ele>479.572128</ele>
        <time>2026-07-17T18:50:59.500Z</time>
      </trkpt>
      <trkpt lat="45.915208" lon="14.213109">
        <ele>479.504228</ele>
        <time>2026-07-17T18:51:04.774Z</time>
      </trkpt>
      <trkpt lat="45.915300" lon="14.213356">
        <ele>479.471542</ele>
        <time>2026-07-17T18:51:07.473Z</time>
      </trkpt>
      <trkpt lat="45.915489" lon="14.214434">
        <ele>479.341842</ele>
        <time>2026-07-17T18:51:19.760Z</time>
      </trkpt>
      <trkpt lat="45.915665" lon="14.215530">
        <ele>478.995816</ele>
        <time>2026-07-17T18:51:31.468Z</time>
      </trkpt>
      <trkpt lat="45.915714" lon="14.215815">
        <ele>478.897233</ele>
        <time>2026-07-17T18:51:34.339Z</time>
      </trkpt>
      <trkpt lat="45.915770" lon="14.215784">
        <ele>478.868268</ele>
        <time>2026-07-17T18:51:35.201Z</time>
      </trkpt>
      <trkpt lat="45.916120" lon="14.217895">
        <ele>478.081218</ele>
        <time>2026-07-17T18:51:53.700Z</time>
      </trkpt>
      <trkpt lat="45.916152" lon="14.218288">
        <ele>477.923924</ele>
        <time>2026-07-17T18:51:57.146Z</time>
      </trkpt>
      <trkpt lat="45.916140" lon="14.218432">
        <ele>477.866271</ele>
        <time>2026-07-17T18:51:58.455Z</time>
      </trkpt>
      <trkpt lat="45.916072" lon="14.218588">
        <ele>477.793090</ele>
        <time>2026-07-17T18:52:00.824Z</time>
      </trkpt>
      <trkpt lat="45.916091" lon="14.218755">
        <ele>477.725821</ele>
        <time>2026-07-17T18:52:03.047Z</time>
      </trkpt>
      <trkpt lat="45.916170" lon="14.218862">
        <ele>477.663798</ele>
        <time>2026-07-17T18:52:05.126Z</time>
      </trkpt>
      <trkpt lat="45.916222" lon="14.218884">
        <ele>477.632825</ele>
        <time>2026-07-17T18:52:06.178Z</time>
      </trkpt>
      <trkpt lat="45.916367" lon="14.219349">
        <ele>477.430257</ele>
        <time>2026-07-17T18:52:13.260Z</time>
      </trkpt>
      <trkpt lat="45.916432" lon="14.219730">
        <ele>477.382728</ele>
        <time>2026-07-17T18:52:18.786Z</time>
      </trkpt>
      <trkpt lat="45.916446" lon="14.219813">
        <ele>477.372561</ele>
        <time>2026-07-17T18:52:20.012Z</time>
      </trkpt>
      <trkpt lat="45.916576" lon="14.220580">
        <ele>477.278581</ele>
        <time>2026-07-17T18:52:31.168Z</time>
      </trkpt>
      <trkpt lat="45.916870" lon="14.222309">
        <ele>476.963493</ele>
        <time>2026-07-17T18:52:55.069Z</time>
      </trkpt>
      <trkpt lat="45.916922" lon="14.222617">
        <ele>476.854457</ele>
        <time>2026-07-17T18:52:59.080Z</time>
      </trkpt>
      <trkpt lat="45.917054" lon="14.223376">
        <ele>476.585306</ele>
        <time>2026-07-17T18:53:08.792Z</time>
      </trkpt>
      <trkpt lat="45.917276" lon="14.224740">
        <ele>476.188274</ele>
        <time>2026-07-17T18:53:26.967Z</time>
      </trkpt>
      <trkpt lat="45.917290" lon="14.224834">
        <ele>476.177055</ele>
        <time>2026-07-17T18:53:28.265Z</time>
      </trkpt>
      <trkpt lat="45.917352" lon="14.225202">
        <ele>476.132862</ele>
        <time>2026-07-17T18:53:33.343Z</time>
      </trkpt>
      <trkpt lat="45.917499" lon="14.225846">
        <ele>476.053756</ele>
        <time>2026-07-17T18:53:42.841Z</time>
      </trkpt>
      <trkpt lat="45.917663" lon="14.226318">
        <ele>475.992179</ele>
        <time>2026-07-17T18:53:50.548Z</time>
      </trkpt>
      <trkpt lat="45.917997" lon="14.227002">
        <ele>475.869524</ele>
        <time>2026-07-17T18:54:01.971Z</time>
      </trkpt>
      <trkpt lat="45.918026" lon="14.227053">
        <ele>475.856391</ele>
        <time>2026-07-17T18:54:02.834Z</time>
      </trkpt>
      <trkpt lat="45.918313" lon="14.227434">
        <ele>475.744425</ele>
        <time>2026-07-17T18:54:10.139Z</time>
      </trkpt>
      <trkpt lat="45.918824" lon="14.228017">
        <ele>475.557451</ele>
        <time>2026-07-17T18:54:22.372Z</time>
      </trkpt>
      <trkpt lat="45.919372" lon="14.228612">
        <ele>475.364788</ele>
        <time>2026-07-17T18:54:35.553Z</time>
      </trkpt>
      <trkpt lat="45.919654" lon="14.228795">
        <ele>475.282947</ele>
        <time>2026-07-17T18:54:40.194Z</time>
      </trkpt>
      <trkpt lat="45.920039" lon="14.228931">
        <ele>475.178081</ele>
        <time>2026-07-17T18:54:46.393Z</time>
      </trkpt>
      <trkpt lat="45.920905" lon="14.229198">
        <ele>474.943806</ele>
        <time>2026-07-17T18:54:58.659Z</time>
      </trkpt>
      <trkpt lat="45.923542" lon="14.230040">
        <ele>472.635403</ele>
        <time>2026-07-17T18:55:31.714Z</time>
      </trkpt>
      <trkpt lat="45.924347" lon="14.230333">
        <ele>472.026511</ele>
        <time>2026-07-17T18:55:42.467Z</time>
      </trkpt>
      <trkpt lat="45.924903" lon="14.230474">
        <ele>471.866102</ele>
        <time>2026-07-17T18:55:50.265Z</time>
      </trkpt>
      <trkpt lat="45.926814" lon="14.231048">
        <ele>471.439757</ele>
        <time>2026-07-17T18:56:18.324Z</time>
      </trkpt>
      <trkpt lat="45.936081" lon="14.234000">
        <ele>469.250036</ele>
        <time>2026-07-17T18:58:30.543Z</time>
      </trkpt>
      <trkpt lat="45.936808" lon="14.234306">
        <ele>469.182940</ele>
        <time>2026-07-17T18:58:42.139Z</time>
      </trkpt>
      <trkpt lat="45.937209" lon="14.234574">
        <ele>469.246380</ele>
        <time>2026-07-17T18:58:48.714Z</time>
      </trkpt>
      <trkpt lat="45.937498" lon="14.234842">
        <ele>469.295716</ele>
        <time>2026-07-17T18:58:53.868Z</time>
      </trkpt>
      <trkpt lat="45.937748" lon="14.235144">
        <ele>469.342560</ele>
        <time>2026-07-17T18:58:58.945Z</time>
      </trkpt>
      <trkpt lat="45.938030" lon="14.235599">
        <ele>469.403368</ele>
        <time>2026-07-17T18:59:05.517Z</time>
      </trkpt>
      <trkpt lat="45.938441" lon="14.236490">
        <ele>469.870616</ele>
        <time>2026-07-17T18:59:17.214Z</time>
      </trkpt>
      <trkpt lat="45.938804" lon="14.237340">
        <ele>470.406938</ele>
        <time>2026-07-17T18:59:29.694Z</time>
      </trkpt>
      <trkpt lat="45.939209" lon="14.238284">
        <ele>471.249924</ele>
        <time>2026-07-17T18:59:44.960Z</time>
      </trkpt>
      <trkpt lat="45.939373" lon="14.238684">
        <ele>471.832767</ele>
        <time>2026-07-17T18:59:51.956Z</time>
      </trkpt>
      <trkpt lat="45.939551" lon="14.239222">
        <ele>472.580594</ele>
        <time>2026-07-17T19:00:01.585Z</time>
      </trkpt>
      <trkpt lat="45.939584" lon="14.239355">
        <ele>472.757842</ele>
        <time>2026-07-17T19:00:03.919Z</time>
      </trkpt>
      <trkpt lat="45.939687" lon="14.239899">
        <ele>473.465522</ele>
        <time>2026-07-17T19:00:13.196Z</time>
      </trkpt>
      <trkpt lat="45.939730" lon="14.240662">
        <ele>474.304020</ele>
        <time>2026-07-17T19:00:25.140Z</time>
      </trkpt>
      <trkpt lat="45.939716" lon="14.241050">
        <ele>474.626579</ele>
        <time>2026-07-17T19:00:30.950Z</time>
      </trkpt>
      <trkpt lat="45.939679" lon="14.241383">
        <ele>474.906550</ele>
        <time>2026-07-17T19:00:35.809Z</time>
      </trkpt>
      <trkpt lat="45.939385" lon="14.243042">
        <ele>476.316973</ele>
        <time>2026-07-17T19:00:57.414Z</time>
      </trkpt>
      <trkpt lat="45.939350" lon="14.243604">
        <ele>476.741099</ele>
        <time>2026-07-17T19:01:04.423Z</time>
      </trkpt>
      <trkpt lat="45.939370" lon="14.244074">
        <ele>477.095042</ele>
        <time>2026-07-17T19:01:10.396Z</time>
      </trkpt>
      <trkpt lat="45.939456" lon="14.244673">
        <ele>477.554785</ele>
        <time>2026-07-17T19:01:18.324Z</time>
      </trkpt>
      <trkpt lat="45.939586" lon="14.245137">
        <ele>477.930798</ele>
        <time>2026-07-17T19:01:25.091Z</time>
      </trkpt>
      <trkpt lat="45.939736" lon="14.245518">
        <ele>478.328615</ele>
        <time>2026-07-17T19:01:31.452Z</time>
      </trkpt>
      <trkpt lat="45.939947" lon="14.245890">
        <ele>478.929115</ele>
        <time>2026-07-17T19:01:38.790Z</time>
      </trkpt>
      <trkpt lat="45.940196" lon="14.246236">
        <ele>479.551970</ele>
        <time>2026-07-17T19:01:46.635Z</time>
      </trkpt>
      <trkpt lat="45.940444" lon="14.246479">
        <ele>480.091792</ele>
        <time>2026-07-17T19:01:53.538Z</time>
      </trkpt>
      <trkpt lat="45.940682" lon="14.246656">
        <ele>480.573774</ele>
        <time>2026-07-17T19:01:59.607Z</time>
      </trkpt>
      <trkpt lat="45.941152" lon="14.246870">
        <ele>481.418765</ele>
        <time>2026-07-17T19:02:10.606Z</time>
      </trkpt>
      <trkpt lat="45.941442" lon="14.246935">
        <ele>481.625523</ele>
        <time>2026-07-17T19:02:17.054Z</time>
      </trkpt>
      <trkpt lat="45.941872" lon="14.246965">
        <ele>481.928793</ele>
        <time>2026-07-17T19:02:26.030Z</time>
      </trkpt>
      <trkpt lat="45.942153" lon="14.246950">
        <ele>482.126880</ele>
        <time>2026-07-17T19:02:31.395Z</time>
      </trkpt>
      <trkpt lat="45.942868" lon="14.246803">
        <ele>482.635684</ele>
        <time>2026-07-17T19:02:42.345Z</time>
      </trkpt>
      <trkpt lat="45.943326" lon="14.246661">
        <ele>482.003886</ele>
        <time>2026-07-17T19:02:47.805Z</time>
      </trkpt>
      <trkpt lat="45.943677" lon="14.246591">
        <ele>481.470988</ele>
        <time>2026-07-17T19:02:51.786Z</time>
      </trkpt>
      <trkpt lat="45.943933" lon="14.246581">
        <ele>481.085864</ele>
        <time>2026-07-17T19:02:54.620Z</time>
      </trkpt>
      <trkpt lat="45.944191" lon="14.246613">
        <ele>480.696433</ele>
        <time>2026-07-17T19:02:57.477Z</time>
      </trkpt>
      <trkpt lat="45.944407" lon="14.246674">
        <ele>480.365401</ele>
        <time>2026-07-17T19:02:59.964Z</time>
      </trkpt>
      <trkpt lat="45.944746" lon="14.246829">
        <ele>479.690911</ele>
        <time>2026-07-17T19:03:03.962Z</time>
      </trkpt>
      <trkpt lat="45.945074" lon="14.247071">
        <ele>478.510545</ele>
        <time>2026-07-17T19:03:08.133Z</time>
      </trkpt>
      <trkpt lat="45.945427" lon="14.247406">
        <ele>477.156368</ele>
        <time>2026-07-17T19:03:12.821Z</time>
      </trkpt>
      <trkpt lat="45.945892" lon="14.248014">
        <ele>475.144122</ele>
        <time>2026-07-17T19:03:19.047Z</time>
      </trkpt>
      <trkpt lat="45.946241" lon="14.248637">
        <ele>473.061206</ele>
        <time>2026-07-17T19:03:24.215Z</time>
      </trkpt>
      <trkpt lat="45.946502" lon="14.249279">
        <ele>470.805051</ele>
        <time>2026-07-17T19:03:28.947Z</time>
      </trkpt>
      <trkpt lat="45.947014" lon="14.250840">
        <ele>465.939488</ele>
        <time>2026-07-17T19:03:40.783Z</time>
      </trkpt>
      <trkpt lat="45.947171" lon="14.251235">
        <ele>465.216229</ele>
        <time>2026-07-17T19:03:44.552Z</time>
      </trkpt>
      <trkpt lat="45.947320" lon="14.251537">
        <ele>464.627581</ele>
        <time>2026-07-17T19:03:47.672Z</time>
      </trkpt>
      <trkpt lat="45.947533" lon="14.251879">
        <ele>463.897724</ele>
        <time>2026-07-17T19:03:51.460Z</time>
      </trkpt>
      <trkpt lat="45.947759" lon="14.252172">
        <ele>463.202101</ele>
        <time>2026-07-17T19:03:54.979Z</time>
      </trkpt>
      <trkpt lat="45.947957" lon="14.252372">
        <ele>462.648943</ele>
        <time>2026-07-17T19:03:57.603Z</time>
      </trkpt>
      <trkpt lat="45.948468" lon="14.252767">
        <ele>460.650738</ele>
        <time>2026-07-17T19:04:03.303Z</time>
      </trkpt>
      <trkpt lat="45.949072" lon="14.253105">
        <ele>458.078217</ele>
        <time>2026-07-17T19:04:09.380Z</time>
      </trkpt>
      <trkpt lat="45.949486" lon="14.253216">
        <ele>456.406631</ele>
        <time>2026-07-17T19:04:13.412Z</time>
      </trkpt>
      <trkpt lat="45.949675" lon="14.253216">
        <ele>455.656440</ele>
        <time>2026-07-17T19:04:15.277Z</time>
      </trkpt>
      <trkpt lat="45.950046" lon="14.253146">
        <ele>454.629123</ele>
        <time>2026-07-17T19:04:19.155Z</time>
      </trkpt>
      <trkpt lat="45.950358" lon="14.253005">
        <ele>453.973734</ele>
        <time>2026-07-17T19:04:22.817Z</time>
      </trkpt>
      <trkpt lat="45.950955" lon="14.252742">
        <ele>452.722481</ele>
        <time>2026-07-17T19:04:30.578Z</time>
      </trkpt>
      <trkpt lat="45.951140" lon="14.252712">
        <ele>452.349391</ele>
        <time>2026-07-17T19:04:32.858Z</time>
      </trkpt>
      <trkpt lat="45.951334" lon="14.252726">
        <ele>451.960125</ele>
        <time>2026-07-17T19:04:35.132Z</time>
      </trkpt>
      <trkpt lat="45.951534" lon="14.252781">
        <ele>451.552064</ele>
        <time>2026-07-17T19:04:37.386Z</time>
      </trkpt>
      <trkpt lat="45.951737" lon="14.252895">
        <ele>450.699930</ele>
        <time>2026-07-17T19:04:39.683Z</time>
      </trkpt>
      <trkpt lat="45.951967" lon="14.253080">
        <ele>449.588713</ele>
        <time>2026-07-17T19:04:42.240Z</time>
      </trkpt>
      <trkpt lat="45.952328" lon="14.253540">
        <ele>447.554993</ele>
        <time>2026-07-17T19:04:46.781Z</time>
      </trkpt>
      <trkpt lat="45.952542" lon="14.253897">
        <ele>446.173056</ele>
        <time>2026-07-17T19:04:49.844Z</time>
      </trkpt>
      <trkpt lat="45.952701" lon="14.254202">
        <ele>445.055432</ele>
        <time>2026-07-17T19:04:52.337Z</time>
      </trkpt>
      <trkpt lat="45.952871" lon="14.254713">
        <ele>443.509874</ele>
        <time>2026-07-17T19:04:56.129Z</time>
      </trkpt>
      <trkpt lat="45.952923" lon="14.255175">
        <ele>442.446331</ele>
        <time>2026-07-17T19:04:59.284Z</time>
      </trkpt>
      <trkpt lat="45.952886" lon="14.255741">
        <ele>441.154448</ele>
        <time>2026-07-17T19:05:03.241Z</time>
      </trkpt>
      <trkpt lat="45.952814" lon="14.256039">
        <ele>440.437530</ele>
        <time>2026-07-17T19:05:05.552Z</time>
      </trkpt>
      <trkpt lat="45.952722" lon="14.256289">
        <ele>439.794740</ele>
        <time>2026-07-17T19:05:07.624Z</time>
      </trkpt>
      <trkpt lat="45.952489" lon="14.256690">
        <ele>438.607144</ele>
        <time>2026-07-17T19:05:11.448Z</time>
      </trkpt>
      <trkpt lat="45.952339" lon="14.256863">
        <ele>437.998075</ele>
        <time>2026-07-17T19:05:13.451Z</time>
      </trkpt>
      <trkpt lat="45.951649" lon="14.257474">
        <ele>436.387776</ele>
        <time>2026-07-17T19:05:21.980Z</time>
      </trkpt>
      <trkpt lat="45.951441" lon="14.257702">
        <ele>435.868050</ele>
        <time>2026-07-17T19:05:24.927Z</time>
      </trkpt>
      <trkpt lat="45.951297" lon="14.257906">
        <ele>435.466368</ele>
        <time>2026-07-17T19:05:27.261Z</time>
      </trkpt>
      <trkpt lat="45.951155" lon="14.258183">
        <ele>434.990840</ele>
        <time>2026-07-17T19:05:30.069Z</time>
      </trkpt>
      <trkpt lat="45.951031" lon="14.258509">
        <ele>434.477393</ele>
        <time>2026-07-17T19:05:33.093Z</time>
      </trkpt>
      <trkpt lat="45.950907" lon="14.259028">
        <ele>433.503752</ele>
        <time>2026-07-17T19:05:37.556Z</time>
      </trkpt>
      <trkpt lat="45.950874" lon="14.259488">
        <ele>432.677430</ele>
        <time>2026-07-17T19:05:41.316Z</time>
      </trkpt>
      <trkpt lat="45.950881" lon="14.259806">
        <ele>432.108921</ele>
        <time>2026-07-17T19:05:43.724Z</time>
      </trkpt>
      <trkpt lat="45.950990" lon="14.260406">
        <ele>431.000809</ele>
        <time>2026-07-17T19:05:48.078Z</time>
      </trkpt>
      <trkpt lat="45.951099" lon="14.260732">
        <ele>430.354435</ele>
        <time>2026-07-17T19:05:50.553Z</time>
      </trkpt>
      <trkpt lat="45.951199" lon="14.260958">
        <ele>429.875761</ele>
        <time>2026-07-17T19:05:52.382Z</time>
      </trkpt>
      <trkpt lat="45.951477" lon="14.261406">
        <ele>428.119575</ele>
        <time>2026-07-17T19:05:56.456Z</time>
      </trkpt>
      <trkpt lat="45.952411" lon="14.262629">
        <ele>422.716668</ele>
        <time>2026-07-17T19:06:08.629Z</time>
      </trkpt>
      <trkpt lat="45.952446" lon="14.262674">
        <ele>422.515857</ele>
        <time>2026-07-17T19:06:09.088Z</time>
      </trkpt>
      <trkpt lat="45.952532" lon="14.262787">
        <ele>421.995912</ele>
        <time>2026-07-17T19:06:10.219Z</time>
      </trkpt>
      <trkpt lat="45.952683" lon="14.262994">
        <ele>420.941967</ele>
        <time>2026-07-17T19:06:12.228Z</time>
      </trkpt>
      <trkpt lat="45.953283" lon="14.263787">
        <ele>416.824971</ele>
        <time>2026-07-17T19:06:19.883Z</time>
      </trkpt>
      <trkpt lat="45.954041" lon="14.264763">
        <ele>411.513919</ele>
        <time>2026-07-17T19:06:29.407Z</time>
      </trkpt>
      <trkpt lat="45.954520" lon="14.265451">
        <ele>407.665507</ele>
        <time>2026-07-17T19:06:35.607Z</time>
      </trkpt>
      <trkpt lat="45.954572" lon="14.265541">
        <ele>407.202979</ele>
        <time>2026-07-17T19:06:36.349Z</time>
      </trkpt>
      <trkpt lat="45.954751" lon="14.265887">
        <ele>405.498347</ele>
        <time>2026-07-17T19:06:39.109Z</time>
      </trkpt>
      <trkpt lat="45.954950" lon="14.266403">
        <ele>403.166114</ele>
        <time>2026-07-17T19:06:42.901Z</time>
      </trkpt>
      <trkpt lat="45.955298" lon="14.267528">
        <ele>398.998860</ele>
        <time>2026-07-17T19:06:50.922Z</time>
      </trkpt>
      <trkpt lat="45.955518" lon="14.268158">
        <ele>396.643150</ele>
        <time>2026-07-17T19:06:55.603Z</time>
      </trkpt>
      <trkpt lat="45.956083" lon="14.269542">
        <ele>392.436927</ele>
        <time>2026-07-17T19:07:06.387Z</time>
      </trkpt>
      <trkpt lat="45.956247" lon="14.270122">
        <ele>391.179443</ele>
        <time>2026-07-17T19:07:10.757Z</time>
      </trkpt>
      <trkpt lat="45.956353" lon="14.270852">
        <ele>389.681738</ele>
        <time>2026-07-17T19:07:16.461Z</time>
      </trkpt>
      <trkpt lat="45.956452" lon="14.272212">
        <ele>386.803049</ele>
        <time>2026-07-17T19:07:28.182Z</time>
      </trkpt>
      <trkpt lat="45.956507" lon="14.272700">
        <ele>385.745986</ele>
        <time>2026-07-17T19:07:31.881Z</time>
      </trkpt>
      <trkpt lat="45.956650" lon="14.273584">
        <ele>383.805328</ele>
        <time>2026-07-17T19:07:37.932Z</time>
      </trkpt>
      <trkpt lat="45.956748" lon="14.273963">
        <ele>382.292143</ele>
        <time>2026-07-17T19:07:40.498Z</time>
      </trkpt>
      <trkpt lat="45.956862" lon="14.274347">
        <ele>380.265747</ele>
        <time>2026-07-17T19:07:43.124Z</time>
      </trkpt>
      <trkpt lat="45.957046" lon="14.274810">
        <ele>377.677547</ele>
        <time>2026-07-17T19:07:46.439Z</time>
      </trkpt>
      <trkpt lat="45.957347" lon="14.275400">
        <ele>374.125970</ele>
        <time>2026-07-17T19:07:50.959Z</time>
      </trkpt>
      <trkpt lat="45.957568" lon="14.275782">
        <ele>371.714140</ele>
        <time>2026-07-17T19:07:54.022Z</time>
      </trkpt>
      <trkpt lat="45.959102" lon="14.278101">
        <ele>356.143870</ele>
        <time>2026-07-17T19:08:13.923Z</time>
      </trkpt>
      <trkpt lat="45.959122" lon="14.278131">
        <ele>355.981842</ele>
        <time>2026-07-17T19:08:14.185Z</time>
      </trkpt>
      <trkpt lat="45.959639" lon="14.278911">
        <ele>351.780756</ele>
        <time>2026-07-17T19:08:21.081Z</time>
      </trkpt>
      <trkpt lat="45.960194" lon="14.279742">
        <ele>347.417190</ele>
        <time>2026-07-17T19:08:28.722Z</time>
      </trkpt>
      <trkpt lat="45.961029" lon="14.281007">
        <ele>342.349041</ele>
        <time>2026-07-17T19:08:40.707Z</time>
      </trkpt>
      <trkpt lat="45.961368" lon="14.281558">
        <ele>340.192816</ele>
        <time>2026-07-17T19:08:45.583Z</time>
      </trkpt>
      <trkpt lat="45.961567" lon="14.282010">
        <ele>338.193890</ele>
        <time>2026-07-17T19:08:49.097Z</time>
      </trkpt>
      <trkpt lat="45.961772" lon="14.282648">
        <ele>335.567937</ele>
        <time>2026-07-17T19:08:53.693Z</time>
      </trkpt>
      <trkpt lat="45.961858" lon="14.283005">
        <ele>334.156336</ele>
        <time>2026-07-17T19:08:56.131Z</time>
      </trkpt>
      <trkpt lat="45.961947" lon="14.283615">
        <ele>331.827671</ele>
        <time>2026-07-17T19:09:00.097Z</time>
      </trkpt>
      <trkpt lat="45.961973" lon="14.284046">
        <ele>330.252678</ele>
        <time>2026-07-17T19:09:02.845Z</time>
      </trkpt>
      <trkpt lat="45.961973" lon="14.284540">
        <ele>328.598838</ele>
        <time>2026-07-17T19:09:05.991Z</time>
      </trkpt>
      <trkpt lat="45.961915" lon="14.285160">
        <ele>326.504456</ele>
        <time>2026-07-17T19:09:10.053Z</time>
      </trkpt>
      <trkpt lat="45.961829" lon="14.285642">
        <ele>324.838480</ele>
        <time>2026-07-17T19:09:13.359Z</time>
      </trkpt>
      <trkpt lat="45.961671" lon="14.286162">
        <ele>322.938548</ele>
        <time>2026-07-17T19:09:17.193Z</time>
      </trkpt>
      <trkpt lat="45.961436" lon="14.286767">
        <ele>320.792105</ele>
        <time>2026-07-17T19:09:22.118Z</time>
      </trkpt>
      <trkpt lat="45.961159" lon="14.287282">
        <ele>318.897348</ele>
        <time>2026-07-17T19:09:26.645Z</time>
      </trkpt>
      <trkpt lat="45.960896" lon="14.287650">
        <ele>317.361568</ele>
        <time>2026-07-17T19:09:30.170Z</time>
      </trkpt>
      <trkpt lat="45.960714" lon="14.287860">
        <ele>316.384943</ele>
        <time>2026-07-17T19:09:32.389Z</time>
      </trkpt>
      <trkpt lat="45.960657" lon="14.287922">
        <ele>316.085816</ele>
        <time>2026-07-17T19:09:33.059Z</time>
      </trkpt>
      <trkpt lat="45.960142" lon="14.288350">
        <ele>313.457145</ele>
        <time>2026-07-17T19:09:38.669Z</time>
      </trkpt>
      <trkpt lat="45.959271" lon="14.288856">
        <ele>308.859488</ele>
        <time>2026-07-17T19:09:47.659Z</time>
      </trkpt>
      <trkpt lat="45.959163" lon="14.288930">
        <ele>308.273976</ele>
        <time>2026-07-17T19:09:48.816Z</time>
      </trkpt>
      <trkpt lat="45.959066" lon="14.289010">
        <ele>307.726710</ele>
        <time>2026-07-17T19:09:49.893Z</time>
      </trkpt>
      <trkpt lat="45.958723" lon="14.289397">
        <ele>305.589260</ele>
        <time>2026-07-17T19:09:53.990Z</time>
      </trkpt>
      <trkpt lat="45.958547" lon="14.289703">
        <ele>303.990424</ele>
        <time>2026-07-17T19:09:56.524Z</time>
      </trkpt>
      <trkpt lat="45.958476" lon="14.289865">
        <ele>303.219469</ele>
        <time>2026-07-17T19:09:57.734Z</time>
      </trkpt>
      <trkpt lat="45.958333" lon="14.290288">
        <ele>301.325909</ele>
        <time>2026-07-17T19:10:00.688Z</time>
      </trkpt>
      <trkpt lat="45.958245" lon="14.290794">
        <ele>299.226107</ele>
        <time>2026-07-17T19:10:03.945Z</time>
      </trkpt>
      <trkpt lat="45.958241" lon="14.291242">
        <ele>297.422424</ele>
        <time>2026-07-17T19:10:06.752Z</time>
      </trkpt>
      <trkpt lat="45.958310" lon="14.291752">
        <ele>295.330775</ele>
        <time>2026-07-17T19:10:10.121Z</time>
      </trkpt>
      <trkpt lat="45.958427" lon="14.292149">
        <ele>294.862647</ele>
        <time>2026-07-17T19:10:13.076Z</time>
      </trkpt>
      <trkpt lat="45.958616" lon="14.292549">
        <ele>294.455219</ele>
        <time>2026-07-17T19:10:16.725Z</time>
      </trkpt>
      <trkpt lat="45.958795" lon="14.292828">
        <ele>294.135392</ele>
        <time>2026-07-17T19:10:19.959Z</time>
      </trkpt>
      <trkpt lat="45.959162" lon="14.293191">
        <ele>293.595680</ele>
        <time>2026-07-17T19:10:26.911Z</time>
      </trkpt>
      <trkpt lat="45.959504" lon="14.293456">
        <ele>293.124951</ele>
        <time>2026-07-17T19:10:33.934Z</time>
      </trkpt>
      <trkpt lat="45.959476" lon="14.293542">
        <ele>293.044953</ele>
        <time>2026-07-17T19:10:41.497Z</time>
      </trkpt>
      <trkpt lat="45.960180" lon="14.294070">
        <ele>293.353675</ele>
        <time>2026-07-17T19:10:55.819Z</time>
      </trkpt>
      <trkpt lat="45.960252" lon="14.294124">
        <ele>293.388913</ele>
        <time>2026-07-17T19:10:57.220Z</time>
      </trkpt>
      <trkpt lat="45.960285" lon="14.294149">
        <ele>293.405099</ele>
        <time>2026-07-17T19:10:57.843Z</time>
      </trkpt>
      <trkpt lat="45.960663" lon="14.294417">
        <ele>293.587984</ele>
        <time>2026-07-17T19:11:04.777Z</time>
      </trkpt>
      <trkpt lat="45.961427" lon="14.294976">
        <ele>293.846141</ele>
        <time>2026-07-17T19:11:17.238Z</time>
      </trkpt>
      <trkpt lat="45.961465" lon="14.295005">
        <ele>293.851597</ele>
        <time>2026-07-17T19:11:17.841Z</time>
      </trkpt>
      <trkpt lat="45.962027" lon="14.295421">
        <ele>293.931755</ele>
        <time>2026-07-17T19:11:27.546Z</time>
      </trkpt>
      <trkpt lat="45.962207" lon="14.295565">
        <ele>293.957877</ele>
        <time>2026-07-17T19:11:30.809Z</time>
      </trkpt>
      <trkpt lat="45.962274" lon="14.295653">
        <ele>293.969383</ele>
        <time>2026-07-17T19:11:32.231Z</time>
      </trkpt>
      <trkpt lat="45.962282" lon="14.295718">
        <ele>293.975203</ele>
        <time>2026-07-17T19:11:32.977Z</time>
      </trkpt>
      <trkpt lat="45.962322" lon="14.295745">
        <ele>293.980806</ele>
        <time>2026-07-17T19:11:33.927Z</time>
      </trkpt>
      <trkpt lat="45.962368" lon="14.295778">
        <ele>293.987326</ele>
        <time>2026-07-17T19:11:34.998Z</time>
      </trkpt>
      <trkpt lat="45.962426" lon="14.295748">
        <ele>293.995143</ele>
        <time>2026-07-17T19:11:35.994Z</time>
      </trkpt>
      <trkpt lat="45.962473" lon="14.295761">
        <ele>294.001213</ele>
        <time>2026-07-17T19:11:36.781Z</time>
      </trkpt>
      <trkpt lat="45.962492" lon="14.295770">
        <ele>294.003750</ele>
        <time>2026-07-17T19:11:37.117Z</time>
      </trkpt>
      <trkpt lat="45.963524" lon="14.296518">
        <ele>294.002789</ele>
        <time>2026-07-17T19:11:55.154Z</time>
      </trkpt>
      <trkpt lat="45.963546" lon="14.296443">
        <ele>294.001362</ele>
        <time>2026-07-17T19:11:55.943Z</time>
      </trkpt>
      <trkpt lat="45.964196" lon="14.296896">
        <ele>293.983147</ele>
        <time>2026-07-17T19:12:05.713Z</time>
      </trkpt>
      <trkpt lat="45.964897" lon="14.297416">
        <ele>294.101050</ele>
        <time>2026-07-17T19:12:17.222Z</time>
      </trkpt>
      <trkpt lat="45.964979" lon="14.297477">
        <ele>294.115932</ele>
        <time>2026-07-17T19:12:18.692Z</time>
      </trkpt>
      <trkpt lat="45.965157" lon="14.297611">
        <ele>294.148318</ele>
        <time>2026-07-17T19:12:21.966Z</time>
      </trkpt>
      <trkpt lat="45.965250" lon="14.297680">
        <ele>294.165186</ele>
        <time>2026-07-17T19:12:23.718Z</time>
      </trkpt>
      <trkpt lat="45.965414" lon="14.297800">
        <ele>294.194848</ele>
        <time>2026-07-17T19:12:26.823Z</time>
      </trkpt>
      <trkpt lat="45.965773" lon="14.298064">
        <ele>294.259843</ele>
        <time>2026-07-17T19:12:33.645Z</time>
      </trkpt>
      <trkpt lat="45.965919" lon="14.298158">
        <ele>294.226757</ele>
        <time>2026-07-17T19:12:36.269Z</time>
      </trkpt>
      <trkpt lat="45.966205" lon="14.298338">
        <ele>294.062040</ele>
        <time>2026-07-17T19:12:41.279Z</time>
      </trkpt>
      <trkpt lat="45.966383" lon="14.298440">
        <ele>293.960941</ele>
        <time>2026-07-17T19:12:43.996Z</time>
      </trkpt>
      <trkpt lat="45.966513" lon="14.298507">
        <ele>293.888078</ele>
        <time>2026-07-17T19:12:45.773Z</time>
      </trkpt>
      <trkpt lat="45.966652" lon="14.298586">
        <ele>293.809218</ele>
        <time>2026-07-17T19:12:47.628Z</time>
      </trkpt>
      <trkpt lat="45.967187" lon="14.298909">
        <ele>293.503075</ele>
        <time>2026-07-17T19:12:54.720Z</time>
      </trkpt>
      <trkpt lat="45.967500" lon="14.299103">
        <ele>293.323245</ele>
        <time>2026-07-17T19:12:58.988Z</time>
      </trkpt>
      <trkpt lat="45.967598" lon="14.299163">
        <ele>293.253993</ele>
        <time>2026-07-17T19:13:00.278Z</time>
      </trkpt>
      <trkpt lat="45.967706" lon="14.299231">
        <ele>293.177221</ele>
        <time>2026-07-17T19:13:01.687Z</time>
      </trkpt>
      <trkpt lat="45.967905" lon="14.299342">
        <ele>293.038228</ele>
        <time>2026-07-17T19:13:04.211Z</time>
      </trkpt>
      <trkpt lat="45.968073" lon="14.299440">
        <ele>292.920171</ele>
        <time>2026-07-17T19:13:06.382Z</time>
      </trkpt>
      <trkpt lat="45.968394" lon="14.299623">
        <ele>292.695315</ele>
        <time>2026-07-17T19:13:10.637Z</time>
      </trkpt>
      <trkpt lat="45.968508" lon="14.299687">
        <ele>292.615624</ele>
        <time>2026-07-17T19:13:12.227Z</time>
      </trkpt>
      <trkpt lat="45.968573" lon="14.299725">
        <ele>292.569933</ele>
        <time>2026-07-17T19:13:13.154Z</time>
      </trkpt>
      <trkpt lat="45.968643" lon="14.299813">
        <ele>292.509396</ele>
        <time>2026-07-17T19:13:14.403Z</time>
      </trkpt>
      <trkpt lat="45.968818" lon="14.299914">
        <ele>292.386604</ele>
        <time>2026-07-17T19:13:17.046Z</time>
      </trkpt>
      <trkpt lat="45.968891" lon="14.299924">
        <ele>292.338850</ele>
        <time>2026-07-17T19:13:18.100Z</time>
      </trkpt>
      <trkpt lat="45.969039" lon="14.300003">
        <ele>292.236049</ele>
        <time>2026-07-17T19:13:20.414Z</time>
      </trkpt>
      <trkpt lat="45.969414" lon="14.300230">
        <ele>292.158280</ele>
        <time>2026-07-17T19:13:26.427Z</time>
      </trkpt>
      <trkpt lat="45.969621" lon="14.300350">
        <ele>292.163768</ele>
        <time>2026-07-17T19:13:29.744Z</time>
      </trkpt>
      <trkpt lat="45.969910" lon="14.300527">
        <ele>292.171491</ele>
        <time>2026-07-17T19:13:34.724Z</time>
      </trkpt>
      <trkpt lat="45.970089" lon="14.300622">
        <ele>292.176183</ele>
        <time>2026-07-17T19:13:37.752Z</time>
      </trkpt>
      <trkpt lat="45.970546" lon="14.300928">
        <ele>292.188578</ele>
        <time>2026-07-17T19:13:45.406Z</time>
      </trkpt>
      <trkpt lat="45.970612" lon="14.300973">
        <ele>292.190374</ele>
        <time>2026-07-17T19:13:46.473Z</time>
      </trkpt>
      <trkpt lat="45.970664" lon="14.301005">
        <ele>292.191765</ele>
        <time>2026-07-17T19:13:47.338Z</time>
      </trkpt>
      <trkpt lat="45.970962" lon="14.301227">
        <ele>292.161929</ele>
        <time>2026-07-17T19:13:52.162Z</time>
      </trkpt>
      <trkpt lat="45.971239" lon="14.301427">
        <ele>292.102330</ele>
        <time>2026-07-17T19:13:56.394Z</time>
      </trkpt>
      <trkpt lat="45.971634" lon="14.301736">
        <ele>292.015868</ele>
        <time>2026-07-17T19:14:02.405Z</time>
      </trkpt>
      <trkpt lat="45.972157" lon="14.302171">
        <ele>291.899699</ele>
        <time>2026-07-17T19:14:10.806Z</time>
      </trkpt>
      <trkpt lat="45.972287" lon="14.302277">
        <ele>291.870964</ele>
        <time>2026-07-17T19:14:13.032Z</time>
      </trkpt>
      <trkpt lat="45.972389" lon="14.302366">
        <ele>291.850839</ele>
        <time>2026-07-17T19:14:14.825Z</time>
      </trkpt>
      <trkpt lat="45.972957" lon="14.302914">
        <ele>291.926259</ele>
        <time>2026-07-17T19:14:25.371Z</time>
      </trkpt>
      <trkpt lat="45.973053" lon="14.303012">
        <ele>291.939241</ele>
        <time>2026-07-17T19:14:27.252Z</time>
      </trkpt>
      <trkpt lat="45.973947" lon="14.303939">
        <ele>292.045748</ele>
        <time>2026-07-17T19:14:44.247Z</time>
      </trkpt>
      <trkpt lat="45.973997" lon="14.303992">
        <ele>292.044427</ele>
        <time>2026-07-17T19:14:45.150Z</time>
      </trkpt>
      <trkpt lat="45.974308" lon="14.304338">
        <ele>292.036064</ele>
        <time>2026-07-17T19:14:51.135Z</time>
      </trkpt>
      <trkpt lat="45.974483" lon="14.304533">
        <ele>292.031356</ele>
        <time>2026-07-17T19:14:54.487Z</time>
      </trkpt>
      <trkpt lat="45.974652" lon="14.304719">
        <ele>292.026830</ele>
        <time>2026-07-17T19:14:57.656Z</time>
      </trkpt>
      <trkpt lat="45.974681" lon="14.304782">
        <ele>292.025713</ele>
        <time>2026-07-17T19:14:58.422Z</time>
      </trkpt>
      <trkpt lat="45.974652" lon="14.304819">
        <ele>292.024888</ele>
        <time>2026-07-17T19:14:59.207Z</time>
      </trkpt>
      <trkpt lat="45.974718" lon="14.304965">
        <ele>292.022314</ele>
        <time>2026-07-17T19:15:01.626Z</time>
      </trkpt>
      <trkpt lat="45.974698" lon="14.305117">
        <ele>292.020027</ele>
        <time>2026-07-17T19:15:03.769Z</time>
      </trkpt>
      <trkpt lat="45.974736" lon="14.305177">
        <ele>292.018826</ele>
        <time>2026-07-17T19:15:04.588Z</time>
      </trkpt>
      <trkpt lat="45.974761" lon="14.305210">
        <ele>292.018105</ele>
        <time>2026-07-17T19:15:05.103Z</time>
      </trkpt>
      <trkpt lat="45.974869" lon="14.305148">
        <ele>292.015631</ele>
        <time>2026-07-17T19:15:07.394Z</time>
      </trkpt>
      <trkpt lat="45.974990" lon="14.305202">
        <ele>292.012936</ele>
        <time>2026-07-17T19:15:09.906Z</time>
      </trkpt>
      <trkpt lat="45.975782" lon="14.306089">
        <ele>291.780215</ele>
        <time>2026-07-17T19:15:29.268Z</time>
      </trkpt>
      <trkpt lat="45.976073" lon="14.306445">
        <ele>291.678391</ele>
        <time>2026-07-17T19:15:34.423Z</time>
      </trkpt>
      <trkpt lat="45.976134" lon="14.306527">
        <ele>291.656137</ele>
        <time>2026-07-17T19:15:35.551Z</time>
      </trkpt>
      <trkpt lat="45.976166" lon="14.306657">
        <ele>291.630587</ele>
        <time>2026-07-17T19:15:36.840Z</time>
      </trkpt>
      <trkpt lat="45.976124" lon="14.306805">
        <ele>291.600969</ele>
        <time>2026-07-17T19:15:38.342Z</time>
      </trkpt>
      <trkpt lat="45.976138" lon="14.306853">
        <ele>291.591325</ele>
        <time>2026-07-17T19:15:38.825Z</time>
      </trkpt>
      <trkpt lat="45.976152" lon="14.306908">
        <ele>291.580473</ele>
        <time>2026-07-17T19:15:39.378Z</time>
      </trkpt>
      <trkpt lat="45.976227" lon="14.306947">
        <ele>291.559214</ele>
        <time>2026-07-17T19:15:40.455Z</time>
      </trkpt>
      <trkpt lat="45.976281" lon="14.307106">
        <ele>291.529452</ele>
        <time>2026-07-17T19:15:42.143Z</time>
      </trkpt>
      <trkpt lat="45.976346" lon="14.307125">
        <ele>291.525155</ele>
        <time>2026-07-17T19:15:43.051Z</time>
      </trkpt>
      <trkpt lat="45.976327" lon="14.307246">
        <ele>291.519569</ele>
        <time>2026-07-17T19:15:44.264Z</time>
      </trkpt>
      <trkpt lat="45.976343" lon="14.307461">
        <ele>291.509833</ele>
        <time>2026-07-17T19:15:46.417Z</time>
      </trkpt>
      <trkpt lat="45.976427" lon="14.307651">
        <ele>291.499693</ele>
        <time>2026-07-17T19:15:48.701Z</time>
      </trkpt>
      <trkpt lat="45.976495" lon="14.307724">
        <ele>291.494197</ele>
        <time>2026-07-17T19:15:49.937Z</time>
      </trkpt>
      <trkpt lat="45.976866" lon="14.307910">
        <ele>291.468742</ele>
        <time>2026-07-17T19:15:55.871Z</time>
      </trkpt>
      <trkpt lat="45.977060" lon="14.308136">
        <ele>291.452570</ele>
        <time>2026-07-17T19:15:59.631Z</time>
      </trkpt>
      <trkpt lat="45.977171" lon="14.308289">
        <ele>291.442611</ele>
        <time>2026-07-17T19:16:01.949Z</time>
      </trkpt>
      <trkpt lat="45.977552" lon="14.308704">
        <ele>291.408468</ele>
        <time>2026-07-17T19:16:09.015Z</time>
      </trkpt>
      <trkpt lat="45.977682" lon="14.308885">
        <ele>291.380069</ele>
        <time>2026-07-17T19:16:11.671Z</time>
      </trkpt>
      <trkpt lat="45.977782" lon="14.309107">
        <ele>291.351205</ele>
        <time>2026-07-17T19:16:14.396Z</time>
      </trkpt>
      <trkpt lat="45.977855" lon="14.309504">
        <ele>291.306401</ele>
        <time>2026-07-17T19:16:18.485Z</time>
      </trkpt>
      <trkpt lat="45.977777" lon="14.311509">
        <ele>291.249520</ele>
        <time>2026-07-17T19:16:37.817Z</time>
      </trkpt>
      <trkpt lat="45.977760" lon="14.311870">
        <ele>291.354919</ele>
        <time>2026-07-17T19:16:41.692Z</time>
      </trkpt>
      <trkpt lat="45.977750" lon="14.312024">
        <ele>291.399974</ele>
        <time>2026-07-17T19:16:43.400Z</time>
      </trkpt>
      <trkpt lat="45.977697" lon="14.312236">
        <ele>291.465604</ele>
        <time>2026-07-17T19:16:45.974Z</time>
      </trkpt>
      <trkpt lat="45.977602" lon="14.312255">
        <ele>291.505807</ele>
        <time>2026-07-17T19:16:47.579Z</time>
      </trkpt>
      <trkpt lat="45.977567" lon="14.312308">
        <ele>291.527105</ele>
        <time>2026-07-17T19:16:48.436Z</time>
      </trkpt>
      <trkpt lat="45.977552" lon="14.312403">
        <ele>291.555484</ele>
        <time>2026-07-17T19:16:49.603Z</time>
      </trkpt>
      <trkpt lat="45.977568" lon="14.312473">
        <ele>291.576949</ele>
        <time>2026-07-17T19:16:50.486Z</time>
      </trkpt>
      <trkpt lat="45.977616" lon="14.312535">
        <ele>291.603986</ele>
        <time>2026-07-17T19:16:51.600Z</time>
      </trkpt>
      <trkpt lat="45.977524" lon="14.312663">
        <ele>291.657628</ele>
        <time>2026-07-17T19:16:53.838Z</time>
      </trkpt>
      <trkpt lat="45.976979" lon="14.313201">
        <ele>291.962769</ele>
        <time>2026-07-17T19:17:05.957Z</time>
      </trkpt>
      <trkpt lat="45.976790" lon="14.313459">
        <ele>292.134325</ele>
        <time>2026-07-17T19:17:10.819Z</time>
      </trkpt>
      <trkpt lat="45.976664" lon="14.313703">
        <ele>292.273443</ele>
        <time>2026-07-17T19:17:14.718Z</time>
      </trkpt>
      <trkpt lat="45.976044" lon="14.315372">
        <ele>293.122687</ele>
        <time>2026-07-17T19:17:37.134Z</time>
      </trkpt>
      <trkpt lat="45.975825" lon="14.316054">
        <ele>293.383339</ele>
        <time>2026-07-17T19:17:45.492Z</time>
      </trkpt>
      <trkpt lat="45.975416" lon="14.317535">
        <ele>293.936245</ele>
        <time>2026-07-17T19:18:04.110Z</time>
      </trkpt>
      <trkpt lat="45.975236" lon="14.318206">
        <ele>294.179703</ele>
        <time>2026-07-17T19:18:12.880Z</time>
      </trkpt>
      <trkpt lat="45.975159" lon="14.318664">
        <ele>294.338625</ele>
        <time>2026-07-17T19:18:18.976Z</time>
      </trkpt>
      <trkpt lat="45.975098" lon="14.319330">
        <ele>294.565184</ele>
        <time>2026-07-17T19:18:27.562Z</time>
      </trkpt>
      <trkpt lat="45.975041" lon="14.319958">
        <ele>294.778784</ele>
        <time>2026-07-17T19:18:34.663Z</time>
      </trkpt>
      <trkpt lat="45.975046" lon="14.320106">
        <ele>294.828758</ele>
        <time>2026-07-17T19:18:36.167Z</time>
      </trkpt>
      <trkpt lat="45.975120" lon="14.320700">
        <ele>294.265003</ele>
        <time>2026-07-17T19:18:41.765Z</time>
      </trkpt>
      <trkpt lat="45.975313" lon="14.321420">
        <ele>293.482960</ele>
        <time>2026-07-17T19:18:48.169Z</time>
      </trkpt>
      <trkpt lat="45.975490" lon="14.321934">
        <ele>292.901635</ele>
        <time>2026-07-17T19:18:52.507Z</time>
      </trkpt>
      <trkpt lat="45.975767" lon="14.322627">
        <ele>292.065516</ele>
        <time>2026-07-17T19:18:58.363Z</time>
      </trkpt>
      <trkpt lat="45.975826" lon="14.322849">
        <ele>291.775194</ele>
        <time>2026-07-17T19:19:00.089Z</time>
      </trkpt>
      <trkpt lat="45.975897" lon="14.324353">
        <ele>289.933850</ele>
        <time>2026-07-17T19:19:11.538Z</time>
      </trkpt>
      <trkpt lat="45.975774" lon="14.325544">
        <ele>289.072022</ele>
        <time>2026-07-17T19:19:21.947Z</time>
      </trkpt>
      <trkpt lat="45.975742" lon="14.326033">
        <ele>289.087635</ele>
        <time>2026-07-17T19:19:26.732Z</time>
      </trkpt>
      <trkpt lat="45.975569" lon="14.327816">
        <ele>289.472659</ele>
        <time>2026-07-17T19:19:46.751Z</time>
      </trkpt>
      <trkpt lat="45.975583" lon="14.328217">
        <ele>290.180973</ele>
        <time>2026-07-17T19:19:52.314Z</time>
      </trkpt>
      <trkpt lat="45.975724" lon="14.329266">
        <ele>292.065855</ele>
        <time>2026-07-17T19:20:11.038Z</time>
      </trkpt>
      <trkpt lat="45.975914" lon="14.330132">
        <ele>293.667924</ele>
        <time>2026-07-17T19:20:29.681Z</time>
      </trkpt>
      <trkpt lat="45.975921" lon="14.330251">
        <ele>294.054888</ele>
        <time>2026-07-17T19:20:32.203Z</time>
      </trkpt>
      <trkpt lat="45.975915" lon="14.330382">
        <ele>294.521182</ele>
        <time>2026-07-17T19:20:35.014Z</time>
      </trkpt>
      <trkpt lat="45.975877" lon="14.330526">
        <ele>295.068273</ele>
        <time>2026-07-17T19:20:38.311Z</time>
      </trkpt>
      <trkpt lat="45.975689" lon="14.330873">
        <ele>296.631024</ele>
        <time>2026-07-17T19:20:48.017Z</time>
      </trkpt>
      <trkpt lat="45.975183" lon="14.331447">
        <ele>299.924078</ele>
        <time>2026-07-17T19:21:09.810Z</time>
      </trkpt>
      <trkpt lat="45.974795" lon="14.331701">
        <ele>302.102644</ele>
        <time>2026-07-17T19:21:25.714Z</time>
      </trkpt>
      <trkpt lat="45.974670" lon="14.331816">
        <ele>302.860913</ele>
        <time>2026-07-17T19:21:31.888Z</time>
      </trkpt>
      <trkpt lat="45.974593" lon="14.331957">
        <ele>303.770606</ele>
        <time>2026-07-17T19:21:37.309Z</time>
      </trkpt>
      <trkpt lat="45.974568" lon="14.332110">
        <ele>304.582345</ele>
        <time>2026-07-17T19:21:42.213Z</time>
      </trkpt>
      <trkpt lat="45.974574" lon="14.332306">
        <ele>305.595600</ele>
        <time>2026-07-17T19:21:48.491Z</time>
      </trkpt>
      <trkpt lat="45.974781" lon="14.333312">
        <ele>311.014183</ele>
        <time>2026-07-17T19:22:24.379Z</time>
      </trkpt>
      <trkpt lat="45.974795" lon="14.333493">
        <ele>311.954755</ele>
        <time>2026-07-17T19:22:30.557Z</time>
      </trkpt>
      <trkpt lat="45.974760" lon="14.333866">
        <ele>313.898646</ele>
        <time>2026-07-17T19:22:42.768Z</time>
      </trkpt>
      <trkpt lat="45.974548" lon="14.334255">
        <ele>316.335847</ele>
        <time>2026-07-17T19:22:57.586Z</time>
      </trkpt>
      <trkpt lat="45.974388" lon="14.334512">
        <ele>317.020201</ele>
        <time>2026-07-17T19:23:06.745Z</time>
      </trkpt>
      <trkpt lat="45.974093" lon="14.334994">
        <ele>318.294076</ele>
        <time>2026-07-17T19:23:21.116Z</time>
      </trkpt>
      <trkpt lat="45.973961" lon="14.335211">
        <ele>318.866057</ele>
        <time>2026-07-17T19:23:26.789Z</time>
      </trkpt>
      <trkpt lat="45.973802" lon="14.335484">
        <ele>319.572533</ele>
        <time>2026-07-17T19:23:33.033Z</time>
      </trkpt>
      <trkpt lat="45.973476" lon="14.336004">
        <ele>320.961549</ele>
        <time>2026-07-17T19:23:42.783Z</time>
      </trkpt>
      <trkpt lat="45.973249" lon="14.336429">
        <ele>320.170267</ele>
        <time>2026-07-17T19:23:47.439Z</time>
      </trkpt>
      <trkpt lat="45.973228" lon="14.336546">
        <ele>319.702123</ele>
        <time>2026-07-17T19:23:48.349Z</time>
      </trkpt>
      <trkpt lat="45.973235" lon="14.336653">
        <ele>319.285760</ele>
        <time>2026-07-17T19:23:49.136Z</time>
      </trkpt>
      <trkpt lat="45.973538" lon="14.337234">
        <ele>316.471665</ele>
        <time>2026-07-17T19:23:53.990Z</time>
      </trkpt>
      <trkpt lat="45.973657" lon="14.337505">
        <ele>315.229784</ele>
        <time>2026-07-17T19:23:56.006Z</time>
      </trkpt>
      <trkpt lat="45.973697" lon="14.337651">
        <ele>314.621804</ele>
        <time>2026-07-17T19:23:56.974Z</time>
      </trkpt>
      <trkpt lat="45.973712" lon="14.337858">
        <ele>313.815522</ele>
        <time>2026-07-17T19:23:58.246Z</time>
      </trkpt>
      <trkpt lat="45.973705" lon="14.338050">
        <ele>313.070675</ele>
        <time>2026-07-17T19:23:59.412Z</time>
      </trkpt>
      <trkpt lat="45.973621" lon="14.338584">
        <ele>310.801107</ele>
        <time>2026-07-17T19:24:02.689Z</time>
      </trkpt>
      <trkpt lat="45.973645" lon="14.338711">
        <ele>310.111403</ele>
        <time>2026-07-17T19:24:03.477Z</time>
      </trkpt>
      <trkpt lat="45.973803" lon="14.339079">
        <ele>307.844591</ele>
        <time>2026-07-17T19:24:06.050Z</time>
      </trkpt>
      <trkpt lat="45.973906" lon="14.339405">
        <ele>305.967954</ele>
        <time>2026-07-17T19:24:08.197Z</time>
      </trkpt>
      <trkpt lat="45.973873" lon="14.339638">
        <ele>304.721835</ele>
        <time>2026-07-17T19:24:09.633Z</time>
      </trkpt>
      <trkpt lat="45.973763" lon="14.339899">
        <ele>303.122233</ele>
        <time>2026-07-17T19:24:11.494Z</time>
      </trkpt>
      <trkpt lat="45.973696" lon="14.340234">
        <ele>301.295435</ele>
        <time>2026-07-17T19:24:13.681Z</time>
      </trkpt>
      <trkpt lat="45.973688" lon="14.340404">
        <ele>300.402517</ele>
        <time>2026-07-17T19:24:14.772Z</time>
      </trkpt>
      <trkpt lat="45.973676" lon="14.340617">
        <ele>299.282639</ele>
        <time>2026-07-17T19:24:16.188Z</time>
      </trkpt>
      <trkpt lat="45.973625" lon="14.340988">
        <ele>297.584260</ele>
        <time>2026-07-17T19:24:18.837Z</time>
      </trkpt>
      <trkpt lat="45.973514" lon="14.341304">
        <ele>296.765487</ele>
        <time>2026-07-17T19:24:21.441Z</time>
      </trkpt>
      <trkpt lat="45.973414" lon="14.341458">
        <ele>296.278111</ele>
        <time>2026-07-17T19:24:22.935Z</time>
      </trkpt>
      <trkpt lat="45.973286" lon="14.341583">
        <ele>295.763382</ele>
        <time>2026-07-17T19:24:24.500Z</time>
      </trkpt>
      <trkpt lat="45.972872" lon="14.341912">
        <ele>294.189726</ele>
        <time>2026-07-17T19:24:29.349Z</time>
      </trkpt>
      <trkpt lat="45.972763" lon="14.342155">
        <ele>293.520913</ele>
        <time>2026-07-17T19:24:31.440Z</time>
      </trkpt>
      <trkpt lat="45.972756" lon="14.342316">
        <ele>293.147871</ele>
        <time>2026-07-17T19:24:32.594Z</time>
      </trkpt>
      <trkpt lat="45.972794" lon="14.342532">
        <ele>292.632616</ele>
        <time>2026-07-17T19:24:34.180Z</time>
      </trkpt>
      <trkpt lat="45.973134" lon="14.343241">
        <ele>290.923943</ele>
        <time>2026-07-17T19:24:40.106Z</time>
      </trkpt>
      <trkpt lat="45.973230" lon="14.343569">
        <ele>290.298058</ele>
        <time>2026-07-17T19:24:42.496Z</time>
      </trkpt>
      <trkpt lat="45.973420" lon="14.344402">
        <ele>288.756268</ele>
        <time>2026-07-17T19:24:48.780Z</time>
      </trkpt>
      <trkpt lat="45.973481" lon="14.344594">
        <ele>288.385010</ele>
        <time>2026-07-17T19:24:50.427Z</time>
      </trkpt>
      <trkpt lat="45.974009" lon="14.345602">
        <ele>287.060551</ele>
        <time>2026-07-17T19:25:01.372Z</time>
      </trkpt>
      <trkpt lat="45.974412" lon="14.346603">
        <ele>286.671579</ele>
        <time>2026-07-17T19:25:12.354Z</time>
      </trkpt>
      <trkpt lat="45.975217" lon="14.348603">
        <ele>286.459200</ele>
        <time>2026-07-17T19:25:35.155Z</time>
      </trkpt>
      <trkpt lat="45.975586" lon="14.349464">
        <ele>286.497535</ele>
        <time>2026-07-17T19:25:46.346Z</time>
      </trkpt>
      <trkpt lat="45.975874" lon="14.350059">
        <ele>286.975405</ele>
        <time>2026-07-17T19:25:54.792Z</time>
      </trkpt>
      <trkpt lat="45.976221" lon="14.350931">
        <ele>287.701265</ele>
        <time>2026-07-17T19:26:07.305Z</time>
      </trkpt>
      <trkpt lat="45.976242" lon="14.350985">
        <ele>287.745964</ele>
        <time>2026-07-17T19:26:08.160Z</time>
      </trkpt>
      <trkpt lat="45.976329" lon="14.351210">
        <ele>287.931960</ele>
        <time>2026-07-17T19:26:11.754Z</time>
      </trkpt>
      <trkpt lat="45.976503" lon="14.351680">
        <ele>288.316639</ele>
        <time>2026-07-17T19:26:19.811Z</time>
      </trkpt>
      <trkpt lat="45.976670" lon="14.352354">
        <ele>289.297035</ele>
        <time>2026-07-17T19:26:31.392Z</time>
      </trkpt>
      <trkpt lat="45.976997" lon="14.353218">
        <ele>290.717808</ele>
        <time>2026-07-17T19:26:47.783Z</time>
      </trkpt>
      <trkpt lat="45.977038" lon="14.353249">
        <ele>290.814054</ele>
        <time>2026-07-17T19:26:48.904Z</time>
      </trkpt>
      <trkpt lat="45.977114" lon="14.353237">
        <ele>290.972934</ele>
        <time>2026-07-17T19:26:50.760Z</time>
      </trkpt>
      <trkpt lat="45.977437" lon="14.352977">
        <ele>291.742027</ele>
        <time>2026-07-17T19:26:59.516Z</time>
      </trkpt>
      <trkpt lat="45.977542" lon="14.352938">
        <ele>291.967374</ele>
        <time>2026-07-17T19:27:01.991Z</time>
      </trkpt>
      <trkpt lat="45.977736" lon="14.352984">
        <ele>292.324468</ele>
        <time>2026-07-17T19:27:06.379Z</time>
      </trkpt>
      <trkpt lat="45.979005" lon="14.353146">
        <ele>294.464478</ele>
        <time>2026-07-17T19:27:34.035Z</time>
      </trkpt>
      <trkpt lat="45.980007" lon="14.353618">
        <ele>295.778067</ele>
        <time>2026-07-17T19:27:55.469Z</time>
      </trkpt>
      <trkpt lat="45.980457" lon="14.353766">
        <ele>296.233009</ele>
        <time>2026-07-17T19:28:03.683Z</time>
      </trkpt>
      <trkpt lat="45.980972" lon="14.353837">
        <ele>296.742901</ele>
        <time>2026-07-17T19:28:12.374Z</time>
      </trkpt>
      <trkpt lat="45.981391" lon="14.353896">
        <ele>297.385210</ele>
        <time>2026-07-17T19:28:19.807Z</time>
      </trkpt>
      <trkpt lat="45.981811" lon="14.353928">
        <ele>298.167208</ele>
        <time>2026-07-17T19:28:28.238Z</time>
      </trkpt>
      <trkpt lat="45.982213" lon="14.354023">
        <ele>298.924655</ele>
        <time>2026-07-17T19:28:37.791Z</time>
      </trkpt>
      <trkpt lat="45.982800" lon="14.354136">
        <ele>300.025782</ele>
        <time>2026-07-17T19:28:53.122Z</time>
      </trkpt>
      <trkpt lat="45.982910" lon="14.354190">
        <ele>300.241876</ele>
        <time>2026-07-17T19:28:56.053Z</time>
      </trkpt>
      <trkpt lat="45.983086" lon="14.354440">
        <ele>300.521982</ele>
        <time>2026-07-17T19:29:02.344Z</time>
      </trkpt>
      <trkpt lat="45.983241" lon="14.354760">
        <ele>300.827414</ele>
        <time>2026-07-17T19:29:08.719Z</time>
      </trkpt>
      <trkpt lat="45.983308" lon="14.355002">
        <ele>301.031389</ele>
        <time>2026-07-17T19:29:12.660Z</time>
      </trkpt>
      <trkpt lat="45.983350" lon="14.355077">
        <ele>301.106811</ele>
        <time>2026-07-17T19:29:14.024Z</time>
      </trkpt>
      <trkpt lat="45.983534" lon="14.355180">
        <ele>301.329284</ele>
        <time>2026-07-17T19:29:17.940Z</time>
      </trkpt>
      <trkpt lat="45.983621" lon="14.355348">
        <ele>301.493342</ele>
        <time>2026-07-17T19:29:20.646Z</time>
      </trkpt>
      <trkpt lat="45.983709" lon="14.355510">
        <ele>301.654348</ele>
        <time>2026-07-17T19:29:22.852Z</time>
      </trkpt>
      <trkpt lat="45.983859" lon="14.355678">
        <ele>301.868530</ele>
        <time>2026-07-17T19:29:25.336Z</time>
      </trkpt>
      <trkpt lat="45.984593" lon="14.355907">
        <ele>302.578109</ele>
        <time>2026-07-17T19:29:35.956Z</time>
      </trkpt>
      <trkpt lat="45.984832" lon="14.356100">
        <ele>302.791500</ele>
        <time>2026-07-17T19:29:40.040Z</time>
      </trkpt>
      <trkpt lat="45.985001" lon="14.356338">
        <ele>302.975613</ele>
        <time>2026-07-17T19:29:44.655Z</time>
      </trkpt>
      <trkpt lat="45.985161" lon="14.356717">
        <ele>303.215546</ele>
        <time>2026-07-17T19:29:52.077Z</time>
      </trkpt>
      <trkpt lat="45.985290" lon="14.357114">
        <ele>303.452664</ele>
        <time>2026-07-17T19:29:59.688Z</time>
      </trkpt>
      <trkpt lat="45.985442" lon="14.357617">
        <ele>303.392563</ele>
        <time>2026-07-17T19:30:07.994Z</time>
      </trkpt>
      <trkpt lat="45.985481" lon="14.357734">
        <ele>303.135621</ele>
        <time>2026-07-17T19:30:09.218Z</time>
      </trkpt>
      <trkpt lat="45.985516" lon="14.357837">
        <ele>302.908597</ele>
        <time>2026-07-17T19:30:10.162Z</time>
      </trkpt>
      <trkpt lat="45.985735" lon="14.358170">
        <ele>302.000744</ele>
        <time>2026-07-17T19:30:13.559Z</time>
      </trkpt>
      <trkpt lat="45.986045" lon="14.358615">
        <ele>300.753062</ele>
        <time>2026-07-17T19:30:18.004Z</time>
      </trkpt>
      <trkpt lat="45.986216" lon="14.358791">
        <ele>300.153991</ele>
        <time>2026-07-17T19:30:20.045Z</time>
      </trkpt>
      <trkpt lat="45.986388" lon="14.358883">
        <ele>299.631102</ele>
        <time>2026-07-17T19:30:21.765Z</time>
      </trkpt>
      <trkpt lat="45.986902" lon="14.359041">
        <ele>298.270845</ele>
        <time>2026-07-17T19:30:26.626Z</time>
      </trkpt>
      <trkpt lat="45.987342" lon="14.359082">
        <ele>297.431597</ele>
        <time>2026-07-17T19:30:30.883Z</time>
      </trkpt>
      <trkpt lat="45.987641" lon="14.359146">
        <ele>296.856222</ele>
        <time>2026-07-17T19:30:34.455Z</time>
      </trkpt>
      <trkpt lat="45.987805" lon="14.359226">
        <ele>296.526623</ele>
        <time>2026-07-17T19:30:36.710Z</time>
      </trkpt>
      <trkpt lat="45.988387" lon="14.359551">
        <ele>295.338387</ele>
        <time>2026-07-17T19:30:45.620Z</time>
      </trkpt>
      <trkpt lat="45.988964" lon="14.359781">
        <ele>295.525652</ele>
        <time>2026-07-17T19:30:54.993Z</time>
      </trkpt>
      <trkpt lat="45.989096" lon="14.359836">
        <ele>295.639254</ele>
        <time>2026-07-17T19:30:57.323Z</time>
      </trkpt>
      <trkpt lat="45.989388" lon="14.359947">
        <ele>295.888922</ele>
        <time>2026-07-17T19:31:02.686Z</time>
      </trkpt>
      <trkpt lat="45.989846" lon="14.360094">
        <ele>296.276842</ele>
        <time>2026-07-17T19:31:11.951Z</time>
      </trkpt>
      <trkpt lat="45.990087" lon="14.360111">
        <ele>296.476311</ele>
        <time>2026-07-17T19:31:17.019Z</time>
      </trkpt>
      <trkpt lat="45.990175" lon="14.360092">
        <ele>296.549873</ele>
        <time>2026-07-17T19:31:18.915Z</time>
      </trkpt>
      <trkpt lat="45.990430" lon="14.360030">
        <ele>296.757703</ele>
        <time>2026-07-17T19:31:24.340Z</time>
      </trkpt>
      <trkpt lat="45.990595" lon="14.360028">
        <ele>296.888793</ele>
        <time>2026-07-17T19:31:27.834Z</time>
      </trkpt>
      <trkpt lat="45.991065" lon="14.360201">
        <ele>297.274203</ele>
        <time>2026-07-17T19:31:36.959Z</time>
      </trkpt>
      <trkpt lat="45.991342" lon="14.360374">
        <ele>297.514092</ele>
        <time>2026-07-17T19:31:41.668Z</time>
      </trkpt>
      <trkpt lat="45.991598" lon="14.360590">
        <ele>297.749841</ele>
        <time>2026-07-17T19:31:46.325Z</time>
      </trkpt>
      <trkpt lat="45.992080" lon="14.361100">
        <ele>298.220415</ele>
        <time>2026-07-17T19:31:55.792Z</time>
      </trkpt>
      <trkpt lat="45.993159" lon="14.362646">
        <ele>299.399358</ele>
        <time>2026-07-17T19:32:26.053Z</time>
      </trkpt>
      <trkpt lat="45.993754" lon="14.363670">
        <ele>297.887609</ele>
        <time>2026-07-17T19:32:37.654Z</time>
      </trkpt>
      <trkpt lat="45.994722" lon="14.365089">
        <ele>296.251804</ele>
        <time>2026-07-17T19:32:51.670Z</time>
      </trkpt>
      <trkpt lat="45.994931" lon="14.365396">
        <ele>296.226569</ele>
        <time>2026-07-17T19:32:55.197Z</time>
      </trkpt>
      <trkpt lat="45.995108" lon="14.365590">
        <ele>296.207768</ele>
        <time>2026-07-17T19:32:58.537Z</time>
      </trkpt>
      <trkpt lat="45.995249" lon="14.365689">
        <ele>296.194510</ele>
        <time>2026-07-17T19:33:01.476Z</time>
      </trkpt>
      <trkpt lat="45.995422" lon="14.365749">
        <ele>296.179472</ele>
        <time>2026-07-17T19:33:05.410Z</time>
      </trkpt>
      <trkpt lat="45.995564" lon="14.365763">
        <ele>296.167444</ele>
        <time>2026-07-17T19:33:09.043Z</time>
      </trkpt>
      <trkpt lat="45.995892" lon="14.365683">
        <ele>296.139330</ele>
        <time>2026-07-17T19:33:19.002Z</time>
      </trkpt>
      <trkpt lat="45.996994" lon="14.365243">
        <ele>296.599623</ele>
        <time>2026-07-17T19:33:44.115Z</time>
      </trkpt>
      <trkpt lat="45.997172" lon="14.365243">
        <ele>296.671277</ele>
        <time>2026-07-17T19:33:46.317Z</time>
      </trkpt>
      <trkpt lat="45.997495" lon="14.365415">
        <ele>296.809911</ele>
        <time>2026-07-17T19:33:50.076Z</time>
      </trkpt>
      <trkpt lat="45.999883" lon="14.366712">
        <ele>290.262847</ele>
        <time>2026-07-17T19:34:15.835Z</time>
      </trkpt>
      <trkpt lat="46.000978" lon="14.367469">
        <ele>288.301360</ele>
        <time>2026-07-17T19:34:30.887Z</time>
      </trkpt>
      <trkpt lat="46.002211" lon="14.368229">
        <ele>288.159403</ele>
        <time>2026-07-17T19:34:50.474Z</time>
      </trkpt>
      <trkpt lat="46.002582" lon="14.368409">
        <ele>288.117967</ele>
        <time>2026-07-17T19:34:56.505Z</time>
      </trkpt>
      <trkpt lat="46.003096" lon="14.368554">
        <ele>288.253943</ele>
        <time>2026-07-17T19:35:04.638Z</time>
      </trkpt>
      <trkpt lat="46.003524" lon="14.368579">
        <ele>288.374288</ele>
        <time>2026-07-17T19:35:11.389Z</time>
      </trkpt>
      <trkpt lat="46.003804" lon="14.368638">
        <ele>288.453792</ele>
        <time>2026-07-17T19:35:15.846Z</time>
      </trkpt>
      <trkpt lat="46.004071" lon="14.368809">
        <ele>288.535893</ele>
        <time>2026-07-17T19:35:20.481Z</time>
      </trkpt>
      <trkpt lat="46.004570" lon="14.369194">
        <ele>288.770168</ele>
        <time>2026-07-17T19:35:29.784Z</time>
      </trkpt>
      <trkpt lat="46.004823" lon="14.369344">
        <ele>288.924429</ele>
        <time>2026-07-17T19:35:34.612Z</time>
      </trkpt>
      <trkpt lat="46.005024" lon="14.369428">
        <ele>289.042428</ele>
        <time>2026-07-17T19:35:38.486Z</time>
      </trkpt>
      <trkpt lat="46.005197" lon="14.369463">
        <ele>289.140923</ele>
        <time>2026-07-17T19:35:41.707Z</time>
      </trkpt>
      <trkpt lat="46.005491" lon="14.369391">
        <ele>289.309058</ele>
        <time>2026-07-17T19:35:47.112Z</time>
      </trkpt>
      <trkpt lat="46.006075" lon="14.369146">
        <ele>289.632370</ele>
        <time>2026-07-17T19:35:57.678Z</time>
      </trkpt>
      <trkpt lat="46.006718" lon="14.371807">
        <ele>289.498011</ele>
        <time>2026-07-17T19:36:25.448Z</time>
      </trkpt>
      <trkpt lat="46.007034" lon="14.373269">
        <ele>289.351085</ele>
        <time>2026-07-17T19:36:40.578Z</time>
      </trkpt>
      <trkpt lat="46.005892" lon="14.375424">
        <ele>289.269161</ele>
        <time>2026-07-17T19:37:07.903Z</time>
      </trkpt>
      <trkpt lat="46.004929" lon="14.377276">
        <ele>289.240527</ele>
        <time>2026-07-17T19:37:32.822Z</time>
      </trkpt>
      <trkpt lat="46.004185" lon="14.378317">
        <ele>289.206358</ele>
        <time>2026-07-17T19:37:46.891Z</time>
      </trkpt>
      <trkpt lat="46.002958" lon="14.380026">
        <ele>289.221941</ele>
        <time>2026-07-17T19:38:12.426Z</time>
      </trkpt>
      <trkpt lat="46.002858" lon="14.380202">
        <ele>289.268296</ele>
        <time>2026-07-17T19:38:14.950Z</time>
      </trkpt>
      <trkpt lat="46.002798" lon="14.380372">
        <ele>289.307171</ele>
        <time>2026-07-17T19:38:17.056Z</time>
      </trkpt>
      <trkpt lat="46.002746" lon="14.380970">
        <ele>289.430035</ele>
        <time>2026-07-17T19:38:23.618Z</time>
      </trkpt>
      <trkpt lat="46.002816" lon="14.381417">
        <ele>289.523451</ele>
        <time>2026-07-17T19:38:28.695Z</time>
      </trkpt>
      <trkpt lat="46.002813" lon="14.381597">
        <ele>289.560158</ele>
        <time>2026-07-17T19:38:30.717Z</time>
      </trkpt>
      <trkpt lat="46.002765" lon="14.382023">
        <ele>289.648141</ele>
        <time>2026-07-17T19:38:35.568Z</time>
      </trkpt>
      <trkpt lat="46.002676" lon="14.382448">
        <ele>290.170618</ele>
        <time>2026-07-17T19:38:40.683Z</time>
      </trkpt>
      <trkpt lat="46.002386" lon="14.383520">
        <ele>291.759729</ele>
        <time>2026-07-17T19:38:57.033Z</time>
      </trkpt>
      <trkpt lat="46.002169" lon="14.384220">
        <ele>292.818581</ele>
        <time>2026-07-17T19:39:11.341Z</time>
      </trkpt>
      <trkpt lat="46.002079" lon="14.384408">
        <ele>293.133970</ele>
        <time>2026-07-17T19:39:16.046Z</time>
      </trkpt>
      <trkpt lat="46.002056" lon="14.384455">
        <ele>293.213386</ele>
        <time>2026-07-17T19:39:17.292Z</time>
      </trkpt>
      <trkpt lat="46.001975" lon="14.384547">
        <ele>293.468630</ele>
        <time>2026-07-17T19:39:20.438Z</time>
      </trkpt>
      <trkpt lat="46.000872" lon="14.385122">
        <ele>296.457794</ele>
        <time>2026-07-17T19:39:54.078Z</time>
      </trkpt>
      <trkpt lat="46.000084" lon="14.385516">
        <ele>297.840015</ele>
        <time>2026-07-17T19:40:09.332Z</time>
      </trkpt>
      <trkpt lat="45.999975" lon="14.385619">
        <ele>297.847137</ele>
        <time>2026-07-17T19:40:11.192Z</time>
      </trkpt>
      <trkpt lat="45.999897" lon="14.385740">
        <ele>297.853401</ele>
        <time>2026-07-17T19:40:12.753Z</time>
      </trkpt>
      <trkpt lat="45.999699" lon="14.386118">
        <ele>297.871365</ele>
        <time>2026-07-17T19:40:16.993Z</time>
      </trkpt>
      <trkpt lat="45.999447" lon="14.386470">
        <ele>297.890545</ele>
        <time>2026-07-17T19:40:21.796Z</time>
      </trkpt>
      <trkpt lat="45.999030" lon="14.386883">
        <ele>297.918193</ele>
        <time>2026-07-17T19:40:29.078Z</time>
      </trkpt>
      <trkpt lat="45.998770" lon="14.387199">
        <ele>298.041073</ele>
        <time>2026-07-17T19:40:34.134Z</time>
      </trkpt>
      <trkpt lat="45.998586" lon="14.387469">
        <ele>298.156554</ele>
        <time>2026-07-17T19:40:38.060Z</time>
      </trkpt>
      <trkpt lat="45.997949" lon="14.388737">
        <ele>298.634326</ele>
        <time>2026-07-17T19:40:55.881Z</time>
      </trkpt>
      <trkpt lat="45.997648" lon="14.389575">
        <ele>299.214644</ele>
        <time>2026-07-17T19:41:09.093Z</time>
      </trkpt>
      <trkpt lat="45.997489" lon="14.389902">
        <ele>299.506244</ele>
        <time>2026-07-17T19:41:15.462Z</time>
      </trkpt>
      <trkpt lat="45.997226" lon="14.390313">
        <ele>299.914480</ele>
        <time>2026-07-17T19:41:24.425Z</time>
      </trkpt>
      <trkpt lat="45.996852" lon="14.390811">
        <ele>300.450265</ele>
        <time>2026-07-17T19:41:34.254Z</time>
      </trkpt>
      <trkpt lat="45.996641" lon="14.390962">
        <ele>300.392471</ele>
        <time>2026-07-17T19:41:37.654Z</time>
      </trkpt>
      <trkpt lat="45.996485" lon="14.390987">
        <ele>300.021057</ele>
        <time>2026-07-17T19:41:39.625Z</time>
      </trkpt>
      <trkpt lat="45.996156" lon="14.390865">
        <ele>299.217149</ele>
        <time>2026-07-17T19:41:43.467Z</time>
      </trkpt>
      <trkpt lat="45.995719" lon="14.390591">
        <ele>298.089265</ele>
        <time>2026-07-17T19:41:48.403Z</time>
      </trkpt>
      <trkpt lat="45.995045" lon="14.390098">
        <ele>296.310388</ele>
        <time>2026-07-17T19:41:55.917Z</time>
      </trkpt>
      <trkpt lat="45.994821" lon="14.390013">
        <ele>295.877891</ele>
        <time>2026-07-17T19:41:58.187Z</time>
      </trkpt>
      <trkpt lat="45.994339" lon="14.389914">
        <ele>294.968879</ele>
        <time>2026-07-17T19:42:03.053Z</time>
      </trkpt>
      <trkpt lat="45.994254" lon="14.389905">
        <ele>294.809755</ele>
        <time>2026-07-17T19:42:03.915Z</time>
      </trkpt>
      <trkpt lat="45.993789" lon="14.389893">
        <ele>293.941458</ele>
        <time>2026-07-17T19:42:09.059Z</time>
      </trkpt>
      <trkpt lat="45.993686" lon="14.389856">
        <ele>293.743258</ele>
        <time>2026-07-17T19:42:10.402Z</time>
      </trkpt>
      <trkpt lat="45.993207" lon="14.389406">
        <ele>293.290363</ele>
        <time>2026-07-17T19:42:19.624Z</time>
      </trkpt>
      <trkpt lat="45.992736" lon="14.388948">
        <ele>294.303683</ele>
        <time>2026-07-17T19:42:32.790Z</time>
      </trkpt>
      <trkpt lat="45.992575" lon="14.388889">
        <ele>294.599859</ele>
        <time>2026-07-17T19:42:37.066Z</time>
      </trkpt>
      <trkpt lat="45.992460" lon="14.388893">
        <ele>294.804933</ele>
        <time>2026-07-17T19:42:40.027Z</time>
      </trkpt>
      <trkpt lat="45.992292" lon="14.389000">
        <ele>295.132443</ele>
        <time>2026-07-17T19:42:44.727Z</time>
      </trkpt>
      <trkpt lat="45.992213" lon="14.389116">
        <ele>295.333632</ele>
        <time>2026-07-17T19:42:47.621Z</time>
      </trkpt>
      <trkpt lat="45.991925" lon="14.389727">
        <ele>296.222062</ele>
        <time>2026-07-17T19:42:59.624Z</time>
      </trkpt>
      <trkpt lat="45.991777" lon="14.389910">
        <ele>296.394461</ele>
        <time>2026-07-17T19:43:03.531Z</time>
      </trkpt>
      <trkpt lat="45.991593" lon="14.390056">
        <ele>296.580109</ele>
        <time>2026-07-17T19:43:07.501Z</time>
      </trkpt>
      <trkpt lat="45.991431" lon="14.390112">
        <ele>296.727320</ele>
        <time>2026-07-17T19:43:10.576Z</time>
      </trkpt>
      <trkpt lat="45.990665" lon="14.390260">
        <ele>297.410219</ele>
        <time>2026-07-17T19:43:24.877Z</time>
      </trkpt>
      <trkpt lat="45.990212" lon="14.390390">
        <ele>297.744405</ele>
        <time>2026-07-17T19:43:32.341Z</time>
      </trkpt>
      <trkpt lat="45.990028" lon="14.390372">
        <ele>297.538302</ele>
        <time>2026-07-17T19:43:35.056Z</time>
      </trkpt>
      <trkpt lat="45.989709" lon="14.390119">
        <ele>297.131262</ele>
        <time>2026-07-17T19:43:39.865Z</time>
      </trkpt>
      <trkpt lat="45.989564" lon="14.390065">
        <ele>296.963881</ele>
        <time>2026-07-17T19:43:41.753Z</time>
      </trkpt>
      <trkpt lat="45.989358" lon="14.390101">
        <ele>296.731976</ele>
        <time>2026-07-17T19:43:44.232Z</time>
      </trkpt>
      <trkpt lat="45.989122" lon="14.390219">
        <ele>296.452773</ele>
        <time>2026-07-17T19:43:47.041Z</time>
      </trkpt>
      <trkpt lat="45.988890" lon="14.390443">
        <ele>296.140566</ele>
        <time>2026-07-17T19:43:50.036Z</time>
      </trkpt>
      <trkpt lat="45.988258" lon="14.391352">
        <ele>295.137352</ele>
        <time>2026-07-17T19:43:59.974Z</time>
      </trkpt>
      <trkpt lat="45.987859" lon="14.391927">
        <ele>294.501660</ele>
        <time>2026-07-17T19:44:06.750Z</time>
      </trkpt>
      <trkpt lat="45.987390" lon="14.392719">
        <ele>293.775037</ele>
        <time>2026-07-17T19:44:16.201Z</time>
      </trkpt>
      <trkpt lat="45.987228" lon="14.393136">
        <ele>293.919737</ele>
        <time>2026-07-17T19:44:20.826Z</time>
      </trkpt>
      <trkpt lat="45.987033" lon="14.393895">
        <ele>294.164832</ele>
        <time>2026-07-17T19:44:29.495Z</time>
      </trkpt>
      <trkpt lat="45.986993" lon="14.394158">
        <ele>294.246374</ele>
        <time>2026-07-17T19:44:32.690Z</time>
      </trkpt>
      <trkpt lat="45.986992" lon="14.394393">
        <ele>294.317551</ele>
        <time>2026-07-17T19:44:35.599Z</time>
      </trkpt>
      <trkpt lat="45.987003" lon="14.396106">
        <ele>295.059892</ele>
        <time>2026-07-17T19:44:59.325Z</time>
      </trkpt>
      <trkpt lat="45.987051" lon="14.396664">
        <ele>295.356329</ele>
        <time>2026-07-17T19:45:06.543Z</time>
      </trkpt>
      <trkpt lat="45.987141" lon="14.397451">
        <ele>295.776835</ele>
        <time>2026-07-17T19:45:16.179Z</time>
      </trkpt>
      <trkpt lat="45.987233" lon="14.398174">
        <ele>295.363184</ele>
        <time>2026-07-17T19:45:24.290Z</time>
      </trkpt>
      <trkpt lat="45.987295" lon="14.399331">
        <ele>294.124525</ele>
        <time>2026-07-17T19:45:33.479Z</time>
      </trkpt>
      <trkpt lat="45.987285" lon="14.399475">
        <ele>293.970052</ele>
        <time>2026-07-17T19:45:34.591Z</time>
      </trkpt>
      <trkpt lat="45.987241" lon="14.399584">
        <ele>293.835494</ele>
        <time>2026-07-17T19:45:35.537Z</time>
      </trkpt>
      <trkpt lat="45.987165" lon="14.399666">
        <ele>293.689574</ele>
        <time>2026-07-17T19:45:36.571Z</time>
      </trkpt>
      <trkpt lat="45.986846" lon="14.399844">
        <ele>293.163970</ele>
        <time>2026-07-17T19:45:40.143Z</time>
      </trkpt>
      <trkpt lat="45.986546" lon="14.400033">
        <ele>292.336447</ele>
        <time>2026-07-17T19:45:43.438Z</time>
      </trkpt>
      <trkpt lat="45.986373" lon="14.399949">
        <ele>291.864563</ele>
        <time>2026-07-17T19:45:45.257Z</time>
      </trkpt>
      <trkpt lat="45.986059" lon="14.399906">
        <ele>291.049355</ele>
        <time>2026-07-17T19:45:48.402Z</time>
      </trkpt>
      <trkpt lat="45.985859" lon="14.399930">
        <ele>290.530656</ele>
        <time>2026-07-17T19:45:50.450Z</time>
      </trkpt>
      <trkpt lat="45.985711" lon="14.399962">
        <ele>290.143852</ele>
        <time>2026-07-17T19:45:52.025Z</time>
      </trkpt>
      <trkpt lat="45.985565" lon="14.400026">
        <ele>289.749396</ele>
        <time>2026-07-17T19:45:53.664Z</time>
      </trkpt>
      <trkpt lat="45.985464" lon="14.400122">
        <ele>289.436566</ele>
        <time>2026-07-17T19:45:55.009Z</time>
      </trkpt>
      <trkpt lat="45.985372" lon="14.400322">
        <ele>289.005823</ele>
        <time>2026-07-17T19:45:56.855Z</time>
      </trkpt>
      <trkpt lat="45.985284" lon="14.400697">
        <ele>288.430620</ele>
        <time>2026-07-17T19:45:59.933Z</time>
      </trkpt>
      <trkpt lat="45.985178" lon="14.401148">
        <ele>288.177428</ele>
        <time>2026-07-17T19:46:03.785Z</time>
      </trkpt>
      <trkpt lat="45.985042" lon="14.401601">
        <ele>287.914997</ele>
        <time>2026-07-17T19:46:08.169Z</time>
      </trkpt>
      <trkpt lat="45.984997" lon="14.401734">
        <ele>287.836327</ele>
        <time>2026-07-17T19:46:09.501Z</time>
      </trkpt>
      <trkpt lat="45.984883" lon="14.401905">
        <ele>287.710301</ele>
        <time>2026-07-17T19:46:11.666Z</time>
      </trkpt>
      <trkpt lat="45.984571" lon="14.401996">
        <ele>287.466656</ele>
        <time>2026-07-17T19:46:15.911Z</time>
      </trkpt>
      <trkpt lat="45.984372" lon="14.402127">
        <ele>287.299174</ele>
        <time>2026-07-17T19:46:18.844Z</time>
      </trkpt>
      <trkpt lat="45.984295" lon="14.402229">
        <ele>287.219077</ele>
        <time>2026-07-17T19:46:20.234Z</time>
      </trkpt>
      <trkpt lat="45.980371" lon="14.409282">
        <ele>287.344633</ele>
        <time>2026-07-17T19:47:55.332Z</time>
      </trkpt>
      <trkpt lat="45.978313" lon="14.412975">
        <ele>286.843390</ele>
        <time>2026-07-17T19:48:40.701Z</time>
      </trkpt>
      <trkpt lat="45.976818" lon="14.415668">
        <ele>287.477254</ele>
        <time>2026-07-17T19:49:20.078Z</time>
      </trkpt>
      <trkpt lat="45.975884" lon="14.417354">
        <ele>287.851153</ele>
        <time>2026-07-17T19:49:44.057Z</time>
      </trkpt>
      <trkpt lat="45.975780" lon="14.417557">
        <ele>287.875679</ele>
        <time>2026-07-17T19:49:46.437Z</time>
      </trkpt>
      <trkpt lat="45.975393" lon="14.418282">
        <ele>287.964581</ele>
        <time>2026-07-17T19:49:55.484Z</time>
      </trkpt>
      <trkpt lat="45.975074" lon="14.418911">
        <ele>288.144782</ele>
        <time>2026-07-17T19:50:04.375Z</time>
      </trkpt>
      <trkpt lat="45.974792" lon="14.419479">
        <ele>288.391693</ele>
        <time>2026-07-17T19:50:12.916Z</time>
      </trkpt>
      <trkpt lat="45.974754" lon="14.419552">
        <ele>288.423955</ele>
        <time>2026-07-17T19:50:14.069Z</time>
      </trkpt>
      <trkpt lat="45.974536" lon="14.420013">
        <ele>288.621187</ele>
        <time>2026-07-17T19:50:21.130Z</time>
      </trkpt>
      <trkpt lat="45.974418" lon="14.420231">
        <ele>288.718926</ele>
        <time>2026-07-17T19:50:24.709Z</time>
      </trkpt>
      <trkpt lat="45.974283" lon="14.420375">
        <ele>288.804457</ele>
        <time>2026-07-17T19:50:27.775Z</time>
      </trkpt>
      <trkpt lat="45.974871" lon="14.421197">
        <ele>288.677997</ele>
        <time>2026-07-17T19:50:39.792Z</time>
      </trkpt>
      <trkpt lat="45.975054" lon="14.421454">
        <ele>288.576574</ele>
        <time>2026-07-17T19:50:43.079Z</time>
      </trkpt>
      <trkpt lat="45.975313" lon="14.421800">
        <ele>288.436399</ele>
        <time>2026-07-17T19:50:47.574Z</time>
      </trkpt>
      <trkpt lat="45.975616" lon="14.422201">
        <ele>288.273118</ele>
        <time>2026-07-17T19:50:52.741Z</time>
      </trkpt>
      <trkpt lat="45.975805" lon="14.422459">
        <ele>288.164709</ele>
        <time>2026-07-17T19:50:56.073Z</time>
      </trkpt>
      <trkpt lat="45.976075" lon="14.422826">
        <ele>287.994681</ele>
        <time>2026-07-17T19:51:00.907Z</time>
      </trkpt>
      <trkpt lat="45.976161" lon="14.422947">
        <ele>287.939620</ele>
        <time>2026-07-17T19:51:02.500Z</time>
      </trkpt>
      <trkpt lat="45.976391" lon="14.423257">
        <ele>287.795355</ele>
        <time>2026-07-17T19:51:06.754Z</time>
      </trkpt>
      <trkpt lat="45.976701" lon="14.423681">
        <ele>287.599563</ele>
        <time>2026-07-17T19:51:12.592Z</time>
      </trkpt>
      <trkpt lat="45.976913" lon="14.423970">
        <ele>287.465878</ele>
        <time>2026-07-17T19:51:16.603Z</time>
      </trkpt>
      <trkpt lat="45.978192" lon="14.425713">
        <ele>287.020318</ele>
        <time>2026-07-17T19:51:41.209Z</time>
      </trkpt>
      <trkpt lat="45.980334" lon="14.428607">
        <ele>286.628940</ele>
        <time>2026-07-17T19:52:23.000Z</time>
      </trkpt>
      <trkpt lat="45.980480" lon="14.428907">
        <ele>286.621556</ele>
        <time>2026-07-17T19:52:26.812Z</time>
      </trkpt>
      <trkpt lat="45.980777" lon="14.429907">
        <ele>286.621717</ele>
        <time>2026-07-17T19:52:38.356Z</time>
      </trkpt>
      <trkpt lat="45.980897" lon="14.430324">
        <ele>286.668047</ele>
        <time>2026-07-17T19:52:43.250Z</time>
      </trkpt>
      <trkpt lat="45.980933" lon="14.430430">
        <ele>286.680158</ele>
        <time>2026-07-17T19:52:44.525Z</time>
      </trkpt>
      <trkpt lat="45.981586" lon="14.432601">
        <ele>286.889570</ele>
        <time>2026-07-17T19:53:09.910Z</time>
      </trkpt>
      <trkpt lat="45.981687" lon="14.432909">
        <ele>286.902908</ele>
        <time>2026-07-17T19:53:13.493Z</time>
      </trkpt>
      <trkpt lat="45.981853" lon="14.433267">
        <ele>286.919763</ele>
        <time>2026-07-17T19:53:18.001Z</time>
      </trkpt>
      <trkpt lat="45.982661" lon="14.434367">
        <ele>286.939727</ele>
        <time>2026-07-17T19:53:34.407Z</time>
      </trkpt>
      <trkpt lat="45.982985" lon="14.434741">
        <ele>286.880666</ele>
        <time>2026-07-17T19:53:40.407Z</time>
      </trkpt>
      <trkpt lat="45.985313" lon="14.437794">
        <ele>286.443225</ele>
        <time>2026-07-17T19:54:25.198Z</time>
      </trkpt>
      <trkpt lat="45.985544" lon="14.438256">
        <ele>286.424936</ele>
        <time>2026-07-17T19:54:31.157Z</time>
      </trkpt>
      <trkpt lat="45.985680" lon="14.438653">
        <ele>286.410714</ele>
        <time>2026-07-17T19:54:35.829Z</time>
      </trkpt>
      <trkpt lat="45.986684" lon="14.442565">
        <ele>286.310138</ele>
        <time>2026-07-17T19:55:18.346Z</time>
      </trkpt>
      <trkpt lat="45.986942" lon="14.443562">
        <ele>286.305491</ele>
        <time>2026-07-17T19:55:29.119Z</time>
      </trkpt>
      <trkpt lat="45.988340" lon="14.448132">
        <ele>286.528096</ele>
        <time>2026-07-17T19:56:20.717Z</time>
      </trkpt>
      <trkpt lat="45.989521" lon="14.451991">
        <ele>287.557602</ele>
        <time>2026-07-17T19:57:09.891Z</time>
      </trkpt>
      <trkpt lat="45.989721" lon="14.452636">
        <ele>287.475436</ele>
        <time>2026-07-17T19:57:16.600Z</time>
      </trkpt>
      <trkpt lat="45.989805" lon="14.452907">
        <ele>287.440915</ele>
        <time>2026-07-17T19:57:19.344Z</time>
      </trkpt>
      <trkpt lat="45.989838" lon="14.453014">
        <ele>287.427297</ele>
        <time>2026-07-17T19:57:20.409Z</time>
      </trkpt>
      <trkpt lat="45.989843" lon="14.453032">
        <ele>287.425042</ele>
        <time>2026-07-17T19:57:20.600Z</time>
      </trkpt>
      <trkpt lat="45.989889" lon="14.453178">
        <ele>287.406393</ele>
        <time>2026-07-17T19:57:22.033Z</time>
      </trkpt>
      <trkpt lat="45.991419" lon="14.458177">
        <ele>286.921437</ele>
        <time>2026-07-17T19:58:16.045Z</time>
      </trkpt>
      <trkpt lat="45.991504" lon="14.458463">
        <ele>286.908587</ele>
        <time>2026-07-17T19:58:19.530Z</time>
      </trkpt>
      <trkpt lat="45.991622" lon="14.458846">
        <ele>286.891278</ele>
        <time>2026-07-17T19:58:23.973Z</time>
      </trkpt>
      <trkpt lat="45.991698" lon="14.459057">
        <ele>286.880565</ele>
        <time>2026-07-17T19:58:26.493Z</time>
      </trkpt>
      <trkpt lat="45.991775" lon="14.459268">
        <ele>286.869307</ele>
        <time>2026-07-17T19:58:29.016Z</time>
      </trkpt>
      <trkpt lat="45.992075" lon="14.459821">
        <ele>286.836165</ele>
        <time>2026-07-17T19:58:36.486Z</time>
      </trkpt>
      <trkpt lat="45.992236" lon="14.460102">
        <ele>286.818961</ele>
        <time>2026-07-17T19:58:40.324Z</time>
      </trkpt>
      <trkpt lat="45.992627" lon="14.460782">
        <ele>286.777266</ele>
        <time>2026-07-17T19:58:48.855Z</time>
      </trkpt>
      <trkpt lat="45.992903" lon="14.461262">
        <ele>286.729646</ele>
        <time>2026-07-17T19:58:54.719Z</time>
      </trkpt>
      <trkpt lat="45.993415" lon="14.462152">
        <ele>286.618568</ele>
        <time>2026-07-17T19:59:06.821Z</time>
      </trkpt>
      <trkpt lat="45.993552" lon="14.462389">
        <ele>286.588931</ele>
        <time>2026-07-17T19:59:09.931Z</time>
      </trkpt>
      <trkpt lat="45.993631" lon="14.462528">
        <ele>286.571667</ele>
        <time>2026-07-17T19:59:11.660Z</time>
      </trkpt>
      <trkpt lat="45.993806" lon="14.462829">
        <ele>286.533938</ele>
        <time>2026-07-17T19:59:15.352Z</time>
      </trkpt>
      <trkpt lat="45.994141" lon="14.463413">
        <ele>286.460509</ele>
        <time>2026-07-17T19:59:22.613Z</time>
      </trkpt>
      <trkpt lat="45.994582" lon="14.464188">
        <ele>286.363119</ele>
        <time>2026-07-17T19:59:32.954Z</time>
      </trkpt>
      <trkpt lat="45.994718" lon="14.464450">
        <ele>286.331324</ele>
        <time>2026-07-17T19:59:36.141Z</time>
      </trkpt>
      <trkpt lat="45.994936" lon="14.464899">
        <ele>286.278071</ele>
        <time>2026-07-17T19:59:41.448Z</time>
      </trkpt>
      <trkpt lat="45.995094" lon="14.465237">
        <ele>286.280531</ele>
        <time>2026-07-17T19:59:45.560Z</time>
      </trkpt>
      <trkpt lat="45.995677" lon="14.466490">
        <ele>286.367692</ele>
        <time>2026-07-17T20:00:01.336Z</time>
      </trkpt>
      <trkpt lat="45.996523" lon="14.468302">
        <ele>286.664295</ele>
        <time>2026-07-17T20:00:25.149Z</time>
      </trkpt>
      <trkpt lat="45.996643" lon="14.468557">
        <ele>286.720310</ele>
        <time>2026-07-17T20:00:28.716Z</time>
      </trkpt>
      <trkpt lat="45.996746" lon="14.468774">
        <ele>286.768107</ele>
        <time>2026-07-17T20:00:31.671Z</time>
      </trkpt>
      <trkpt lat="45.997051" lon="14.469433">
        <ele>286.899959</ele>
        <time>2026-07-17T20:00:40.438Z</time>
      </trkpt>
      <trkpt lat="45.997208" lon="14.469776">
        <ele>286.940721</ele>
        <time>2026-07-17T20:00:45.081Z</time>
      </trkpt>
      <trkpt lat="45.997404" lon="14.470204">
        <ele>286.991592</ele>
        <time>2026-07-17T20:00:50.683Z</time>
      </trkpt>
      <trkpt lat="45.997552" lon="14.470522">
        <ele>287.029575</ele>
        <time>2026-07-17T20:00:54.680Z</time>
      </trkpt>
      <trkpt lat="45.997596" lon="14.470616">
        <ele>287.040823</ele>
        <time>2026-07-17T20:00:55.814Z</time>
      </trkpt>
      <trkpt lat="45.997630" lon="14.470690">
        <ele>287.049628</ele>
        <time>2026-07-17T20:00:56.719Z</time>
      </trkpt>
      <trkpt lat="45.997726" lon="14.470898">
        <ele>287.074409</ele>
        <time>2026-07-17T20:00:59.180Z</time>
      </trkpt>
      <trkpt lat="45.997768" lon="14.470992">
        <ele>287.085499</ele>
        <time>2026-07-17T20:01:00.302Z</time>
      </trkpt>
      <trkpt lat="45.997751" lon="14.471082">
        <ele>287.094755</ele>
        <time>2026-07-17T20:01:01.245Z</time>
      </trkpt>
      <trkpt lat="45.997788" lon="14.471163">
        <ele>287.104375</ele>
        <time>2026-07-17T20:01:02.234Z</time>
      </trkpt>
      <trkpt lat="45.999749" lon="14.475453">
        <ele>287.503357</ele>
        <time>2026-07-17T20:01:56.939Z</time>
      </trkpt>
      <trkpt lat="46.000107" lon="14.476225">
        <ele>287.545808</ele>
        <time>2026-07-17T20:02:06.826Z</time>
      </trkpt>
      <trkpt lat="46.000218" lon="14.476469">
        <ele>287.550846</ele>
        <time>2026-07-17T20:02:09.912Z</time>
      </trkpt>
      <trkpt lat="46.000315" lon="14.476657">
        <ele>287.554890</ele>
        <time>2026-07-17T20:02:12.391Z</time>
      </trkpt>
      <trkpt lat="46.000818" lon="14.477814">
        <ele>287.578463</ele>
        <time>2026-07-17T20:02:26.325Z</time>
      </trkpt>
      <trkpt lat="46.001665" lon="14.479834">
        <ele>287.625969</ele>
        <time>2026-07-17T20:02:50.390Z</time>
      </trkpt>
      <trkpt lat="46.001796" lon="14.480156">
        <ele>287.633579</ele>
        <time>2026-07-17T20:02:54.433Z</time>
      </trkpt>
      <trkpt lat="46.001987" lon="14.480616">
        <ele>287.743473</ele>
        <time>2026-07-17T20:03:00.265Z</time>
      </trkpt>
      <trkpt lat="46.002158" lon="14.481036">
        <ele>287.852950</ele>
        <time>2026-07-17T20:03:05.625Z</time>
      </trkpt>
      <trkpt lat="46.002539" lon="14.481957">
        <ele>288.094008</ele>
        <time>2026-07-17T20:03:17.820Z</time>
      </trkpt>
      <trkpt lat="46.002672" lon="14.482277">
        <ele>288.177866</ele>
        <time>2026-07-17T20:03:22.238Z</time>
      </trkpt>
      <trkpt lat="46.003204" lon="14.483567">
        <ele>288.348754</ele>
        <time>2026-07-17T20:03:38.700Z</time>
      </trkpt>
      <trkpt lat="46.004790" lon="14.487917">
        <ele>288.437300</ele>
        <time>2026-07-17T20:04:29.060Z</time>
      </trkpt>
      <trkpt lat="46.005604" lon="14.490170">
        <ele>288.452990</ele>
        <time>2026-07-17T20:04:55.551Z</time>
      </trkpt>
      <trkpt lat="46.006509" lon="14.492649">
        <ele>288.347719</ele>
        <time>2026-07-17T20:05:24.283Z</time>
      </trkpt>
      <trkpt lat="46.007343" lon="14.494912">
        <ele>288.300530</ele>
        <time>2026-07-17T20:05:49.383Z</time>
      </trkpt>
      <trkpt lat="46.008422" lon="14.497586">
        <ele>288.459250</ele>
        <time>2026-07-17T20:06:23.464Z</time>
      </trkpt>
      <trkpt lat="46.008944" lon="14.498875">
        <ele>288.348951</ele>
        <time>2026-07-17T20:06:37.904Z</time>
      </trkpt>
      <trkpt lat="46.009255" lon="14.499636">
        <ele>288.117879</ele>
        <time>2026-07-17T20:06:46.210Z</time>
      </trkpt>
      <trkpt lat="46.009636" lon="14.500575">
        <ele>287.833282</ele>
        <time>2026-07-17T20:06:56.320Z</time>
      </trkpt>
      <trkpt lat="46.009893" lon="14.501207">
        <ele>287.687882</ele>
        <time>2026-07-17T20:07:03.179Z</time>
      </trkpt>
      <trkpt lat="46.010418" lon="14.502496">
        <ele>287.393848</ele>
        <time>2026-07-17T20:07:17.428Z</time>
      </trkpt>
      <trkpt lat="46.010470" lon="14.502624">
        <ele>287.364669</ele>
        <time>2026-07-17T20:07:18.902Z</time>
      </trkpt>
      <trkpt lat="46.010697" lon="14.503182">
        <ele>287.375222</ele>
        <time>2026-07-17T20:07:25.515Z</time>
      </trkpt>
      <trkpt lat="46.012304" lon="14.507139">
        <ele>288.136878</ele>
        <time>2026-07-17T20:08:16.358Z</time>
      </trkpt>
      <trkpt lat="46.012358" lon="14.507271">
        <ele>288.166279</ele>
        <time>2026-07-17T20:08:18.049Z</time>
      </trkpt>
      <trkpt lat="46.012527" lon="14.507690">
        <ele>288.051383</ele>
        <time>2026-07-17T20:08:23.334Z</time>
      </trkpt>
      <trkpt lat="46.012594" lon="14.507850">
        <ele>288.001691</ele>
        <time>2026-07-17T20:08:25.364Z</time>
      </trkpt>
      <trkpt lat="46.012732" lon="14.508188">
        <ele>287.897410</ele>
        <time>2026-07-17T20:08:29.219Z</time>
      </trkpt>
      <trkpt lat="46.012828" lon="14.508423">
        <ele>287.824896</ele>
        <time>2026-07-17T20:08:31.777Z</time>
      </trkpt>
      <trkpt lat="46.012867" lon="14.508391">
        <ele>287.807706</ele>
        <time>2026-07-17T20:08:32.600Z</time>
      </trkpt>
      <trkpt lat="46.013013" lon="14.508752">
        <ele>287.696598</ele>
        <time>2026-07-17T20:08:36.347Z</time>
      </trkpt>
      <trkpt lat="46.013144" lon="14.509068">
        <ele>287.598718</ele>
        <time>2026-07-17T20:08:39.490Z</time>
      </trkpt>
      <trkpt lat="46.013300" lon="14.509447">
        <ele>287.483493</ele>
        <time>2026-07-17T20:08:43.180Z</time>
      </trkpt>
      <trkpt lat="46.013666" lon="14.510356">
        <ele>287.510737</ele>
        <time>2026-07-17T20:08:52.880Z</time>
      </trkpt>
      <trkpt lat="46.013797" lon="14.510681">
        <ele>287.520480</ele>
        <time>2026-07-17T20:08:56.779Z</time>
      </trkpt>
      <trkpt lat="46.013809" lon="14.510711">
        <ele>287.521377</ele>
        <time>2026-07-17T20:08:57.173Z</time>
      </trkpt>
      <trkpt lat="46.013977" lon="14.511134">
        <ele>287.534012</ele>
        <time>2026-07-17T20:09:02.967Z</time>
      </trkpt>
      <trkpt lat="46.013942" lon="14.511160">
        <ele>287.535482</ele>
        <time>2026-07-17T20:09:03.837Z</time>
      </trkpt>
      <trkpt lat="46.014020" lon="14.511326">
        <ele>287.540679</ele>
        <time>2026-07-17T20:09:06.291Z</time>
      </trkpt>
      <trkpt lat="46.014078" lon="14.511527">
        <ele>287.546322</ele>
        <time>2026-07-17T20:09:09.004Z</time>
      </trkpt>
      <trkpt lat="46.014266" lon="14.512020">
        <ele>287.632730</ele>
        <time>2026-07-17T20:09:16.018Z</time>
      </trkpt>
      <trkpt lat="46.014264" lon="14.512095">
        <ele>287.648072</ele>
        <time>2026-07-17T20:09:16.982Z</time>
      </trkpt>
      <trkpt lat="46.014247" lon="14.512142">
        <ele>287.658905</ele>
        <time>2026-07-17T20:09:17.627Z</time>
      </trkpt>
      <trkpt lat="46.014254" lon="14.512162">
        <ele>287.663483</ele>
        <time>2026-07-17T20:09:17.910Z</time>
      </trkpt>
      <trkpt lat="46.014279" lon="14.512227">
        <ele>287.678671</ele>
        <time>2026-07-17T20:09:18.836Z</time>
      </trkpt>
      <trkpt lat="46.014320" lon="14.512336">
        <ele>287.704010</ele>
        <time>2026-07-17T20:09:20.343Z</time>
      </trkpt>
      <trkpt lat="46.014337" lon="14.512384">
        <ele>287.715024</ele>
        <time>2026-07-17T20:09:21.000Z</time>
      </trkpt>
      <trkpt lat="46.014374" lon="14.512412">
        <ele>287.727327</ele>
        <time>2026-07-17T20:09:21.716Z</time>
      </trkpt>
      <trkpt lat="46.014402" lon="14.512403">
        <ele>287.735771</ele>
        <time>2026-07-17T20:09:22.221Z</time>
      </trkpt>
      <trkpt lat="46.014455" lon="14.512385">
        <ele>287.751799</ele>
        <time>2026-07-17T20:09:23.132Z</time>
      </trkpt>
      <trkpt lat="46.014514" lon="14.512364">
        <ele>287.769688</ele>
        <time>2026-07-17T20:09:24.170Z</time>
      </trkpt>
      <trkpt lat="46.014537" lon="14.512355">
        <ele>287.776703</ele>
        <time>2026-07-17T20:09:24.571Z</time>
      </trkpt>
      <trkpt lat="46.014540" lon="14.512322">
        <ele>287.783506</ele>
        <time>2026-07-17T20:09:24.975Z</time>
      </trkpt>
      <trkpt lat="46.014559" lon="14.512267">
        <ele>287.796063</ele>
        <time>2026-07-17T20:09:25.665Z</time>
      </trkpt>
      <trkpt lat="46.014631" lon="14.512208">
        <ele>287.820447</ele>
        <time>2026-07-17T20:09:26.945Z</time>
      </trkpt>
      <trkpt lat="46.014880" lon="14.512109">
        <ele>287.896479</ele>
        <time>2026-07-17T20:09:30.849Z</time>
      </trkpt>
      <trkpt lat="46.015035" lon="14.512042">
        <ele>287.944113</ele>
        <time>2026-07-17T20:09:33.196Z</time>
      </trkpt>
      <trkpt lat="46.015346" lon="14.511937">
        <ele>288.038134</ele>
        <time>2026-07-17T20:09:37.722Z</time>
      </trkpt>
      <trkpt lat="46.015503" lon="14.511887">
        <ele>288.081551</ele>
        <time>2026-07-17T20:09:40.036Z</time>
      </trkpt>
      <trkpt lat="46.015599" lon="14.511855">
        <ele>288.090237</ele>
        <time>2026-07-17T20:09:41.504Z</time>
      </trkpt>
      <trkpt lat="46.015673" lon="14.511832">
        <ele>288.096910</ele>
        <time>2026-07-17T20:09:42.610Z</time>
      </trkpt>
      <trkpt lat="46.015833" lon="14.511784">
        <ele>288.111317</ele>
        <time>2026-07-17T20:09:44.996Z</time>
      </trkpt>
      <trkpt lat="46.015906" lon="14.511765">
        <ele>288.117856</ele>
        <time>2026-07-17T20:09:46.113Z</time>
      </trkpt>
      <trkpt lat="46.016075" lon="14.511712">
        <ele>288.133102</ele>
        <time>2026-07-17T20:09:48.725Z</time>
      </trkpt>
      <trkpt lat="46.016166" lon="14.511676">
        <ele>288.141420</ele>
        <time>2026-07-17T20:09:50.221Z</time>
      </trkpt>
      <trkpt lat="46.016365" lon="14.511610">
        <ele>288.159421</ele>
        <time>2026-07-17T20:09:53.493Z</time>
      </trkpt>
      <trkpt lat="46.016591" lon="14.511537">
        <ele>288.179837</ele>
        <time>2026-07-17T20:09:57.159Z</time>
      </trkpt>
      <trkpt lat="46.016780" lon="14.511477">
        <ele>288.196897</ele>
        <time>2026-07-17T20:10:00.168Z</time>
      </trkpt>
      <trkpt lat="46.016952" lon="14.511420">
        <ele>288.212454</ele>
        <time>2026-07-17T20:10:02.889Z</time>
      </trkpt>
      <trkpt lat="46.017163" lon="14.511355">
        <ele>288.231474</ele>
        <time>2026-07-17T20:10:06.132Z</time>
      </trkpt>
      <trkpt lat="46.017429" lon="14.511270">
        <ele>288.157419</ele>
        <time>2026-07-17T20:10:10.187Z</time>
      </trkpt>
      <trkpt lat="46.017584" lon="14.511220">
        <ele>288.090966</ele>
        <time>2026-07-17T20:10:12.492Z</time>
      </trkpt>
      <trkpt lat="46.017935" lon="14.511107">
        <ele>287.940495</ele>
        <time>2026-07-17T20:10:17.476Z</time>
      </trkpt>
      <trkpt lat="46.018260" lon="14.511003">
        <ele>287.801210</ele>
        <time>2026-07-17T20:10:21.882Z</time>
      </trkpt>
      <trkpt lat="46.018414" lon="14.510954">
        <ele>287.735228</ele>
        <time>2026-07-17T20:10:23.915Z</time>
      </trkpt>
      <trkpt lat="46.018544" lon="14.510913">
        <ele>287.679551</ele>
        <time>2026-07-17T20:10:25.618Z</time>
      </trkpt>
      <trkpt lat="46.019536" lon="14.510597">
        <ele>287.272717</ele>
        <time>2026-07-17T20:10:38.688Z</time>
      </trkpt>
      <trkpt lat="46.019678" lon="14.510557">
        <ele>287.216948</ele>
        <time>2026-07-17T20:10:40.582Z</time>
      </trkpt>
      <trkpt lat="46.020049" lon="14.510569">
        <ele>287.073916</ele>
        <time>2026-07-17T20:10:45.574Z</time>
      </trkpt>
      <trkpt lat="46.020264" lon="14.510507">
        <ele>286.989402</ele>
        <time>2026-07-17T20:10:48.619Z</time>
      </trkpt>
      <trkpt lat="46.021143" lon="14.510641">
        <ele>286.831582</ele>
        <time>2026-07-17T20:11:01.420Z</time>
      </trkpt>
      <trkpt lat="46.021250" lon="14.510655">
        <ele>286.842773</ele>
        <time>2026-07-17T20:11:03.085Z</time>
      </trkpt>
      <trkpt lat="46.021426" lon="14.510688">
        <ele>286.861261</ele>
        <time>2026-07-17T20:11:05.773Z</time>
      </trkpt>
      <trkpt lat="46.023942" lon="14.511115">
        <ele>287.181992</ele>
        <time>2026-07-17T20:11:44.917Z</time>
      </trkpt>
      <trkpt lat="46.024082" lon="14.511157">
        <ele>287.202722</ele>
        <time>2026-07-17T20:11:47.168Z</time>
      </trkpt>
      <trkpt lat="46.024132" lon="14.511168">
        <ele>287.210054</ele>
        <time>2026-07-17T20:11:47.977Z</time>
      </trkpt>
      <trkpt lat="46.024183" lon="14.511178">
        <ele>287.217515</ele>
        <time>2026-07-17T20:11:48.780Z</time>
      </trkpt>
      <trkpt lat="46.024442" lon="14.511277">
        <ele>287.242252</ele>
        <time>2026-07-17T20:11:52.986Z</time>
      </trkpt>
      <trkpt lat="46.024543" lon="14.511288">
        <ele>287.243652</ele>
        <time>2026-07-17T20:11:54.562Z</time>
      </trkpt>
      <trkpt lat="46.024680" lon="14.511247">
        <ele>287.245586</ele>
        <time>2026-07-17T20:11:56.697Z</time>
      </trkpt>
      <trkpt lat="46.024760" lon="14.511254">
        <ele>287.246694</ele>
        <time>2026-07-17T20:11:57.911Z</time>
      </trkpt>
      <trkpt lat="46.024799" lon="14.511260">
        <ele>287.247236</ele>
        <time>2026-07-17T20:11:58.484Z</time>
      </trkpt>
      <trkpt lat="46.024837" lon="14.511266">
        <ele>287.247765</ele>
        <time>2026-07-17T20:11:59.057Z</time>
      </trkpt>
      <trkpt lat="46.025213" lon="14.511328">
        <ele>287.252996</ele>
        <time>2026-07-17T20:12:04.571Z</time>
      </trkpt>
      <trkpt lat="46.025332" lon="14.511347">
        <ele>287.254651</ele>
        <time>2026-07-17T20:12:06.307Z</time>
      </trkpt>
      <trkpt lat="46.025684" lon="14.511406">
        <ele>287.259550</ele>
        <time>2026-07-17T20:12:11.545Z</time>
      </trkpt>
      <trkpt lat="46.025777" lon="14.511422">
        <ele>287.260844</ele>
        <time>2026-07-17T20:12:12.915Z</time>
      </trkpt>
      <trkpt lat="46.026104" lon="14.511476">
        <ele>287.265394</ele>
        <time>2026-07-17T20:12:17.786Z</time>
      </trkpt>
      <trkpt lat="46.026302" lon="14.511508">
        <ele>287.278743</ele>
        <time>2026-07-17T20:12:20.644Z</time>
      </trkpt>
      <trkpt lat="46.026498" lon="14.511541">
        <ele>287.292935</ele>
        <time>2026-07-17T20:12:23.421Z</time>
      </trkpt>
      <trkpt lat="46.026699" lon="14.511575">
        <ele>287.307490</ele>
        <time>2026-07-17T20:12:26.310Z</time>
      </trkpt>
      <trkpt lat="46.026994" lon="14.511624">
        <ele>287.328847</ele>
        <time>2026-07-17T20:12:30.607Z</time>
      </trkpt>
      <trkpt lat="46.027401" lon="14.511694">
        <ele>287.358326</ele>
        <time>2026-07-17T20:12:36.911Z</time>
      </trkpt>
      <trkpt lat="46.027437" lon="14.511700">
        <ele>287.360932</ele>
        <time>2026-07-17T20:12:37.479Z</time>
      </trkpt>
      <trkpt lat="46.027473" lon="14.511706">
        <ele>287.363539</ele>
        <time>2026-07-17T20:12:38.052Z</time>
      </trkpt>
      <trkpt lat="46.027616" lon="14.511727">
        <ele>287.373876</ele>
        <time>2026-07-17T20:12:40.352Z</time>
      </trkpt>
      <trkpt lat="46.027784" lon="14.511754">
        <ele>287.386034</ele>
        <time>2026-07-17T20:12:43.079Z</time>
      </trkpt>
      <trkpt lat="46.027823" lon="14.511761">
        <ele>287.388860</ele>
        <time>2026-07-17T20:12:43.727Z</time>
      </trkpt>
      <trkpt lat="46.027906" lon="14.511775">
        <ele>287.394871</ele>
        <time>2026-07-17T20:12:45.084Z</time>
      </trkpt>
      <trkpt lat="46.028036" lon="14.511797">
        <ele>287.419804</ele>
        <time>2026-07-17T20:12:47.249Z</time>
      </trkpt>
      <trkpt lat="46.028235" lon="14.511829">
        <ele>287.458236</ele>
        <time>2026-07-17T20:12:50.541Z</time>
      </trkpt>
      <trkpt lat="46.028452" lon="14.511865">
        <ele>287.500162</ele>
        <time>2026-07-17T20:12:54.088Z</time>
      </trkpt>
      <trkpt lat="46.028506" lon="14.511873">
        <ele>287.510581</ele>
        <time>2026-07-17T20:12:54.965Z</time>
      </trkpt>
      <trkpt lat="46.028760" lon="14.511916">
        <ele>287.559669</ele>
        <time>2026-07-17T20:12:59.061Z</time>
      </trkpt>
      <trkpt lat="46.028807" lon="14.511923">
        <ele>287.568738</ele>
        <time>2026-07-17T20:12:59.796Z</time>
      </trkpt>
      <trkpt lat="46.029047" lon="14.511964">
        <ele>287.615126</ele>
        <time>2026-07-17T20:13:03.591Z</time>
      </trkpt>
      <trkpt lat="46.029219" lon="14.511993">
        <ele>287.648365</ele>
        <time>2026-07-17T20:13:06.265Z</time>
      </trkpt>
      <trkpt lat="46.029333" lon="14.512011">
        <ele>287.670376</ele>
        <time>2026-07-17T20:13:08.017Z</time>
      </trkpt>
      <trkpt lat="46.029705" lon="14.512073">
        <ele>287.739973</ele>
        <time>2026-07-17T20:13:13.520Z</time>
      </trkpt>
      <trkpt lat="46.029998" lon="14.512121">
        <ele>287.733381</ele>
        <time>2026-07-17T20:13:17.807Z</time>
      </trkpt>
      <trkpt lat="46.030288" lon="14.512168">
        <ele>287.726857</ele>
        <time>2026-07-17T20:13:22.015Z</time>
      </trkpt>
      <trkpt lat="46.030398" lon="14.512188">
        <ele>287.724379</ele>
        <time>2026-07-17T20:13:23.615Z</time>
      </trkpt>
      <trkpt lat="46.030566" lon="14.512216">
        <ele>287.720598</ele>
        <time>2026-07-17T20:13:26.068Z</time>
      </trkpt>
      <trkpt lat="46.030710" lon="14.512239">
        <ele>287.717359</ele>
        <time>2026-07-17T20:13:28.171Z</time>
      </trkpt>
      <trkpt lat="46.030778" lon="14.512251">
        <ele>287.715828</ele>
        <time>2026-07-17T20:13:29.185Z</time>
      </trkpt>
      <trkpt lat="46.030882" lon="14.512268">
        <ele>287.713488</ele>
        <time>2026-07-17T20:13:30.722Z</time>
      </trkpt>
      <trkpt lat="46.031568" lon="14.512382">
        <ele>287.695452</ele>
        <time>2026-07-17T20:13:40.954Z</time>
      </trkpt>
      <trkpt lat="46.031903" lon="14.512437">
        <ele>287.677878</ele>
        <time>2026-07-17T20:13:45.935Z</time>
      </trkpt>
      <trkpt lat="46.032293" lon="14.512500">
        <ele>287.657423</ele>
        <time>2026-07-17T20:13:51.728Z</time>
      </trkpt>
      <trkpt lat="46.032468" lon="14.512532">
        <ele>287.648229</ele>
        <time>2026-07-17T20:13:54.402Z</time>
      </trkpt>
      <trkpt lat="46.032676" lon="14.512579">
        <ele>287.637255</ele>
        <time>2026-07-17T20:13:57.557Z</time>
      </trkpt>
      <trkpt lat="46.032890" lon="14.512617">
        <ele>287.626016</ele>
        <time>2026-07-17T20:14:00.778Z</time>
      </trkpt>
      <trkpt lat="46.032919" lon="14.512623">
        <ele>287.624489</ele>
        <time>2026-07-17T20:14:01.207Z</time>
      </trkpt>
      <trkpt lat="46.033188" lon="14.512669">
        <ele>287.610370</ele>
        <time>2026-07-17T20:14:05.070Z</time>
      </trkpt>
      <trkpt lat="46.033243" lon="14.512725">
        <ele>287.606859</ele>
        <time>2026-07-17T20:14:06.030Z</time>
      </trkpt>
      <trkpt lat="46.033249" lon="14.512796">
        <ele>287.609454</ele>
        <time>2026-07-17T20:14:06.713Z</time>
      </trkpt>
      <trkpt lat="46.033273" lon="14.512800">
        <ele>287.611485</ele>
        <time>2026-07-17T20:14:07.047Z</time>
      </trkpt>
      <trkpt lat="46.033349" lon="14.512813">
        <ele>287.617918</ele>
        <time>2026-07-17T20:14:08.139Z</time>
      </trkpt>
      <trkpt lat="46.033421" lon="14.512825">
        <ele>287.624011</ele>
        <time>2026-07-17T20:14:09.131Z</time>
      </trkpt>
      <trkpt lat="46.033467" lon="14.512834">
        <ele>287.627914</ele>
        <time>2026-07-17T20:14:09.795Z</time>
      </trkpt>
      <trkpt lat="46.033577" lon="14.512765">
        <ele>287.637999</ele>
        <time>2026-07-17T20:14:11.466Z</time>
      </trkpt>
      <trkpt lat="46.033597" lon="14.512716">
        <ele>287.641317</ele>
        <time>2026-07-17T20:14:12.047Z</time>
      </trkpt>
      <trkpt lat="46.033627" lon="14.512643">
        <ele>287.646267</ele>
        <time>2026-07-17T20:14:12.863Z</time>
      </trkpt>
      <trkpt lat="46.033654" lon="14.512579">
        <ele>287.650638</ele>
        <time>2026-07-17T20:14:13.602Z</time>
      </trkpt>
      <trkpt lat="46.033670" lon="14.512543">
        <ele>287.653133</ele>
        <time>2026-07-17T20:14:14.052Z</time>
      </trkpt>
      <trkpt lat="46.033631" lon="14.512485">
        <ele>287.657845</ele>
        <time>2026-07-17T20:14:14.864Z</time>
      </trkpt>
      <trkpt lat="46.033626" lon="14.512382">
        <ele>287.663871</ele>
        <time>2026-07-17T20:14:15.896Z</time>
      </trkpt>
      <trkpt lat="46.033658" lon="14.512291">
        <ele>287.669824</ele>
        <time>2026-07-17T20:14:16.973Z</time>
      </trkpt>
      <trkpt lat="46.033628" lon="14.512220">
        <ele>287.674674</ele>
        <time>2026-07-17T20:14:17.807Z</time>
      </trkpt>
      <trkpt lat="46.034069" lon="14.511271">
        <ele>287.741320</ele>
        <time>2026-07-17T20:14:30.165Z</time>
      </trkpt>
      <trkpt lat="46.034457" lon="14.510434">
        <ele>287.823393</ele>
        <time>2026-07-17T20:14:41.485Z</time>
      </trkpt>
      <trkpt lat="46.034930" lon="14.509412">
        <ele>287.934344</ele>
        <time>2026-07-17T20:14:54.748Z</time>
      </trkpt>
      <trkpt lat="46.034893" lon="14.509365">
        <ele>287.940763</ele>
        <time>2026-07-17T20:14:55.459Z</time>
      </trkpt>
      <trkpt lat="46.034854" lon="14.509299">
        <ele>287.948592</ele>
        <time>2026-07-17T20:14:56.343Z</time>
      </trkpt>
      <trkpt lat="46.034747" lon="14.509285">
        <ele>287.962571</ele>
        <time>2026-07-17T20:14:59.245Z</time>
      </trkpt>
      <trkpt lat="46.034633" lon="14.509131">
        <ele>287.982907</ele>
        <time>2026-07-17T20:15:03.482Z</time>
      </trkpt>
      <trkpt lat="46.034434" lon="14.508942">
        <ele>287.974724</ele>
        <time>2026-07-17T20:15:09.988Z</time>
      </trkpt>
      <trkpt lat="46.034092" lon="14.508702">
        <ele>287.937742</ele>
        <time>2026-07-17T20:15:20.505Z</time>
      </trkpt>
      <trkpt lat="46.033949" lon="14.508653">
        <ele>287.923453</ele>
        <time>2026-07-17T20:15:24.605Z</time>
      </trkpt>
      <trkpt lat="46.034092" lon="14.508702">
        <ele>287.909163</ele>
        <time>2026-07-17T20:15:28.676Z</time>
      </trkpt>
      <trkpt lat="46.034434" lon="14.508942">
        <ele>287.872181</ele>
        <time>2026-07-17T20:15:38.967Z</time>
      </trkpt>
      <trkpt lat="46.034633" lon="14.509131">
        <ele>287.849010</ele>
        <time>2026-07-17T20:15:45.462Z</time>
      </trkpt>
      <trkpt lat="46.034747" lon="14.509285">
        <ele>287.833816</ele>
        <time>2026-07-17T20:15:49.717Z</time>
      </trkpt>
      <trkpt lat="46.034854" lon="14.509299">
        <ele>287.823372</ele>
        <time>2026-07-17T20:15:52.662Z</time>
      </trkpt>
      <trkpt lat="46.034893" lon="14.509365">
        <ele>287.817523</ele>
        <time>2026-07-17T20:15:53.506Z</time>
      </trkpt>
      <trkpt lat="46.034930" lon="14.509412">
        <ele>287.822981</ele>
        <time>2026-07-17T20:15:54.218Z</time>
      </trkpt>
      <trkpt lat="46.034962" lon="14.509348">
        <ele>287.831622</ele>
        <time>2026-07-17T20:15:55.056Z</time>
      </trkpt>
      <trkpt lat="46.035171" lon="14.508896">
        <ele>287.891121</ele>
        <time>2026-07-17T20:16:00.534Z</time>
      </trkpt>
      <trkpt lat="46.035513" lon="14.508156">
        <ele>287.988515</ele>
        <time>2026-07-17T20:16:09.522Z</time>
      </trkpt>
      <trkpt lat="46.036149" lon="14.506771">
        <ele>288.420781</ele>
        <time>2026-07-17T20:16:29.008Z</time>
      </trkpt>
      <trkpt lat="46.036188" lon="14.506684">
        <ele>288.472727</ele>
        <time>2026-07-17T20:16:30.307Z</time>
      </trkpt>
      <trkpt lat="46.036334" lon="14.506346">
        <ele>288.672409</ele>
        <time>2026-07-17T20:16:35.366Z</time>
      </trkpt>
      <trkpt lat="46.036473" lon="14.506032">
        <ele>288.859208</ele>
        <time>2026-07-17T20:16:40.120Z</time>
      </trkpt>
      <trkpt lat="46.036888" lon="14.504987">
        <ele>289.444563</ele>
        <time>2026-07-17T20:16:55.060Z</time>
      </trkpt>
      <trkpt lat="46.036970" lon="14.504948">
        <ele>289.488609</ele>
        <time>2026-07-17T20:16:56.613Z</time>
      </trkpt>
      <trkpt lat="46.037044" lon="14.504738">
        <ele>289.571998</ele>
        <time>2026-07-17T20:16:59.424Z</time>
      </trkpt>
      <trkpt lat="46.037104" lon="14.504666">
        <ele>289.611830</ele>
        <time>2026-07-17T20:17:00.698Z</time>
      </trkpt>
      <trkpt lat="46.037144" lon="14.504652">
        <ele>289.632826</ele>
        <time>2026-07-17T20:17:01.412Z</time>
      </trkpt>
      <trkpt lat="46.037213" lon="14.504669">
        <ele>289.668532</ele>
        <time>2026-07-17T20:17:02.564Z</time>
      </trkpt>
      <trkpt lat="46.037539" lon="14.505044">
        <ele>289.881323</ele>
        <time>2026-07-17T20:17:09.541Z</time>
      </trkpt>
      <trkpt lat="46.037680" lon="14.505083">
        <ele>289.954556</ele>
        <time>2026-07-17T20:17:11.922Z</time>
      </trkpt>
      <trkpt lat="46.037799" lon="14.505216">
        <ele>290.031381</ele>
        <time>2026-07-17T20:17:14.423Z</time>
      </trkpt>
      <trkpt lat="46.037841" lon="14.505266">
        <ele>290.059172</ele>
        <time>2026-07-17T20:17:15.292Z</time>
      </trkpt>
      <trkpt lat="46.038042" lon="14.505495">
        <ele>290.189884</ele>
        <time>2026-07-17T20:17:19.484Z</time>
      </trkpt>
      <trkpt lat="46.038896" lon="14.506475">
        <ele>290.604280</ele>
        <time>2026-07-17T20:17:37.860Z</time>
      </trkpt>
      <trkpt lat="46.038935" lon="14.506520">
        <ele>290.621306</ele>
        <time>2026-07-17T20:17:38.694Z</time>
      </trkpt>
      <trkpt lat="46.039272" lon="14.506899">
        <ele>290.766977</ele>
        <time>2026-07-17T20:17:45.797Z</time>
      </trkpt>
      <trkpt lat="46.039435" lon="14.507084">
        <ele>290.837682</ele>
        <time>2026-07-17T20:17:49.020Z</time>
      </trkpt>
      <trkpt lat="46.039895" lon="14.507609">
        <ele>290.838242</ele>
        <time>2026-07-17T20:17:57.990Z</time>
      </trkpt>
      <trkpt lat="46.040320" lon="14.508095">
        <ele>290.679446</ele>
        <time>2026-07-17T20:18:05.547Z</time>
      </trkpt>
      <trkpt lat="46.040518" lon="14.508313">
        <ele>290.606516</ele>
        <time>2026-07-17T20:18:08.798Z</time>
      </trkpt>
      <trkpt lat="46.040875" lon="14.508727">
        <ele>290.472397</ele>
        <time>2026-07-17T20:18:14.820Z</time>
      </trkpt>
      <trkpt lat="46.040962" lon="14.508834">
        <ele>290.438921</ele>
        <time>2026-07-17T20:18:16.322Z</time>
      </trkpt>
      <trkpt lat="46.041085" lon="14.508982">
        <ele>290.397597</ele>
        <time>2026-07-17T20:18:18.440Z</time>
      </trkpt>
      <trkpt lat="46.041125" lon="14.509030">
        <ele>290.389451</ele>
        <time>2026-07-17T20:18:19.120Z</time>
      </trkpt>
      <trkpt lat="46.041098" lon="14.509135">
        <ele>290.377288</ele>
        <time>2026-07-17T20:18:20.162Z</time>
      </trkpt>
      <trkpt lat="46.041129" lon="14.509213">
        <ele>290.367525</ele>
        <time>2026-07-17T20:18:20.997Z</time>
      </trkpt>
      <trkpt lat="46.041204" lon="14.509231">
        <ele>290.355627</ele>
        <time>2026-07-17T20:18:22.026Z</time>
      </trkpt>
      <trkpt lat="46.041254" lon="14.509176">
        <ele>290.345782</ele>
        <time>2026-07-17T20:18:22.827Z</time>
      </trkpt>
      <trkpt lat="46.041257" lon="14.509057">
        <ele>290.332848</ele>
        <time>2026-07-17T20:18:23.939Z</time>
      </trkpt>
      <trkpt lat="46.041304" lon="14.509000">
        <ele>290.323234</ele>
        <time>2026-07-17T20:18:24.725Z</time>
      </trkpt>
      <trkpt lat="46.041872" lon="14.508083">
        <ele>290.189736</ele>
        <time>2026-07-17T20:18:36.643Z</time>
      </trkpt>
      <trkpt lat="46.041928" lon="14.507988">
        <ele>290.176198</ele>
        <time>2026-07-17T20:18:37.906Z</time>
      </trkpt>
      <trkpt lat="46.042234" lon="14.507451">
        <ele>290.077191</ele>
        <time>2026-07-17T20:18:46.122Z</time>
      </trkpt>
      <trkpt lat="46.042282" lon="14.507368">
        <ele>290.052793</ele>
        <time>2026-07-17T20:18:47.481Z</time>
      </trkpt>
      <trkpt lat="46.042678" lon="14.506691">
        <ele>289.852850</ele>
        <time>2026-07-17T20:18:57.101Z</time>
      </trkpt>
      <trkpt lat="46.042894" lon="14.506316">
        <ele>289.742798</ele>
        <time>2026-07-17T20:19:01.586Z</time>
      </trkpt>
      <trkpt lat="46.042935" lon="14.506243">
        <ele>289.721591</ele>
        <time>2026-07-17T20:19:02.535Z</time>
      </trkpt>
      <trkpt lat="46.043134" lon="14.505983">
        <ele>289.634184</ele>
        <time>2026-07-17T20:19:06.259Z</time>
      </trkpt>
      <trkpt lat="46.043382" lon="14.505751">
        <ele>289.537977</ele>
        <time>2026-07-17T20:19:09.773Z</time>
      </trkpt>
      <trkpt lat="46.043576" lon="14.505583">
        <ele>289.401639</ele>
        <time>2026-07-17T20:19:12.364Z</time>
      </trkpt>
      <trkpt lat="46.043651" lon="14.505515">
        <ele>289.348047</ele>
        <time>2026-07-17T20:19:13.361Z</time>
      </trkpt>
      <trkpt lat="46.043681" lon="14.505487">
        <ele>289.326430</ele>
        <time>2026-07-17T20:19:13.764Z</time>
      </trkpt>
      <trkpt lat="46.043710" lon="14.505462">
        <ele>289.305992</ele>
        <time>2026-07-17T20:19:14.128Z</time>
      </trkpt>
      <trkpt lat="46.043841" lon="14.505338">
        <ele>289.211199</ele>
        <time>2026-07-17T20:19:15.823Z</time>
      </trkpt>
      <trkpt lat="46.043874" lon="14.505310">
        <ele>289.188038</ele>
        <time>2026-07-17T20:19:16.247Z</time>
      </trkpt>
      <trkpt lat="46.044098" lon="14.505279">
        <ele>289.051949</ele>
        <time>2026-07-17T20:19:18.671Z</time>
      </trkpt>
      <trkpt lat="46.044386" lon="14.505274">
        <ele>288.877766</ele>
        <time>2026-07-17T20:19:22.030Z</time>
      </trkpt>
      <trkpt lat="46.044917" lon="14.505256">
        <ele>288.556550</ele>
        <time>2026-07-17T20:19:31.443Z</time>
      </trkpt>
      <trkpt lat="46.044999" lon="14.505254">
        <ele>288.506952</ele>
        <time>2026-07-17T20:19:32.943Z</time>
      </trkpt>
      <trkpt lat="46.045389" lon="14.505238">
        <ele>288.513094</ele>
        <time>2026-07-17T20:19:40.486Z</time>
      </trkpt>
      <trkpt lat="46.045772" lon="14.505222">
        <ele>288.595489</ele>
        <time>2026-07-17T20:19:47.844Z</time>
      </trkpt>
      <trkpt lat="46.045851" lon="14.505219">
        <ele>288.612482</ele>
        <time>2026-07-17T20:19:49.278Z</time>
      </trkpt>
      <trkpt lat="46.045911" lon="14.505214">
        <ele>288.625406</ele>
        <time>2026-07-17T20:19:50.544Z</time>
      </trkpt>
      <trkpt lat="46.045955" lon="14.505211">
        <ele>288.634879</ele>
        <time>2026-07-17T20:19:51.516Z</time>
      </trkpt>
      <trkpt lat="46.046012" lon="14.505213">
        <ele>288.647139</ele>
        <time>2026-07-17T20:19:52.762Z</time>
      </trkpt>
      <trkpt lat="46.046354" lon="14.505250">
        <ele>288.720889</ele>
        <time>2026-07-17T20:19:59.825Z</time>
      </trkpt>
      <trkpt lat="46.047070" lon="14.505334">
        <ele>288.736221</ele>
        <time>2026-07-17T20:20:13.194Z</time>
      </trkpt>
      <trkpt lat="46.047523" lon="14.505423">
        <ele>288.483750</ele>
        <time>2026-07-17T20:20:20.693Z</time>
      </trkpt>
      <trkpt lat="46.047768" lon="14.505457">
        <ele>288.347829</ele>
        <time>2026-07-17T20:20:24.797Z</time>
      </trkpt>
      <trkpt lat="46.047878" lon="14.505449">
        <ele>288.287007</ele>
        <time>2026-07-17T20:20:26.759Z</time>
      </trkpt>
      <trkpt lat="46.048074" lon="14.505428">
        <ele>288.178473</ele>
        <time>2026-07-17T20:20:40.365Z</time>
      </trkpt>
      <trkpt lat="46.048083" lon="14.505495">
        <ele>288.152318</ele>
        <time>2026-07-17T20:20:43.675Z</time>
      </trkpt>
      <trkpt lat="46.048397" lon="14.505372">
        <ele>287.972626</ele>
        <time>2026-07-17T20:21:06.273Z</time>
      </trkpt>
      <trkpt lat="46.048623" lon="14.505282">
        <ele>287.843145</ele>
        <time>2026-07-17T20:21:22.607Z</time>
      </trkpt>
      <trkpt lat="46.048810" lon="14.505214">
        <ele>287.851231</ele>
        <time>2026-07-17T20:21:36.007Z</time>
      </trkpt>
      <trkpt lat="46.049072" lon="14.505172">
        <ele>287.862322</ele>
        <time>2026-07-17T20:21:54.348Z</time>
      </trkpt>
      <trkpt lat="46.049095" lon="14.505168">
        <ele>287.863297</ele>
        <time>2026-07-17T20:21:55.908Z</time>
      </trkpt>
      <trkpt lat="46.049248" lon="14.505175">
        <ele>287.869737</ele>
        <time>2026-07-17T20:22:06.595Z</time>
      </trkpt>
      <trkpt lat="46.049350" lon="14.505180">
        <ele>287.874031</ele>
        <time>2026-07-17T20:22:13.681Z</time>
      </trkpt>
      <trkpt lat="46.049595" lon="14.505190">
        <ele>287.884343</ele>
        <time>2026-07-17T20:22:30.701Z</time>
      </trkpt>
      <trkpt lat="46.049692" lon="14.505198">
        <ele>287.888431</ele>
        <time>2026-07-17T20:22:37.480Z</time>
      </trkpt>
      <trkpt lat="46.049864" lon="14.505219">
        <ele>287.895693</ele>
        <time>2026-07-17T20:22:49.413Z</time>
      </trkpt>
      <trkpt lat="46.049943" lon="14.505235">
        <ele>287.899049</ele>
        <time>2026-07-17T20:22:54.972Z</time>
      </trkpt>
      <trkpt lat="46.050214" lon="14.505287">
        <ele>287.910552</ele>
        <time>2026-07-17T20:23:14.003Z</time>
      </trkpt>
      <trkpt lat="46.050293" lon="14.505311">
        <ele>287.913949</ele>
        <time>2026-07-17T20:23:19.616Z</time>
      </trkpt>
      <trkpt lat="46.050326" lon="14.505321">
        <ele>287.915367</ele>
        <time>2026-07-17T20:23:21.914Z</time>
      </trkpt>
      <trkpt lat="46.050361" lon="14.505333">
        <ele>287.916881</ele>
        <time>2026-07-17T20:23:24.432Z</time>
      </trkpt>
      <trkpt lat="46.050817" lon="14.505556">
        <ele>287.918792</ele>
        <time>2026-07-17T20:23:57.926Z</time>
      </trkpt>
      <trkpt lat="46.050885" lon="14.505613">
        <ele>287.918792</ele>
        <time>2026-07-17T20:24:03.382Z</time>
      </trkpt>
      <trkpt lat="46.051112" lon="14.505805">
        <ele>287.918792</ele>
        <time>2026-07-17T20:24:21.664Z</time>
      </trkpt>
      <trkpt lat="46.051198" lon="14.505915">
        <ele>287.918792</ele>
        <time>2026-07-17T20:24:29.640Z</time>
      </trkpt>
      <trkpt lat="46.051279" lon="14.506123">
        <ele>287.918792</ele>
        <time>2026-07-17T20:24:41.161Z</time>
      </trkpt>
    </trkseg>
  </trk>
</gpx>